features,feature_1,feature_2,feature_3,best_c,cv_log_loss,apparent_log_loss,apparent_auc,apparent_brier,interaction_reason,min_joint_cell_count,coefficients_json
age | AUS_enlarged pancreas,age,AUS_enlarged pancreas,,1.0,0.5780000853088408,0.5728270838288225,0.6921701112877583,0.1925761391343498,omitted_non_binary_or_categorical_pair,,"{""intercept"": 0.6518933515820837, ""age"": 0.5084310663597553, ""AUS_enlarged pancreas"": 0.803749741005621}"
age | chem_hyperproteinemia,age,chem_hyperproteinemia,,1.0,0.5830329728764474,0.5768379448613824,0.6587837837837839,0.1949517490394982,omitted_non_binary_or_categorical_pair,,"{""intercept"": 0.7824017896712463, ""age"": 0.5361910900657026, ""chem_hyperproteinemia"": 0.9482907677033923}"
age | CBC_neutrophilia,age,CBC_neutrophilia,,1.0,0.5857479030946515,0.5771631009121124,0.6512321144674086,0.1951033434862556,omitted_non_binary_or_categorical_pair,,"{""intercept"": 0.8456944879227759, ""age"": 0.5511045019549723, ""CBC_neutrophilia"": -1.0295893925013866}"
age | clinical signs_hyporexia,age,clinical signs_hyporexia,,1.0,0.5859115043911949,0.5781420519717282,0.6468600953895072,0.19533370756388055,omitted_non_binary_or_categorical_pair,,"{""intercept"": 0.7396128818220911, ""age"": 0.5414287854822607, ""clinical signs_hyporexia"": 0.7455629026085925}"
age | chem_discordantly elevated bun,age,chem_discordantly elevated bun,,1.0,0.5868981623344175,0.5800791182776762,0.65818759936407,0.19501732402910002,omitted_non_binary_or_categorical_pair,,"{""intercept"": 0.8456426966674592, ""age"": 0.5435847792395302, ""chem_discordantly elevated bun"": -0.8767451343159973}"
age | CBC_eosinophilia,age,CBC_eosinophilia,,1.0,0.587144991592304,0.5825968814147484,0.6579888712241654,0.19620916527283613,omitted_non_binary_or_categorical_pair,,"{""intercept"": 0.8723487941189875, ""age"": 0.5388876558639826, ""CBC_eosinophilia"": -0.6193617499807488}"
age | chem_decreased alt,age,chem_decreased alt,,1.0,0.5880554380022809,0.5826744823200617,0.6444753577106518,0.19604824441735483,omitted_non_binary_or_categorical_pair,,"{""intercept"": 0.8416695226349584, ""age"": 0.5321116439425136, ""chem_decreased alt"": -0.7373089575670003}"
age | chem_no abnormalities,age,chem_no abnormalities,,0.3,0.5885427542195651,0.5813558768766968,0.6436804451510334,0.19570601316871952,omitted_non_binary_or_categorical_pair,,"{""intercept"": 0.6025933755618427, ""age"": 0.5261856038027174, ""chem_no abnormalities"": 0.37016829238261795}"
age | tli_high,age,tli_high,,0.3,0.5893286866668556,0.5806750678807195,0.6828298887122416,0.1956885583472685,omitted_non_binary_or_categorical_pair,,"{""intercept"": 0.7179475247558913, ""age"": 0.4528630152097507, ""tli_high"": 0.4474697054280667}"
age | CBC_lymphocytosis,age,CBC_lymphocytosis,,1.0,0.5897193889076436,0.5845730264864223,0.6492448330683624,0.19700086521208984,omitted_non_binary_or_categorical_pair,,"{""intercept"": 0.8175582400442835, ""age"": 0.5600657290732102, ""CBC_lymphocytosis"": 0.6109046427184343}"
age | chem_hyperglycemia,age,chem_hyperglycemia,,1.0,0.5898584215081473,0.5847013061129883,0.6408982511923688,0.19717202614203,omitted_non_binary_or_categorical_pair,,"{""intercept"": 0.8372393697288782, ""age"": 0.5258058429392365, ""chem_hyperglycemia"": -0.6129118054321723}"
age | AUS_mesenteric lymphadenopathy,age,AUS_mesenteric lymphadenopathy,,0.3,0.5900603902335979,0.582118573187326,0.6685214626391097,0.1964766823039317,omitted_non_binary_or_categorical_pair,,"{""intercept"": 0.6543009357231858, ""age"": 0.5167507729559873, ""AUS_mesenteric lymphadenopathy"": 0.351112936171089}"
age | CBC_basophilia,age,CBC_basophilia,,1.0,0.5907763210980642,0.5866468397564008,0.6377186009538951,0.1979352175654295,omitted_non_binary_or_categorical_pair,,"{""intercept"": 0.8465812434422467, ""age"": 0.5306505646966532, ""CBC_basophilia"": -0.3954463585352513}"
AUS_enlarged pancreas | chem_hyperproteinemia,AUS_enlarged pancreas,chem_hyperproteinemia,,1.0,0.5909287007020099,0.5857535895099878,0.6359300476947536,0.20136148608643276,omitted_sparse_joint_cells,2.0,"{""intercept"": 0.5266562246774078, ""AUS_enlarged pancreas"": 0.9197406421839897, ""chem_hyperproteinemia"": 1.0284453735517434}"
age | cobalamin_low,age,cobalamin_low,,1.0,0.5910472253712699,0.5864978535568611,0.660174880763116,0.19817679773151312,omitted_non_binary_or_categorical_pair,,"{""intercept"": 0.741248112328627, ""age"": 0.5250490519409, ""cobalamin_low"": 0.2872656403100792}"
age | chem_hypophosphatemia,age,chem_hypophosphatemia,,1.0,0.5913019607707577,0.5870986643290507,0.6460651828298887,0.19838701518523558,omitted_non_binary_or_categorical_pair,,"{""intercept"": 0.8211502834085069, ""age"": 0.545884079726875, ""chem_hypophosphatemia"": 0.39678858031533165}"
age | chem_elevated total bilirubin,age,chem_elevated total bilirubin,,1.0,0.5913225369506997,0.58712828842689,0.6460651828298887,0.19839842499148463,omitted_non_binary_or_categorical_pair,,"{""intercept"": 0.8212633152178238, ""age"": 0.5458534469815632, ""chem_elevated total bilirubin"": 0.3936411985842351}"
age | CBC_no abnormalities,age,CBC_no abnormalities,,1.0,0.591331598437218,0.5866806413131257,0.645866454689984,0.19849764457308286,omitted_non_binary_or_categorical_pair,,"{""intercept"": 0.6340874331129682, ""age"": 0.5598299404923222, ""CBC_no abnormalities"": 0.26633640338389103}"
age | AUS_no abnormalities,age,AUS_no abnormalities,,1.0,0.5916963373189927,0.5875363426609818,0.644872813990461,0.1984980485632349,omitted_non_binary_or_categorical_pair,,"{""intercept"": 0.8166725012921577, ""age"": 0.5560160559626861, ""AUS_no abnormalities"": 0.3050693029929091}"
age | CBC_eosinopenia,age,CBC_eosinopenia,,1.0,0.5922151054690649,0.5873642091373732,0.6408982511923688,0.19830577551156292,omitted_non_binary_or_categorical_pair,,"{""intercept"": 0.8311264565706394, ""age"": 0.5423513530999186, ""CBC_eosinopenia"": -0.3754847322405126}"
age | AUS_gall bladder sludge,age,AUS_gall bladder sludge,,0.3,0.5923312820775355,0.5877357338463873,0.6488473767885533,0.19886123929296062,omitted_non_binary_or_categorical_pair,,"{""intercept"": 0.7908029113395313, ""age"": 0.49528369433590264, ""AUS_gall bladder sludge"": 0.19161597716364379}"
age | clinical signs_constipation,age,clinical signs_constipation,,1.0,0.5923335097662572,0.5867475007255034,0.642885532591415,0.19790754611349318,omitted_non_binary_or_categorical_pair,,"{""intercept"": 0.8245365797937979, ""age"": 0.5572220746455221, ""clinical signs_constipation"": 0.4388950783833671}"
age | chem_elevated ast,age,chem_elevated ast,,1.0,0.5923635785163777,0.5883006882636852,0.6389109697933227,0.1986925208268433,omitted_non_binary_or_categorical_pair,,"{""intercept"": 0.832304429499241, ""age"": 0.5480284499172311, ""chem_elevated ast"": -0.20776077991798897}"
age | chem_hypercalcemia,age,chem_hypercalcemia,,1.0,0.5923646813192917,0.5883418556665907,0.6414944356120826,0.19881599928386443,omitted_non_binary_or_categorical_pair,,"{""intercept"": 0.8260802188848946, ""age"": 0.5478867527835414, ""chem_hypercalcemia"": 0.21199558104409014}"
age | chem_elevated alp,age,chem_elevated alp,,1.0,0.5923817157184932,0.5852543442342568,0.6488473767885533,0.19735665811302142,omitted_non_binary_or_categorical_pair,,"{""intercept"": 0.8343183873855519, ""age"": 0.5510015496479823, ""chem_elevated alp"": -0.5842943615997568}"
age | CBC_basocytosis,age,CBC_basocytosis,,1.0,0.5923886881403421,0.5879230054889422,0.6416931637519872,0.198590906917553,omitted_non_binary_or_categorical_pair,,"{""intercept"": 0.8248270403884285, ""age"": 0.5491440761107668, ""CBC_basocytosis"": 0.2909718298581506}"
age | chem_hypercholesterolemia,age,chem_hypercholesterolemia,,0.3,0.5924944150056827,0.5885466747415616,0.6420906200317965,0.19909691560330375,omitted_non_binary_or_categorical_pair,,"{""intercept"": 0.8183010530506309, ""age"": 0.4999284204621341, ""chem_hypercholesterolemia"": 0.1506997789018538}"
age | AUS_chronic degenerative renal changes,age,AUS_chronic degenerative renal changes,,0.3,0.5925523131750725,0.588350635516724,0.6391096979332274,0.1990635125588531,omitted_non_binary_or_categorical_pair,,"{""intercept"": 0.8363824679098143, ""age"": 0.5039723466442995, ""AUS_chronic degenerative renal changes"": -0.14606548177939085}"
clinical signs_hyporexia | AUS_enlarged pancreas,clinical signs_hyporexia,AUS_enlarged pancreas,,1.0,0.5926739420226277,0.5880334415518206,0.6331478537360891,0.2021419206200376,omitted_sparse_joint_cells,4.0,"{""intercept"": 0.4845399826738449, ""clinical signs_hyporexia"": 0.7941990778544802, ""AUS_enlarged pancreas"": 0.9226926298662791}"
age | chem_elevated alt,age,chem_elevated alt,,0.3,0.5926961731766821,0.5885997604975196,0.6468600953895072,0.19935621692568828,omitted_non_binary_or_categorical_pair,,"{""intercept"": 0.8081743962565942, ""age"": 0.4956282751407989, ""chem_elevated alt"": 0.13883658902694876}"
age | CBC_anemia,age,CBC_anemia,,0.3,0.5928557385535642,0.5889452728986894,0.6405007949125595,0.19934803841963353,omitted_non_binary_or_categorical_pair,,"{""intercept"": 0.8222216837145764, ""age"": 0.4995792482628276, ""CBC_anemia"": -0.10028561353034486}"
age | AUS_ileus,age,AUS_ileus,,0.3,0.5929927099546972,0.5857421745054924,0.6464626391096979,0.19766145136195526,omitted_non_binary_or_categorical_pair,,"{""intercept"": 0.8403512355928754, ""age"": 0.48983537468957183, ""AUS_ileus"": -0.31355958342517104}"
age | clinical signs_hairball obstruction,age,clinical signs_hairball obstruction,,0.3,0.5930739559595797,0.5885845842103385,0.6389109697933227,0.19912714836121595,omitted_non_binary_or_categorical_pair,,"{""intercept"": 0.823477295285228, ""age"": 0.4921069393086871, ""clinical signs_hairball obstruction"": -0.1543422054122329}"
age | chem_hypoproteinemia,age,chem_hypoproteinemia,,0.3,0.5931469674473917,0.5890193192760387,0.6401033386327504,0.19937412735290683,omitted_non_binary_or_categorical_pair,,"{""intercept"": 0.8242115126115773, ""age"": 0.49864353763035013, ""chem_hypoproteinemia"": -0.08709855604314443}"
age | CBC_lymphopenia,age,CBC_lymphopenia,,0.3,0.593364327913741,0.5891436040002546,0.6405007949125596,0.19940103180019492,omitted_non_binary_or_categorical_pair,,"{""intercept"": 0.8230099337662506, ""age"": 0.4981491429236518, ""CBC_lymphopenia"": -0.06594611302722546}"
age | clinical signs_none,age,clinical signs_none,,0.3,0.5934209906948571,0.5891890232645665,0.6397058823529411,0.199422993045277,omitted_non_binary_or_categorical_pair,,"{""intercept"": 0.822881542985281, ""age"": 0.4991329243545734, ""clinical signs_none"": -0.05116735935469445}"
age | clinical signs_weight loss,age,clinical signs_weight loss,,0.3,0.5938181081762071,0.5892415399293508,0.642289348171701,0.1994238254221948,omitted_non_binary_or_categorical_pair,,"{""intercept"": 0.7883445577369482, ""age"": 0.48954426511145394, ""clinical signs_weight loss"": 0.05896077334874421}"
age | CBC_neutropenia,age,CBC_neutropenia,,0.3,0.5938401610314258,0.5893096616147041,0.6397058823529411,0.1994900278169704,omitted_non_binary_or_categorical_pair,,"{""intercept"": 0.8198049875116237, ""age"": 0.4974136351510831, ""CBC_neutropenia"": -0.006138210737566533}"
age | chem_hypokalemia,age,chem_hypokalemia,,0.3,0.5940649670596454,0.589217655891717,0.6389109697933227,0.19944422920427365,omitted_non_binary_or_categorical_pair,,"{""intercept"": 0.8220882782484663, ""age"": 0.4978803960739992, ""chem_hypokalemia"": -0.04891484766234365}"
age | chem_azotemia,age,chem_azotemia,,0.3,0.5941645794413632,0.5845103752871684,0.6454689984101748,0.1978529834364634,omitted_non_binary_or_categorical_pair,,"{""intercept"": 0.8721234273609804, ""age"": 0.532952263090243, ""chem_azotemia"": -0.3158998453167302}"
age | folate_high,age,folate_high,,0.3,0.5947098281169053,0.5866607926205215,0.6550079491255961,0.19828356972359476,omitted_non_binary_or_categorical_pair,,"{""intercept"": 0.7574659611811099, ""age"": 0.4992091065647546, ""folate_high"": 0.22647825996478815}"
age | AUS_ileum,age,AUS_ileum,,0.3,0.5948136704294475,0.58672262065371,0.6488473767885533,0.1984110015299796,omitted_non_binary_or_categorical_pair,,"{""intercept"": 0.7689362857594779, ""age"": 0.5199427849596042, ""AUS_ileum"": 0.21421462517862142}"
age | pli_abn,age,pli_abn,,0.3,0.5948251860200738,0.587246210377076,0.6405007949125596,0.1990126273763406,omitted_non_binary_or_categorical_pair,,"{""intercept"": 0.8486311878702691, ""age"": 0.5112209763861004, ""pli_abn"": -0.2103975220457697}"
age | AUS_colon,age,AUS_colon,,0.3,0.5949982168824179,0.5869357616073467,0.6424880763116056,0.19830054435041852,omitted_non_binary_or_categorical_pair,,"{""intercept"": 0.7966328316550527, ""age"": 0.5112988739900102, ""AUS_colon"": 0.23144882215336746}"
age | CBC_monocytosis,age,CBC_monocytosis,,0.3,0.5950278280558428,0.5882488518340029,0.645866454689984,0.19912030939372022,omitted_non_binary_or_categorical_pair,,"{""intercept"": 0.8020107530162873, ""age"": 0.49842703964768936, ""CBC_monocytosis"": 0.16008069131716496}"
age | AUS_splenomegaly,age,AUS_splenomegaly,,0.3,0.5950287301067991,0.5844806345751072,0.6514308426073132,0.19804120361291955,omitted_non_binary_or_categorical_pair,,"{""intercept"": 0.8620126464293122, ""age"": 0.49823633346802126, ""AUS_splenomegaly"": -0.3380114473021171}"
age | procedure_clean,age,procedure_clean,,0.3,0.5950907808335344,0.5889102536614743,0.6397058823529411,0.19922252769156615,omitted_non_binary_or_categorical_pair,,"{""intercept"": 0.7776318444432726, ""age"": 0.4687334874378847, ""procedure_clean=other"": -0.08090668739005917, ""procedure_clean=upper"": 0.08020103999580652}"
age | folate_low,age,folate_low,,0.3,0.5953553392990069,0.5890908047699628,0.6391096979332274,0.19939745004120954,omitted_non_binary_or_categorical_pair,,"{""intercept"": 0.8157795985928543, ""age"": 0.4957751330307699, ""folate_low"": 0.08366527741457541}"
AUS_enlarged pancreas | CBC_eosinophilia,AUS_enlarged pancreas,CBC_eosinophilia,,1.0,0.5954933162449947,0.5913522152889945,0.629570747217806,0.20209389805434483,omitted_sparse_joint_cells,2.0,"{""intercept"": 0.6294580022088074, ""AUS_enlarged pancreas"": 0.9358682378727771, ""CBC_eosinophilia"": -0.7452284974494348}"
AUS_enlarged pancreas | CBC_neutrophilia,AUS_enlarged pancreas,CBC_neutrophilia,,1.0,0.5958463990279002,0.5884188502362006,0.6315580286168521,0.20175984615923037,omitted_sparse_joint_cells,1.0,"{""intercept"": 0.5945222366204618, ""AUS_enlarged pancreas"": 0.9490927192537058, ""CBC_neutrophilia"": -1.0225297029933471}"
tli_high | AUS_enlarged pancreas,tli_high,AUS_enlarged pancreas,,1.0,0.595877338796198,0.5830954407188668,0.6522257551669317,0.19965207975963026,included_binary_binary,10.0,"{""intercept"": 0.4192849690086372, ""tli_high"": 0.833809404282706, ""AUS_enlarged pancreas"": 0.8338094042827059, ""interaction__tli_high__x__AUS_enlarged pancreas"": 0.052767993941940754}"
age | AUS_duodenum,age,AUS_duodenum,,0.3,0.5962120057585998,0.588343337369955,0.6456677265500794,0.19912689727304067,omitted_non_binary_or_categorical_pair,,"{""intercept"": 0.7181952077054639, ""age"": 0.48458684814514075, ""AUS_duodenum"": 0.1484523031303125}"
age | AUS_jejunum,age,AUS_jejunum,,0.3,0.5963897261535283,0.5886547094391154,0.6420906200317964,0.19928843979409658,omitted_non_binary_or_categorical_pair,,"{""intercept"": 0.8903417929237262, ""age"": 0.5011917742613158, ""AUS_jejunum"": -0.10603231398858809}"
age | clinical signs_diarrhea,age,clinical signs_diarrhea,,0.3,0.5964678419957394,0.5890285949790086,0.6430842607313196,0.19922315535583995,omitted_non_binary_or_categorical_pair,,"{""intercept"": 0.8494544087621351, ""age"": 0.4860292983602581, ""clinical signs_diarrhea"": -0.09353612748840388}"
tli_high | chem_hyperproteinemia,tli_high,chem_hyperproteinemia,,1.0,0.5970317818504909,0.5857535895099879,0.6359300476947536,0.20136148608643276,omitted_sparse_joint_cells,2.0,"{""intercept"": 0.5266562246774078, ""tli_high"": 0.9197406421839897, ""chem_hyperproteinemia"": 1.0284453735517434}"
tli_high | clinical signs_hyporexia,tli_high,clinical signs_hyporexia,,1.0,0.5972817118581976,0.5863296044836472,0.6383147853736089,0.20130570876146844,omitted_sparse_joint_cells,3.0,"{""intercept"": 0.47247879550499217, ""tli_high"": 0.9495846287147773, ""clinical signs_hyporexia"": 0.8363829012769948}"
AUS_enlarged pancreas | chem_decreased alt,AUS_enlarged pancreas,chem_decreased alt,,1.0,0.597796643833087,0.591963304254883,0.6168521462639109,0.20268353463205654,omitted_sparse_joint_cells,0.0,"{""intercept"": 0.6013996940678683, ""AUS_enlarged pancreas"": 0.9041033567334679, ""chem_decreased alt"": -0.868087063210523}"
AUS_enlarged pancreas | chem_discordantly elevated bun,AUS_enlarged pancreas,chem_discordantly elevated bun,,1.0,0.5979187017314934,0.591963304254883,0.6168521462639109,0.20268353463205654,omitted_sparse_joint_cells,0.0,"{""intercept"": 0.6013996940678682, ""AUS_enlarged pancreas"": 0.904103356733468, ""chem_discordantly elevated bun"": -0.8680870632105229}"
AUS_enlarged pancreas | chem_hyperglycemia,AUS_enlarged pancreas,chem_hyperglycemia,,1.0,0.5979752050202707,0.591963304254883,0.6168521462639109,0.20268353463205654,omitted_sparse_joint_cells,0.0,"{""intercept"": 0.6013996940678683, ""AUS_enlarged pancreas"": 0.904103356733468, ""chem_hyperglycemia"": -0.8680870632105229}"
age | breed_group,age,breed_group,,0.1,0.5984204314495274,0.5856382771378141,0.6492448330683626,0.19851204845003595,omitted_non_binary_or_categorical_pair,,"{""intercept"": 0.7291684345900419, ""age"": 0.39677938481007047, ""breed_group=DLH"": 0.047590824046896775, ""breed_group=DMH"": -0.19534156482455292, ""breed_group=DSH"": 0.13030181467526852, ""breed_group=other"": 0.017543369204538632}"
AUS_enlarged pancreas | CBC_basophilia,AUS_enlarged pancreas,CBC_basophilia,,1.0,0.5986567872323366,0.5942164310942419,0.6202305246422893,0.20366569196153642,omitted_sparse_joint_cells,1.0,"{""intercept"": 0.6135723401794377, ""AUS_enlarged pancreas"": 0.9183161779589899, ""CBC_basophilia"": -0.6608588602326699}"
procedure_clean | AUS_enlarged pancreas,procedure_clean,AUS_enlarged pancreas,,1.0,0.5990564876607689,0.5914499161098232,0.6289745627980922,0.2035018327259032,omitted_non_binary_or_categorical_pair,,"{""intercept"": 0.43244460022280845, ""procedure_clean=other"": -0.30707812352056335, ""procedure_clean=upper"": 0.3060075242617349, ""AUS_enlarged pancreas"": 0.8998617881590203}"
age | clinical signs_vomiting,age,clinical signs_vomiting,,0.1,0.5993920418507196,0.5912896308361286,0.6488473767885532,0.20085179867257763,omitted_non_binary_or_categorical_pair,,"{""intercept"": 0.8593387565581129, ""age"": 0.3880680386309478, ""clinical signs_vomiting"": -0.08822182377484958}"
clinical signs_hyporexia | chem_hyperproteinemia,clinical signs_hyporexia,chem_hyperproteinemia,,1.0,0.6001736102366333,0.5970922163922092,0.5949920508744039,0.20610502693263721,omitted_sparse_joint_cells,2.0,"{""intercept"": 0.637813411176288, ""clinical signs_hyporexia"": 0.7554408560850543, ""chem_hyperproteinemia"": 0.990467748955593}"
AUS_enlarged pancreas | chem_hypophosphatemia,AUS_enlarged pancreas,chem_hypophosphatemia,,1.0,0.6017574487999157,0.5975185207502552,0.6085055643879173,0.205573749869021,omitted_sparse_joint_cells,0.0,"{""intercept"": 0.5686125283969947, ""AUS_enlarged pancreas"": 0.9308135164411956, ""chem_hypophosphatemia"": 0.5092464500375607}"
tli_high | CBC_neutrophilia,tli_high,CBC_neutrophilia,,1.0,0.6018784840871781,0.5884188502362006,0.6315580286168521,0.20175984615923037,omitted_sparse_joint_cells,1.0,"{""intercept"": 0.5945222366204617, ""tli_high"": 0.9490927192537061, ""CBC_neutrophilia"": -1.0225297029933471}"
tli_high | CBC_eosinophilia,tli_high,CBC_eosinophilia,,1.0,0.6022372977117711,0.5913522152889945,0.629570747217806,0.20209389805434483,omitted_sparse_joint_cells,2.0,"{""intercept"": 0.6294580022088073, ""tli_high"": 0.9358682378727772, ""CBC_eosinophilia"": -0.7452284974494349}"
AUS_enlarged pancreas | AUS_gall bladder sludge,AUS_enlarged pancreas,AUS_gall bladder sludge,,1.0,0.6023598118526134,0.5975303745570707,0.6128775834658188,0.20581390410422418,omitted_sparse_joint_cells,4.0,"{""intercept"": 0.5249933571607724, ""AUS_enlarged pancreas"": 0.9268428787913242, ""AUS_gall bladder sludge"": 0.35989519538675885}"
cobalamin_low | AUS_enlarged pancreas,cobalamin_low,AUS_enlarged pancreas,,1.0,0.6024477456089837,0.5947744038891912,0.6295707472178061,0.20457146429309445,included_binary_binary,10.0,"{""intercept"": 0.46373473047162916, ""cobalamin_low"": 0.3946553001496782, ""AUS_enlarged pancreas"": 0.8491794063379295, ""interaction__cobalamin_low__x__AUS_enlarged pancreas"": 0.24488472144922124}"
AUS_enlarged pancreas | CBC_lymphocytosis,AUS_enlarged pancreas,CBC_lymphocytosis,,1.0,0.6024613792391095,0.5987538320370684,0.6033386327503975,0.20617692548436942,omitted_sparse_joint_cells,1.0,"{""intercept"": 0.5748179965175334, ""AUS_enlarged pancreas"": 0.9160088430099579, ""CBC_lymphocytosis"": 0.4055238747251614}"
AUS_enlarged pancreas | chem_elevated total bilirubin,AUS_enlarged pancreas,chem_elevated total bilirubin,,1.0,0.6029704149370406,0.5997195719661952,0.5981717011128775,0.20662952320363334,omitted_sparse_joint_cells,0.0,"{""intercept"": 0.5787712115234939, ""AUS_enlarged pancreas"": 0.9069725426503907, ""chem_elevated total bilirubin"": 0.2901709354376513}"
AUS_enlarged pancreas | chem_elevated ast,AUS_enlarged pancreas,chem_elevated ast,,1.0,0.603041774635254,0.5976804874255818,0.6003577106518283,0.20591011755934896,omitted_sparse_joint_cells,0.0,"{""intercept"": 0.5812836161647769, ""AUS_enlarged pancreas"": 0.9535446548977015, ""chem_elevated ast"": -0.48342844958105247}"
AUS_no abnormalities | AUS_enlarged pancreas,AUS_no abnormalities,AUS_enlarged pancreas,,1.0,0.6032869817512834,0.5996643119083479,0.6043322734499205,0.20647012233004744,omitted_sparse_joint_cells,0.0,"{""intercept"": 0.5689570330962934, ""AUS_no abnormalities"": 0.23634601941346473, ""AUS_enlarged pancreas"": 0.9303789706047044}"
AUS_enlarged pancreas | chem_hypercalcemia,AUS_enlarged pancreas,chem_hypercalcemia,,1.0,0.6033530246016767,0.5995439439897742,0.602543720190779,0.20642648546772038,omitted_sparse_joint_cells,0.0,"{""intercept"": 0.576370220933836, ""AUS_enlarged pancreas"": 0.9255539016384028, ""chem_hypercalcemia"": 0.29588956645323516}"
clinical signs_constipation | AUS_enlarged pancreas,clinical signs_constipation,AUS_enlarged pancreas,,1.0,0.6033530246016767,0.5995439439897742,0.602543720190779,0.20642648546772038,omitted_sparse_joint_cells,0.0,"{""intercept"": 0.576370220933836, ""clinical signs_constipation"": 0.2958895664532351, ""AUS_enlarged pancreas"": 0.9255539016384029}"
AUS_enlarged pancreas | CBC_basocytosis,AUS_enlarged pancreas,CBC_basocytosis,,1.0,0.6033971706940793,0.5995439439897742,0.602543720190779,0.20642648546772038,omitted_sparse_joint_cells,0.0,"{""intercept"": 0.5763702209338362, ""AUS_enlarged pancreas"": 0.9255539016384029, ""CBC_basocytosis"": 0.29588956645323505}"
AUS_enlarged pancreas | chem_hypercholesterolemia,AUS_enlarged pancreas,chem_hypercholesterolemia,,1.0,0.6034031807307855,0.5995439439897742,0.602543720190779,0.20642648546772044,omitted_sparse_joint_cells,0.0,"{""intercept"": 0.576370220933836, ""AUS_enlarged pancreas"": 0.9255539016384028, ""chem_hypercholesterolemia"": 0.2958895664532351}"
AUS_enlarged pancreas | chem_elevated alp,AUS_enlarged pancreas,chem_elevated alp,,1.0,0.6034330176780782,0.5977209134248616,0.6067170111287757,0.2055062482751646,omitted_sparse_joint_cells,0.0,"{""intercept"": 0.5862746671056073, ""AUS_enlarged pancreas"": 0.9173328373292402, ""chem_elevated alp"": -0.5192785321733668}"
AUS_enlarged pancreas | CBC_eosinopenia,AUS_enlarged pancreas,CBC_eosinopenia,,1.0,0.6034330176780784,0.5977209134248616,0.6067170111287757,0.2055062482751646,omitted_sparse_joint_cells,0.0,"{""intercept"": 0.5862746671056073, ""AUS_enlarged pancreas"": 0.9173328373292402, ""CBC_eosinopenia"": -0.519278532173367}"
tli_high | chem_decreased alt,tli_high,chem_decreased alt,,1.0,0.6034890262260191,0.591963304254883,0.6168521462639109,0.20268353463205654,omitted_sparse_joint_cells,0.0,"{""intercept"": 0.6013996940678683, ""tli_high"": 0.904103356733468, ""chem_decreased alt"": -0.868087063210523}"
CBC_eosinophilia | chem_hyperproteinemia,CBC_eosinophilia,chem_hyperproteinemia,,1.0,0.6034964274976372,0.6006200378026788,0.5802861685214626,0.20695549628114845,omitted_sparse_joint_cells,0.0,"{""intercept"": 0.7742935272030947, ""CBC_eosinophilia"": -0.6741926682977979, ""chem_hyperproteinemia"": 1.0085176744070918}"
chem_hyperproteinemia | chem_hyperglycemia,chem_hyperproteinemia,chem_hyperglycemia,,1.0,0.603670320393841,0.5983829572721707,0.5739268680445151,0.2057755954376374,omitted_sparse_joint_cells,0.0,"{""intercept"": 0.7438863619244517, ""chem_hyperproteinemia"": 1.022880542421397, ""chem_hyperglycemia"": -0.9156810149449284}"
tli_high | chem_discordantly elevated bun,tli_high,chem_discordantly elevated bun,,1.0,0.603768262986623,0.591963304254883,0.6168521462639109,0.20268353463205654,omitted_sparse_joint_cells,0.0,"{""intercept"": 0.6013996940678683, ""tli_high"": 0.904103356733468, ""chem_discordantly elevated bun"": -0.868087063210523}"
chem_hyperproteinemia | chem_discordantly elevated bun,chem_hyperproteinemia,chem_discordantly elevated bun,,1.0,0.6038094459721692,0.5983829572721705,0.5739268680445151,0.20577559543763735,omitted_sparse_joint_cells,0.0,"{""intercept"": 0.7438863619244517, ""chem_hyperproteinemia"": 1.0228805424213971, ""chem_discordantly elevated bun"": -0.9156810149449283}"
CBC_neutrophilia | chem_hyperproteinemia,CBC_neutrophilia,chem_hyperproteinemia,,1.0,0.6040697598092353,0.5983829572721705,0.5739268680445151,0.20577559543763735,omitted_sparse_joint_cells,0.0,"{""intercept"": 0.7438863619244517, ""CBC_neutrophilia"": -0.9156810149449284, ""chem_hyperproteinemia"": 1.0228805424213971}"
chem_hyperproteinemia | chem_decreased alt,chem_hyperproteinemia,chem_decreased alt,,1.0,0.6040697598092354,0.5983829572721705,0.5739268680445151,0.20577559543763735,omitted_sparse_joint_cells,0.0,"{""intercept"": 0.7438863619244519, ""chem_hyperproteinemia"": 1.022880542421397, ""chem_decreased alt"": -0.915681014944928}"
tli_high | chem_hyperglycemia,tli_high,chem_hyperglycemia,,1.0,0.6041278394440931,0.591963304254883,0.6168521462639109,0.20268353463205654,omitted_sparse_joint_cells,0.0,"{""intercept"": 0.6013996940678683, ""tli_high"": 0.9041033567334678, ""chem_hyperglycemia"": -0.868087063210523}"
AUS_enlarged pancreas | CBC_lymphopenia,AUS_enlarged pancreas,CBC_lymphopenia,,1.0,0.6041501659629052,0.6004769080313959,0.5981717011128775,0.20683411523881134,omitted_sparse_joint_cells,1.0,"{""intercept"": 0.5802492413014844, ""AUS_enlarged pancreas"": 0.9208340713895068, ""CBC_lymphopenia"": -0.00903166800838954}"
cobalamin_low | chem_hyperproteinemia,cobalamin_low,chem_hyperproteinemia,,1.0,0.6045809538609234,0.6008713236144945,0.6029411764705882,0.20730199061044033,omitted_sparse_joint_cells,2.0,"{""intercept"": 0.5843804424186587, ""cobalamin_low"": 0.4717507664713853, ""chem_hyperproteinemia"": 1.0415114149312164}"
tli_high | CBC_basophilia,tli_high,CBC_basophilia,,1.0,0.604676570680008,0.5942164310942418,0.6202305246422893,0.20366569196153642,omitted_sparse_joint_cells,1.0,"{""intercept"": 0.6135723401794377, ""tli_high"": 0.9183161779589898, ""CBC_basophilia"": -0.6608588602326699}"
clinical signs_weight loss | AUS_enlarged pancreas,clinical signs_weight loss,AUS_enlarged pancreas,,1.0,0.604729415488677,0.5961655510011192,0.6339427662957074,0.2048026529828957,included_binary_binary,13.0,"{""intercept"": 0.3981325280254778, ""clinical signs_weight loss"": 0.3391052593517643, ""AUS_enlarged pancreas"": 0.896485730285403, ""interaction__clinical signs_weight loss__x__AUS_enlarged pancreas"": 0.1005509328982567}"
cobalamin_low | clinical signs_hyporexia,cobalamin_low,clinical signs_hyporexia,,1.0,0.6049433941602842,0.6018608678616637,0.6244038155802862,0.20664048492990256,omitted_sparse_joint_cells,3.0,"{""intercept"": 0.5247158829300099, ""cobalamin_low"": 0.513536466847156, ""clinical signs_hyporexia"": 0.8395863250319979}"
clinical signs_hairball obstruction | AUS_enlarged pancreas,clinical signs_hairball obstruction,AUS_enlarged pancreas,,1.0,0.6049514982988218,0.5969110568896251,0.6108903020667726,0.20511907240168512,omitted_sparse_joint_cells,0.0,"{""intercept"": 0.5999778916126566, ""clinical signs_hairball obstruction"": -0.543259821009722, ""AUS_enlarged pancreas"": 0.9052941164899103}"
AUS_enlarged pancreas | CBC_anemia,AUS_enlarged pancreas,CBC_anemia,,1.0,0.6050982351926641,0.6004364923478697,0.5983704292527822,0.20681755178667044,omitted_sparse_joint_cells,0.0,"{""intercept"": 0.5780768322588242, ""AUS_enlarged pancreas"": 0.9226405003910839, ""CBC_anemia"": 0.046327222837197035}"
clinical signs_none | AUS_enlarged pancreas,clinical signs_none,AUS_enlarged pancreas,,1.0,0.6052070863006512,0.6004584584501444,0.6025437201907791,0.2068259866606845,omitted_sparse_joint_cells,3.0,"{""intercept"": 0.5801798711008226, ""clinical signs_none"": -0.006219224399370729, ""AUS_enlarged pancreas"": 0.9230813714123126}"
AUS_enlarged pancreas | chem_hypoproteinemia,AUS_enlarged pancreas,chem_hypoproteinemia,,1.0,0.6053029525873324,0.6003328405285865,0.6033386327503973,0.20672752817729645,omitted_sparse_joint_cells,2.0,"{""intercept"": 0.5844271964734706, ""AUS_enlarged pancreas"": 0.9233037510831988, ""chem_hypoproteinemia"": -0.0920707926988404}"
AUS_enlarged pancreas | chem_elevated alt,AUS_enlarged pancreas,chem_elevated alt,,1.0,0.605457127195181,0.6002705555945718,0.5922098569157391,0.20690066687105566,omitted_sparse_joint_cells,4.0,"{""intercept"": 0.5721564026012048, ""AUS_enlarged pancreas"": 0.907701942109503, ""chem_elevated alt"": 0.14180829948210136}"
AUS_chronic degenerative renal changes | AUS_enlarged pancreas,AUS_chronic degenerative renal changes,AUS_enlarged pancreas,,1.0,0.6054677997044247,0.6003769780078608,0.6049284578696343,0.2067470371957017,omitted_sparse_joint_cells,3.0,"{""intercept"": 0.5869469395376694, ""AUS_chronic degenerative renal changes"": -0.06537312873598139, ""AUS_enlarged pancreas"": 0.9221713548788942}"
AUS_enlarged pancreas | CBC_no abnormalities,AUS_enlarged pancreas,CBC_no abnormalities,,1.0,0.6055797271961947,0.6000196040525579,0.6100953895071541,0.20660498742236577,included_binary_binary,7.0,"{""intercept"": 0.4908778877972685, ""AUS_enlarged pancreas"": 0.7835771871576171, ""CBC_no abnormalities"": 0.11244430812298595, ""interaction__AUS_enlarged pancreas__x__CBC_no abnormalities"": 0.25181476617664983}"
CBC_basophilia | chem_hyperproteinemia,CBC_basophilia,chem_hyperproteinemia,,1.0,0.6056507950478223,0.6020475694623448,0.5737281399046105,0.20760527539256105,omitted_sparse_joint_cells,0.0,"{""intercept"": 0.7586033460636945, ""CBC_basophilia"": -0.643451071988444, ""chem_hyperproteinemia"": 1.0149318749193632}"
AUS_enlarged pancreas | CBC_neutropenia,AUS_enlarged pancreas,CBC_neutropenia,,1.0,0.6058089306286917,0.6002015025498098,0.5991653418124006,0.206743337065616,omitted_sparse_joint_cells,1.0,"{""intercept"": 0.5744488899441913, ""AUS_enlarged pancreas"": 0.9215656250403423, ""CBC_neutropenia"": 0.14496488074719202}"
clinical signs_hyporexia | chem_discordantly elevated bun,clinical signs_hyporexia,chem_discordantly elevated bun,,1.0,0.6058916367776792,0.6011185533828638,0.582670906200318,0.20638092954701043,omitted_sparse_joint_cells,0.0,"{""intercept"": 0.703759443345588, ""clinical signs_hyporexia"": 0.7785306844139508, ""chem_discordantly elevated bun"": -0.9031006330985355}"
clinical signs_hyporexia | chem_hyperglycemia,clinical signs_hyporexia,chem_hyperglycemia,,1.0,0.6059519990696364,0.6011185533828638,0.582670906200318,0.20638092954701043,omitted_sparse_joint_cells,0.0,"{""intercept"": 0.703759443345588, ""clinical signs_hyporexia"": 0.7785306844139507, ""chem_hyperglycemia"": -0.9031006330985354}"
tli_high | pli_abn,tli_high,pli_abn,,1.0,0.6061041330122425,0.5918748951676588,0.6174483306836248,0.20361551341871517,omitted_sparse_joint_cells,3.0,"{""intercept"": 0.6143239675312799, ""tli_high"": 1.133045536841567, ""pli_abn"": -0.6040908460492881}"
clinical signs_hyporexia | CBC_eosinophilia,clinical signs_hyporexia,CBC_eosinophilia,,1.0,0.6061538011097045,0.6036606892754347,0.5878378378378377,0.20768240665813792,omitted_sparse_joint_cells,0.0,"{""intercept"": 0.7341067799120415, ""clinical signs_hyporexia"": 0.7571627311516219, ""CBC_eosinophilia"": -0.6490772918526339}"
tli_high | procedure_clean,tli_high,procedure_clean,,1.0,0.6061564342416447,0.5914499161098232,0.6397058823529411,0.2026862582666938,omitted_non_binary_or_categorical_pair,,"{""intercept"": 0.432444600222809, ""tli_high"": 0.8998617881590202, ""procedure_clean=other"": -0.3070781235205638, ""procedure_clean=upper"": 0.30600752426173444}"
clinical signs_hyporexia | chem_decreased alt,clinical signs_hyporexia,chem_decreased alt,,1.0,0.6062511716569409,0.6011185533828637,0.582670906200318,0.20638092954701043,omitted_sparse_joint_cells,0.0,"{""intercept"": 0.7037594433455877, ""clinical signs_hyporexia"": 0.7785306844139511, ""chem_decreased alt"": -0.9031006330985356}"
clinical signs_hyporexia | CBC_neutrophilia,clinical signs_hyporexia,CBC_neutrophilia,,1.0,0.6062511716569409,0.6011185533828637,0.582670906200318,0.20638092954701043,omitted_sparse_joint_cells,0.0,"{""intercept"": 0.7037594433455876, ""clinical signs_hyporexia"": 0.778530684413951, ""CBC_neutrophilia"": -0.9031006330985355}"
tli_high | AUS_gall bladder sludge,tli_high,AUS_gall bladder sludge,,1.0,0.6063915486835557,0.5959508691013158,0.6077106518282989,0.20565831993676065,included_binary_binary,5.0,"{""intercept"": 0.5403462021642582, ""tli_high"": 0.8620933892885428, ""AUS_gall bladder sludge"": 0.2525977370506464, ""interaction__tli_high__x__AUS_gall bladder sludge"": 0.5148806047058336}"
tli_high | clinical signs_diarrhea,tli_high,clinical signs_diarrhea,,1.0,0.607098229408088,0.5877077938432873,0.6504372019077902,0.2016993664422576,included_binary_binary,7.0,"{""intercept"": 0.7240682937594697, ""tli_high"": 0.7214516839931183, ""clinical signs_diarrhea"": -0.44747327797748554, ""interaction__tli_high__x__clinical signs_diarrhea"": 0.9067226385196073}"
chem_no abnormalities | chem_hyperproteinemia,chem_no abnormalities,chem_hyperproteinemia,,1.0,0.6071803098273539,0.5996102174760304,0.6184419713831479,0.20634610865405922,omitted_sparse_joint_cells,0.0,"{""intercept"": 0.45227250702718186, ""chem_no abnormalities"": 0.45144324118890095, ""chem_hyperproteinemia"": 1.1608451145477234}"
clinical signs_diarrhea | AUS_enlarged pancreas,clinical signs_diarrhea,AUS_enlarged pancreas,,1.0,0.607245240385164,0.5956376512731589,0.617845786963434,0.2051878359404792,included_binary_binary,7.0,"{""intercept"": 0.686491542853026, ""clinical signs_diarrhea"": -0.3038333463415554, ""AUS_enlarged pancreas"": 0.9664106248109708, ""interaction__clinical signs_diarrhea__x__AUS_enlarged pancreas"": -0.2510293802994047}"
tli_high | CBC_lymphocytosis,tli_high,CBC_lymphocytosis,,1.0,0.6073596213240099,0.5975185207502554,0.6085055643879173,0.205573749869021,omitted_sparse_joint_cells,0.0,"{""intercept"": 0.5686125283969949, ""tli_high"": 0.9308135164411956, ""CBC_lymphocytosis"": 0.5092464500375609}"
AUS_mesenteric lymphadenopathy | AUS_enlarged pancreas,AUS_mesenteric lymphadenopathy,AUS_enlarged pancreas,,0.3,0.6076427142082081,0.5983134387243383,0.6299682034976153,0.20593080386372645,included_binary_binary,12.0,"{""intercept"": 0.5128540319144562, ""AUS_mesenteric lymphadenopathy"": 0.24103849237668531, ""AUS_enlarged pancreas"": 0.5544059508912926, ""interaction__AUS_mesenteric lymphadenopathy__x__AUS_enlarged pancreas"": 0.2996154758667623}"
tli_high | chem_elevated total bilirubin,tli_high,chem_elevated total bilirubin,,1.0,0.6076445132893602,0.5975185207502554,0.6085055643879173,0.205573749869021,omitted_sparse_joint_cells,0.0,"{""intercept"": 0.5686125283969949, ""tli_high"": 0.9308135164411956, ""chem_elevated total bilirubin"": 0.5092464500375609}"
procedure_clean | chem_hyperproteinemia,procedure_clean,chem_hyperproteinemia,,1.0,0.6077420372307281,0.5999756790192371,0.5991653418124007,0.2068596254655949,omitted_non_binary_or_categorical_pair,,"{""intercept"": 0.5836234794714626, ""procedure_clean=other"": -0.29409050397660974, ""procedure_clean=upper"": 0.2929121570073576, ""chem_hyperproteinemia"": 0.9610202048388367}"
tli_high | chem_no abnormalities,tli_high,chem_no abnormalities,,0.3,0.6079362225484404,0.5972353777803108,0.6371224165341812,0.2054085124559444,included_binary_binary,12.0,"{""intercept"": 0.4645243652790017, ""tli_high"": 0.5755278666827298, ""chem_no abnormalities"": 0.26727427784518865, ""interaction__tli_high__x__chem_no abnormalities"": 0.30100494902444563}"
tli_high | chem_hypophosphatemia,tli_high,chem_hypophosphatemia,,1.0,0.6081765445778881,0.5987538320370684,0.6033386327503975,0.20617692548436944,omitted_sparse_joint_cells,1.0,"{""intercept"": 0.5748179965175336, ""tli_high"": 0.9160088430099576, ""chem_hypophosphatemia"": 0.40552387472516144}"
clinical signs_hyporexia | CBC_basophilia,clinical signs_hyporexia,CBC_basophilia,,1.0,0.608223590608343,0.6049169542927723,0.5820747217806042,0.20826761277699898,omitted_sparse_joint_cells,0.0,"{""intercept"": 0.717677087863863, ""clinical signs_hyporexia"": 0.7685012163042737, ""CBC_basophilia"": -0.6215845179753037}"
AUS_enlarged pancreas | AUS_ileus,AUS_enlarged pancreas,AUS_ileus,,1.0,0.6082927169107525,0.5951861079131957,0.6192368839427662,0.20430231668988394,omitted_sparse_joint_cells,0.0,"{""intercept"": 0.6305991977444699, ""AUS_enlarged pancreas"": 0.8811478490466056, ""AUS_ileus"": -0.5838774924879586}"
AUS_enlarged pancreas | chem_hypokalemia,AUS_enlarged pancreas,chem_hypokalemia,,1.0,0.6084091183231023,0.6004769080313958,0.5981717011128775,0.20683411523881134,omitted_sparse_joint_cells,1.0,"{""intercept"": 0.5802492413014841, ""AUS_enlarged pancreas"": 0.9208340713895069, ""chem_hypokalemia"": -0.009031668008389383}"
CBC_lymphocytosis | chem_hyperproteinemia,CBC_lymphocytosis,chem_hyperproteinemia,,1.0,0.6084633387118921,0.6054596885060384,0.5608108108108109,0.20933823028845155,omitted_sparse_joint_cells,0.0,"{""intercept"": 0.7159495598083986, ""CBC_lymphocytosis"": 0.46891916389620547, ""chem_hyperproteinemia"": 1.0360694687796774}"
chem_hyperproteinemia | chem_hypophosphatemia,chem_hyperproteinemia,chem_hypophosphatemia,,1.0,0.6085573801057539,0.6054596885060384,0.5608108108108109,0.20933823028845153,omitted_sparse_joint_cells,0.0,"{""intercept"": 0.7159495598083986, ""chem_hyperproteinemia"": 1.0360694687796772, ""chem_hypophosphatemia"": 0.4689191638962056}"
chem_hyperproteinemia | chem_elevated total bilirubin,chem_hyperproteinemia,chem_elevated total bilirubin,,1.0,0.6085573801057539,0.6054596885060384,0.5608108108108109,0.20933823028845155,omitted_sparse_joint_cells,0.0,"{""intercept"": 0.7159495598083986, ""chem_hyperproteinemia"": 1.0360694687796774, ""chem_elevated total bilirubin"": 0.4689191638962054}"
clinical signs_vomiting | AUS_enlarged pancreas,clinical signs_vomiting,AUS_enlarged pancreas,,0.3,0.6087417783647878,0.5941010165360271,0.652027027027027,0.2038116141379161,included_binary_binary,9.0,"{""intercept"": 0.813453329016724, ""clinical signs_vomiting"": -0.33275486747810007, ""AUS_enlarged pancreas"": 0.4570636991894979, ""interaction__clinical signs_vomiting__x__AUS_enlarged pancreas"": 0.4653565749827237}"
clinical signs_weight loss | chem_hyperproteinemia,clinical signs_weight loss,chem_hyperproteinemia,,1.0,0.6089027877982623,0.6048589589068925,0.5842607313195549,0.20904547197634352,omitted_sparse_joint_cells,2.0,"{""intercept"": 0.567324327258764, ""clinical signs_weight loss"": 0.3037516254660951, ""chem_hyperproteinemia"": 1.0090313789220182}"
tli_high | AUS_no abnormalities,tli_high,AUS_no abnormalities,,1.0,0.6089243526215162,0.5996643119083479,0.6043322734499205,0.20647012233004744,omitted_sparse_joint_cells,0.0,"{""intercept"": 0.5689570330962933, ""tli_high"": 0.9303789706047044, ""AUS_no abnormalities"": 0.23634601941346484}"
CBC_eosinophilia | chem_discordantly elevated bun,CBC_eosinophilia,chem_discordantly elevated bun,,1.0,0.6089276821359604,0.6041524762952764,0.5691573926868044,0.20692303734632958,omitted_sparse_joint_cells,0.0,"{""intercept"": 0.8488506804162055, ""CBC_eosinophilia"": -0.7226500219283885, ""chem_discordantly elevated bun"": -0.9508809600200181}"
CBC_eosinophilia | chem_hyperglycemia,CBC_eosinophilia,chem_hyperglycemia,,1.0,0.608971255645965,0.6041524762952764,0.5691573926868044,0.20692303734632958,omitted_sparse_joint_cells,0.0,"{""intercept"": 0.8488506804162057, ""CBC_eosinophilia"": -0.7226500219283888, ""chem_hyperglycemia"": -0.9508809600200181}"
tli_high | CBC_no abnormalities,tli_high,CBC_no abnormalities,,0.3,0.6090828659445908,0.6014505477073778,0.6200317965023847,0.20708385740155996,included_binary_binary,11.0,"{""intercept"": 0.5203430510926935, ""tli_high"": 0.539017402496988, ""CBC_no abnormalities"": 0.13747622427326306, ""interaction__tli_high__x__CBC_no abnormalities"": 0.286606347169342}"
tli_high | clinical signs_constipation,tli_high,clinical signs_constipation,,1.0,0.6091546596724934,0.5995439439897742,0.602543720190779,0.20642648546772038,omitted_sparse_joint_cells,0.0,"{""intercept"": 0.5763702209338359, ""tli_high"": 0.9255539016384028, ""clinical signs_constipation"": 0.29588956645323505}"
tli_high | CBC_eosinopenia,tli_high,CBC_eosinopenia,,1.0,0.6091884977584927,0.5977209134248616,0.6067170111287757,0.20550624827516456,omitted_sparse_joint_cells,0.0,"{""intercept"": 0.5862746671056073, ""tli_high"": 0.91733283732924, ""CBC_eosinopenia"": -0.519278532173367}"
tli_high | chem_elevated alp,tli_high,chem_elevated alp,,1.0,0.6091884977584927,0.5977209134248616,0.6067170111287757,0.20550624827516456,omitted_sparse_joint_cells,0.0,"{""intercept"": 0.5862746671056072, ""tli_high"": 0.9173328373292401, ""chem_elevated alp"": -0.5192785321733672}"
tli_high | chem_hypercholesterolemia,tli_high,chem_hypercholesterolemia,,1.0,0.6092145967698454,0.5995439439897742,0.602543720190779,0.20642648546772044,omitted_sparse_joint_cells,0.0,"{""intercept"": 0.5763702209338359, ""tli_high"": 0.9255539016384028, ""chem_hypercholesterolemia"": 0.29588956645323516}"
tli_high | CBC_basocytosis,tli_high,CBC_basocytosis,,1.0,0.6092640827391796,0.5995439439897743,0.602543720190779,0.20642648546772044,omitted_sparse_joint_cells,0.0,"{""intercept"": 0.5763702209338356, ""tli_high"": 0.925553901638403, ""CBC_basocytosis"": 0.295889566453235}"
tli_high | chem_elevated ast,tli_high,chem_elevated ast,,1.0,0.6092780502978234,0.6000758858505958,0.6007551669316376,0.20664953485229076,omitted_sparse_joint_cells,0.0,"{""intercept"": 0.5843618167620186, ""tli_high"": 0.9180812934000788, ""chem_elevated ast"": -0.1933801648861179}"
clinical signs_weight loss | CBC_no abnormalities,clinical signs_weight loss,CBC_no abnormalities,,1.0,0.6093534240720148,0.6050996679553629,0.6120826709062003,0.2081272378905529,included_binary_binary,13.0,"{""intercept"": 0.7160173111600973, ""clinical signs_weight loss"": -0.19014406288509958, ""CBC_no abnormalities"": -0.21102087093286742, ""interaction__clinical signs_weight loss__x__CBC_no abnormalities"": 0.8665359802219142}"
tli_high | chem_hypercalcemia,tli_high,chem_hypercalcemia,,1.0,0.6093610848952112,0.6002532415115343,0.5973767885532592,0.20677248309921367,omitted_sparse_joint_cells,0.0,"{""intercept"": 0.5793708546951466, ""tli_high"": 0.9174773983300346, ""chem_hypercalcemia"": 0.16016040814025878}"
tli_high | chem_hypoproteinemia,tli_high,chem_hypoproteinemia,,1.0,0.6094446894080855,0.599155366538544,0.6029411764705883,0.20634794991023245,omitted_sparse_joint_cells,2.0,"{""intercept"": 0.587508786657847, ""tli_high"": 0.9514776862862895, ""chem_hypoproteinemia"": -0.2749895886785555}"
AUS_gall bladder sludge | chem_hyperproteinemia,AUS_gall bladder sludge,chem_hyperproteinemia,,1.0,0.6095102450228735,0.6051417287690799,0.5751192368839428,0.20915362980937058,omitted_sparse_joint_cells,1.0,"{""intercept"": 0.6723476088206153, ""AUS_gall bladder sludge"": 0.34932557206022113, ""chem_hyperproteinemia"": 1.0347036786538732}"
AUS_enlarged pancreas | CBC_monocytosis,AUS_enlarged pancreas,CBC_monocytosis,,1.0,0.6095427345576009,0.5993040020473247,0.6043322734499205,0.20646489725828274,omitted_sparse_joint_cells,3.0,"{""intercept"": 0.553382459558585, ""AUS_enlarged pancreas"": 0.9226375637967503, ""CBC_monocytosis"": 0.24597918091298213}"
AUS_enlarged pancreas | chem_no abnormalities,AUS_enlarged pancreas,chem_no abnormalities,,0.3,0.6095651978949737,0.6002833742793428,0.6271860095389507,0.20657257835930304,included_binary_binary,11.0,"{""intercept"": 0.5045968953985196, ""AUS_enlarged pancreas"": 0.5318560875162051, ""chem_no abnormalities"": 0.20736457560101657, ""interaction__AUS_enlarged pancreas__x__chem_no abnormalities"": 0.2679546172533468}"
procedure_clean | clinical signs_hyporexia,procedure_clean,clinical signs_hyporexia,,1.0,0.6096675053626774,0.6015982574902407,0.6146661367249602,0.20661288656155252,omitted_non_binary_or_categorical_pair,,"{""intercept"": 0.5393077294816861, ""procedure_clean=other"": -0.30309226580098014, ""procedure_clean=upper"": 0.30148567951210686, ""clinical signs_hyporexia"": 0.7486299839177426}"
cobalamin_low | CBC_neutrophilia,cobalamin_low,CBC_neutrophilia,,1.0,0.6096906700853079,0.6032639045374363,0.6065182829888712,0.2072147939708912,omitted_sparse_joint_cells,0.0,"{""intercept"": 0.6439676150560302, ""cobalamin_low"": 0.5258602418216005, ""CBC_neutrophilia"": -1.0575393590410695}"
tli_high | clinical signs_weight loss,tli_high,clinical signs_weight loss,,0.3,0.609719599171694,0.6003707254986632,0.6184419713831478,0.20674157109505503,included_binary_binary,10.0,"{""intercept"": 0.5315887516950741, ""tli_high"": 0.502408058991052, ""clinical signs_weight loss"": 0.1760015901043253, ""interaction__tli_high__x__clinical signs_weight loss"": 0.31267995762088313}"
CBC_no abnormalities | chem_hyperproteinemia,CBC_no abnormalities,chem_hyperproteinemia,,1.0,0.6098403927800362,0.6066324812462978,0.5723370429252782,0.20973436589243288,omitted_sparse_joint_cells,3.0,"{""intercept"": 0.5828247330954879, ""CBC_no abnormalities"": 0.19308506952965662, ""chem_hyperproteinemia"": 1.0477953485982308}"
chem_discordantly elevated bun | chem_hyperglycemia,chem_discordantly elevated bun,chem_hyperglycemia,,1.0,0.6099918939284974,0.6027248970700503,0.5588235294117647,0.20611793248971677,omitted_sparse_joint_cells,0.0,"{""intercept"": 0.8162176857036871, ""chem_discordantly elevated bun"": -0.9396853272504113, ""chem_hyperglycemia"": -0.9396853272504113}"
CBC_basocytosis | chem_hyperproteinemia,CBC_basocytosis,chem_hyperproteinemia,,1.0,0.6100286045258866,0.6071663363340284,0.5540540540540541,0.21002162580387387,omitted_sparse_joint_cells,0.0,"{""intercept"": 0.7219802159748598, ""CBC_basocytosis"": 0.27080311490822, ""chem_hyperproteinemia"": 1.032618755933033}"
chem_hyperproteinemia | chem_hypercalcemia,chem_hyperproteinemia,chem_hypercalcemia,,1.0,0.6100436876015083,0.6071663363340284,0.5540540540540541,0.21002162580387387,omitted_sparse_joint_cells,0.0,"{""intercept"": 0.7219802159748601, ""chem_hyperproteinemia"": 1.032618755933033, ""chem_hypercalcemia"": 0.27080311490821973}"
clinical signs_constipation | chem_hyperproteinemia,clinical signs_constipation,chem_hyperproteinemia,,1.0,0.6100436876015083,0.6071663363340284,0.5540540540540541,0.21002162580387387,omitted_sparse_joint_cells,0.0,"{""intercept"": 0.7219802159748601, ""clinical signs_constipation"": 0.27080311490821973, ""chem_hyperproteinemia"": 1.032618755933033}"
chem_hyperproteinemia | chem_elevated ast,chem_hyperproteinemia,chem_elevated ast,,1.0,0.6100592879570002,0.6072936624801033,0.5538553259141494,0.2100586440192538,omitted_sparse_joint_cells,0.0,"{""intercept"": 0.7292929732895569, ""chem_hyperproteinemia"": 1.029049085956269, ""chem_elevated ast"": -0.24005730820916021}"
pli_abn | AUS_enlarged pancreas,pli_abn,AUS_enlarged pancreas,,1.0,0.6100790326643561,0.5982208155438667,0.6130763116057234,0.20577091732695946,included_binary_binary,7.0,"{""intercept"": 0.6101296756559347, ""pli_abn"": -0.3101674607946825, ""AUS_enlarged pancreas"": 0.9010973398745561, ""interaction__pli_abn__x__AUS_enlarged pancreas"": 0.2878344203354216}"
chem_decreased alt | chem_hyperglycemia,chem_decreased alt,chem_hyperglycemia,,1.0,0.6100891182652484,0.6027248970700503,0.5588235294117647,0.20611793248971677,omitted_sparse_joint_cells,0.0,"{""intercept"": 0.8162176857036869, ""chem_decreased alt"": -0.9396853272504112, ""chem_hyperglycemia"": -0.9396853272504112}"
CBC_neutrophilia | chem_hyperglycemia,CBC_neutrophilia,chem_hyperglycemia,,1.0,0.6100891182652484,0.6027248970700504,0.5588235294117647,0.20611793248971674,omitted_sparse_joint_cells,0.0,"{""intercept"": 0.8162176857036871, ""CBC_neutrophilia"": -0.9396853272504113, ""chem_hyperglycemia"": -0.9396853272504113}"
chem_hyperproteinemia | chem_elevated alp,chem_hyperproteinemia,chem_elevated alp,,1.0,0.6100937049489836,0.604845720697289,0.5606120826709061,0.20889742877089204,omitted_sparse_joint_cells,0.0,"{""intercept"": 0.730055585931565, ""chem_hyperproteinemia"": 1.0299635807691427, ""chem_elevated alp"": -0.5467952794605285}"
CBC_eosinopenia | chem_hyperproteinemia,CBC_eosinopenia,chem_hyperproteinemia,,1.0,0.6100937049489836,0.604845720697289,0.5606120826709061,0.20889742877089207,omitted_sparse_joint_cells,0.0,"{""intercept"": 0.730055585931565, ""CBC_eosinopenia"": -0.5467952794605285, ""chem_hyperproteinemia"": 1.0299635807691427}"
chem_hyperproteinemia | chem_hypercholesterolemia,chem_hyperproteinemia,chem_hypercholesterolemia,,1.0,0.6101411864818049,0.6078305957500013,0.5472972972972973,0.210318883333977,omitted_sparse_joint_cells,0.0,"{""intercept"": 0.7238655111279224, ""chem_hyperproteinemia"": 1.022583633185144, ""chem_hypercholesterolemia"": 0.1379685015255315}"
chem_decreased alt | chem_discordantly elevated bun,chem_decreased alt,chem_discordantly elevated bun,,1.0,0.6101572450096391,0.6027248970700503,0.5588235294117647,0.20611793248971677,omitted_sparse_joint_cells,0.0,"{""intercept"": 0.816217685703687, ""chem_decreased alt"": -0.9396853272504112, ""chem_discordantly elevated bun"": -0.9396853272504112}"
CBC_neutrophilia | chem_discordantly elevated bun,CBC_neutrophilia,chem_discordantly elevated bun,,1.0,0.6101572450096391,0.6027248970700503,0.5588235294117647,0.20611793248971677,omitted_sparse_joint_cells,0.0,"{""intercept"": 0.816217685703687, ""CBC_neutrophilia"": -0.9396853272504112, ""chem_discordantly elevated bun"": -0.9396853272504112}"
folate_low | AUS_enlarged pancreas,folate_low,AUS_enlarged pancreas,,0.3,0.6103542126224245,0.6040042453924337,0.6051271860095389,0.20802558431896273,omitted_sparse_joint_cells,1.0,"{""intercept"": 0.6330342312099143, ""folate_low"": 0.13899263113130497, ""AUS_enlarged pancreas"": 0.6092860963499481}"
AUS_no abnormalities | chem_hyperproteinemia,AUS_no abnormalities,chem_hyperproteinemia,,1.0,0.6104118936003996,0.6075314808170089,0.5542527821939587,0.21016681368220536,omitted_sparse_joint_cells,0.0,"{""intercept"": 0.7183102677616853, ""AUS_no abnormalities"": 0.1675887149792014, ""chem_hyperproteinemia"": 1.0342225796293527}"
clinical signs_hyporexia | chem_hypophosphatemia,clinical signs_hyporexia,chem_hypophosphatemia,,1.0,0.6104556221386186,0.6077645067210768,0.5711446740858506,0.20977163345301328,omitted_sparse_joint_cells,0.0,"{""intercept"": 0.6733389816768894, ""clinical signs_hyporexia"": 0.8002994025133731, ""chem_hypophosphatemia"": 0.48079332139941094}"
cobalamin_low | tli_high,cobalamin_low,tli_high,,0.3,0.6104695540172881,0.6018290206224642,0.6144674085850556,0.2072264677632559,included_binary_binary,12.0,"{""intercept"": 0.576884033265206, ""cobalamin_low"": 0.2033241533549227, ""tli_high"": 0.5167575076139148, ""interaction__cobalamin_low__x__tli_high"": 0.21510469009104466}"
tli_high | chem_elevated alt,tli_high,chem_elevated alt,,1.0,0.6104863811706787,0.5993197904454355,0.6025437201907791,0.20649150926634383,omitted_sparse_joint_cells,3.0,"{""intercept"": 0.5603248732493745, ""tli_high"": 0.9161276993962765, ""chem_elevated alt"": 0.26856063340432706}"
procedure_clean | chem_discordantly elevated bun,procedure_clean,chem_discordantly elevated bun,,1.0,0.6105369736367404,0.6012151666556077,0.6021462639109698,0.20583904643921289,omitted_non_binary_or_categorical_pair,,"{""intercept"": 0.6318110386185252, ""procedure_clean=other"": -0.33531025185561136, ""procedure_clean=upper"": 0.3343526620822105, ""chem_discordantly elevated bun"": -0.9889012964868181}"
clinical signs_hairball obstruction | chem_hyperproteinemia,clinical signs_hairball obstruction,chem_hyperproteinemia,,1.0,0.610562299875957,0.6034416091290858,0.5671701112877584,0.2082453593934101,omitted_sparse_joint_cells,0.0,"{""intercept"": 0.7434402855040945, ""clinical signs_hairball obstruction"": -0.6043150729471892, ""chem_hyperproteinemia"": 1.0223752839035951}"
cobalamin_low | CBC_eosinophilia,cobalamin_low,CBC_eosinophilia,,1.0,0.6107027386732721,0.6080093142471116,0.5890302066772656,0.20914149992331782,omitted_sparse_joint_cells,2.0,"{""intercept"": 0.6913160540942177, ""cobalamin_low"": 0.46105437251321774, ""CBC_eosinophilia"": -0.7055297077886072}"
AUS_duodenum | AUS_enlarged pancreas,AUS_duodenum,AUS_enlarged pancreas,,0.3,0.610788864833627,0.6003979907937944,0.6182432432432432,0.20668796961374486,included_binary_binary,5.0,"{""intercept"": 0.4939346777488348, ""AUS_duodenum"": 0.18507100265706464, ""AUS_enlarged pancreas"": 0.45499409181135597, ""interaction__AUS_duodenum__x__AUS_enlarged pancreas"": 0.33577280677548105}"
AUS_ileus | chem_hyperproteinemia,AUS_ileus,chem_hyperproteinemia,,1.0,0.6110642500807104,0.5980431755571688,0.5870429252782194,0.2056269915010269,omitted_sparse_joint_cells,1.0,"{""intercept"": 0.7759498174936799, ""AUS_ileus"": -0.76414215477477, ""chem_hyperproteinemia"": 1.0707947478129933}"
cobalamin_low | chem_decreased alt,cobalamin_low,chem_decreased alt,,1.0,0.6111031180876967,0.6054269550295736,0.5918124006359301,0.20794238337355891,omitted_sparse_joint_cells,1.0,"{""intercept"": 0.6553607332217761, ""cobalamin_low"": 0.4807752123235863, ""chem_decreased alt"": -0.9668793971205595}"
tli_high | clinical signs_hairball obstruction,tli_high,clinical signs_hairball obstruction,,1.0,0.6111046349963531,0.5969110568896253,0.6108903020667726,0.20511907240168512,omitted_sparse_joint_cells,0.0,"{""intercept"": 0.5999778916126567, ""tli_high"": 0.9052941164899103, ""clinical signs_hairball obstruction"": -0.543259821009722}"
AUS_chronic degenerative renal changes | chem_hyperproteinemia,AUS_chronic degenerative renal changes,chem_hyperproteinemia,,1.0,0.6111126471956587,0.6074405441770515,0.5600158982511925,0.21009875822064028,omitted_sparse_joint_cells,2.0,"{""intercept"": 0.739193112522664, ""AUS_chronic degenerative renal changes"": -0.14024525370635077, ""chem_hyperproteinemia"": 1.0431024061907495}"
tli_high | CBC_lymphopenia,tli_high,CBC_lymphopenia,,1.0,0.6111525767079893,0.6003328405285865,0.6033386327503973,0.20672752817729642,omitted_sparse_joint_cells,2.0,"{""intercept"": 0.5844271964734705, ""tli_high"": 0.9233037510831991, ""CBC_lymphopenia"": -0.0920707926988404}"
CBC_anemia | chem_hyperproteinemia,CBC_anemia,chem_hyperproteinemia,,1.0,0.6112169102370449,0.6068009174356175,0.5606120826709061,0.20976147418753543,omitted_sparse_joint_cells,1.0,"{""intercept"": 0.7290124372336491, ""CBC_anemia"": -0.2612144541913364, ""chem_hyperproteinemia"": 1.0673133690774497}"
clinical signs_hyporexia | chem_elevated total bilirubin,clinical signs_hyporexia,chem_elevated total bilirubin,,1.0,0.6112495951853034,0.6087995056105547,0.5651828298887123,0.21026005263071995,omitted_sparse_joint_cells,1.0,"{""intercept"": 0.6779993808134306, ""clinical signs_hyporexia"": 0.7813404199198893, ""chem_elevated total bilirubin"": 0.3923126050740033}"
chem_hyperproteinemia | chem_elevated alt,chem_hyperproteinemia,chem_elevated alt,,1.0,0.6112566092925862,0.6066186895236,0.56120826709062,0.20980420255863905,omitted_sparse_joint_cells,1.0,"{""intercept"": 0.7025011744496317, ""chem_hyperproteinemia"": 1.0240491735235482, ""chem_elevated alt"": 0.28658496819449475}"
clinical signs_hyporexia | CBC_lymphocytosis,clinical signs_hyporexia,CBC_lymphocytosis,,1.0,0.611260920225901,0.6087995056105548,0.5651828298887123,0.21026005263071995,omitted_sparse_joint_cells,1.0,"{""intercept"": 0.6779993808134307, ""clinical signs_hyporexia"": 0.7813404199198893, ""CBC_lymphocytosis"": 0.3923126050740031}"
CBC_basophilia | chem_discordantly elevated bun,CBC_basophilia,chem_discordantly elevated bun,,1.0,0.6112938885501487,0.6060099439017258,0.5608108108108109,0.20776701591956376,omitted_sparse_joint_cells,0.0,"{""intercept"": 0.8320812937847087, ""CBC_basophilia"": -0.6838873849730754, ""chem_discordantly elevated bun"": -0.9440286626251001}"
tli_high | AUS_mesenteric lymphadenopathy,tli_high,AUS_mesenteric lymphadenopathy,,0.3,0.6112990825371759,0.6010105730772026,0.6200317965023847,0.206925219375213,included_binary_binary,11.0,"{""intercept"": 0.5423116640314432, ""tli_high"": 0.5164453017550473, ""AUS_mesenteric lymphadenopathy"": 0.18507749082365613, ""interaction__tli_high__x__AUS_mesenteric lymphadenopathy"": 0.2689825036835833}"
CBC_basophilia | chem_hyperglycemia,CBC_basophilia,chem_hyperglycemia,,1.0,0.6113290181618056,0.6060099439017258,0.5608108108108109,0.20776701591956373,omitted_sparse_joint_cells,0.0,"{""intercept"": 0.832081293784709, ""CBC_basophilia"": -0.6838873849730754, ""chem_hyperglycemia"": -0.9440286626251002}"
CBC_neutrophilia | CBC_eosinophilia,CBC_neutrophilia,CBC_eosinophilia,,1.0,0.6113713414313547,0.6069264041332804,0.5544515103338632,0.20819759314445604,omitted_sparse_joint_cells,1.0,"{""intercept"": 0.8407074874305817, ""CBC_neutrophilia"": -0.8439961075190203, ""CBC_eosinophilia"": -0.6416157599750374}"
CBC_lymphopenia | chem_hyperproteinemia,CBC_lymphopenia,chem_hyperproteinemia,,1.0,0.6114029123635085,0.6079258379637585,0.5468998410174881,0.21034296391716703,omitted_sparse_joint_cells,0.0,"{""intercept"": 0.7255459695294573, ""CBC_lymphopenia"": -0.018489832161533645, ""chem_hyperproteinemia"": 1.0307689315006825}"
AUS_enlarged pancreas | AUS_splenomegaly,AUS_enlarged pancreas,AUS_splenomegaly,,0.3,0.6114033219442463,0.5978609519221679,0.6200317965023847,0.20558347138433397,included_binary_binary,5.0,"{""intercept"": 0.6816376913706046, ""AUS_enlarged pancreas"": 0.6424321662775279, ""AUS_splenomegaly"": -0.3460620645941433, ""interaction__AUS_enlarged pancreas__x__AUS_splenomegaly"": -0.14473614855054676}"
clinical signs_hyporexia | AUS_mesenteric lymphadenopathy,clinical signs_hyporexia,AUS_mesenteric lymphadenopathy,,1.0,0.611444937305341,0.6032693164212063,0.6065182829888712,0.20793457719514152,omitted_sparse_joint_cells,4.0,"{""intercept"": 0.4716476087383529, ""clinical signs_hyporexia"": 0.8666787372838393, ""AUS_mesenteric lymphadenopathy"": 0.43120386293987456}"
clinical signs_hyporexia | AUS_gall bladder sludge,clinical signs_hyporexia,AUS_gall bladder sludge,,1.0,0.6114628517960122,0.6080872293900463,0.5747217806041335,0.2100209676656631,omitted_sparse_joint_cells,3.0,"{""intercept"": 0.6364719328965882, ""clinical signs_hyporexia"": 0.783073215625441, ""AUS_gall bladder sludge"": 0.325607107801512}"
AUS_mesenteric lymphadenopathy | chem_hyperproteinemia,AUS_mesenteric lymphadenopathy,chem_hyperproteinemia,,1.0,0.6116133827489031,0.6031297610260314,0.5973767885532592,0.2082153558026968,omitted_sparse_joint_cells,3.0,"{""intercept"": 0.5550055898312709, ""AUS_mesenteric lymphadenopathy"": 0.36213983611669803, ""chem_hyperproteinemia"": 1.0430703172423463}"
tli_high | CBC_anemia,tli_high,CBC_anemia,,0.3,0.611667041193132,0.6046963946271758,0.5892289348171701,0.2083308742983833,omitted_sparse_joint_cells,1.0,"{""intercept"": 0.6400784565017958, ""tli_high"": 0.6082035432678501, ""CBC_anemia"": -0.02151239895423738}"
cobalamin_low | chem_hyperglycemia,cobalamin_low,chem_hyperglycemia,,1.0,0.611730055587565,0.6071723557878975,0.5771065182829889,0.20852102968759245,omitted_sparse_joint_cells,0.0,"{""intercept"": 0.6648482801040861, ""cobalamin_low"": 0.44341945117652964, ""chem_hyperglycemia"": -0.8902019912526383}"
AUS_colon | AUS_enlarged pancreas,AUS_colon,AUS_enlarged pancreas,,0.3,0.6117718093942349,0.6039866345797488,0.608704292527822,0.208006087328965,omitted_sparse_joint_cells,1.0,"{""intercept"": 0.6255580649716356, ""AUS_colon"": 0.12373980976174447, ""AUS_enlarged pancreas"": 0.6136008480825155}"
clinical signs_hyporexia | chem_elevated ast,clinical signs_hyporexia,chem_elevated ast,,1.0,0.6118791832135917,0.6089457926770533,0.5701510333863276,0.21011110260627042,omitted_sparse_joint_cells,1.0,"{""intercept"": 0.6875989794175197, ""clinical signs_hyporexia"": 0.8068187263580336, ""chem_elevated ast"": -0.34456752464817597}"
AUS_duodenum | chem_hyperproteinemia,AUS_duodenum,chem_hyperproteinemia,,1.0,0.6119697092055897,0.6011380504126159,0.6055246422893481,0.20717792248270112,omitted_sparse_joint_cells,3.0,"{""intercept"": 0.4269982754163249, ""AUS_duodenum"": 0.43636421899330513, ""chem_hyperproteinemia"": 1.0913981276722629}"
clinical signs_hyporexia | clinical signs_constipation,clinical signs_hyporexia,clinical signs_constipation,,1.0,0.6120010121624525,0.6095667834243285,0.5647853736089031,0.2105015267989282,omitted_sparse_joint_cells,0.0,"{""intercept"": 0.6803991452366449, ""clinical signs_hyporexia"": 0.7944599787785049, ""clinical signs_constipation"": 0.2779916557225225}"
clinical signs_hyporexia | chem_hypercalcemia,clinical signs_hyporexia,chem_hypercalcemia,,1.0,0.6120010121624525,0.6095667834243285,0.5647853736089031,0.2105015267989282,omitted_sparse_joint_cells,0.0,"{""intercept"": 0.6803991452366449, ""clinical signs_hyporexia"": 0.7944599787785049, ""chem_hypercalcemia"": 0.2779916557225225}"
clinical signs_hyporexia | CBC_basocytosis,clinical signs_hyporexia,CBC_basocytosis,,1.0,0.6120010121624526,0.6095667834243285,0.5647853736089031,0.2105015267989282,omitted_sparse_joint_cells,0.0,"{""intercept"": 0.6803991452366448, ""clinical signs_hyporexia"": 0.7944599787785049, ""CBC_basocytosis"": 0.2779916557225226}"
clinical signs_hyporexia | chem_hypercholesterolemia,clinical signs_hyporexia,chem_hypercholesterolemia,,1.0,0.6120406713850983,0.6101535552272082,0.5588235294117646,0.21078170885019037,omitted_sparse_joint_cells,0.0,"{""intercept"": 0.6829096250587127, ""clinical signs_hyporexia"": 0.7856336462082238, ""chem_hypercholesterolemia"": 0.16391837377591917}"
AUS_jejunum | AUS_enlarged pancreas,AUS_jejunum,AUS_enlarged pancreas,,1.0,0.6120590775687089,0.5959512273478658,0.6265898251192369,0.2054709081069209,included_binary_binary,10.0,"{""intercept"": 0.5659272546579602, ""AUS_jejunum"": 0.03695721098924583, ""AUS_enlarged pancreas"": 1.1326315010504437, ""interaction__AUS_jejunum__x__AUS_enlarged pancreas"": -0.4154993366175882}"
tli_high | clinical signs_none,tli_high,clinical signs_none,,0.3,0.6120881454790871,0.6047184795701382,0.6013513513513513,0.20831757535449671,omitted_sparse_joint_cells,3.0,"{""intercept"": 0.6389010242719032, ""tli_high"": 0.607630674788629, ""clinical signs_none"": 0.011171207618404254}"
clinical signs_hyporexia | CBC_eosinopenia,clinical signs_hyporexia,CBC_eosinopenia,,1.0,0.6120928826938039,0.6073988246981445,0.5705484896661368,0.20943304390414236,omitted_sparse_joint_cells,0.0,"{""intercept"": 0.6889810544482499, ""clinical signs_hyporexia"": 0.7883288523247984, ""CBC_eosinopenia"": -0.5380727623966229}"
clinical signs_hyporexia | chem_elevated alp,clinical signs_hyporexia,chem_elevated alp,,1.0,0.6120928826938039,0.6073988246981444,0.5705484896661368,0.20943304390414236,omitted_sparse_joint_cells,0.0,"{""intercept"": 0.6889810544482499, ""clinical signs_hyporexia"": 0.7883288523247984, ""chem_elevated alp"": -0.5380727623966229}"
chem_hypoproteinemia | chem_hyperproteinemia,chem_hypoproteinemia,chem_hyperproteinemia,,1.0,0.6121062660035523,0.6079258379637585,0.5468998410174881,0.21034296391716703,omitted_sparse_joint_cells,0.0,"{""intercept"": 0.7255459695294573, ""chem_hypoproteinemia"": -0.018489832161533572, ""chem_hyperproteinemia"": 1.0307689315006823}"
cobalamin_low | chem_discordantly elevated bun,cobalamin_low,chem_discordantly elevated bun,,1.0,0.612120875455775,0.6071723557878975,0.5771065182829889,0.20852102968759245,omitted_sparse_joint_cells,0.0,"{""intercept"": 0.6648482801040863, ""cobalamin_low"": 0.4434194511765296, ""chem_discordantly elevated bun"": -0.8902019912526384}"
CBC_neutrophilia | chem_decreased alt,CBC_neutrophilia,chem_decreased alt,,1.0,0.6121510662032073,0.6065275339377456,0.5441176470588235,0.20795395304940326,omitted_sparse_joint_cells,1.0,"{""intercept"": 0.8104946236029636, ""CBC_neutrophilia"": -0.8103026843319551, ""chem_decreased alt"": -0.8103026843319551}"
clinical signs_none | chem_hyperproteinemia,clinical signs_none,chem_hyperproteinemia,,1.0,0.6121680771486275,0.6079114687617975,0.5476947535771065,0.21033980349403755,omitted_sparse_joint_cells,1.0,"{""intercept"": 0.722026636767063, ""clinical signs_none"": 0.04653450189462053, ""chem_hyperproteinemia"": 1.0294463343912867}"
procedure_clean | CBC_neutrophilia,procedure_clean,CBC_neutrophilia,,1.0,0.6121918002952587,0.6036291533769821,0.5874403815580287,0.20685477500757934,omitted_non_binary_or_categorical_pair,,"{""intercept"": 0.6401770610440477, ""procedure_clean=other"": -0.31263346755950505, ""procedure_clean=upper"": 0.31211696251750126, ""CBC_neutrophilia"": -0.8821980734425033}"
procedure_clean | chem_decreased alt,procedure_clean,chem_decreased alt,,1.0,0.6121918002952587,0.6036291533769821,0.5874403815580287,0.20685477500757934,omitted_non_binary_or_categorical_pair,,"{""intercept"": 0.6401770610440474, ""procedure_clean=other"": -0.31263346755950483, ""procedure_clean=upper"": 0.3121169625175016, ""chem_decreased alt"": -0.8821980734425032}"
folate_high | chem_hyperproteinemia,folate_high,chem_hyperproteinemia,,1.0,0.6123772008382227,0.6040557478081607,0.5894276629570747,0.20862232529319197,omitted_sparse_joint_cells,1.0,"{""intercept"": 0.6275422134227863, ""folate_high"": 0.34531536065400015, ""chem_hyperproteinemia"": 1.0564161592691248}"
tli_high | AUS_splenomegaly,tli_high,AUS_splenomegaly,,0.3,0.6124271548609928,0.5995672631580887,0.6255961844197139,0.20602253914639782,omitted_sparse_joint_cells,4.0,"{""intercept"": 0.6804218130878686, ""tli_high"": 0.6163096819446283, ""AUS_splenomegaly"": -0.3420377980975903}"
tli_high | AUS_ileus,tli_high,AUS_ileus,,0.3,0.6124391181223132,0.6009510702715998,0.6192368839427662,0.20657787400411418,omitted_sparse_joint_cells,0.0,"{""intercept"": 0.6661450992113711, ""tli_high"": 0.5928841494834817, ""AUS_ileus"": -0.32645388548622484}"
tli_high | chem_hypokalemia,tli_high,chem_hypokalemia,,0.3,0.6124611979309955,0.6042695203704105,0.6029411764705883,0.20814613082687364,omitted_sparse_joint_cells,2.0,"{""intercept"": 0.6430710438608531, ""tli_high"": 0.6147624624671335, ""chem_hypokalemia"": -0.09406677431578178}"
tli_high | CBC_neutropenia,tli_high,CBC_neutropenia,,0.3,0.6124894198788408,0.6045810792266543,0.5991653418124006,0.2082704999312296,omitted_sparse_joint_cells,1.0,"{""intercept"": 0.6372316285526187, ""tli_high"": 0.6080052317718068, ""CBC_neutropenia"": 0.06227865845624858}"
procedure_clean | CBC_eosinophilia,procedure_clean,CBC_eosinophilia,,1.0,0.6125209859233559,0.6059701819721497,0.607114467408585,0.20830447797552087,omitted_non_binary_or_categorical_pair,,"{""intercept"": 0.6729342299032073, ""procedure_clean=other"": -0.30379320062701387, ""procedure_clean=upper"": 0.30156524830903503, ""CBC_eosinophilia"": -0.636108835200242}"
clinical signs_hyporexia | CBC_no abnormalities,clinical signs_hyporexia,CBC_no abnormalities,,1.0,0.6125322388970281,0.6096314759310744,0.5826709062003179,0.21039853097765987,omitted_sparse_joint_cells,4.0,"{""intercept"": 0.5703199370572907, ""clinical signs_hyporexia"": 0.7925362880838909, ""CBC_no abnormalities"": 0.15529490754156725}"
tli_high | CBC_monocytosis,tli_high,CBC_monocytosis,,0.3,0.6125616491336652,0.6025452225155412,0.5939984101748808,0.20766120863827003,included_binary_binary,5.0,"{""intercept"": 0.6290536388415606, ""tli_high"": 0.5809651793141124, ""CBC_monocytosis"": 0.06466291462231095, ""interaction__tli_high__x__CBC_monocytosis"": 0.2649612206664761}"
folate_high | AUS_enlarged pancreas,folate_high,AUS_enlarged pancreas,,1.0,0.6127304177599223,0.5917587150147343,0.6426868044515104,0.2033541895479012,included_binary_binary,11.0,"{""intercept"": 0.5064144940697101, ""folate_high"": 0.34536997062559766, ""AUS_enlarged pancreas"": 1.0807033270037218, ""interaction__folate_high__x__AUS_enlarged pancreas"": -0.6366455184692591}"
AUS_enlarged pancreas | chem_azotemia,AUS_enlarged pancreas,chem_azotemia,,0.3,0.6128073900339434,0.6047343685314677,0.5906200317965024,0.20834217426938662,omitted_sparse_joint_cells,3.0,"{""intercept"": 0.6440058685989238, ""AUS_enlarged pancreas"": 0.605709743805067, ""chem_azotemia"": -0.023878765812522587}"
CBC_neutropenia | chem_hyperproteinemia,CBC_neutropenia,chem_hyperproteinemia,,1.0,0.6128229105247183,0.6078927724272769,0.547496025437202,0.21033577875973603,omitted_sparse_joint_cells,1.0,"{""intercept"": 0.7223357907504596, ""CBC_neutropenia"": 0.07281858072804202, ""chem_hyperproteinemia"": 1.027744347492071}"
clinical signs_weight loss | CBC_eosinophilia,clinical signs_weight loss,CBC_eosinophilia,,1.0,0.612867699819774,0.6094725723355515,0.6120826709062004,0.21001878517893324,omitted_sparse_joint_cells,2.0,"{""intercept"": 0.6396145017042043, ""clinical signs_weight loss"": 0.3675646524809647, ""CBC_eosinophilia"": -0.7548072024884914}"
clinical signs_hyporexia | clinical signs_hairball obstruction,clinical signs_hyporexia,clinical signs_hairball obstruction,,1.0,0.6128691557338095,0.6061452957705541,0.5763116057233705,0.20884323569552465,omitted_sparse_joint_cells,0.0,"{""intercept"": 0.7026360497129506, ""clinical signs_hyporexia"": 0.7794110085769935, ""clinical signs_hairball obstruction"": -0.5879127102534554}"
clinical signs_hyporexia | AUS_no abnormalities,clinical signs_hyporexia,AUS_no abnormalities,,1.0,0.6128713450910076,0.6102366059886092,0.5594197138314785,0.21080500276433767,omitted_sparse_joint_cells,1.0,"{""intercept"": 0.6795385060520752, ""clinical signs_hyporexia"": 0.7898248815784463, ""AUS_no abnormalities"": 0.10871875296151044}"
folate_high | tli_high,folate_high,tli_high,,0.3,0.6129292955210953,0.600481468671996,0.5961844197138315,0.20699510837396765,included_binary_binary,13.0,"{""intercept"": 0.603746875512005, ""folate_high"": 0.08175304024235158, ""tli_high"": 0.5104109063654853, ""interaction__folate_high__x__tli_high"": 0.37265757254304704}"
cobalamin_low | CBC_basophilia,cobalamin_low,CBC_basophilia,,1.0,0.6129593597449624,0.6090317702546392,0.584658187599364,0.20962085968983338,omitted_sparse_joint_cells,2.0,"{""intercept"": 0.6720883813305846, ""cobalamin_low"": 0.4772303252405526, ""CBC_basophilia"": -0.6997000187566974}"
CBC_neutrophilia | CBC_basophilia,CBC_neutrophilia,CBC_basophilia,,1.0,0.6129969285432508,0.608662507628034,0.5461049284578696,0.20898532666706765,omitted_sparse_joint_cells,1.0,"{""intercept"": 0.8248997188630832, ""CBC_neutrophilia"": -0.8468199805568848, ""CBC_basophilia"": -0.587782847846276}"
CBC_eosinophilia | chem_decreased alt,CBC_eosinophilia,chem_decreased alt,,1.0,0.6130372098585035,0.6090366431600694,0.5397456279809221,0.20911366520247426,omitted_sparse_joint_cells,0.0,"{""intercept"": 0.83469187284137, ""CBC_eosinophilia"": -0.576109330166761, ""chem_decreased alt"": -0.7571142720907514}"
breed_group | AUS_enlarged pancreas,breed_group,AUS_enlarged pancreas,,0.3,0.6133136517483905,0.5945441217192747,0.6371224165341812,0.20404431217628183,omitted_non_binary_or_categorical_pair,,"{""intercept"": 0.48358735742047054, ""breed_group=DLH"": 0.07465939073051071, ""breed_group=DMH"": -0.33712807711054565, ""breed_group=DSH"": 0.2721174957043016, ""breed_group=other"": -0.00990572187012853, ""AUS_enlarged pancreas"": 0.6272837988344779}"
clinical signs_none | clinical signs_hyporexia,clinical signs_none,clinical signs_hyporexia,,1.0,0.6133826289563787,0.6099863564710377,0.5659777424483307,0.210672549261002,omitted_sparse_joint_cells,0.0,"{""intercept"": 0.67300710446133, ""clinical signs_none"": 0.14432149303282144, ""clinical signs_hyporexia"": 0.7997434141637284}"
clinical signs_weight loss | chem_decreased alt,clinical signs_weight loss,chem_decreased alt,,1.0,0.6134462567190491,0.6075770981195695,0.5906200317965024,0.20875589269147476,omitted_sparse_joint_cells,0.0,"{""intercept"": 0.6076534882452406, ""clinical signs_weight loss"": 0.36511044589925207, ""chem_decreased alt"": -0.9933799236508417}"
clinical signs_weight loss | CBC_neutrophilia,clinical signs_weight loss,CBC_neutrophilia,,1.0,0.6134462567190491,0.6075770981195694,0.5906200317965024,0.20875589269147476,omitted_sparse_joint_cells,0.0,"{""intercept"": 0.6076534882452408, ""clinical signs_weight loss"": 0.36511044589925185, ""CBC_neutrophilia"": -0.9933799236508417}"
clinical signs_hyporexia | chem_elevated alt,clinical signs_hyporexia,chem_elevated alt,,1.0,0.613578553568402,0.6085517588603104,0.5727344992050875,0.21011633065005955,omitted_sparse_joint_cells,1.0,"{""intercept"": 0.6571275479638681, ""clinical signs_hyporexia"": 0.7971825785040824, ""chem_elevated alt"": 0.32474692247700376}"
folate_low | tli_high,folate_low,tli_high,,0.3,0.6135843861807233,0.6040042453924337,0.6051271860095389,0.20802558431896273,omitted_sparse_joint_cells,1.0,"{""intercept"": 0.6330342312099143, ""folate_low"": 0.13899263113130497, ""tli_high"": 0.6092860963499482}"
clinical signs_hyporexia | chem_hypoproteinemia,clinical signs_hyporexia,chem_hypoproteinemia,,1.0,0.6136799126880644,0.6103100542517512,0.5631955484896661,0.21080552867662844,omitted_sparse_joint_cells,1.0,"{""intercept"": 0.6865271826636061, ""clinical signs_hyporexia"": 0.7927708992277325, ""chem_hypoproteinemia"": -0.06166058944052462}"
procedure_clean | CBC_basophilia,procedure_clean,CBC_basophilia,,1.0,0.6136839496519194,0.6069920666189323,0.5870429252782194,0.2086092253211643,omitted_non_binary_or_categorical_pair,,"{""intercept"": 0.6539837892178342, ""procedure_clean=other"": -0.31167977673558855, ""procedure_clean=upper"": 0.3110941974154568, ""CBC_basophilia"": -0.6192302672939055}"
clinical signs_hyporexia | AUS_chronic degenerative renal changes,clinical signs_hyporexia,AUS_chronic degenerative renal changes,,1.0,0.6137364083327235,0.6103521676890721,0.5465023847376789,0.21087880164209288,omitted_sparse_joint_cells,1.0,"{""intercept"": 0.6876304029722984, ""clinical signs_hyporexia"": 0.7909919066717772, ""AUS_chronic degenerative renal changes"": -0.037146233765809535}"
procedure_clean | chem_hyperglycemia,procedure_clean,chem_hyperglycemia,,1.0,0.6137841845274556,0.6055873073375757,0.5727344992050875,0.20763791494532147,omitted_non_binary_or_categorical_pair,,"{""intercept"": 0.6473469697133934, ""procedure_clean=other"": -0.2949032974516496, ""procedure_clean=upper"": 0.2940101156134246, ""chem_hyperglycemia"": -0.7882693841700754}"
clinical signs_hyporexia | CBC_lymphopenia,clinical signs_hyporexia,CBC_lymphopenia,,1.0,0.613786833204028,0.6103100542517512,0.5631955484896661,0.21080552867662844,omitted_sparse_joint_cells,1.0,"{""intercept"": 0.6865271826636062, ""clinical signs_hyporexia"": 0.7927708992277326, ""CBC_lymphopenia"": -0.06166058944052458}"
clinical signs_diarrhea | chem_hyperproteinemia,clinical signs_diarrhea,chem_hyperproteinemia,,1.0,0.6137880122475371,0.6043387515364236,0.5852543720190779,0.20879868673969948,omitted_sparse_joint_cells,1.0,"{""intercept"": 0.8387377735801614, ""clinical signs_diarrhea"": -0.3420885794830966, ""chem_hyperproteinemia"": 1.0041704769994928}"
clinical signs_hyporexia | AUS_ileus,clinical signs_hyporexia,AUS_ileus,,1.0,0.6138783724519513,0.6018936698114421,0.5782988871224165,0.20747765333805895,omitted_sparse_joint_cells,1.0,"{""intercept"": 0.7337024847766876, ""clinical signs_hyporexia"": 0.7977364522600819, ""AUS_ileus"": -0.7172464754152574}"
cobalamin_low | procedure_clean,cobalamin_low,procedure_clean,,1.0,0.6139618319597328,0.6069775881348908,0.5993640699523052,0.2087424734824038,omitted_non_binary_or_categorical_pair,,"{""intercept"": 0.4992118222882701, ""cobalamin_low"": 0.42621388774282515, ""procedure_clean=other"": -0.30707865656009453, ""procedure_clean=upper"": 0.3066190547957474}"
clinical signs_hyporexia | clinical signs_weight loss,clinical signs_hyporexia,clinical signs_weight loss,,1.0,0.6140630867621831,0.6056609773348446,0.6053259141494436,0.2086583371643444,included_binary_binary,7.0,"{""intercept"": 0.49306433139445444, ""clinical signs_hyporexia"": 0.7972687042579102, ""clinical signs_weight loss"": 0.35594317985945567, ""interaction__clinical signs_hyporexia__x__clinical signs_weight loss"": 0.06814574312748124}"
tli_high | AUS_chronic degenerative renal changes,tli_high,AUS_chronic degenerative renal changes,,0.3,0.6141369561556977,0.6026148162268892,0.5937996820349761,0.2076065975271875,included_binary_binary,5.0,"{""intercept"": 0.6486758623860456, ""tli_high"": 0.6321505365278238, ""AUS_chronic degenerative renal changes"": -0.05551064003320112, ""interaction__tli_high__x__AUS_chronic degenerative renal changes"": -0.2030217789628984}"
CBC_basophilia | chem_decreased alt,CBC_basophilia,chem_decreased alt,,1.0,0.6142900784239975,0.6106205475452823,0.5313990461049285,0.20983386256054556,omitted_sparse_joint_cells,0.0,"{""intercept"": 0.8194598553186725, ""CBC_basophilia"": -0.506260144852049, ""chem_decreased alt"": -0.77394161194038}"
clinical signs_weight loss | chem_discordantly elevated bun,clinical signs_weight loss,chem_discordantly elevated bun,,1.0,0.6143486143634693,0.6089730830537606,0.5759141494435612,0.20928075140076802,omitted_sparse_joint_cells,1.0,"{""intercept"": 0.6243893548922262, ""clinical signs_weight loss"": 0.33031263042228615, ""chem_discordantly elevated bun"": -0.9324372735871576}"
tli_high | clinical signs_vomiting,tli_high,clinical signs_vomiting,,0.3,0.6143843464548248,0.5976252037584396,0.6385135135135135,0.2053073654893191,included_binary_binary,11.0,"{""intercept"": 0.802340062057959, ""tli_high"": 0.48723146317287924, ""clinical signs_vomiting"": -0.29372478840639515, ""interaction__tli_high__x__clinical signs_vomiting"": 0.37370787339932354}"
AUS_ileum | AUS_enlarged pancreas,AUS_ileum,AUS_enlarged pancreas,,0.3,0.6144320361366031,0.6044585534975483,0.5973767885532592,0.20823240276559715,included_binary_binary,7.0,"{""intercept"": 0.636195011211375, ""AUS_ileum"": 0.0011497422195894565, ""AUS_enlarged pancreas"": 0.5897730872931141, ""interaction__AUS_ileum__x__AUS_enlarged pancreas"": 0.12896379476543146}"
CBC_eosinophilia | CBC_lymphocytosis,CBC_eosinophilia,CBC_lymphocytosis,,1.0,0.6144486954286699,0.6125001484373754,0.550476947535771,0.21103897906733754,omitted_sparse_joint_cells,0.0,"{""intercept"": 0.8204211399217748, ""CBC_eosinophilia"": -0.7037315385492826, ""CBC_lymphocytosis"": 0.441653339270936}"
CBC_eosinophilia | chem_hypophosphatemia,CBC_eosinophilia,chem_hypophosphatemia,,1.0,0.6145246130306822,0.6125001484373754,0.550476947535771,0.21103897906733754,omitted_sparse_joint_cells,0.0,"{""intercept"": 0.8204211399217747, ""CBC_eosinophilia"": -0.7037315385492825, ""chem_hypophosphatemia"": 0.44165333927093614}"
CBC_eosinophilia | chem_elevated total bilirubin,CBC_eosinophilia,chem_elevated total bilirubin,,1.0,0.6145246130306822,0.6125001484373754,0.550476947535771,0.21103897906733754,omitted_sparse_joint_cells,0.0,"{""intercept"": 0.8204211399217748, ""CBC_eosinophilia"": -0.7037315385492825, ""chem_elevated total bilirubin"": 0.44165333927093603}"
clinical signs_hyporexia | CBC_anemia,clinical signs_hyporexia,CBC_anemia,,1.0,0.6145579390957273,0.6102518122362404,0.56379173290938,0.2107731343536177,omitted_sparse_joint_cells,1.0,"{""intercept"": 0.6853035025989466, ""clinical signs_hyporexia"": 0.7951668620583585, ""CBC_anemia"": -0.09013445540443005}"
clinical signs_hyporexia | CBC_neutropenia,clinical signs_hyporexia,CBC_neutropenia,,1.0,0.6147051477350004,0.6102366059886092,0.5594197138314785,0.21080500276433764,omitted_sparse_joint_cells,1.0,"{""intercept"": 0.6795385060520752, ""clinical signs_hyporexia"": 0.7898248815784464, ""CBC_neutropenia"": 0.10871875296151025}"
cobalamin_low | clinical signs_weight loss,cobalamin_low,clinical signs_weight loss,,1.0,0.6147251574117628,0.6064884546712742,0.6104928457869634,0.2086948513352213,included_binary_binary,10.0,"{""intercept"": 0.4794170997814799, ""cobalamin_low"": 0.7212859259982856, ""clinical signs_weight loss"": 0.3980426414381428, ""interaction__cobalamin_low__x__clinical signs_weight loss"": -0.59008092240721}"
chem_hyperproteinemia | chem_hypokalemia,chem_hyperproteinemia,chem_hypokalemia,,1.0,0.6147297370003985,0.6077257734476076,0.5536565977742448,0.2102467172352447,omitted_sparse_joint_cells,1.0,"{""intercept"": 0.7295457255245621, ""chem_hyperproteinemia"": 1.0368701728180874, ""chem_hypokalemia"": -0.0966283849951382}"
CBC_eosinophilia | CBC_basophilia,CBC_eosinophilia,CBC_basophilia,,1.0,0.6148233039017221,0.6119445680396289,0.5470985691573927,0.21059533906947106,omitted_sparse_joint_cells,2.0,"{""intercept"": 0.8447554858961485, ""CBC_eosinophilia"": -0.5835809096195077, ""CBC_basophilia"": -0.49619798011831456}"
clinical signs_hyporexia | chem_no abnormalities,clinical signs_hyporexia,chem_no abnormalities,,0.3,0.6149603794317782,0.6094517303817197,0.5886327503974562,0.2103510052564286,included_binary_binary,5.0,"{""intercept"": 0.5867989112473915, ""clinical signs_hyporexia"": 0.3846135063653304, ""chem_no abnormalities"": 0.20860167081243391, ""interaction__clinical signs_hyporexia__x__chem_no abnormalities"": 0.2684336522385736}"
clinical signs_weight loss | chem_hyperglycemia,clinical signs_weight loss,chem_hyperglycemia,,1.0,0.6149943211357478,0.6101154170431323,0.56120826709062,0.2097028943172772,omitted_sparse_joint_cells,0.0,"{""intercept"": 0.6393646219609583, ""clinical signs_weight loss"": 0.2995016758432822, ""chem_hyperglycemia"": -0.882252112715197}"
clinical signs_hyporexia | AUS_duodenum,clinical signs_hyporexia,AUS_duodenum,,1.0,0.6150036532031257,0.6026248146883771,0.6146661367249603,0.20716805460609156,included_binary_binary,7.0,"{""intercept"": 0.3552026404269297, ""clinical signs_hyporexia"": 0.866887941921826, ""AUS_duodenum"": 0.4693581844409904, ""interaction__clinical signs_hyporexia__x__AUS_duodenum"": 0.04682838791757816}"
tli_high | AUS_colon,tli_high,AUS_colon,,0.3,0.615018722269645,0.6039866345797488,0.608704292527822,0.20800608732896506,omitted_sparse_joint_cells,1.0,"{""intercept"": 0.6255580649716359, ""tli_high"": 0.6136008480825149, ""AUS_colon"": 0.1237398097617444}"
AUS_gall bladder sludge | CBC_no abnormalities,AUS_gall bladder sludge,CBC_no abnormalities,,1.0,0.6151963418592198,0.6060319713619515,0.5675675675675675,0.20924517364315523,included_binary_binary,5.0,"{""intercept"": 0.6724588329914023, ""AUS_gall bladder sludge"": -0.13605051593471224, ""CBC_no abnormalities"": 0.04157449555797199, ""interaction__AUS_gall bladder sludge__x__CBC_no abnormalities"": 1.0198069365130622}"
CBC_lymphocytosis | chem_hyperglycemia,CBC_lymphocytosis,chem_hyperglycemia,,1.0,0.6152023403869368,0.6107234492916768,0.5421303656597773,0.21008444382799638,omitted_sparse_joint_cells,0.0,"{""intercept"": 0.7894618739712732, ""CBC_lymphocytosis"": 0.44468192029505554, ""chem_hyperglycemia"": -0.9319205010729829}"
CBC_lymphocytosis | chem_discordantly elevated bun,CBC_lymphocytosis,chem_discordantly elevated bun,,1.0,0.6152113970232324,0.6107234492916768,0.5421303656597773,0.21008444382799638,omitted_sparse_joint_cells,0.0,"{""intercept"": 0.7894618739712732, ""CBC_lymphocytosis"": 0.44468192029505577, ""chem_discordantly elevated bun"": -0.9319205010729827}"
tli_high | AUS_duodenum,tli_high,AUS_duodenum,,0.3,0.6152442445217858,0.6007821409135433,0.623410174880763,0.20674225822026937,included_binary_binary,6.0,"{""intercept"": 0.4854523005048343, ""tli_high"": 0.4826764507746627, ""AUS_duodenum"": 0.20315991248782753, ""interaction__tli_high__x__AUS_duodenum"": 0.28837475725000866}"
chem_hyperglycemia | chem_hypophosphatemia,chem_hyperglycemia,chem_hypophosphatemia,,1.0,0.6153226186035992,0.6107234492916768,0.5421303656597773,0.2100844438279964,omitted_sparse_joint_cells,0.0,"{""intercept"": 0.7894618739712733, ""chem_hyperglycemia"": -0.9319205010729829, ""chem_hypophosphatemia"": 0.44468192029505554}"
chem_elevated total bilirubin | chem_hyperglycemia,chem_elevated total bilirubin,chem_hyperglycemia,,1.0,0.6153226186035992,0.6107234492916769,0.5421303656597773,0.21008444382799643,omitted_sparse_joint_cells,0.0,"{""intercept"": 0.7894618739712734, ""chem_elevated total bilirubin"": 0.4446819202950559, ""chem_hyperglycemia"": -0.9319205010729829}"
chem_discordantly elevated bun | chem_hypophosphatemia,chem_discordantly elevated bun,chem_hypophosphatemia,,1.0,0.6153881535783141,0.6107234492916768,0.5421303656597773,0.2100844438279964,omitted_sparse_joint_cells,0.0,"{""intercept"": 0.7894618739712732, ""chem_discordantly elevated bun"": -0.9319205010729827, ""chem_hypophosphatemia"": 0.4446819202950555}"
chem_elevated total bilirubin | chem_discordantly elevated bun,chem_elevated total bilirubin,chem_discordantly elevated bun,,1.0,0.6153881535783141,0.6107234492916768,0.5421303656597773,0.2100844438279964,omitted_sparse_joint_cells,0.0,"{""intercept"": 0.7894618739712732, ""chem_elevated total bilirubin"": 0.4446819202950557, ""chem_discordantly elevated bun"": -0.9319205010729827}"
CBC_lymphocytosis | chem_decreased alt,CBC_lymphocytosis,chem_decreased alt,,1.0,0.6153987282332769,0.6107234492916769,0.5421303656597773,0.21008444382799643,omitted_sparse_joint_cells,0.0,"{""intercept"": 0.7894618739712734, ""CBC_lymphocytosis"": 0.44468192029505554, ""chem_decreased alt"": -0.9319205010729829}"
CBC_neutrophilia | CBC_lymphocytosis,CBC_neutrophilia,CBC_lymphocytosis,,1.0,0.6153987282332769,0.6107234492916768,0.5421303656597773,0.2100844438279964,omitted_sparse_joint_cells,0.0,"{""intercept"": 0.7894618739712733, ""CBC_neutrophilia"": -0.9319205010729827, ""CBC_lymphocytosis"": 0.4446819202950556}"
CBC_neutrophilia | chem_hypophosphatemia,CBC_neutrophilia,chem_hypophosphatemia,,1.0,0.6154613990589519,0.6107234492916769,0.5421303656597773,0.2100844438279965,omitted_sparse_joint_cells,0.0,"{""intercept"": 0.7894618739712734, ""CBC_neutrophilia"": -0.9319205010729829, ""chem_hypophosphatemia"": 0.4446819202950555}"
CBC_neutrophilia | chem_elevated total bilirubin,CBC_neutrophilia,chem_elevated total bilirubin,,1.0,0.6154613990589519,0.6107234492916768,0.5421303656597773,0.2100844438279964,omitted_sparse_joint_cells,0.0,"{""intercept"": 0.7894618739712733, ""CBC_neutrophilia"": -0.9319205010729829, ""chem_elevated total bilirubin"": 0.4446819202950559}"
chem_decreased alt | chem_hypophosphatemia,chem_decreased alt,chem_hypophosphatemia,,1.0,0.6154613990589519,0.6107234492916768,0.5421303656597773,0.2100844438279964,omitted_sparse_joint_cells,0.0,"{""intercept"": 0.7894618739712733, ""chem_decreased alt"": -0.9319205010729829, ""chem_hypophosphatemia"": 0.44468192029505554}"
chem_decreased alt | chem_elevated total bilirubin,chem_decreased alt,chem_elevated total bilirubin,,1.0,0.6154613990589519,0.6107234492916769,0.5421303656597773,0.21008444382799643,omitted_sparse_joint_cells,0.0,"{""intercept"": 0.7894618739712734, ""chem_decreased alt"": -0.9319205010729829, ""chem_elevated total bilirubin"": 0.44468192029505554}"
folate_high | clinical signs_hyporexia,folate_high,clinical signs_hyporexia,,1.0,0.6156196086286789,0.6071566623867164,0.5838632750397456,0.20964709585883454,omitted_sparse_joint_cells,4.0,"{""intercept"": 0.5930890136427004, ""folate_high"": 0.3236365859004828, ""clinical signs_hyporexia"": 0.7991739480848317}"
CBC_eosinophilia | CBC_eosinopenia,CBC_eosinophilia,CBC_eosinopenia,,1.0,0.6157464054118175,0.6112517223993633,0.5526629570747217,0.21031291120691675,omitted_sparse_joint_cells,0.0,"{""intercept"": 0.834332924249279, ""CBC_eosinophilia"": -0.7125623193971535, ""CBC_eosinopenia"": -0.5674977321846166}"
CBC_eosinophilia | chem_elevated alp,CBC_eosinophilia,chem_elevated alp,,1.0,0.6157464054118175,0.6112517223993633,0.5526629570747217,0.21031291120691675,omitted_sparse_joint_cells,0.0,"{""intercept"": 0.8343329242492787, ""CBC_eosinophilia"": -0.7125623193971535, ""chem_elevated alp"": -0.5674977321846167}"
CBC_eosinophilia | chem_elevated ast,CBC_eosinophilia,chem_elevated ast,,1.0,0.6157539709087457,0.6137328730266215,0.5467011128775835,0.21147027659719675,omitted_sparse_joint_cells,0.0,"{""intercept"": 0.8339799461244564, ""CBC_eosinophilia"": -0.7124659926736793, ""chem_elevated ast"": -0.2734918447093772}"
clinical signs_constipation | CBC_eosinophilia,clinical signs_constipation,CBC_eosinophilia,,1.0,0.6157873634837646,0.6139516130329029,0.5445151033386327,0.21159094082689883,omitted_sparse_joint_cells,0.0,"{""intercept"": 0.8260490201829572, ""clinical signs_constipation"": 0.2538577917779145, ""CBC_eosinophilia"": -0.7080608007263884}"
CBC_eosinophilia | CBC_basocytosis,CBC_eosinophilia,CBC_basocytosis,,1.0,0.6157873634837646,0.6139516130329029,0.5445151033386327,0.21159094082689875,omitted_sparse_joint_cells,0.0,"{""intercept"": 0.8260490201829573, ""CBC_eosinophilia"": -0.7080608007263888, ""CBC_basocytosis"": 0.2538577917779134}"
CBC_eosinophilia | chem_hypercalcemia,CBC_eosinophilia,chem_hypercalcemia,,1.0,0.6157873634837646,0.6139516130329029,0.5445151033386327,0.21159094082689883,omitted_sparse_joint_cells,0.0,"{""intercept"": 0.8260490201829572, ""CBC_eosinophilia"": -0.7080608007263884, ""chem_hypercalcemia"": 0.2538577917779145}"
CBC_eosinophilia | chem_hypercholesterolemia,CBC_eosinophilia,chem_hypercholesterolemia,,1.0,0.6157905993519821,0.613951613032903,0.5445151033386327,0.2115909408268988,omitted_sparse_joint_cells,0.0,"{""intercept"": 0.8260490201829574, ""CBC_eosinophilia"": -0.7080608007263891, ""chem_hypercholesterolemia"": 0.25385779177791357}"
clinical signs_hairball obstruction | CBC_eosinophilia,clinical signs_hairball obstruction,CBC_eosinophilia,,1.0,0.6158003855185934,0.6092603668473094,0.5608108108108107,0.20939810781196794,omitted_sparse_joint_cells,0.0,"{""intercept"": 0.848852139326612, ""clinical signs_hairball obstruction"": -0.6494712531993162, ""CBC_eosinophilia"": -0.7216612280388882}"
cobalamin_low | CBC_lymphocytosis,cobalamin_low,CBC_lymphocytosis,,1.0,0.6159190972309784,0.613445662244834,0.5747217806041336,0.21174966797770137,omitted_sparse_joint_cells,0.0,"{""intercept"": 0.6291372707799525, ""cobalamin_low"": 0.47501586338317114, ""CBC_lymphocytosis"": 0.4915589593759534}"
AUS_gall bladder sludge | CBC_eosinophilia,AUS_gall bladder sludge,CBC_eosinophilia,,1.0,0.6159298024614738,0.6127603731976508,0.5596184419713832,0.21109583589607692,omitted_sparse_joint_cells,0.0,"{""intercept"": 0.7813988581702097, ""AUS_gall bladder sludge"": 0.30121176417385226, ""CBC_eosinophilia"": -0.6791324246674398}"
CBC_monocytosis | chem_hyperproteinemia,CBC_monocytosis,chem_hyperproteinemia,,1.0,0.6159501454677614,0.6074512708770831,0.5546502384737679,0.21016867439884962,omitted_sparse_joint_cells,2.0,"{""intercept"": 0.7067846489884744, ""CBC_monocytosis"": 0.17966454417574027, ""chem_hyperproteinemia"": 1.016985372829778}"
AUS_mesenteric lymphadenopathy | CBC_eosinophilia,AUS_mesenteric lymphadenopathy,CBC_eosinophilia,,1.0,0.6160137906917175,0.6085995121944223,0.5977742448330684,0.20943108431772298,omitted_sparse_joint_cells,2.0,"{""intercept"": 0.648356449651752, ""AUS_mesenteric lymphadenopathy"": 0.3963405879757073, ""CBC_eosinophilia"": -0.7734889055447408}"
clinical signs_diarrhea | clinical signs_weight loss,clinical signs_diarrhea,clinical signs_weight loss,,1.0,0.61610711425364,0.598430409527573,0.5985691573926868,0.20444907011984714,included_binary_binary,15.0,"{""intercept"": 0.832481777301729, ""clinical signs_diarrhea"": -0.7789858692719298, ""clinical signs_weight loss"": 0.08057022818991715, ""interaction__clinical signs_diarrhea__x__clinical signs_weight loss"": 0.916964463362946}"
clinical signs_hyporexia | chem_hypokalemia,clinical signs_hyporexia,chem_hypokalemia,,1.0,0.6161460115223348,0.6103683548778298,0.5596184419713832,0.21084283242693727,omitted_sparse_joint_cells,0.0,"{""intercept"": 0.6827442211512689, ""clinical signs_hyporexia"": 0.7924471215793807, ""chem_hypokalemia"": 0.005957059749387691}"
cobalamin_low | AUS_gall bladder sludge,cobalamin_low,AUS_gall bladder sludge,,1.0,0.6161462680156238,0.6123808439918002,0.5842607313195548,0.21110206842120965,omitted_sparse_joint_cells,3.0,"{""intercept"": 0.5707013038826693, ""cobalamin_low"": 0.49678779070810525, ""AUS_gall bladder sludge"": 0.40178495513728657}"
cobalamin_low | chem_elevated total bilirubin,cobalamin_low,chem_elevated total bilirubin,,1.0,0.6162127518451307,0.6134456622448339,0.5747217806041336,0.21174966797770137,omitted_sparse_joint_cells,0.0,"{""intercept"": 0.6291372707799526, ""cobalamin_low"": 0.47501586338317114, ""chem_elevated total bilirubin"": 0.4915589593759534}"
AUS_splenomegaly | chem_hyperproteinemia,AUS_splenomegaly,chem_hyperproteinemia,,1.0,0.6162229298692161,0.603138747614672,0.5798887122416534,0.2082015254638564,omitted_sparse_joint_cells,0.0,"{""intercept"": 0.789492476586384, ""AUS_splenomegaly"": -0.4842553757614186, ""chem_hyperproteinemia"": 1.0018058428904622}"
procedure_clean | CBC_lymphocytosis,procedure_clean,CBC_lymphocytosis,,1.0,0.6162249995912438,0.6096083279623704,0.5739268680445151,0.20981613270980526,omitted_non_binary_or_categorical_pair,,"{""intercept"": 0.6052579951254534, ""procedure_clean=other"": -0.32897036642810146, ""procedure_clean=upper"": 0.32819068420392145, ""CBC_lymphocytosis"": 0.5054088637806843}"
procedure_clean | chem_no abnormalities,procedure_clean,chem_no abnormalities,,0.3,0.616225291394256,0.6087840574354814,0.5914149443561209,0.2093284888371345,omitted_non_binary_or_categorical_pair,,"{""intercept"": 0.48146825338233185, ""procedure_clean=other"": -0.27425873704135495, ""procedure_clean=upper"": 0.2734228843574444, ""chem_no abnormalities"": 0.27156281321448006}"
AUS_gall bladder sludge | CBC_neutrophilia,AUS_gall bladder sludge,CBC_neutrophilia,,1.0,0.6162294940768345,0.610651014384952,0.5532591414944357,0.20999939234984216,omitted_sparse_joint_cells,0.0,"{""intercept"": 0.74818408588638, ""AUS_gall bladder sludge"": 0.3262341410398714, ""CBC_neutrophilia"": -0.9157671794467263}"
AUS_gall bladder sludge | chem_decreased alt,AUS_gall bladder sludge,chem_decreased alt,,1.0,0.6162294940768345,0.610651014384952,0.5532591414944357,0.20999939234984216,omitted_sparse_joint_cells,0.0,"{""intercept"": 0.7481840858863797, ""AUS_gall bladder sludge"": 0.32623414103987153, ""chem_decreased alt"": -0.9157671794467263}"
tli_high | chem_azotemia,tli_high,chem_azotemia,,1.0,0.6162527247656009,0.5923640682544025,0.6001589825119237,0.20442747399422648,included_binary_binary,9.0,"{""intercept"": 0.6058243161723396, ""tli_high"": 1.125175594861027, ""chem_azotemia"": -0.13392492998476377, ""interaction__tli_high__x__chem_azotemia"": -0.591766099796679}"
AUS_gall bladder sludge | chem_hyperglycemia,AUS_gall bladder sludge,chem_hyperglycemia,,1.0,0.6163130474762977,0.610651014384952,0.5532591414944357,0.20999939234984216,omitted_sparse_joint_cells,0.0,"{""intercept"": 0.74818408588638, ""AUS_gall bladder sludge"": 0.32623414103987136, ""chem_hyperglycemia"": -0.9157671794467263}"
AUS_no abnormalities | CBC_eosinophilia,AUS_no abnormalities,CBC_eosinophilia,,1.0,0.6163230345851434,0.6144308698301125,0.5423290937996821,0.21178106101419203,omitted_sparse_joint_cells,0.0,"{""intercept"": 0.8236543680738933, ""AUS_no abnormalities"": 0.11784677582280975, ""CBC_eosinophilia"": -0.706636407272653}"
AUS_gall bladder sludge | chem_discordantly elevated bun,AUS_gall bladder sludge,chem_discordantly elevated bun,,1.0,0.6163649087447599,0.610651014384952,0.5532591414944357,0.20999939234984216,omitted_sparse_joint_cells,0.0,"{""intercept"": 0.7481840858863799, ""AUS_gall bladder sludge"": 0.3262341410398714, ""chem_discordantly elevated bun"": -0.9157671794467263}"
chem_elevated alp | chem_hyperglycemia,chem_elevated alp,chem_hyperglycemia,,1.0,0.6165481103716429,0.6096489869257063,0.5441176470588236,0.20943708004829695,omitted_sparse_joint_cells,0.0,"{""intercept"": 0.802898223236753, ""chem_elevated alp"": -0.560131409800543, ""chem_hyperglycemia"": -0.93447043176409}"
CBC_eosinopenia | chem_hyperglycemia,CBC_eosinopenia,chem_hyperglycemia,,1.0,0.6165481103716429,0.6096489869257062,0.5441176470588236,0.20943708004829695,omitted_sparse_joint_cells,0.0,"{""intercept"": 0.802898223236753, ""CBC_eosinopenia"": -0.5601314098005428, ""chem_hyperglycemia"": -0.9344704317640903}"
clinical signs_constipation | chem_hyperglycemia,clinical signs_constipation,chem_hyperglycemia,,1.0,0.6165552973328614,0.6122404241663645,0.5357710651828299,0.21067338308840572,omitted_sparse_joint_cells,0.0,"{""intercept"": 0.794918358756635, ""clinical signs_constipation"": 0.2583778867586011, ""chem_hyperglycemia"": -0.9318011655568899}"
chem_hyperglycemia | chem_hypercalcemia,chem_hyperglycemia,chem_hypercalcemia,,1.0,0.6165552973328614,0.6122404241663645,0.5357710651828299,0.21067338308840572,omitted_sparse_joint_cells,0.0,"{""intercept"": 0.794918358756635, ""chem_hyperglycemia"": -0.9318011655568899, ""chem_hypercalcemia"": 0.2583778867586011}"
CBC_basocytosis | chem_hyperglycemia,CBC_basocytosis,chem_hyperglycemia,,1.0,0.6165624043295714,0.6122404241663645,0.5357710651828299,0.21067338308840572,omitted_sparse_joint_cells,0.0,"{""intercept"": 0.794918358756635, ""CBC_basocytosis"": 0.25837788675860124, ""chem_hyperglycemia"": -0.9318011655568901}"
chem_hyperglycemia | chem_hypercholesterolemia,chem_hyperglycemia,chem_hypercholesterolemia,,1.0,0.61656526900567,0.6122404241663645,0.5357710651828299,0.2106733830884057,omitted_sparse_joint_cells,0.0,"{""intercept"": 0.7949183587566345, ""chem_hyperglycemia"": -0.93180116555689, ""chem_hypercholesterolemia"": 0.2583778867586012}"
chem_elevated ast | chem_hyperglycemia,chem_elevated ast,chem_hyperglycemia,,1.0,0.616570100167037,0.6121158042297802,0.537758346581876,0.21059429990717576,omitted_sparse_joint_cells,0.0,"{""intercept"": 0.8019990795268653, ""chem_elevated ast"": -0.2613728537310556, ""chem_hyperglycemia"": -0.9347063496433263}"
chem_elevated alp | chem_discordantly elevated bun,chem_elevated alp,chem_discordantly elevated bun,,1.0,0.6166175734176264,0.6096489869257062,0.5441176470588236,0.2094370800482969,omitted_sparse_joint_cells,0.0,"{""intercept"": 0.8028982232367529, ""chem_elevated alp"": -0.5601314098005431, ""chem_discordantly elevated bun"": -0.9344704317640901}"
CBC_eosinopenia | chem_discordantly elevated bun,CBC_eosinopenia,chem_discordantly elevated bun,,1.0,0.6166175734176265,0.6096489869257062,0.5441176470588236,0.2094370800482969,omitted_sparse_joint_cells,0.0,"{""intercept"": 0.8028982232367529, ""CBC_eosinopenia"": -0.5601314098005434, ""chem_discordantly elevated bun"": -0.9344704317640901}"
chem_discordantly elevated bun | chem_hypercalcemia,chem_discordantly elevated bun,chem_hypercalcemia,,1.0,0.6166298344582033,0.6122404241663645,0.5357710651828299,0.2106733830884057,omitted_sparse_joint_cells,0.0,"{""intercept"": 0.7949183587566351, ""chem_discordantly elevated bun"": -0.9318011655568903, ""chem_hypercalcemia"": 0.25837788675860107}"
clinical signs_constipation | chem_discordantly elevated bun,clinical signs_constipation,chem_discordantly elevated bun,,1.0,0.6166298344582033,0.6122404241663645,0.5357710651828299,0.2106733830884057,omitted_sparse_joint_cells,0.0,"{""intercept"": 0.7949183587566351, ""clinical signs_constipation"": 0.25837788675860107, ""chem_discordantly elevated bun"": -0.9318011655568903}"
CBC_basocytosis | chem_discordantly elevated bun,CBC_basocytosis,chem_discordantly elevated bun,,1.0,0.6166298344582033,0.6122404241663646,0.5357710651828299,0.21067338308840572,omitted_sparse_joint_cells,0.0,"{""intercept"": 0.794918358756635, ""CBC_basocytosis"": 0.2583778867586014, ""chem_discordantly elevated bun"": -0.9318011655568901}"
chem_discordantly elevated bun | chem_hypercholesterolemia,chem_discordantly elevated bun,chem_hypercholesterolemia,,1.0,0.6166326991343017,0.6122404241663644,0.5357710651828299,0.2106733830884057,omitted_sparse_joint_cells,0.0,"{""intercept"": 0.7949183587566351, ""chem_discordantly elevated bun"": -0.9318011655568903, ""chem_hypercholesterolemia"": 0.258377886758601}"
procedure_clean | AUS_gall bladder sludge,procedure_clean,AUS_gall bladder sludge,,0.3,0.6166358241446682,0.6106294174121644,0.5900238473767886,0.21034331977702017,omitted_non_binary_or_categorical_pair,,"{""intercept"": 0.6073952287061282, ""procedure_clean=other"": -0.26650441730969415, ""procedure_clean=upper"": 0.2662859866523692, ""AUS_gall bladder sludge"": 0.2341672387704955}"
chem_elevated ast | chem_discordantly elevated bun,chem_elevated ast,chem_discordantly elevated bun,,1.0,0.616640717368788,0.6121158042297801,0.537758346581876,0.21059429990717574,omitted_sparse_joint_cells,0.0,"{""intercept"": 0.8019990795268652, ""chem_elevated ast"": -0.26137285373105545, ""chem_discordantly elevated bun"": -0.9347063496433263}"
cobalamin_low | chem_hypophosphatemia,cobalamin_low,chem_hypophosphatemia,,1.0,0.6166473874736619,0.6141327968386747,0.564785373608903,0.21209890939279277,omitted_sparse_joint_cells,1.0,"{""intercept"": 0.6348466724541555, ""cobalamin_low"": 0.459164231028135, ""chem_hypophosphatemia"": 0.4344755191878928}"
CBC_no abnormalities | chem_hyperglycemia,CBC_no abnormalities,chem_hyperglycemia,,1.0,0.6167277538025973,0.6118135581838035,0.5556438791732909,0.21049428892811936,omitted_sparse_joint_cells,0.0,"{""intercept"": 0.6689553286450929, ""CBC_no abnormalities"": 0.17730663731056295, ""chem_hyperglycemia"": -0.9487768094128415}"
CBC_eosinophilia | chem_no abnormalities,CBC_eosinophilia,chem_no abnormalities,,1.0,0.6167440578013668,0.610981907673234,0.575516693163752,0.21027559958037903,omitted_sparse_joint_cells,3.0,"{""intercept"": 0.6425735681513544, ""CBC_eosinophilia"": -0.7067554243890944, ""chem_no abnormalities"": 0.32054893836344095}"
CBC_basophilia | CBC_lymphocytosis,CBC_basophilia,CBC_lymphocytosis,,1.0,0.6167521294045434,0.6141533726751168,0.5429252782193958,0.21179842845615088,omitted_sparse_joint_cells,0.0,"{""intercept"": 0.8042721210264824, ""CBC_basophilia"": -0.6691448143655021, ""CBC_lymphocytosis"": 0.44578593400038125}"
CBC_basocytosis | chem_decreased alt,CBC_basocytosis,chem_decreased alt,,1.0,0.616808714609698,0.6122404241663645,0.5357710651828299,0.21067338308840566,omitted_sparse_joint_cells,0.0,"{""intercept"": 0.7949183587566342, ""CBC_basocytosis"": 0.2583778867586013, ""chem_decreased alt"": -0.9318011655568899}"
CBC_neutrophilia | CBC_basocytosis,CBC_neutrophilia,CBC_basocytosis,,1.0,0.616808714609698,0.6122404241663645,0.5357710651828299,0.21067338308840566,omitted_sparse_joint_cells,0.0,"{""intercept"": 0.7949183587566342, ""CBC_neutrophilia"": -0.9318011655568897, ""CBC_basocytosis"": 0.25837788675860124}"
clinical signs_constipation | chem_decreased alt,clinical signs_constipation,chem_decreased alt,,1.0,0.616815821606408,0.6122404241663645,0.5357710651828299,0.21067338308840572,omitted_sparse_joint_cells,0.0,"{""intercept"": 0.794918358756635, ""clinical signs_constipation"": 0.25837788675860135, ""chem_decreased alt"": -0.9318011655568901}"
clinical signs_constipation | CBC_neutrophilia,clinical signs_constipation,CBC_neutrophilia,,1.0,0.616815821606408,0.6122404241663645,0.5357710651828299,0.21067338308840566,omitted_sparse_joint_cells,0.0,"{""intercept"": 0.7949183587566344, ""clinical signs_constipation"": 0.25837788675860063, ""CBC_neutrophilia"": -0.93180116555689}"
CBC_neutrophilia | chem_hypercalcemia,CBC_neutrophilia,chem_hypercalcemia,,1.0,0.616815821606408,0.6122404241663645,0.5357710651828299,0.21067338308840566,omitted_sparse_joint_cells,0.0,"{""intercept"": 0.7949183587566344, ""CBC_neutrophilia"": -0.93180116555689, ""chem_hypercalcemia"": 0.25837788675860063}"
chem_decreased alt | chem_hypercalcemia,chem_decreased alt,chem_hypercalcemia,,1.0,0.616815821606408,0.6122404241663645,0.5357710651828299,0.21067338308840572,omitted_sparse_joint_cells,0.0,"{""intercept"": 0.794918358756635, ""chem_decreased alt"": -0.9318011655568901, ""chem_hypercalcemia"": 0.25837788675860135}"
CBC_basophilia | chem_hypophosphatemia,CBC_basophilia,chem_hypophosphatemia,,1.0,0.6168204588171362,0.6141533726751166,0.5429252782193958,0.21179842845615088,omitted_sparse_joint_cells,0.0,"{""intercept"": 0.8042721210264824, ""CBC_basophilia"": -0.669144814365502, ""chem_hypophosphatemia"": 0.44578593400038125}"
CBC_basophilia | chem_elevated total bilirubin,CBC_basophilia,chem_elevated total bilirubin,,1.0,0.6168204588171362,0.6141533726751166,0.5429252782193958,0.21179842845615088,omitted_sparse_joint_cells,0.0,"{""intercept"": 0.8042721210264825, ""CBC_basophilia"": -0.6691448143655021, ""chem_elevated total bilirubin"": 0.4457859340003811}"
chem_decreased alt | chem_elevated alp,chem_decreased alt,chem_elevated alp,,1.0,0.6168206523863697,0.6096489869257062,0.5441176470588236,0.20943708004829695,omitted_sparse_joint_cells,0.0,"{""intercept"": 0.8028982232367531, ""chem_decreased alt"": -0.9344704317640904, ""chem_elevated alp"": -0.5601314098005427}"
CBC_neutrophilia | CBC_eosinopenia,CBC_neutrophilia,CBC_eosinopenia,,1.0,0.6168206523863697,0.6096489869257062,0.5441176470588236,0.20943708004829695,omitted_sparse_joint_cells,0.0,"{""intercept"": 0.8028982232367531, ""CBC_neutrophilia"": -0.9344704317640904, ""CBC_eosinopenia"": -0.5601314098005427}"
CBC_neutrophilia | chem_elevated alp,CBC_neutrophilia,chem_elevated alp,,1.0,0.6168206523863697,0.6096489869257062,0.5441176470588236,0.20943708004829695,omitted_sparse_joint_cells,0.0,"{""intercept"": 0.802898223236753, ""CBC_neutrophilia"": -0.9344704317640904, ""chem_elevated alp"": -0.5601314098005428}"
CBC_eosinopenia | chem_decreased alt,CBC_eosinopenia,chem_decreased alt,,1.0,0.6168206523863697,0.6096489869257062,0.5441176470588236,0.20943708004829695,omitted_sparse_joint_cells,0.0,"{""intercept"": 0.8028982232367529, ""CBC_eosinopenia"": -0.560131409800543, ""chem_decreased alt"": -0.9344704317640902}"
CBC_neutrophilia | chem_hypercholesterolemia,CBC_neutrophilia,chem_hypercholesterolemia,,1.0,0.6168249831381731,0.6122404241663645,0.5357710651828299,0.2106733830884057,omitted_sparse_joint_cells,0.0,"{""intercept"": 0.7949183587566344, ""CBC_neutrophilia"": -0.93180116555689, ""chem_hypercholesterolemia"": 0.25837788675860063}"
chem_decreased alt | chem_hypercholesterolemia,chem_decreased alt,chem_hypercholesterolemia,,1.0,0.6168249831381731,0.6122404241663645,0.5357710651828299,0.21067338308840572,omitted_sparse_joint_cells,0.0,"{""intercept"": 0.794918358756635, ""chem_decreased alt"": -0.9318011655568901, ""chem_hypercholesterolemia"": 0.25837788675860135}"
CBC_neutrophilia | chem_elevated ast,CBC_neutrophilia,chem_elevated ast,,1.0,0.6168291536572598,0.6121158042297802,0.537758346581876,0.21059429990717576,omitted_sparse_joint_cells,0.0,"{""intercept"": 0.8019990795268653, ""CBC_neutrophilia"": -0.9347063496433263, ""chem_elevated ast"": -0.2613728537310557}"
chem_decreased alt | chem_elevated ast,chem_decreased alt,chem_elevated ast,,1.0,0.6168291536572598,0.6121158042297802,0.537758346581876,0.21059429990717576,omitted_sparse_joint_cells,0.0,"{""intercept"": 0.8019990795268653, ""chem_decreased alt"": -0.9347063496433266, ""chem_elevated ast"": -0.2613728537310555}"
clinical signs_weight loss | CBC_basophilia,clinical signs_weight loss,CBC_basophilia,,1.0,0.6168313279995343,0.6128065409345239,0.5882352941176471,0.2113209104237789,omitted_sparse_joint_cells,2.0,"{""intercept"": 0.6446434370773851, ""clinical signs_weight loss"": 0.318414591529815, ""CBC_basophilia"": -0.6503307231526677}"
CBC_no abnormalities | chem_discordantly elevated bun,CBC_no abnormalities,chem_discordantly elevated bun,,1.0,0.6168344982643356,0.6118135581838035,0.5556438791732909,0.21049428892811936,omitted_sparse_joint_cells,0.0,"{""intercept"": 0.6689553286450929, ""CBC_no abnormalities"": 0.17730663731056295, ""chem_discordantly elevated bun"": -0.9487768094128416}"
clinical signs_hairball obstruction | chem_discordantly elevated bun,clinical signs_hairball obstruction,chem_discordantly elevated bun,,1.0,0.6168439214036694,0.6078226255408944,0.5524642289348172,0.20859588928389405,omitted_sparse_joint_cells,0.0,"{""intercept"": 0.8167963859745979, ""clinical signs_hairball obstruction"": -0.6409393748488477, ""chem_discordantly elevated bun"": -0.9346803052042787}"
clinical signs_hairball obstruction | CBC_neutrophilia,clinical signs_hairball obstruction,CBC_neutrophilia,,1.0,0.6169553434227496,0.6078226255408944,0.5524642289348172,0.20859588928389405,omitted_sparse_joint_cells,0.0,"{""intercept"": 0.8167963859745978, ""clinical signs_hairball obstruction"": -0.6409393748488478, ""CBC_neutrophilia"": -0.9346803052042785}"
clinical signs_hairball obstruction | chem_decreased alt,clinical signs_hairball obstruction,chem_decreased alt,,1.0,0.6169553434227496,0.6078226255408943,0.5524642289348172,0.20859588928389405,omitted_sparse_joint_cells,0.0,"{""intercept"": 0.8167963859745979, ""clinical signs_hairball obstruction"": -0.6409393748488476, ""chem_decreased alt"": -0.9346803052042787}"
CBC_eosinophilia | CBC_lymphopenia,CBC_eosinophilia,CBC_lymphopenia,,1.0,0.6169804206632096,0.6144880430548896,0.5429252782193958,0.21180523989214642,omitted_sparse_joint_cells,0.0,"{""intercept"": 0.8327674135527463, ""CBC_eosinophilia"": -0.7116878608484096, ""CBC_lymphopenia"": -0.07943339026090933}"
pli_abn | chem_hyperproteinemia,pli_abn,chem_hyperproteinemia,,1.0,0.6169926932262856,0.6078002371773059,0.553060413354531,0.21028593743192603,omitted_sparse_joint_cells,1.0,"{""intercept"": 0.7349651713611353, ""pli_abn"": -0.07472232318601094, ""chem_hyperproteinemia"": 1.0314894233660472}"
procedure_clean | chem_elevated total bilirubin,procedure_clean,chem_elevated total bilirubin,,1.0,0.6170039998139756,0.6106381775215781,0.5763116057233705,0.2103615387093835,omitted_non_binary_or_categorical_pair,,"{""intercept"": 0.6121893221802538, ""procedure_clean=other"": -0.3179371410450639, ""procedure_clean=upper"": 0.31812645467424877, ""chem_elevated total bilirubin"": 0.41376649773511354}"
procedure_clean | chem_hypophosphatemia,procedure_clean,chem_hypophosphatemia,,1.0,0.6170039998139756,0.610638177521578,0.5763116057233705,0.21036153870938357,omitted_non_binary_or_categorical_pair,,"{""intercept"": 0.6121893221802547, ""procedure_clean=other"": -0.3179371410450651, ""procedure_clean=upper"": 0.318126454674248, ""chem_hypophosphatemia"": 0.41376649773511365}"
AUS_no abnormalities | chem_hyperglycemia,AUS_no abnormalities,chem_hyperglycemia,,1.0,0.6170393159792793,0.6126934883878751,0.5337837837837838,0.21085417486715294,omitted_sparse_joint_cells,0.0,"{""intercept"": 0.7920042687756325, ""AUS_no abnormalities"": 0.1352001394503286, ""chem_hyperglycemia"": -0.930829506985169}"
cobalamin_low | AUS_ileus,cobalamin_low,AUS_ileus,,1.0,0.6170464916526323,0.6068475895641144,0.5838632750397457,0.20847284972938876,omitted_sparse_joint_cells,3.0,"{""intercept"": 0.6861080976197548, ""cobalamin_low"": 0.4898943936104283, ""AUS_ileus"": -0.7505691944736489}"
pli_abn | clinical signs_hyporexia,pli_abn,clinical signs_hyporexia,,1.0,0.6170700311798608,0.6102631070582488,0.5673688394276629,0.21077079315373493,omitted_sparse_joint_cells,2.0,"{""intercept"": 0.6931233644779886, ""pli_abn"": -0.07027235670008354, ""clinical signs_hyporexia"": 0.7919733786406774}"
procedure_clean | clinical signs_weight loss,procedure_clean,clinical signs_weight loss,,0.3,0.6170839956830954,0.6109079825295708,0.5675675675675675,0.21013315543505587,omitted_non_binary_or_categorical_pair,,"{""intercept"": 0.5434908478911317, ""procedure_clean=other"": -0.24892911131320308, ""procedure_clean=upper"": 0.24815322810392654, ""clinical signs_weight loss"": 0.20762651347467465}"
AUS_jejunum | chem_hyperproteinemia,AUS_jejunum,chem_hyperproteinemia,,1.0,0.6171128919998019,0.60777210764629,0.5562400635930048,0.21027142251109884,omitted_sparse_joint_cells,2.0,"{""intercept"": 0.7672331008341556, ""AUS_jejunum"": -0.06447846555582941, ""chem_hyperproteinemia"": 1.0331635269232895}"
AUS_no abnormalities | chem_discordantly elevated bun,AUS_no abnormalities,chem_discordantly elevated bun,,1.0,0.6171519436106071,0.6126934883878751,0.5337837837837838,0.2108541748671529,omitted_sparse_joint_cells,0.0,"{""intercept"": 0.7920042687756326, ""AUS_no abnormalities"": 0.1352001394503286, ""chem_discordantly elevated bun"": -0.930829506985169}"
AUS_ileus | CBC_eosinophilia,AUS_ileus,CBC_eosinophilia,,1.0,0.6172607194068102,0.6072721221682025,0.5635930047694754,0.2084358892383385,omitted_sparse_joint_cells,1.0,"{""intercept"": 0.873907473245749, ""AUS_ileus"": -0.6772712447206172, ""CBC_eosinophilia"": -0.6772712447206173}"
AUS_no abnormalities | CBC_neutrophilia,AUS_no abnormalities,CBC_neutrophilia,,1.0,0.6172953609551811,0.6126934883878749,0.5337837837837838,0.21085417486715294,omitted_sparse_joint_cells,0.0,"{""intercept"": 0.7920042687756326, ""AUS_no abnormalities"": 0.13520013945032877, ""CBC_neutrophilia"": -0.9308295069851689}"
AUS_no abnormalities | chem_decreased alt,AUS_no abnormalities,chem_decreased alt,,1.0,0.6172953609551811,0.6126934883878749,0.5337837837837838,0.21085417486715294,omitted_sparse_joint_cells,0.0,"{""intercept"": 0.7920042687756325, ""AUS_no abnormalities"": 0.13520013945032866, ""chem_decreased alt"": -0.930829506985169}"
cobalamin_low | clinical signs_hairball obstruction,cobalamin_low,clinical signs_hairball obstruction,,1.0,0.6173191779658638,0.611156066156242,0.5659777424483307,0.21038474152196415,omitted_sparse_joint_cells,1.0,"{""intercept"": 0.6588450479233405, ""cobalamin_low"": 0.46685818750780594, ""clinical signs_hairball obstruction"": -0.6340301054344641}"
folate_low | chem_hyperproteinemia,folate_low,chem_hyperproteinemia,,1.0,0.6173684073832824,0.6064747519071839,0.5610095389507155,0.2097191443772193,omitted_sparse_joint_cells,0.0,"{""intercept"": 0.7101037711596573, ""folate_low"": 0.3173963559317765, ""chem_hyperproteinemia"": 1.037987201996477}"
clinical signs_none | CBC_eosinophilia,clinical signs_none,CBC_eosinophilia,,1.0,0.6174495178531656,0.6145710218764381,0.5401430842607313,0.2118395165539077,omitted_sparse_joint_cells,0.0,"{""intercept"": 0.8245124386730059, ""clinical signs_none"": 0.05418181339833011, ""CBC_eosinophilia"": -0.7063994239160462}"
CBC_eosinophilia | chem_elevated alt,CBC_eosinophilia,chem_elevated alt,,1.0,0.6174507940195377,0.6134046011029284,0.5520667726550079,0.21136455190575903,omitted_sparse_joint_cells,0.0,"{""intercept"": 0.8053643714717641, ""CBC_eosinophilia"": -0.6942820018520496, ""chem_elevated alt"": 0.277204014679371}"
clinical signs_hyporexia | CBC_monocytosis,clinical signs_hyporexia,CBC_monocytosis,,1.0,0.6174700552708734,0.6093849063883857,0.5673688394276628,0.2104935373154135,omitted_sparse_joint_cells,2.0,"{""intercept"": 0.6591408464935626, ""clinical signs_hyporexia"": 0.789013325887509, ""CBC_monocytosis"": 0.22907926971306952}"
AUS_chronic degenerative renal changes | CBC_eosinophilia,AUS_chronic degenerative renal changes,CBC_eosinophilia,,1.0,0.6175229938061564,0.6143162647653341,0.5472972972972973,0.21173284255585664,omitted_sparse_joint_cells,0.0,"{""intercept"": 0.8405686398532941, ""AUS_chronic degenerative renal changes"": -0.10665325131706649, ""CBC_eosinophilia"": -0.7174672911934986}"
clinical signs_hyporexia | AUS_splenomegaly,clinical signs_hyporexia,AUS_splenomegaly,,0.3,0.6175733998978846,0.6099081676192923,0.5926073131955485,0.21022664437382665,omitted_sparse_joint_cells,1.0,"{""intercept"": 0.7594396863054207, ""clinical signs_hyporexia"": 0.45066220421498476, ""AUS_splenomegaly"": -0.3102882625359325}"
clinical signs_diarrhea | clinical signs_hyporexia,clinical signs_diarrhea,clinical signs_hyporexia,,1.0,0.6175799680883207,0.6074901031474357,0.5788950715421304,0.20983060214412624,omitted_sparse_joint_cells,2.0,"{""intercept"": 0.7917325092460474, ""clinical signs_diarrhea"": -0.3124718822389615, ""clinical signs_hyporexia"": 0.748212988440577}"
CBC_eosinophilia | CBC_anemia,CBC_eosinophilia,CBC_anemia,,1.0,0.617616303285553,0.6145625126568022,0.5407392686804452,0.2118369136913755,omitted_sparse_joint_cells,0.0,"{""intercept"": 0.8300155220316913, ""CBC_eosinophilia"": -0.7092772307935091, ""CBC_anemia"": -0.05366542231953307}"
procedure_clean | AUS_ileus,procedure_clean,AUS_ileus,,0.3,0.617618791626535,0.6081644948415866,0.5828696343402227,0.20899188434512297,omitted_non_binary_or_categorical_pair,,"{""intercept"": 0.6721494782505548, ""procedure_clean=other"": -0.2596438876802205, ""procedure_clean=upper"": 0.2587464503763698, ""AUS_ileus"": -0.36473654269072125}"
clinical signs_hairball obstruction | chem_hyperglycemia,clinical signs_hairball obstruction,chem_hyperglycemia,,1.0,0.6176266748199781,0.6120306003293392,0.5230524642289348,0.21047504824304736,omitted_sparse_joint_cells,0.0,"{""intercept"": 0.8068735590017372, ""clinical signs_hairball obstruction"": -0.4033131728306109, ""chem_hyperglycemia"": -0.8043265324830838}"
chem_no abnormalities | chem_decreased alt,chem_no abnormalities,chem_decreased alt,,1.0,0.617687543390611,0.610493852072956,0.5572337042925278,0.20985910752738768,omitted_sparse_joint_cells,0.0,"{""intercept"": 0.632115454311561, ""chem_no abnormalities"": 0.28353207593285207, ""chem_decreased alt"": -0.8790112633513104}"
CBC_neutrophilia | chem_no abnormalities,CBC_neutrophilia,chem_no abnormalities,,1.0,0.617687543390611,0.610493852072956,0.5572337042925278,0.20985910752738768,omitted_sparse_joint_cells,0.0,"{""intercept"": 0.632115454311561, ""CBC_neutrophilia"": -0.8790112633513105, ""chem_no abnormalities"": 0.2835320759328521}"
procedure_clean | CBC_eosinopenia,procedure_clean,CBC_eosinopenia,,0.3,0.6177290077982737,0.6122974976934588,0.5699523052464229,0.21093709915523165,omitted_non_binary_or_categorical_pair,,"{""intercept"": 0.6485039262817888, ""procedure_clean=other"": -0.25870037429256193, ""procedure_clean=upper"": 0.259093593979115, ""CBC_eosinopenia"": -0.1674553738780888}"
procedure_clean | clinical signs_constipation,procedure_clean,clinical signs_constipation,,0.3,0.617736136996995,0.6127014906122666,0.5693561208267091,0.2111390544255899,omitted_non_binary_or_categorical_pair,,"{""intercept"": 0.6438804898666897, ""procedure_clean=other"": -0.26412124930614805, ""procedure_clean=upper"": 0.263091714941792, ""clinical signs_constipation"": 0.11347486572709391}"
procedure_clean | CBC_basocytosis,procedure_clean,CBC_basocytosis,,0.3,0.6177504260846819,0.6129409453461862,0.5717408585055643,0.21126818142967635,omitted_non_binary_or_categorical_pair,,"{""intercept"": 0.6451199295017137, ""procedure_clean=other"": -0.2620069466473525, ""procedure_clean=upper"": 0.26107971765183946, ""CBC_basocytosis"": 0.07949879252899826}"
procedure_clean | chem_hypercalcemia,procedure_clean,chem_hypercalcemia,,0.3,0.6177519527396726,0.6129409453461862,0.5717408585055643,0.21126818142967635,omitted_non_binary_or_categorical_pair,,"{""intercept"": 0.6451199295017138, ""procedure_clean=other"": -0.2620069466473525, ""procedure_clean=upper"": 0.26107971765183935, ""chem_hypercalcemia"": 0.07949879252899819}"
procedure_clean | chem_hypercholesterolemia,procedure_clean,chem_hypercholesterolemia,,0.3,0.6177554513566698,0.6129409453461862,0.5717408585055643,0.21126818142967635,omitted_non_binary_or_categorical_pair,,"{""intercept"": 0.6451199295017137, ""procedure_clean=other"": -0.2620069466473525, ""procedure_clean=upper"": 0.2610797176518395, ""chem_hypercholesterolemia"": 0.07949879252899816}"
procedure_clean | chem_elevated alp,procedure_clean,chem_elevated alp,,0.3,0.6177563172538437,0.6118485678535877,0.579093799682035,0.21079935895641283,omitted_non_binary_or_categorical_pair,,"{""intercept"": 0.646835221953044, ""procedure_clean=other"": -0.26167454494434683, ""procedure_clean=upper"": 0.2624757384592859, ""chem_elevated alp"": -0.2014345150670543}"
AUS_gall bladder sludge | CBC_basophilia,AUS_gall bladder sludge,CBC_basophilia,,1.0,0.6177660557660172,0.6142430176109784,0.5534578696343403,0.21178487826058887,omitted_sparse_joint_cells,0.0,"{""intercept"": 0.763850587609432, ""AUS_gall bladder sludge"": 0.31459842509392166, ""CBC_basophilia"": -0.6465356418361168}"
procedure_clean | chem_elevated ast,procedure_clean,chem_elevated ast,,0.3,0.617776391705861,0.6129397396406747,0.5653815580286169,0.2112368886953045,omitted_non_binary_or_categorical_pair,,"{""intercept"": 0.6474974900000613, ""procedure_clean=other"": -0.2618107545585445, ""procedure_clean=upper"": 0.26064470858016653, ""chem_elevated ast"": -0.07902858147298829}"
procedure_clean | AUS_no abnormalities,procedure_clean,AUS_no abnormalities,,0.3,0.6177831666100613,0.6130041338826698,0.5665739268680445,0.211274822715191,omitted_non_binary_or_categorical_pair,,"{""intercept"": 0.6426446815884992, ""procedure_clean=other"": -0.26138157675638657, ""procedure_clean=upper"": 0.2617140122965557, ""AUS_no abnormalities"": 0.06364676627297515}"
procedure_clean | CBC_no abnormalities,procedure_clean,CBC_no abnormalities,,0.3,0.6177948414793524,0.6123612952430287,0.590818759936407,0.2110835895382904,omitted_non_binary_or_categorical_pair,,"{""intercept"": 0.5569489886566356, ""procedure_clean=other"": -0.2626952510226865, ""procedure_clean=upper"": 0.2638480788510058, ""CBC_no abnormalities"": 0.11993007653322843}"
cobalamin_low | chem_elevated alt,cobalamin_low,chem_elevated alt,,1.0,0.6178004752880625,0.6136933846705749,0.5715421303656597,0.21187411591763664,omitted_sparse_joint_cells,1.0,"{""intercept"": 0.6036146668719781, ""cobalamin_low"": 0.48685472516265343, ""chem_elevated alt"": 0.37440982713363957}"
cobalamin_low | CBC_eosinopenia,cobalamin_low,CBC_eosinopenia,,1.0,0.6178012912082392,0.6132803938527837,0.5675675675675677,0.2115029234739778,omitted_sparse_joint_cells,0.0,"{""intercept"": 0.647888951759098, ""cobalamin_low"": 0.45872407834245554, ""CBC_eosinopenia"": -0.5299894174393186}"
cobalamin_low | chem_elevated alp,cobalamin_low,chem_elevated alp,,1.0,0.6178012912082392,0.6132803938527837,0.5675675675675677,0.21150292347397778,omitted_sparse_joint_cells,0.0,"{""intercept"": 0.6478889517590982, ""cobalamin_low"": 0.4587240783424552, ""chem_elevated alp"": -0.5299894174393187}"
CBC_lymphopenia | chem_hyperglycemia,CBC_lymphopenia,chem_hyperglycemia,,1.0,0.6178088448874242,0.6128465169967908,0.5333863275039745,0.2109200740744329,omitted_sparse_joint_cells,0.0,"{""intercept"": 0.7999750994608913, ""CBC_lymphopenia"": -0.057165406624123165, ""chem_hyperglycemia"": -0.9341549449983919}"
cobalamin_low | chem_hypercalcemia,cobalamin_low,chem_hypercalcemia,,1.0,0.6178219214862442,0.6157373542013546,0.5596184419713831,0.21273292321679538,omitted_sparse_joint_cells,0.0,"{""intercept"": 0.6403575826903191, ""cobalamin_low"": 0.45890959215635074, ""chem_hypercalcemia"": 0.21256777098861}"
cobalamin_low | clinical signs_constipation,cobalamin_low,clinical signs_constipation,,1.0,0.6178243296912722,0.6153228298444882,0.5631955484896661,0.21252038583365063,omitted_sparse_joint_cells,0.0,"{""intercept"": 0.636559035231967, ""cobalamin_low"": 0.4676182015530005, ""clinical signs_constipation"": 0.2853852718224356}"
chem_elevated alt | chem_discordantly elevated bun,chem_elevated alt,chem_discordantly elevated bun,,1.0,0.6178256265588237,0.6114975392213665,0.5445151033386326,0.21035993739947584,omitted_sparse_joint_cells,0.0,"{""intercept"": 0.7737739840036584, ""chem_elevated alt"": 0.2953548544403586, ""chem_discordantly elevated bun"": -0.9242881645264464}"
cobalamin_low | chem_hypercholesterolemia,cobalamin_low,chem_hypercholesterolemia,,1.0,0.6178265302773711,0.6153228298444885,0.5631955484896661,0.21252038583365063,omitted_sparse_joint_cells,0.0,"{""intercept"": 0.636559035231967, ""cobalamin_low"": 0.4676182015530004, ""chem_hypercholesterolemia"": 0.2853852718224358}"
chem_elevated alt | chem_hyperglycemia,chem_elevated alt,chem_hyperglycemia,,1.0,0.6178299585877239,0.6114975392213665,0.5445151033386326,0.2103599373994759,omitted_sparse_joint_cells,0.0,"{""intercept"": 0.7737739840036583, ""chem_elevated alt"": 0.2953548544403584, ""chem_hyperglycemia"": -0.9242881645264466}"
cobalamin_low | CBC_basocytosis,cobalamin_low,CBC_basocytosis,,1.0,0.6178352494731965,0.6157373542013546,0.5596184419713831,0.21273292321679535,omitted_sparse_joint_cells,0.0,"{""intercept"": 0.6403575826903188, ""cobalamin_low"": 0.4589095921563508, ""CBC_basocytosis"": 0.2125677709886098}"
cobalamin_low | chem_elevated ast,cobalamin_low,chem_elevated ast,,1.0,0.6178583705841152,0.615668819419428,0.5624006359300477,0.2126537518508954,omitted_sparse_joint_cells,0.0,"{""intercept"": 0.6458083083011164, ""cobalamin_low"": 0.4596175476036888, ""chem_elevated ast"": -0.21399009046336542}"
procedure_clean | AUS_mesenteric lymphadenopathy,procedure_clean,AUS_mesenteric lymphadenopathy,,0.3,0.6178804630837009,0.6082029288850487,0.5866454689984102,0.20895968769942982,omitted_non_binary_or_categorical_pair,,"{""intercept"": 0.5042040926908992, ""procedure_clean=other"": -0.2734670524347779, ""procedure_clean=upper"": 0.27298775822212384, ""AUS_mesenteric lymphadenopathy"": 0.28850434582533485}"
cobalamin_low | AUS_no abnormalities,cobalamin_low,AUS_no abnormalities,,1.0,0.6179517440741129,0.6155655239095593,0.5639904610492846,0.21261973301732534,omitted_sparse_joint_cells,0.0,"{""intercept"": 0.6301545675287318, ""cobalamin_low"": 0.47297371115875686, ""AUS_no abnormalities"": 0.2080255089703835}"
CBC_lymphopenia | chem_discordantly elevated bun,CBC_lymphopenia,chem_discordantly elevated bun,,1.0,0.6179902577816699,0.6128465169967908,0.5333863275039745,0.21092007407443292,omitted_sparse_joint_cells,0.0,"{""intercept"": 0.7999750994608915, ""CBC_lymphopenia"": -0.057165406624123075, ""chem_discordantly elevated bun"": -0.9341549449983922}"
procedure_clean | clinical signs_hairball obstruction,procedure_clean,clinical signs_hairball obstruction,,0.3,0.6180198947260884,0.6115072080309557,0.5681637519872814,0.21051126386277708,omitted_non_binary_or_categorical_pair,,"{""intercept"": 0.6549783242744038, ""procedure_clean=other"": -0.25451096605389434, ""procedure_clean=upper"": 0.2562685454317878, ""clinical signs_hairball obstruction"": -0.2269547450951006}"
CBC_no abnormalities | CBC_neutrophilia,CBC_no abnormalities,CBC_neutrophilia,,1.0,0.6180572948838636,0.6128253487360852,0.5262321144674085,0.21088507834765538,omitted_sparse_joint_cells,0.0,"{""intercept"": 0.7250347418612941, ""CBC_no abnormalities"": 0.09875539436870083, ""CBC_neutrophilia"": -0.9084967409767004}"
CBC_no abnormalities | chem_decreased alt,CBC_no abnormalities,chem_decreased alt,,1.0,0.6180572948838636,0.6128253487360853,0.5262321144674085,0.21088507834765538,omitted_sparse_joint_cells,0.0,"{""intercept"": 0.7250347418612944, ""CBC_no abnormalities"": 0.09875539436870023, ""chem_decreased alt"": -0.9084967409767007}"
CBC_no abnormalities | CBC_eosinophilia,CBC_no abnormalities,CBC_eosinophilia,,1.0,0.6180667775332004,0.614607259899321,0.5278219395866455,0.2118543084318334,omitted_sparse_joint_cells,0.0,"{""intercept"": 0.8251098057234763, ""CBC_no abnormalities"": 0.003834457717373405, ""CBC_eosinophilia"": -0.7077845512414841}"
clinical signs_none | chem_discordantly elevated bun,clinical signs_none,chem_discordantly elevated bun,,1.0,0.6181020172511225,0.6128456847536362,0.5317965023847376,0.21091756558096297,omitted_sparse_joint_cells,0.0,"{""intercept"": 0.7923496720088424, ""clinical signs_none"": 0.0691639207830596, ""chem_discordantly elevated bun"": -0.9310467600331364}"
CBC_basophilia | chem_elevated ast,CBC_basophilia,chem_elevated ast,,1.0,0.6181234416555383,0.615473097429051,0.5387519872813991,0.21226958116000524,omitted_sparse_joint_cells,0.0,"{""intercept"": 0.817199963752459, ""CBC_basophilia"": -0.6763358559712483, ""chem_elevated ast"": -0.2680565096407856}"
CBC_basophilia | chem_elevated alp,CBC_basophilia,chem_elevated alp,,1.0,0.6181247673728988,0.6130003750142016,0.544912559618442,0.2111126849257434,omitted_sparse_joint_cells,0.0,"{""intercept"": 0.8179942980155295, ""CBC_basophilia"": -0.6761166812252895, ""chem_elevated alp"": -0.5639751327555697}"
CBC_eosinopenia | CBC_basophilia,CBC_eosinopenia,CBC_basophilia,,1.0,0.6181247673728988,0.6130003750142016,0.544912559618442,0.2111126849257434,omitted_sparse_joint_cells,0.0,"{""intercept"": 0.8179942980155296, ""CBC_eosinopenia"": -0.5639751327555695, ""CBC_basophilia"": -0.6761166812252895}"
CBC_basophilia | CBC_basocytosis,CBC_basophilia,CBC_basocytosis,,1.0,0.6181325516283339,0.6156455069051915,0.5367647058823529,0.2123706847244368,omitted_sparse_joint_cells,0.0,"{""intercept"": 0.8095660119563394, ""CBC_basophilia"": -0.6717884803901721, ""CBC_basocytosis"": 0.25647026021780506}"
CBC_neutrophilia | CBC_lymphopenia,CBC_neutrophilia,CBC_lymphopenia,,1.0,0.618132735010686,0.6128465169967908,0.5333863275039745,0.2109200740744329,omitted_sparse_joint_cells,0.0,"{""intercept"": 0.7999750994608913, ""CBC_neutrophilia"": -0.934154944998392, ""CBC_lymphopenia"": -0.05716540662412296}"
CBC_lymphopenia | chem_decreased alt,CBC_lymphopenia,chem_decreased alt,,1.0,0.618132735010686,0.6128465169967908,0.5333863275039745,0.2109200740744329,omitted_sparse_joint_cells,0.0,"{""intercept"": 0.7999750994608911, ""CBC_lymphopenia"": -0.05716540662412306, ""chem_decreased alt"": -0.9341549449983918}"
CBC_basophilia | chem_hypercalcemia,CBC_basophilia,chem_hypercalcemia,,1.0,0.6181354269901582,0.6156455069051914,0.5367647058823529,0.2123706847244368,omitted_sparse_joint_cells,0.0,"{""intercept"": 0.8095660119563395, ""CBC_basophilia"": -0.6717884803901722, ""chem_hypercalcemia"": 0.2564702602178052}"
clinical signs_constipation | CBC_basophilia,clinical signs_constipation,CBC_basophilia,,1.0,0.6181354269901582,0.6156455069051916,0.5367647058823529,0.2123706847244368,omitted_sparse_joint_cells,0.0,"{""intercept"": 0.8095660119563394, ""clinical signs_constipation"": 0.25647026021780506, ""CBC_basophilia"": -0.6717884803901721}"
clinical signs_none | chem_hyperglycemia,clinical signs_none,chem_hyperglycemia,,1.0,0.6181385583795244,0.6128456847536361,0.5317965023847376,0.210917565580963,omitted_sparse_joint_cells,0.0,"{""intercept"": 0.7923496720088423, ""clinical signs_none"": 0.06916392078305991, ""chem_hyperglycemia"": -0.9310467600331365}"
AUS_chronic degenerative renal changes | chem_discordantly elevated bun,AUS_chronic degenerative renal changes,chem_discordantly elevated bun,,1.0,0.6181510918786309,0.6129372012475391,0.5226550079491257,0.21095694452953176,omitted_sparse_joint_cells,1.0,"{""intercept"": 0.7984775177738388, ""AUS_chronic degenerative renal changes"": -0.014047444284137674, ""chem_discordantly elevated bun"": -0.9293495092315484}"
cobalamin_low | AUS_duodenum,cobalamin_low,AUS_duodenum,,0.1,0.6181513001556261,0.6128703801731946,0.5878378378378378,0.2115383268332348,included_binary_binary,6.0,"{""intercept"": 0.6092824636133971, ""cobalamin_low"": 0.11542072017217679, ""AUS_duodenum"": 0.1178852569669267, ""interaction__cobalamin_low__x__AUS_duodenum"": 0.21957656811872334}"
CBC_basophilia | chem_hypercholesterolemia,CBC_basophilia,chem_hypercholesterolemia,,1.0,0.6181562342676166,0.6156455069051915,0.5367647058823529,0.21237068472443676,omitted_sparse_joint_cells,0.0,"{""intercept"": 0.8095660119563394, ""CBC_basophilia"": -0.6717884803901721, ""chem_hypercholesterolemia"": 0.25647026021780506}"
tli_high | breed_group,tli_high,breed_group,,0.3,0.6181576713491281,0.595614472776755,0.6208267090620031,0.2043380132649132,omitted_non_binary_or_categorical_pair,,"{""intercept"": 0.5190658572497664, ""tli_high"": 0.609049307156314, ""breed_group=DLH"": 0.10771284425010821, ""breed_group=DMH"": -0.37612276785173676, ""breed_group=DSH"": 0.20630476231471512, ""breed_group=other"": 0.061791433594979}"
clinical signs_hairball obstruction | CBC_basophilia,clinical signs_hairball obstruction,CBC_basophilia,,1.0,0.6181620789814846,0.6110933161352275,0.553060413354531,0.21023348339695402,omitted_sparse_joint_cells,0.0,"{""intercept"": 0.8318700632754877, ""clinical signs_hairball obstruction"": -0.6420393540467794, ""CBC_basophilia"": -0.6842349963059269}"
folate_low | clinical signs_hyporexia,folate_low,clinical signs_hyporexia,,0.3,0.6181996627514923,0.6136012471333617,0.5598171701112877,0.21196044900155717,omitted_sparse_joint_cells,2.0,"{""intercept"": 0.7145469928997531, ""folate_low"": 0.10476647633514338, ""clinical signs_hyporexia"": 0.4542369129603313}"
chem_decreased alt | chem_elevated alt,chem_decreased alt,chem_elevated alt,,1.0,0.6182210698073989,0.6114975392213665,0.5445151033386326,0.2103599373994759,omitted_sparse_joint_cells,0.0,"{""intercept"": 0.7737739840036583, ""chem_decreased alt"": -0.9242881645264466, ""chem_elevated alt"": 0.2953548544403585}"
CBC_neutrophilia | chem_elevated alt,CBC_neutrophilia,chem_elevated alt,,1.0,0.6182210698073989,0.6114975392213665,0.5445151033386326,0.2103599373994759,omitted_sparse_joint_cells,0.0,"{""intercept"": 0.7737739840036583, ""CBC_neutrophilia"": -0.9242881645264466, ""chem_elevated alt"": 0.2953548544403584}"
breed_group | clinical signs_hyporexia,breed_group,clinical signs_hyporexia,,1.0,0.6182231112766141,0.5945803613508702,0.6186406995230525,0.204992645889147,omitted_non_binary_or_categorical_pair,,"{""intercept"": 0.46477746975827205, ""breed_group=DLH"": 0.20971575324387795, ""breed_group=DMH"": -0.6790198071104736, ""breed_group=DSH"": 0.3527081206358551, ""breed_group=other"": 0.1148113745716672, ""clinical signs_hyporexia"": 0.905566459775023}"
AUS_ileus | chem_decreased alt,AUS_ileus,chem_decreased alt,,1.0,0.6182855428705645,0.6041524762952764,0.5691573926868044,0.20692303734632964,omitted_sparse_joint_cells,0.0,"{""intercept"": 0.8488506804162057, ""AUS_ileus"": -0.7226500219283889, ""chem_decreased alt"": -0.950880960020018}"
AUS_ileus | CBC_neutrophilia,AUS_ileus,CBC_neutrophilia,,1.0,0.6182855428705645,0.6041524762952764,0.5691573926868044,0.20692303734632958,omitted_sparse_joint_cells,0.0,"{""intercept"": 0.8488506804162057, ""AUS_ileus"": -0.7226500219283887, ""CBC_neutrophilia"": -0.9508809600200178}"
AUS_ileus | chem_discordantly elevated bun,AUS_ileus,chem_discordantly elevated bun,,1.0,0.6183134224194093,0.6041524762952766,0.5691573926868044,0.20692303734632964,omitted_sparse_joint_cells,0.0,"{""intercept"": 0.8488506804162059, ""AUS_ileus"": -0.7226500219283892, ""chem_discordantly elevated bun"": -0.9508809600200174}"
procedure_clean | CBC_lymphopenia,procedure_clean,CBC_lymphopenia,,0.3,0.6183145431238082,0.6131011033569943,0.5635930047694754,0.21132037270141452,omitted_non_binary_or_categorical_pair,,"{""intercept"": 0.6467536166648661, ""procedure_clean=other"": -0.26156582657520605, ""procedure_clean=upper"": 0.26188187956540515, ""CBC_lymphopenia"": -0.03382872595708907}"
CBC_eosinophilia | chem_hypoproteinemia,CBC_eosinophilia,chem_hypoproteinemia,,1.0,0.6183463306329008,0.6144546861394834,0.5425278219395866,0.21178808242069178,omitted_sparse_joint_cells,2.0,"{""intercept"": 0.8249464174556885, ""CBC_eosinophilia"": -0.7195380079423379, ""chem_hypoproteinemia"": 0.07157450300020228}"
procedure_clean | chem_elevated alt,procedure_clean,chem_elevated alt,,0.3,0.6183629672192777,0.6121190576871902,0.5820747217806042,0.2109610745048169,omitted_non_binary_or_categorical_pair,,"{""intercept"": 0.6323065870816882, ""procedure_clean=other"": -0.26136551780787054, ""procedure_clean=upper"": 0.26130774076308705, ""chem_elevated alt"": 0.16310181452379208}"
CBC_anemia | chem_hyperglycemia,CBC_anemia,chem_hyperglycemia,,1.0,0.6183863864666937,0.6128912326601026,0.5313990461049285,0.210938814032608,omitted_sparse_joint_cells,0.0,"{""intercept"": 0.797656831629686, ""CBC_anemia"": -0.04135080835241982, ""chem_hyperglycemia"": -0.9327331121927385}"
procedure_clean | CBC_anemia,procedure_clean,CBC_anemia,,0.3,0.6183942746679706,0.6130967392573962,0.5699523052464229,0.2113307524038945,omitted_non_binary_or_categorical_pair,,"{""intercept"": 0.6461467389026824, ""procedure_clean=other"": -0.26264490235835497, ""procedure_clean=upper"": 0.2619348691673372, ""CBC_anemia"": -0.03215382164808652}"
chem_no abnormalities | chem_hyperglycemia,chem_no abnormalities,chem_hyperglycemia,,1.0,0.6184041875531081,0.610493852072956,0.5572337042925278,0.20985910752738773,omitted_sparse_joint_cells,0.0,"{""intercept"": 0.6321154543115609, ""chem_no abnormalities"": 0.283532075932852, ""chem_hyperglycemia"": -0.8790112633513102}"
clinical signs_none | CBC_neutrophilia,clinical signs_none,CBC_neutrophilia,,1.0,0.618410096188628,0.6128456847536361,0.5317965023847376,0.21091756558096297,omitted_sparse_joint_cells,0.0,"{""intercept"": 0.7923496720088422, ""clinical signs_none"": 0.0691639207830596, ""CBC_neutrophilia"": -0.9310467600331364}"
clinical signs_none | chem_decreased alt,clinical signs_none,chem_decreased alt,,1.0,0.618410096188628,0.6128456847536361,0.5317965023847376,0.21091756558096297,omitted_sparse_joint_cells,0.0,"{""intercept"": 0.7923496720088423, ""clinical signs_none"": 0.06916392078305955, ""chem_decreased alt"": -0.9310467600331365}"
AUS_chronic degenerative renal changes | chem_decreased alt,AUS_chronic degenerative renal changes,chem_decreased alt,,1.0,0.6184393497417613,0.6127620263008736,0.5373608903020668,0.21088697343908822,omitted_sparse_joint_cells,0.0,"{""intercept"": 0.8060196073456065, ""AUS_chronic degenerative renal changes"": -0.08185210544441866, ""chem_decreased alt"": -0.9345400777705231}"
AUS_chronic degenerative renal changes | CBC_neutrophilia,AUS_chronic degenerative renal changes,CBC_neutrophilia,,1.0,0.6184393497417613,0.6127620263008736,0.5373608903020668,0.21088697343908822,omitted_sparse_joint_cells,0.0,"{""intercept"": 0.8060196073456065, ""AUS_chronic degenerative renal changes"": -0.08185210544441852, ""CBC_neutrophilia"": -0.9345400777705231}"
tli_high | AUS_jejunum,tli_high,AUS_jejunum,,0.1,0.6184552236986294,0.6099972259840881,0.6003577106518283,0.210330522477702,included_binary_binary,5.0,"{""intercept"": 0.7164770750055972, ""tli_high"": 0.28490452730768134, ""AUS_jejunum"": -0.0517210944734612, ""interaction__tli_high__x__AUS_jejunum"": 0.1495951341834359}"
CBC_anemia | chem_discordantly elevated bun,CBC_anemia,chem_discordantly elevated bun,,1.0,0.6184575302011055,0.6128912326601025,0.5313990461049285,0.21093881403260803,omitted_sparse_joint_cells,0.0,"{""intercept"": 0.7976568316296858, ""CBC_anemia"": -0.041350808352419784, ""chem_discordantly elevated bun"": -0.9327331121927387}"
AUS_chronic degenerative renal changes | chem_hyperglycemia,AUS_chronic degenerative renal changes,chem_hyperglycemia,,1.0,0.6184809239828377,0.6127620263008736,0.5373608903020668,0.21088697343908822,omitted_sparse_joint_cells,0.0,"{""intercept"": 0.8060196073456066, ""AUS_chronic degenerative renal changes"": -0.08185210544441857, ""chem_hyperglycemia"": -0.9345400777705231}"
procedure_clean | AUS_chronic degenerative renal changes,procedure_clean,AUS_chronic degenerative renal changes,,0.3,0.6184830739299754,0.6126520674288137,0.5782988871224166,0.2111484127525338,omitted_non_binary_or_categorical_pair,,"{""intercept"": 0.6537970933362293, ""procedure_clean=other"": -0.2669082822275885, ""procedure_clean=upper"": 0.2667942216197397, ""AUS_chronic degenerative renal changes"": -0.09988277784625998}"
procedure_clean | clinical signs_none,procedure_clean,clinical signs_none,,0.3,0.6185289884105627,0.6131239943648785,0.5753179650238474,0.21135264227263648,omitted_non_binary_or_categorical_pair,,"{""intercept"": 0.6440256497670446, ""procedure_clean=other"": -0.2612720359021602, ""procedure_clean=upper"": 0.26113799287752204, ""clinical signs_none"": 0.02717919315573204}"
CBC_basophilia | chem_no abnormalities,CBC_basophilia,chem_no abnormalities,,1.0,0.6185687469986135,0.6125558345242788,0.5592209856915739,0.21088901253002632,omitted_sparse_joint_cells,2.0,"{""intercept"": 0.6242486113767501, ""CBC_basophilia"": -0.6763618331013077, ""chem_no abnormalities"": 0.3247953316772402}"
AUS_ileum | chem_hyperproteinemia,AUS_ileum,chem_hyperproteinemia,,1.0,0.6185765254900479,0.6075709532804948,0.5624006359300476,0.21016330657861795,omitted_sparse_joint_cells,0.0,"{""intercept"": 0.7007992584952972, ""AUS_ileum"": 0.09412431183805393, ""chem_hyperproteinemia"": 1.0422280528840808}"
AUS_no abnormalities | CBC_basophilia,AUS_no abnormalities,CBC_basophilia,,1.0,0.6186198568762327,0.6161061290697901,0.5347774244833069,0.21255378862119972,omitted_sparse_joint_cells,0.0,"{""intercept"": 0.8069684675946499, ""AUS_no abnormalities"": 0.1277719474554857, ""CBC_basophilia"": -0.6712095763980642}"
procedure_clean | chem_hypoproteinemia,procedure_clean,chem_hypoproteinemia,,0.3,0.6186385699128655,0.6131011033569942,0.5751192368839428,0.21134260701706853,omitted_non_binary_or_categorical_pair,,"{""intercept"": 0.6467536166648659, ""procedure_clean=other"": -0.26156582657520616, ""procedure_clean=upper"": 0.2618818795654053, ""chem_hypoproteinemia"": -0.0338287259570889}"
CBC_anemia | chem_decreased alt,CBC_anemia,chem_decreased alt,,1.0,0.618648714019196,0.6128912326601026,0.5313990461049285,0.210938814032608,omitted_sparse_joint_cells,0.0,"{""intercept"": 0.797656831629686, ""CBC_anemia"": -0.04135080835241981, ""chem_decreased alt"": -0.9327331121927382}"
CBC_neutrophilia | CBC_anemia,CBC_neutrophilia,CBC_anemia,,1.0,0.6186487140191961,0.6128912326601026,0.5313990461049285,0.21093881403260806,omitted_sparse_joint_cells,0.0,"{""intercept"": 0.7976568316296857, ""CBC_neutrophilia"": -0.932733112192738, ""CBC_anemia"": -0.04135080835241979}"
clinical signs_diarrhea | chem_hyperglycemia,clinical signs_diarrhea,chem_hyperglycemia,,1.0,0.6186614904740194,0.6072456180806418,0.5870429252782194,0.20854827185258,omitted_sparse_joint_cells,0.0,"{""intercept"": 0.9295915198020125, ""clinical signs_diarrhea"": -0.40002866229549294, ""chem_hyperglycemia"": -0.9767740700646496}"
AUS_mesenteric lymphadenopathy | chem_discordantly elevated bun,AUS_mesenteric lymphadenopathy,chem_discordantly elevated bun,,1.0,0.6187647788594736,0.6084152074922597,0.5798887122416535,0.20906423901991092,omitted_sparse_joint_cells,1.0,"{""intercept"": 0.6324642860015343, ""AUS_mesenteric lymphadenopathy"": 0.3529580893996374, ""chem_discordantly elevated bun"": -0.9387768677234293}"
folate_high | procedure_clean,folate_high,procedure_clean,,0.3,0.6188090495155816,0.6097866517207181,0.6015500794912559,0.21005210821621334,omitted_non_binary_or_categorical_pair,,"{""intercept"": 0.5716470260029286, ""folate_high"": 0.24852240179087545, ""procedure_clean=other"": -0.270653435165999, ""procedure_clean=upper"": 0.2703914368984621}"
chem_hypoproteinemia | chem_discordantly elevated bun,chem_hypoproteinemia,chem_discordantly elevated bun,,1.0,0.6188481781089481,0.6128465169967908,0.5333863275039745,0.21092007407443292,omitted_sparse_joint_cells,0.0,"{""intercept"": 0.7999750994608914, ""chem_hypoproteinemia"": -0.05716540662412303, ""chem_discordantly elevated bun"": -0.934154944998392}"
chem_hypoproteinemia | chem_hyperglycemia,chem_hypoproteinemia,chem_hyperglycemia,,1.0,0.6188700086163881,0.6128465169967908,0.5333863275039745,0.2109200740744329,omitted_sparse_joint_cells,0.0,"{""intercept"": 0.7999750994608914, ""chem_hypoproteinemia"": -0.05716540662412313, ""chem_hyperglycemia"": -0.934154944998392}"
cobalamin_low | CBC_lymphopenia,cobalamin_low,CBC_lymphopenia,,1.0,0.6189272754196052,0.6160039675941603,0.5671701112877583,0.21275862472088405,omitted_sparse_joint_cells,3.0,"{""intercept"": 0.6449595013336055, ""cobalamin_low"": 0.46804520213411915, ""CBC_lymphopenia"": -0.1000050241598035}"
procedure_clean | AUS_splenomegaly,procedure_clean,AUS_splenomegaly,,0.3,0.6189307466167373,0.6086173695208492,0.590818759936407,0.20931229089236073,omitted_non_binary_or_categorical_pair,,"{""intercept"": 0.6869339776004553, ""procedure_clean=other"": -0.2623728076652849, ""procedure_clean=upper"": 0.26181177913908676, ""AUS_splenomegaly"": -0.32526723433962706}"
clinical signs_diarrhea | CBC_eosinophilia,clinical signs_diarrhea,CBC_eosinophilia,,1.0,0.6189709288957503,0.6105818291134141,0.5749205087440381,0.2100824650195749,omitted_sparse_joint_cells,3.0,"{""intercept"": 0.9435589011098373, ""clinical signs_diarrhea"": -0.3563611834125657, ""CBC_eosinophilia"": -0.685476067982729}"
procedure_clean | AUS_duodenum,procedure_clean,AUS_duodenum,,0.1,0.6190076604006245,0.6126755582844502,0.5991653418124007,0.21121000968703496,omitted_non_binary_or_categorical_pair,,"{""intercept"": 0.5875608764542095, ""procedure_clean=other"": -0.16858655989147506, ""procedure_clean=upper"": 0.16871163599535202, ""AUS_duodenum"": 0.1517828471265444}"
chem_hypoproteinemia | chem_decreased alt,chem_hypoproteinemia,chem_decreased alt,,1.0,0.6190200982339169,0.612845502761224,0.5401430842607313,0.2109280674363688,omitted_sparse_joint_cells,1.0,"{""intercept"": 0.7949749325876952, ""chem_hypoproteinemia"": 0.04181899517445324, ""chem_decreased alt"": -0.9376726778813826}"
AUS_mesenteric lymphadenopathy | chem_decreased alt,AUS_mesenteric lymphadenopathy,chem_decreased alt,,1.0,0.6190350729157185,0.6084152074922596,0.5798887122416535,0.20906423901991095,omitted_sparse_joint_cells,1.0,"{""intercept"": 0.6324642860015345, ""AUS_mesenteric lymphadenopathy"": 0.35295808939963724, ""chem_decreased alt"": -0.9387768677234295}"
procedure_clean | CBC_neutropenia,procedure_clean,CBC_neutropenia,,0.3,0.6190422277234081,0.6131110545888687,0.5689586645468998,0.21133681946584223,omitted_non_binary_or_categorical_pair,,"{""intercept"": 0.6445947765669385, ""procedure_clean=other"": -0.26111992959407015, ""procedure_clean=upper"": 0.26090635342890534, ""CBC_neutropenia"": 0.034943853056483884}"
chem_no abnormalities | chem_discordantly elevated bun,chem_no abnormalities,chem_discordantly elevated bun,,1.0,0.6190518814707694,0.610493852072956,0.5572337042925278,0.2098591075273877,omitted_sparse_joint_cells,0.0,"{""intercept"": 0.632115454311561, ""chem_no abnormalities"": 0.28353207593285207, ""chem_discordantly elevated bun"": -0.8790112633513105}"
CBC_neutrophilia | chem_hypoproteinemia,CBC_neutrophilia,chem_hypoproteinemia,,1.0,0.6190804789437128,0.6128465169967908,0.5333863275039745,0.2109200740744329,omitted_sparse_joint_cells,0.0,"{""intercept"": 0.7999750994608914, ""CBC_neutrophilia"": -0.934154944998392, ""chem_hypoproteinemia"": -0.05716540662412317}"
cobalamin_low | clinical signs_none,cobalamin_low,clinical signs_none,,1.0,0.6190992788886334,0.6158662627709015,0.56120826709062,0.21277336995394183,omitted_sparse_joint_cells,1.0,"{""intercept"": 0.6304660275919172, ""cobalamin_low"": 0.4697134834320569, ""clinical signs_none"": 0.1329583963393561}"
clinical signs_weight loss | CBC_lymphocytosis,clinical signs_weight loss,CBC_lymphocytosis,,1.0,0.6191231739924938,0.616059020676036,0.568362480127186,0.2127768485845662,omitted_sparse_joint_cells,0.0,"{""intercept"": 0.5872921639126744, ""clinical signs_weight loss"": 0.34782476799110607, ""CBC_lymphocytosis"": 0.5034932299932735}"
procedure_clean | AUS_colon,procedure_clean,AUS_colon,,0.3,0.6191371835441511,0.6105063943449559,0.5810810810810811,0.2101799309300444,omitted_non_binary_or_categorical_pair,,"{""intercept"": 0.6067110274647317, ""procedure_clean=other"": -0.28944435498320625, ""procedure_clean=upper"": 0.2896220969857457, ""AUS_colon"": 0.23398327366450802}"
clinical signs_weight loss | chem_elevated total bilirubin,clinical signs_weight loss,chem_elevated total bilirubin,,1.0,0.6191840321638709,0.6160590206760359,0.568362480127186,0.2127768485845662,omitted_sparse_joint_cells,0.0,"{""intercept"": 0.5872921639126744, ""clinical signs_weight loss"": 0.3478247679911059, ""chem_elevated total bilirubin"": 0.5034932299932736}"
clinical signs_weight loss | chem_hypophosphatemia,clinical signs_weight loss,chem_hypophosphatemia,,1.0,0.6191840321638709,0.6160590206760359,0.568362480127186,0.21277684858456622,omitted_sparse_joint_cells,0.0,"{""intercept"": 0.5872921639126744, ""clinical signs_weight loss"": 0.34782476799110584, ""chem_hypophosphatemia"": 0.5034932299932735}"
cobalamin_low | CBC_anemia,cobalamin_low,CBC_anemia,,0.3,0.6191908074665908,0.6171366693831052,0.5588235294117647,0.2132752911108728,omitted_sparse_joint_cells,0.0,"{""intercept"": 0.6785126363338756, ""cobalamin_low"": 0.3291780362079028, ""CBC_anemia"": 0.0037710679916368828}"
chem_hyperproteinemia | chem_azotemia,chem_hyperproteinemia,chem_azotemia,,1.0,0.6192169725338925,0.6078090587302479,0.5528616852146264,0.21029182468851781,omitted_sparse_joint_cells,1.0,"{""intercept"": 0.7365551042334334, ""chem_hyperproteinemia"": 1.0305104830791199, ""chem_azotemia"": -0.07151960287804311}"
folate_high | CBC_neutrophilia,folate_high,CBC_neutrophilia,,1.0,0.6192573843408626,0.6093849822150877,0.5727344992050875,0.2095328351511392,omitted_sparse_joint_cells,1.0,"{""intercept"": 0.7068193220297712, ""folate_high"": 0.3302265844038896, ""CBC_neutrophilia"": -0.9565828319917972}"
AUS_ileus | CBC_basophilia,AUS_ileus,CBC_basophilia,,1.0,0.6192739761415018,0.6072784597867675,0.5689586645468998,0.20849495778570545,omitted_sparse_joint_cells,0.0,"{""intercept"": 0.8655425130756582, ""AUS_ileus"": -0.7323803147969821, ""CBC_basophilia"": -0.7028392968241234}"
procedure_clean | chem_hypokalemia,procedure_clean,chem_hypokalemia,,0.1,0.619285810752942,0.6153265025179011,0.5635930047694754,0.2123495610615548,omitted_non_binary_or_categorical_pair,,"{""intercept"": 0.6911966886516191, ""procedure_clean=other"": -0.16898618270675902, ""procedure_clean=upper"": 0.16898030630621902, ""chem_hypokalemia"": -0.012257420681167476}"
tli_high | AUS_ileum,tli_high,AUS_ileum,,0.1,0.6193143149749133,0.6112834885297125,0.5973767885532592,0.2108589030487485,included_binary_binary,7.0,"{""intercept"": 0.6976932491578905, ""tli_high"": 0.311005631491838, ""AUS_ileum"": 0.005288578931263913, ""interaction__tli_high__x__AUS_ileum"": 0.0754434744041998}"
CBC_basophilia | CBC_lymphopenia,CBC_basophilia,CBC_lymphopenia,,1.0,0.6193861357576463,0.6162134714339075,0.5345786963434023,0.21259879770712076,omitted_sparse_joint_cells,0.0,"{""intercept"": 0.815604444448894, ""CBC_basophilia"": -0.6764957481840037, ""CBC_lymphopenia"": -0.06690550152527237}"
AUS_mesenteric lymphadenopathy | CBC_neutrophilia,AUS_mesenteric lymphadenopathy,CBC_neutrophilia,,1.0,0.6194374925864642,0.6096453499047699,0.5651828298887123,0.2095102805339183,omitted_sparse_joint_cells,0.0,"{""intercept"": 0.6461668288716097, ""AUS_mesenteric lymphadenopathy"": 0.3212094069573713, ""CBC_neutrophilia"": -0.8846040487532358}"
folate_high | CBC_eosinophilia,folate_high,CBC_eosinophilia,,1.0,0.6194423682445583,0.6116050793690968,0.5711446740858506,0.21060126769311285,omitted_sparse_joint_cells,2.0,"{""intercept"": 0.7423405080526592, ""folate_high"": 0.31244539491490525, ""CBC_eosinophilia"": -0.7104137282815448}"
CBC_neutropenia | CBC_eosinophilia,CBC_neutropenia,CBC_eosinophilia,,1.0,0.6194661519149552,0.6144308698301125,0.5423290937996821,0.211781061014192,omitted_sparse_joint_cells,0.0,"{""intercept"": 0.8236543680738934, ""CBC_neutropenia"": 0.11784677582280975, ""CBC_eosinophilia"": -0.7066364072726531}"
AUS_mesenteric lymphadenopathy | CBC_basophilia,AUS_mesenteric lymphadenopathy,CBC_basophilia,,1.0,0.6195055923328191,0.6113522629804703,0.5866454689984102,0.21062733098137423,omitted_sparse_joint_cells,2.0,"{""intercept"": 0.6430912322900454, ""AUS_mesenteric lymphadenopathy"": 0.36558967749173477, ""CBC_basophilia"": -0.7005170604553616}"
CBC_no abnormalities | CBC_basophilia,CBC_no abnormalities,CBC_basophilia,,1.0,0.6195233550021906,0.6163566630449652,0.526033386327504,0.21265242135835674,omitted_sparse_joint_cells,0.0,"{""intercept"": 0.7702337841276355, ""CBC_no abnormalities"": 0.05572315385401425, ""CBC_basophilia"": -0.6500501051859633}"
AUS_ileus | chem_hyperglycemia,AUS_ileus,chem_hyperglycemia,,1.0,0.6195302780894638,0.6090366431600693,0.5397456279809221,0.20911366520247426,omitted_sparse_joint_cells,0.0,"{""intercept"": 0.83469187284137, ""AUS_ileus"": -0.5761093301667612, ""chem_hyperglycemia"": -0.7571142720907514}"
clinical signs_diarrhea | CBC_neutrophilia,clinical signs_diarrhea,CBC_neutrophilia,,1.0,0.6195496973601647,0.6087415387117505,0.5723370429252782,0.20913948187368311,omitted_sparse_joint_cells,1.0,"{""intercept"": 0.9158341815779825, ""clinical signs_diarrhea"": -0.3629328200249463, ""CBC_neutrophilia"": -0.9123974302267596}"
clinical signs_diarrhea | chem_decreased alt,clinical signs_diarrhea,chem_decreased alt,,1.0,0.6195496973601647,0.6087415387117505,0.5723370429252782,0.2091394818736831,omitted_sparse_joint_cells,1.0,"{""intercept"": 0.9158341815779821, ""clinical signs_diarrhea"": -0.3629328200249458, ""chem_decreased alt"": -0.9123974302267595}"
clinical signs_weight loss | chem_no abnormalities,clinical signs_weight loss,chem_no abnormalities,,1.0,0.6195644479207133,0.609348850331836,0.5691573926868044,0.20955926581003825,included_binary_binary,20.0,"{""intercept"": 0.3157806512632273, ""clinical signs_weight loss"": 0.5650724073689196, ""chem_no abnormalities"": 0.5312245696354965, ""interaction__clinical signs_weight loss__x__chem_no abnormalities"": -0.46920714218128834}"
clinical signs_hyporexia | AUS_ileum,clinical signs_hyporexia,AUS_ileum,,1.0,0.6195785799663953,0.609907009377718,0.5699523052464229,0.21065121618780516,omitted_sparse_joint_cells,1.0,"{""intercept"": 0.6548873128828541, ""clinical signs_hyporexia"": 0.8075622957822247, ""AUS_ileum"": 0.1101909317494818}"
cobalamin_low | AUS_chronic degenerative renal changes,cobalamin_low,AUS_chronic degenerative renal changes,,0.3,0.6195972746889385,0.6167483370969452,0.5671701112877584,0.21310407587140892,included_binary_binary,5.0,"{""intercept"": 0.6842577145418661, ""cobalamin_low"": 0.3225885462025757, ""AUS_chronic degenerative renal changes"": -0.06919815533417234, ""interaction__cobalamin_low__x__AUS_chronic degenerative renal changes"": 0.093842631880957}"
AUS_duodenum | CBC_neutrophilia,AUS_duodenum,CBC_neutrophilia,,1.0,0.6196532299399046,0.6072489752964363,0.5870429252782194,0.20854995568468912,omitted_sparse_joint_cells,0.0,"{""intercept"": 0.529693330441419, ""AUS_duodenum"": 0.3999167230712986, ""CBC_neutrophilia"": -0.9764485497351095}"
AUS_duodenum | chem_decreased alt,AUS_duodenum,chem_decreased alt,,1.0,0.6196532299399046,0.6072489752964363,0.5870429252782194,0.20854995568468912,omitted_sparse_joint_cells,0.0,"{""intercept"": 0.5296933304414189, ""AUS_duodenum"": 0.39991672307129883, ""chem_decreased alt"": -0.9764485497351096}"
folate_low | procedure_clean,folate_low,procedure_clean,,0.1,0.6196643505430992,0.6151715781954685,0.5735294117647058,0.21228765504987998,omitted_non_binary_or_categorical_pair,,"{""intercept"": 0.6888470230450523, ""folate_low"": 0.044116480414629504, ""procedure_clean=other"": -0.16832853890359264, ""procedure_clean=upper"": 0.16834686306843577}"
chem_hyperglycemia | chem_hypokalemia,chem_hyperglycemia,chem_hypokalemia,,1.0,0.6196659542259758,0.612845502761224,0.5401430842607313,0.2109280674363688,omitted_sparse_joint_cells,1.0,"{""intercept"": 0.7949749325876955, ""chem_hyperglycemia"": -0.9376726778813828, ""chem_hypokalemia"": 0.04181899517445289}"
cobalamin_low | CBC_neutropenia,cobalamin_low,CBC_neutropenia,,0.3,0.6196787986764576,0.6169852984281656,0.5604133545310016,0.21321603761356325,omitted_sparse_joint_cells,1.0,"{""intercept"": 0.6763309948519203, ""cobalamin_low"": 0.3289199238771761, ""CBC_neutropenia"": 0.06676848456056388}"
cobalamin_low | chem_hypoproteinemia,cobalamin_low,chem_hypoproteinemia,,0.3,0.6196910946069759,0.6171304231772864,0.5556438791732909,0.2132788318929057,omitted_sparse_joint_cells,2.0,"{""intercept"": 0.6806886869526465, ""cobalamin_low"": 0.3273061261467907, ""chem_hypoproteinemia"": -0.026972893748694642}"
CBC_basophilia | chem_elevated alt,CBC_basophilia,chem_elevated alt,,1.0,0.6196975941004479,0.6149903159036533,0.5451112877583465,0.21209820570389284,omitted_sparse_joint_cells,0.0,"{""intercept"": 0.7886168051915202, ""CBC_basophilia"": -0.6602291510487502, ""chem_elevated alt"": 0.2877587285464384}"
AUS_chronic degenerative renal changes | CBC_basophilia,AUS_chronic degenerative renal changes,CBC_basophilia,,1.0,0.6197120401711953,0.6160865121964787,0.5385532591414945,0.21254582954433562,omitted_sparse_joint_cells,0.0,"{""intercept"": 0.8225589151995021, ""AUS_chronic degenerative renal changes"": -0.09432038706361992, ""CBC_basophilia"": -0.6798812154114391}"
folate_high | chem_hyperglycemia,folate_high,chem_hyperglycemia,,1.0,0.6197273766643763,0.6093849822150877,0.5727344992050875,0.2095328351511392,omitted_sparse_joint_cells,1.0,"{""intercept"": 0.7068193220297712, ""folate_high"": 0.33022658440388925, ""chem_hyperglycemia"": -0.9565828319917973}"
procedure_clean | clinical signs_diarrhea,procedure_clean,clinical signs_diarrhea,,0.1,0.6197652559269959,0.6140338756100442,0.5812798092209858,0.211779796745518,omitted_non_binary_or_categorical_pair,,"{""intercept"": 0.7344660248682371, ""procedure_clean=other"": -0.15852620370643156, ""procedure_clean=upper"": 0.15853852960019024, ""clinical signs_diarrhea"": -0.1188892830521186}"
clinical signs_none | CBC_basophilia,clinical signs_none,CBC_basophilia,,1.0,0.619840569415394,0.6162496987268545,0.5327901430842608,0.2126133931771262,omitted_sparse_joint_cells,0.0,"{""intercept"": 0.807317291270825, ""clinical signs_none"": 0.06811462879229156, ""CBC_basophilia"": -0.6713772526086276}"
cobalamin_low | chem_no abnormalities,cobalamin_low,chem_no abnormalities,,0.1,0.6198526706889308,0.6154127817472982,0.5806836248012719,0.21255956773176865,included_binary_binary,13.0,"{""intercept"": 0.6351540355256822, ""cobalamin_low"": 0.15146086729962213, ""chem_no abnormalities"": 0.11936870949554515, ""interaction__cobalamin_low__x__chem_no abnormalities"": 0.14420607678891095}"
procedure_clean | CBC_monocytosis,procedure_clean,CBC_monocytosis,,0.1,0.6198627893072381,0.6147955880712956,0.5745230524642289,0.21211038704643917,omitted_non_binary_or_categorical_pair,,"{""intercept"": 0.6821476475700373, ""procedure_clean=other"": -0.16989357506113045, ""procedure_clean=upper"": 0.16993606043359114, ""CBC_monocytosis"": 0.07079163655858585}"
AUS_splenomegaly | CBC_eosinophilia,AUS_splenomegaly,CBC_eosinophilia,,1.0,0.619873955284955,0.6087558483090744,0.5866454689984102,0.2093930370125588,omitted_sparse_joint_cells,1.0,"{""intercept"": 0.8955134104170449, ""AUS_splenomegaly"": -0.5229409715095756, ""CBC_eosinophilia"": -0.7042399949789261}"
folate_high | chem_discordantly elevated bun,folate_high,chem_discordantly elevated bun,,1.0,0.6198765460123464,0.6105708789313561,0.5580286168521462,0.2099396353147221,omitted_sparse_joint_cells,0.0,"{""intercept"": 0.7163223583956386, ""folate_high"": 0.29105660644588305, ""chem_discordantly elevated bun"": -0.9053784736405929}"
clinical signs_weight loss | AUS_gall bladder sludge,clinical signs_weight loss,AUS_gall bladder sludge,,0.3,0.6198908040985291,0.6162604242381967,0.5616057233704292,0.21298164019255508,included_binary_binary,5.0,"{""intercept"": 0.6252160191472472, ""clinical signs_weight loss"": 0.2105815713288982, ""AUS_gall bladder sludge"": 0.12034317685483722, ""interaction__clinical signs_weight loss__x__AUS_gall bladder sludge"": 0.23751947821704308}"
clinical signs_diarrhea | chem_discordantly elevated bun,clinical signs_diarrhea,chem_discordantly elevated bun,,1.0,0.6199285836456,0.6087415387117504,0.5723370429252782,0.20913948187368311,omitted_sparse_joint_cells,1.0,"{""intercept"": 0.9158341815779821, ""clinical signs_diarrhea"": -0.36293282002494603, ""chem_discordantly elevated bun"": -0.9123974302267595}"
CBC_basophilia | CBC_anemia,CBC_basophilia,CBC_anemia,,1.0,0.6199553777106417,0.6162774450566835,0.5325914149443561,0.21262672853304188,omitted_sparse_joint_cells,0.0,"{""intercept"": 0.8134115226460993, ""CBC_basophilia"": -0.6732270515003835, ""CBC_anemia"": -0.04688792105727103}"
AUS_duodenum | chem_discordantly elevated bun,AUS_duodenum,chem_discordantly elevated bun,,1.0,0.6199953943480911,0.6072489752964363,0.5870429252782194,0.20854995568468912,omitted_sparse_joint_cells,0.0,"{""intercept"": 0.5296933304414191, ""AUS_duodenum"": 0.3999167230712988, ""chem_discordantly elevated bun"": -0.9764485497351097}"
cobalamin_low | pli_abn,cobalamin_low,pli_abn,,1.0,0.6199956292858189,0.6091599555933611,0.5842607313195549,0.21014376113984667,included_binary_binary,5.0,"{""intercept"": 0.6476201776048093, ""cobalamin_low"": 0.6243469378408, ""pli_abn"": 0.03926738955665497, ""interaction__cobalamin_low__x__pli_abn"": -0.6351884343938542}"
CBC_eosinophilia | chem_hypokalemia,CBC_eosinophilia,chem_hypokalemia,,1.0,0.6200304507721971,0.6144880430548895,0.5429252782193958,0.21180523989214642,omitted_sparse_joint_cells,0.0,"{""intercept"": 0.8327674135527463, ""CBC_eosinophilia"": -0.7116878608484098, ""chem_hypokalemia"": -0.07943339026090952}"
pli_abn | procedure_clean,pli_abn,procedure_clean,,0.1,0.6201456983666513,0.6152767556983538,0.5767090620031796,0.2123356297437605,omitted_non_binary_or_categorical_pair,,"{""intercept"": 0.6938628369565961, ""pli_abn"": -0.024497316899159027, ""procedure_clean=other"": -0.169019659248336, ""procedure_clean=upper"": 0.16904143184661563}"
CBC_neutropenia | chem_hyperglycemia,CBC_neutropenia,chem_hyperglycemia,,1.0,0.6201849723050733,0.6126934883878749,0.5337837837837838,0.21085417486715294,omitted_sparse_joint_cells,0.0,"{""intercept"": 0.7920042687756326, ""CBC_neutropenia"": 0.13520013945032863, ""chem_hyperglycemia"": -0.930829506985169}"
AUS_mesenteric lymphadenopathy | chem_hyperglycemia,AUS_mesenteric lymphadenopathy,chem_hyperglycemia,,1.0,0.6202424921082046,0.6096453499047699,0.5651828298887123,0.20951028053391837,omitted_sparse_joint_cells,0.0,"{""intercept"": 0.6461668288716101, ""AUS_mesenteric lymphadenopathy"": 0.32120940695737055, ""chem_hyperglycemia"": -0.8846040487532358}"
clinical signs_hyporexia | AUS_colon,clinical signs_hyporexia,AUS_colon,,0.3,0.6202563406916917,0.6133503615659904,0.5729332273449921,0.2118176005915314,omitted_sparse_joint_cells,0.0,"{""intercept"": 0.7071293275373893, ""clinical signs_hyporexia"": 0.4647647877011639, ""AUS_colon"": 0.1093145040613266}"
AUS_colon | chem_hyperproteinemia,AUS_colon,chem_hyperproteinemia,,1.0,0.6202698123657917,0.6071484299299108,0.5614069952305246,0.20998802757471283,omitted_sparse_joint_cells,0.0,"{""intercept"": 0.7045170373569257, ""AUS_colon"": 0.19051107732494307, ""chem_hyperproteinemia"": 1.040894193394398}"
CBC_basophilia | chem_hypoproteinemia,CBC_basophilia,chem_hypoproteinemia,,1.0,0.6202910027734583,0.6163046109293812,0.5405405405405406,0.21263810288939164,omitted_sparse_joint_cells,1.0,"{""intercept"": 0.8117494396010293, ""CBC_basophilia"": -0.6732400690438373, ""chem_hypoproteinemia"": 0.0013107876772139255}"
CBC_eosinophilia | CBC_monocytosis,CBC_eosinophilia,CBC_monocytosis,,1.0,0.6203124473918653,0.6115184372482376,0.5530604133545309,0.2104436040268314,omitted_sparse_joint_cells,3.0,"{""intercept"": 0.7944209011749351, ""CBC_eosinophilia"": -0.7858120109345195, ""CBC_monocytosis"": 0.3667682350975724}"
CBC_neutropenia | chem_discordantly elevated bun,CBC_neutropenia,chem_discordantly elevated bun,,1.0,0.6203229229998666,0.6126934883878751,0.5337837837837838,0.21085417486715294,omitted_sparse_joint_cells,0.0,"{""intercept"": 0.7920042687756325, ""CBC_neutropenia"": 0.13520013945032866, ""chem_discordantly elevated bun"": -0.9308295069851689}"
CBC_lymphocytosis | chem_hypophosphatemia,CBC_lymphocytosis,chem_hypophosphatemia,,1.0,0.6203390734165211,0.6183315669893992,0.527027027027027,0.21389608505556176,omitted_sparse_joint_cells,0.0,"{""intercept"": 0.7622471567226885, ""CBC_lymphocytosis"": 0.4566542358508969, ""chem_hypophosphatemia"": 0.4566542358508969}"
cobalamin_low | chem_hypokalemia,cobalamin_low,chem_hypokalemia,,0.3,0.6203671901759156,0.6171349390050855,0.5600158982511924,0.21327336630336927,omitted_sparse_joint_cells,1.0,"{""intercept"": 0.6791763761598452, ""cobalamin_low"": 0.32896934472537537, ""chem_hypokalemia"": -0.010332819085200617}"
procedure_clean | AUS_ileum,procedure_clean,AUS_ileum,,0.1,0.6203919613261807,0.6145756413510218,0.5735294117647058,0.21198757468445611,omitted_non_binary_or_categorical_pair,,"{""intercept"": 0.669540476334945, ""procedure_clean=other"": -0.17714031691484786, ""procedure_clean=upper"": 0.17713722129104956, ""AUS_ileum"": 0.06768278190746403}"
AUS_duodenum | CBC_eosinophilia,AUS_duodenum,CBC_eosinophilia,,1.0,0.6204340191697648,0.6096947760816032,0.5884340222575517,0.20980461361509467,omitted_sparse_joint_cells,2.0,"{""intercept"": 0.5714852559071358, ""AUS_duodenum"": 0.3831249708588504, ""CBC_eosinophilia"": -0.7204050418962937}"
CBC_neutropenia | chem_decreased alt,CBC_neutropenia,chem_decreased alt,,1.0,0.6204417960756416,0.6126934883878749,0.5337837837837838,0.21085417486715294,omitted_sparse_joint_cells,0.0,"{""intercept"": 0.7920042687756325, ""CBC_neutropenia"": 0.13520013945032863, ""chem_decreased alt"": -0.930829506985169}"
CBC_neutrophilia | CBC_neutropenia,CBC_neutrophilia,CBC_neutropenia,,1.0,0.6204417960756416,0.6126934883878749,0.5337837837837838,0.21085417486715294,omitted_sparse_joint_cells,0.0,"{""intercept"": 0.7920042687756325, ""CBC_neutrophilia"": -0.9308295069851686, ""CBC_neutropenia"": 0.13520013945032883}"
chem_elevated total bilirubin | chem_hypophosphatemia,chem_elevated total bilirubin,chem_hypophosphatemia,,1.0,0.6204437722272405,0.6183315669893992,0.527027027027027,0.21389608505556174,omitted_sparse_joint_cells,0.0,"{""intercept"": 0.7622471567226885, ""chem_elevated total bilirubin"": 0.45665423585089693, ""chem_hypophosphatemia"": 0.45665423585089693}"
AUS_mesenteric lymphadenopathy | chem_no abnormalities,AUS_mesenteric lymphadenopathy,chem_no abnormalities,,1.0,0.6205705518244098,0.6072747917339767,0.5977742448330684,0.20879833851409793,included_binary_binary,16.0,"{""intercept"": 0.3965417328271741, ""AUS_mesenteric lymphadenopathy"": 0.6230262795891596, ""chem_no abnormalities"": 0.4993961047123326, ""interaction__AUS_mesenteric lymphadenopathy__x__chem_no abnormalities"": -0.6161818555045924}"
cobalamin_low | AUS_splenomegaly,cobalamin_low,AUS_splenomegaly,,0.3,0.6205929733234579,0.611306228653299,0.5890302066772655,0.21054210517508953,included_binary_binary,5.0,"{""intercept"": 0.7182307197335474, ""cobalamin_low"": 0.32323406819420775, ""AUS_splenomegaly"": -0.35951317084406825, ""interaction__cobalamin_low__x__AUS_splenomegaly"": 0.15371023635497277}"
CBC_lymphocytosis | chem_elevated total bilirubin,CBC_lymphocytosis,chem_elevated total bilirubin,,1.0,0.6207423897636614,0.6190309808664707,0.5202702702702703,0.21421705403606325,omitted_sparse_joint_cells,1.0,"{""intercept"": 0.7642913557871998, ""CBC_lymphocytosis"": 0.40762539674714565, ""chem_elevated total bilirubin"": 0.40762539674714565}"
clinical signs_weight loss | chem_elevated alt,clinical signs_weight loss,chem_elevated alt,,0.3,0.6207516772868756,0.6178016902845774,0.5600158982511924,0.2135288886671114,omitted_sparse_joint_cells,2.0,"{""intercept"": 0.6251596451214254, ""clinical signs_weight loss"": 0.25994099339836346, ""chem_elevated alt"": 0.19445976004314472}"
clinical signs_hyporexia | AUS_jejunum,clinical signs_hyporexia,AUS_jejunum,,0.3,0.620758230434773,0.6130219213512098,0.5582273449920508,0.2117575335623408,included_binary_binary,7.0,"{""intercept"": 0.7329056766711963, ""clinical signs_hyporexia"": 0.41283608070356836, ""AUS_jejunum"": -0.031041446545666956, ""interaction__clinical signs_hyporexia__x__AUS_jejunum"": 0.20504844078322593}"
clinical signs_weight loss | AUS_ileus,clinical signs_weight loss,AUS_ileus,,0.3,0.6207783419093856,0.614009079936528,0.5798887122416534,0.21175386627039128,omitted_sparse_joint_cells,3.0,"{""intercept"": 0.6727130160019152, ""clinical signs_weight loss"": 0.24926461307018433, ""AUS_ileus"": -0.3757964558764016}"
clinical signs_weight loss | AUS_no abnormalities,clinical signs_weight loss,AUS_no abnormalities,,1.0,0.6208031095460245,0.6181913795567738,0.5528616852146264,0.21366300215242692,omitted_sparse_joint_cells,0.0,"{""intercept"": 0.5878054699935146, ""clinical signs_weight loss"": 0.3480344388954988, ""AUS_no abnormalities"": 0.22739187030475458}"
procedure_clean | chem_azotemia,procedure_clean,chem_azotemia,,0.1,0.6208410696266676,0.6150894797289025,0.5862480127186009,0.21226427523371963,omitted_non_binary_or_categorical_pair,,"{""intercept"": 0.6968488518423829, ""procedure_clean=other"": -0.17055478664267645, ""procedure_clean=upper"": 0.17057101626226, ""chem_azotemia"": -0.0434727437294924}"
clinical signs_weight loss | CBC_eosinopenia,clinical signs_weight loss,CBC_eosinopenia,,1.0,0.6208921739801518,0.615310324263429,0.5695548489666137,0.21237615185475256,omitted_sparse_joint_cells,0.0,"{""intercept"": 0.6055830355106383, ""clinical signs_weight loss"": 0.3411498293036107, ""CBC_eosinopenia"": -0.5891197452229179}"
chem_discordantly elevated bun | chem_hypokalemia,chem_discordantly elevated bun,chem_hypokalemia,,1.0,0.6209197279531686,0.6128465169967908,0.5333863275039745,0.2109200740744329,omitted_sparse_joint_cells,0.0,"{""intercept"": 0.7999750994608911, ""chem_discordantly elevated bun"": -0.9341549449983918, ""chem_hypokalemia"": -0.057165406624123095}"
chem_decreased alt | chem_hypokalemia,chem_decreased alt,chem_hypokalemia,,1.0,0.6209364024991473,0.6128465169967908,0.5333863275039745,0.21092007407443292,omitted_sparse_joint_cells,0.0,"{""intercept"": 0.7999750994608913, ""chem_decreased alt"": -0.9341549449983922, ""chem_hypokalemia"": -0.057165406624122936}"
CBC_neutrophilia | chem_hypokalemia,CBC_neutrophilia,chem_hypokalemia,,1.0,0.6209364024991473,0.6128465169967908,0.5333863275039745,0.21092007407443292,omitted_sparse_joint_cells,0.0,"{""intercept"": 0.7999750994608913, ""CBC_neutrophilia"": -0.9341549449983919, ""chem_hypokalemia"": -0.057165406624123116}"
clinical signs_weight loss | chem_hypercalcemia,clinical signs_weight loss,chem_hypercalcemia,,1.0,0.6209508084476234,0.6180314479077464,0.5520667726550079,0.21359895117232114,omitted_sparse_joint_cells,0.0,"{""intercept"": 0.5991403474220297, ""clinical signs_weight loss"": 0.33690295271765747, ""chem_hypercalcemia"": 0.2911383698870301}"
clinical signs_weight loss | clinical signs_constipation,clinical signs_weight loss,clinical signs_constipation,,1.0,0.6209508084476234,0.6180314479077464,0.5520667726550079,0.21359895117232114,omitted_sparse_joint_cells,0.0,"{""intercept"": 0.5991403474220297, ""clinical signs_weight loss"": 0.33690295271765747, ""clinical signs_constipation"": 0.2911383698870301}"
clinical signs_weight loss | chem_hypercholesterolemia,clinical signs_weight loss,chem_hypercholesterolemia,,0.3,0.6209744277599729,0.6190613497064578,0.5520667726550079,0.21404445572832242,omitted_sparse_joint_cells,0.0,"{""intercept"": 0.6462362775420252, ""clinical signs_weight loss"": 0.24841208814278204, ""chem_hypercholesterolemia"": 0.09671139097597191}"
clinical signs_weight loss | CBC_basocytosis,clinical signs_weight loss,CBC_basocytosis,,0.3,0.6209788611354708,0.6191610128977518,0.5516693163751987,0.21409702043125786,omitted_sparse_joint_cells,0.0,"{""intercept"": 0.6474977099925269, ""clinical signs_weight loss"": 0.24634065067891656, ""CBC_basocytosis"": 0.08210001986377946}"
clinical signs_weight loss | chem_elevated alp,clinical signs_weight loss,chem_elevated alp,,0.3,0.6209882027026122,0.6183023371388652,0.5548489666136726,0.2136878911866749,omitted_sparse_joint_cells,0.0,"{""intercept"": 0.6509674481817457, ""clinical signs_weight loss"": 0.24467454962861782, ""chem_elevated alp"": -0.18443455773788905}"
clinical signs_weight loss | chem_elevated ast,clinical signs_weight loss,chem_elevated ast,,0.3,0.6209897431499275,0.619158483127707,0.5512718600953894,0.21408534721700628,omitted_sparse_joint_cells,0.0,"{""intercept"": 0.6504904713047851, ""clinical signs_weight loss"": 0.24508621973193676, ""chem_elevated ast"": -0.08291792942203963}"
AUS_duodenum | chem_hyperglycemia,AUS_duodenum,chem_hyperglycemia,,1.0,0.6209953602096813,0.6099593351506746,0.5576311605723371,0.20960758855569847,omitted_sparse_joint_cells,0.0,"{""intercept"": 0.5742028078274074, ""AUS_duodenum"": 0.3295253909713373, ""chem_hyperglycemia"": -0.8600943429709164}"
folate_high | chem_decreased alt,folate_high,chem_decreased alt,,1.0,0.6210036937598522,0.6105708789313561,0.5580286168521462,0.20993963531472207,omitted_sparse_joint_cells,0.0,"{""intercept"": 0.7163223583956387, ""folate_high"": 0.2910566064458832, ""chem_decreased alt"": -0.9053784736405929}"
folate_high | AUS_mesenteric lymphadenopathy,folate_high,AUS_mesenteric lymphadenopathy,,0.1,0.621011981826276,0.6149321244649883,0.5675675675675675,0.21243807571259518,included_binary_binary,15.0,"{""intercept"": 0.6650738234010384, ""folate_high"": 0.08551378848651724, ""AUS_mesenteric lymphadenopathy"": 0.12724456823958505, ""interaction__folate_high__x__AUS_mesenteric lymphadenopathy"": 0.20448545278554595}"
AUS_gall bladder sludge | chem_elevated total bilirubin,AUS_gall bladder sludge,chem_elevated total bilirubin,,1.0,0.6210270991393335,0.6177980351426782,0.5441176470588235,0.2136164829741895,omitted_sparse_joint_cells,0.0,"{""intercept"": 0.7177829430109154, ""AUS_gall bladder sludge"": 0.35052443439680175, ""chem_elevated total bilirubin"": 0.4682005495471973}"
clinical signs_weight loss | clinical signs_hairball obstruction,clinical signs_weight loss,clinical signs_hairball obstruction,,0.3,0.6210905934433713,0.6174404302324573,0.5576311605723371,0.21328503736712162,omitted_sparse_joint_cells,0.0,"{""intercept"": 0.659866305973206, ""clinical signs_weight loss"": 0.23769854410582908, ""clinical signs_hairball obstruction"": -0.24270050686832212}"
clinical signs_hyporexia | chem_azotemia,clinical signs_hyporexia,chem_azotemia,,0.3,0.6211127135039216,0.6138517305316159,0.5512718600953894,0.21206727565390301,omitted_sparse_joint_cells,2.0,"{""intercept"": 0.7267542511515392, ""clinical signs_hyporexia"": 0.45795461160971, ""chem_azotemia"": -0.04463135415699379}"
AUS_gall bladder sludge | chem_hypophosphatemia,AUS_gall bladder sludge,chem_hypophosphatemia,,1.0,0.6211390192665677,0.618293078252701,0.5373608903020668,0.21386311331354532,omitted_sparse_joint_cells,1.0,"{""intercept"": 0.7219049171708076, ""AUS_gall bladder sludge"": 0.33061221396515905, ""chem_hypophosphatemia"": 0.4269187562488825}"
clinical signs_vomiting | chem_hyperproteinemia,clinical signs_vomiting,chem_hyperproteinemia,,1.0,0.621143870166848,0.605526170088902,0.5765103338632751,0.20939033962419723,omitted_sparse_joint_cells,2.0,"{""intercept"": 0.9089620372621822, ""clinical signs_vomiting"": -0.28900966133691536, ""chem_hyperproteinemia"": 0.9895428727976295}"
clinical signs_diarrhea | CBC_basophilia,clinical signs_diarrhea,CBC_basophilia,,1.0,0.6211653799907494,0.6127882856020589,0.5649841017488076,0.21107947249762693,omitted_sparse_joint_cells,2.0,"{""intercept"": 0.9217231129497365, ""clinical signs_diarrhea"": -0.34204679755912293, ""CBC_basophilia"": -0.6198912646140768}"
AUS_splenomegaly | chem_hyperglycemia,AUS_splenomegaly,chem_hyperglycemia,,1.0,0.6211819885100265,0.6063294916526397,0.5731319554848967,0.20801339349154163,omitted_sparse_joint_cells,0.0,"{""intercept"": 0.8681215864909531, ""AUS_splenomegaly"": -0.5438976017138414, ""chem_hyperglycemia"": -0.9568503415250663}"
cobalamin_low | AUS_mesenteric lymphadenopathy,cobalamin_low,AUS_mesenteric lymphadenopathy,,0.1,0.6212392419573766,0.6158880806830072,0.5810810810810811,0.21274779016943646,included_binary_binary,14.0,"{""intercept"": 0.6505701393530614, ""cobalamin_low"": 0.15237931734665633, ""AUS_mesenteric lymphadenopathy"": 0.12672345023698756, ""interaction__cobalamin_low__x__AUS_mesenteric lymphadenopathy"": 0.11872974873035062}"
cobalamin_low | folate_low,cobalamin_low,folate_low,,0.3,0.62127282010964,0.6165876999943107,0.5620031796502385,0.21306490855138413,omitted_sparse_joint_cells,2.0,"{""intercept"": 0.6732338246752975, ""cobalamin_low"": 0.3279654380468109, ""folate_low"": 0.12585237412666467}"
AUS_gall bladder sludge | CBC_lymphocytosis,AUS_gall bladder sludge,CBC_lymphocytosis,,1.0,0.6212823764965387,0.618293078252701,0.5373608903020668,0.21386311331354532,omitted_sparse_joint_cells,1.0,"{""intercept"": 0.7219049171708076, ""AUS_gall bladder sludge"": 0.3306122139651591, ""CBC_lymphocytosis"": 0.4269187562488824}"
cobalamin_low | folate_high,cobalamin_low,folate_high,,0.1,0.6212834784583101,0.6173600662075464,0.5842607313195549,0.2133330675781426,included_binary_binary,9.0,"{""intercept"": 0.6862609453627991, ""cobalamin_low"": 0.1789453986229478, ""folate_high"": 0.11846790815466038, ""interaction__cobalamin_low__x__folate_high"": 0.03756569496515561}"
procedure_clean | clinical signs_vomiting,procedure_clean,clinical signs_vomiting,,0.1,0.6212987110832549,0.6130661334495289,0.6023449920508744,0.2114233283024398,omitted_non_binary_or_categorical_pair,,"{""intercept"": 0.7777300154244194, ""procedure_clean=other"": -0.16773510945001988, ""procedure_clean=upper"": 0.167729865454011, ""clinical signs_vomiting"": -0.14010563085800867}"
folate_low | chem_discordantly elevated bun,folate_low,chem_discordantly elevated bun,,1.0,0.6212996369288949,0.6102548710003975,0.5548489666136724,0.21001309168743004,omitted_sparse_joint_cells,1.0,"{""intercept"": 0.7801543775696981, ""folate_low"": 0.39513179033113205, ""chem_discordantly elevated bun"": -0.9915948185401797}"
procedure_clean | AUS_jejunum,procedure_clean,AUS_jejunum,,0.1,0.621303685536932,0.615258479460783,0.5749205087440382,0.21232491718129637,omitted_non_binary_or_categorical_pair,,"{""intercept"": 0.7071406798371239, ""procedure_clean=other"": -0.16949953332384257, ""procedure_clean=upper"": 0.16904360949918715, ""AUS_jejunum"": -0.02510741368624844}"
clinical signs_vomiting | clinical signs_hyporexia,clinical signs_vomiting,clinical signs_hyporexia,,0.3,0.6214378247796459,0.6103902256018597,0.5900238473767885,0.21059424775898847,included_binary_binary,7.0,"{""intercept"": 0.8675161786744447, ""clinical signs_vomiting"": -0.2434188827167231, ""clinical signs_hyporexia"": 0.4070408800928655, ""interaction__clinical signs_vomiting__x__clinical signs_hyporexia"": 0.18007961621662227}"
clinical signs_weight loss | CBC_lymphopenia,clinical signs_weight loss,CBC_lymphopenia,,0.3,0.6214954428772004,0.6193515195344382,0.5496820349761526,0.214174710132405,omitted_sparse_joint_cells,3.0,"{""intercept"": 0.6489906832774418, ""clinical signs_weight loss"": 0.24718530997422178, ""CBC_lymphopenia"": -0.021757974747674564}"
clinical signs_none | clinical signs_weight loss,clinical signs_none,clinical signs_weight loss,,0.3,0.621518783818743,0.6190281520916827,0.5536565977742448,0.21402810658770266,omitted_sparse_joint_cells,0.0,"{""intercept"": 0.6374149661742418, ""clinical signs_none"": 0.08693471184917423, ""clinical signs_weight loss"": 0.25538879024460676}"
cobalamin_low | clinical signs_diarrhea,cobalamin_low,clinical signs_diarrhea,,0.1,0.6215205279876002,0.6162818525182368,0.5890302066772655,0.21284781386312984,included_binary_binary,11.0,"{""intercept"": 0.76993097981382, ""cobalamin_low"": 0.17759672120993697, ""clinical signs_diarrhea"": -0.15673338231872708, ""interaction__cobalamin_low__x__clinical signs_diarrhea"": 0.03465912223286668}"
clinical signs_weight loss | CBC_anemia,clinical signs_weight loss,CBC_anemia,,0.3,0.6215208459874093,0.6193540752768617,0.548489666136725,0.21417068798448316,omitted_sparse_joint_cells,1.0,"{""intercept"": 0.648164306232907, ""clinical signs_weight loss"": 0.2474723412419621, ""CBC_anemia"": -0.019283106582594467}"
CBC_lymphocytosis | chem_elevated ast,CBC_lymphocytosis,chem_elevated ast,,1.0,0.6215331238298468,0.6192259286958602,0.5278219395866455,0.21413362269637612,omitted_sparse_joint_cells,1.0,"{""intercept"": 0.7750347381057696, ""CBC_lymphocytosis"": 0.5031910874093971, ""chem_elevated ast"": -0.3251906243861982}"
cobalamin_low | CBC_no abnormalities,cobalamin_low,CBC_no abnormalities,,0.3,0.6215457077282468,0.6157010367534176,0.5822734499205087,0.21257689927921294,included_binary_binary,12.0,"{""intercept"": 0.5745154583359158, ""cobalamin_low"": 0.3587871181987226, ""CBC_no abnormalities"": 0.14476335539652113, ""interaction__cobalamin_low__x__CBC_no abnormalities"": -0.05474185314093148}"
folate_low | CBC_eosinophilia,folate_low,CBC_eosinophilia,,0.3,0.6216221922263293,0.6170984480147159,0.5482909379968204,0.2130954598773292,omitted_sparse_joint_cells,0.0,"{""intercept"": 0.7974199379682781, ""folate_low"": 0.12613577294243708, ""CBC_eosinophilia"": -0.3708269688599288}"
chem_elevated ast | chem_elevated total bilirubin,chem_elevated ast,chem_elevated total bilirubin,,1.0,0.6216634255570483,0.6192259286958602,0.5278219395866455,0.21413362269637612,omitted_sparse_joint_cells,1.0,"{""intercept"": 0.7750347381057697, ""chem_elevated ast"": -0.3251906243861984, ""chem_elevated total bilirubin"": 0.5031910874093971}"
CBC_basocytosis | CBC_lymphocytosis,CBC_basocytosis,CBC_lymphocytosis,,1.0,0.6216662255982645,0.6199307837008988,0.5202702702702703,0.2145210747017419,omitted_sparse_joint_cells,0.0,"{""intercept"": 0.7681038540535179, ""CBC_basocytosis"": 0.26148561105786106, ""CBC_lymphocytosis"": 0.45435274926561875}"
clinical signs_constipation | CBC_lymphocytosis,clinical signs_constipation,CBC_lymphocytosis,,1.0,0.6216662255982646,0.6199307837008988,0.5202702702702703,0.2145210747017419,omitted_sparse_joint_cells,0.0,"{""intercept"": 0.7681038540535179, ""clinical signs_constipation"": 0.26148561105786106, ""CBC_lymphocytosis"": 0.45435274926561875}"
CBC_lymphocytosis | chem_hypercalcemia,CBC_lymphocytosis,chem_hypercalcemia,,1.0,0.6216662255982646,0.6199307837008988,0.5202702702702703,0.2145210747017419,omitted_sparse_joint_cells,0.0,"{""intercept"": 0.7681038540535176, ""CBC_lymphocytosis"": 0.45435274926561825, ""chem_hypercalcemia"": 0.2614856110578618}"
CBC_lymphocytosis | chem_elevated alp,CBC_lymphocytosis,chem_elevated alp,,1.0,0.6216750428237356,0.6174519150065265,0.5278219395866455,0.21332760495554037,omitted_sparse_joint_cells,0.0,"{""intercept"": 0.7758071824630244, ""CBC_lymphocytosis"": 0.4527715991693498, ""chem_elevated alp"": -0.5543622769143198}"
CBC_eosinopenia | CBC_lymphocytosis,CBC_eosinopenia,CBC_lymphocytosis,,1.0,0.6216750428237356,0.6174519150065265,0.5278219395866455,0.21332760495554037,omitted_sparse_joint_cells,0.0,"{""intercept"": 0.7758071824630244, ""CBC_eosinopenia"": -0.5543622769143198, ""CBC_lymphocytosis"": 0.4527715991693498}"
CBC_lymphocytosis | chem_hypercholesterolemia,CBC_lymphocytosis,chem_hypercholesterolemia,,1.0,0.6216764518987901,0.6199307837008988,0.5202702702702703,0.21452107470174187,omitted_sparse_joint_cells,0.0,"{""intercept"": 0.7681038540535179, ""CBC_lymphocytosis"": 0.45435274926561886, ""chem_hypercholesterolemia"": 0.261485611057861}"
CBC_no abnormalities | chem_no abnormalities,CBC_no abnormalities,chem_no abnormalities,,0.1,0.6217403139549285,0.6186326799981059,0.5556438791732909,0.21387502596118732,included_binary_binary,14.0,"{""intercept"": 0.637537188227952, ""CBC_no abnormalities"": 0.027171981421539093, ""chem_no abnormalities"": 0.09627122208233918, ""interaction__CBC_no abnormalities__x__chem_no abnormalities"": 0.14210128250522783}"
CBC_neutropenia | CBC_basophilia,CBC_neutropenia,CBC_basophilia,,0.3,0.6217448874454282,0.6190278076306437,0.5347774244833069,0.21396050324805704,omitted_sparse_joint_cells,0.0,"{""intercept"": 0.7910846599117799, ""CBC_neutropenia"": 0.05955823426518493, ""CBC_basophilia"": -0.32281229628063546}"
clinical signs_weight loss | AUS_mesenteric lymphadenopathy,clinical signs_weight loss,AUS_mesenteric lymphadenopathy,,0.1,0.6217480963629877,0.6174734313888778,0.5703497615262321,0.2133842156489202,included_binary_binary,19.0,"{""intercept"": 0.6307431935178335, ""clinical signs_weight loss"": 0.11316855707601663, ""AUS_mesenteric lymphadenopathy"": 0.11776179227769586, ""interaction__clinical signs_weight loss__x__AUS_mesenteric lymphadenopathy"": 0.10746144584074045}"
CBC_eosinopenia | chem_elevated total bilirubin,CBC_eosinopenia,chem_elevated total bilirubin,,1.0,0.621779985965286,0.6174519150065264,0.5278219395866455,0.21332760495554043,omitted_sparse_joint_cells,0.0,"{""intercept"": 0.7758071824630246, ""CBC_eosinopenia"": -0.5543622769143198, ""chem_elevated total bilirubin"": 0.4527715991693499}"
chem_elevated alp | chem_elevated total bilirubin,chem_elevated alp,chem_elevated total bilirubin,,1.0,0.621779985965286,0.6174519150065264,0.5278219395866455,0.21332760495554037,omitted_sparse_joint_cells,0.0,"{""intercept"": 0.7758071824630244, ""chem_elevated alp"": -0.5543622769143199, ""chem_elevated total bilirubin"": 0.4527715991693499}"
chem_elevated alp | chem_hypophosphatemia,chem_elevated alp,chem_hypophosphatemia,,1.0,0.621779985965286,0.6174519150065266,0.5278219395866455,0.21332760495554043,omitted_sparse_joint_cells,0.0,"{""intercept"": 0.7758071824630245, ""chem_elevated alp"": -0.5543622769143197, ""chem_hypophosphatemia"": 0.45277159916934995}"
CBC_eosinopenia | chem_hypophosphatemia,CBC_eosinopenia,chem_hypophosphatemia,,1.0,0.621779985965286,0.6174519150065265,0.5278219395866455,0.21332760495554037,omitted_sparse_joint_cells,0.0,"{""intercept"": 0.7758071824630244, ""CBC_eosinopenia"": -0.5543622769143199, ""chem_hypophosphatemia"": 0.45277159916934984}"
cobalamin_low | AUS_ileum,cobalamin_low,AUS_ileum,,0.1,0.6217864764709885,0.6174183253475672,0.5806836248012719,0.21341051959057764,included_binary_binary,9.0,"{""intercept"": 0.7155518631689637, ""cobalamin_low"": 0.16876968902259787, ""AUS_ileum"": -0.002132899452859126, ""interaction__cobalamin_low__x__AUS_ileum"": 0.13807555732002233}"
chem_hypercalcemia | chem_hypophosphatemia,chem_hypercalcemia,chem_hypophosphatemia,,1.0,0.6217882319795061,0.6199307837008987,0.5202702702702703,0.2145210747017419,omitted_sparse_joint_cells,0.0,"{""intercept"": 0.7681038540535179, ""chem_hypercalcemia"": 0.2614856110578611, ""chem_hypophosphatemia"": 0.45435274926561875}"
clinical signs_constipation | chem_elevated total bilirubin,clinical signs_constipation,chem_elevated total bilirubin,,1.0,0.6217882319795061,0.6199307837008988,0.5202702702702703,0.2145210747017419,omitted_sparse_joint_cells,0.0,"{""intercept"": 0.7681038540535176, ""clinical signs_constipation"": 0.2614856110578618, ""chem_elevated total bilirubin"": 0.45435274926561825}"
clinical signs_constipation | chem_hypophosphatemia,clinical signs_constipation,chem_hypophosphatemia,,1.0,0.6217882319795061,0.6199307837008987,0.5202702702702703,0.2145210747017419,omitted_sparse_joint_cells,0.0,"{""intercept"": 0.7681038540535179, ""clinical signs_constipation"": 0.2614856110578612, ""chem_hypophosphatemia"": 0.45435274926561864}"
chem_elevated total bilirubin | chem_hypercalcemia,chem_elevated total bilirubin,chem_hypercalcemia,,1.0,0.6217882319795061,0.6199307837008988,0.5202702702702703,0.2145210747017419,omitted_sparse_joint_cells,0.0,"{""intercept"": 0.7681038540535176, ""chem_elevated total bilirubin"": 0.4543527492656183, ""chem_hypercalcemia"": 0.2614856110578618}"
CBC_basocytosis | chem_elevated total bilirubin,CBC_basocytosis,chem_elevated total bilirubin,,1.0,0.6217895286071993,0.6199307837008988,0.5202702702702703,0.21452107470174187,omitted_sparse_joint_cells,0.0,"{""intercept"": 0.7681038540535176, ""CBC_basocytosis"": 0.2614856110578618, ""chem_elevated total bilirubin"": 0.45435274926561825}"
CBC_basocytosis | chem_hypophosphatemia,CBC_basocytosis,chem_hypophosphatemia,,1.0,0.6217895286071993,0.6199307837008987,0.5202702702702703,0.21452107470174187,omitted_sparse_joint_cells,0.0,"{""intercept"": 0.7681038540535179, ""CBC_basocytosis"": 0.261485611057861, ""chem_hypophosphatemia"": 0.45435274926561875}"
chem_elevated ast | chem_hypophosphatemia,chem_elevated ast,chem_hypophosphatemia,,1.0,0.6217969405528974,0.6199019480489634,0.5210651828298888,0.21448238128127414,omitted_sparse_joint_cells,0.0,"{""intercept"": 0.7751042607673548, ""chem_elevated ast"": -0.2584950096610752, ""chem_hypophosphatemia"": 0.4510159844229405}"
chem_hypercholesterolemia | chem_hypophosphatemia,chem_hypercholesterolemia,chem_hypophosphatemia,,1.0,0.6217984582800316,0.6199307837008987,0.5202702702702703,0.2145210747017419,omitted_sparse_joint_cells,0.0,"{""intercept"": 0.7681038540535179, ""chem_hypercholesterolemia"": 0.2614856110578611, ""chem_hypophosphatemia"": 0.45435274926561875}"
chem_elevated total bilirubin | chem_hypercholesterolemia,chem_elevated total bilirubin,chem_hypercholesterolemia,,1.0,0.6217984582800316,0.6199307837008988,0.5202702702702703,0.2145210747017419,omitted_sparse_joint_cells,0.0,"{""intercept"": 0.7681038540535176, ""chem_elevated total bilirubin"": 0.45435274926561825, ""chem_hypercholesterolemia"": 0.2614856110578618}"
CBC_monocytosis | chem_decreased alt,CBC_monocytosis,chem_decreased alt,,1.0,0.6218127623335483,0.6108560812831639,0.5572337042925278,0.21017826176779408,omitted_sparse_joint_cells,1.0,"{""intercept"": 0.7659449898575681, ""CBC_monocytosis"": 0.2982747919158431, ""chem_decreased alt"": -0.9717726284509252}"
CBC_neutrophilia | CBC_monocytosis,CBC_neutrophilia,CBC_monocytosis,,1.0,0.6218127623335483,0.6108560812831639,0.5572337042925278,0.2101782617677941,omitted_sparse_joint_cells,1.0,"{""intercept"": 0.7659449898575683, ""CBC_neutrophilia"": -0.971772628450926, ""CBC_monocytosis"": 0.29827479191584366}"
chem_no abnormalities | chem_elevated alt,chem_no abnormalities,chem_elevated alt,,1.0,0.6218756421850324,0.6153825816050431,0.5707472178060413,0.21241535368127307,omitted_sparse_joint_cells,0.0,"{""intercept"": 0.5091754950948026, ""chem_no abnormalities"": 0.3981538284689382, ""chem_elevated alt"": 0.465605647851561}"
clinical signs_weight loss | chem_hypoproteinemia,clinical signs_weight loss,chem_hypoproteinemia,,0.3,0.6218765986472901,0.6192775011118903,0.5520667726550079,0.2141495168673292,omitted_sparse_joint_cells,1.0,"{""intercept"": 0.649245065552414, ""clinical signs_weight loss"": 0.24921917900188137, ""chem_hypoproteinemia"": -0.0456401265150885}"
AUS_splenomegaly | chem_decreased alt,AUS_splenomegaly,chem_decreased alt,,1.0,0.621928260316325,0.6063294916526397,0.5731319554848967,0.20801339349154163,omitted_sparse_joint_cells,0.0,"{""intercept"": 0.8681215864909531, ""AUS_splenomegaly"": -0.5438976017138413, ""chem_decreased alt"": -0.9568503415250664}"
AUS_jejunum | AUS_mesenteric lymphadenopathy,AUS_jejunum,AUS_mesenteric lymphadenopathy,,0.1,0.6219747436166202,0.6141278977682376,0.6045310015898251,0.21193960237193835,included_binary_binary,11.0,"{""intercept"": 0.6978111827732215, ""AUS_jejunum"": -0.07544028027936996, ""AUS_mesenteric lymphadenopathy"": 0.08693002615803207, ""interaction__AUS_jejunum__x__AUS_mesenteric lymphadenopathy"": 0.24216767381253182}"
clinical signs_weight loss | CBC_neutropenia,clinical signs_weight loss,CBC_neutropenia,,0.1,0.6219904724170519,0.6203938172048019,0.5520667726550079,0.2146266138611176,omitted_sparse_joint_cells,2.0,"{""intercept"": 0.7008197071583336, ""clinical signs_weight loss"": 0.14333159486025118, ""CBC_neutropenia"": 0.02484267763954935}"
CBC_no abnormalities | CBC_lymphocytosis,CBC_no abnormalities,CBC_lymphocytosis,,1.0,0.6220021224066664,0.6194913236057632,0.5417329093799682,0.2142757662535423,omitted_sparse_joint_cells,0.0,"{""intercept"": 0.6385116627562731, ""CBC_no abnormalities"": 0.18003182030026435, ""CBC_lymphocytosis"": 0.4892816547161301}"
CBC_basophilia | CBC_monocytosis,CBC_basophilia,CBC_monocytosis,,1.0,0.6220280844913555,0.6129227427946873,0.5653815580286169,0.2114240624066918,omitted_sparse_joint_cells,2.0,"{""intercept"": 0.7757852955151584, ""CBC_basophilia"": -0.7771799550457259, ""CBC_monocytosis"": 0.38118928965199406}"
clinical signs_hairball obstruction | CBC_lymphocytosis,clinical signs_hairball obstruction,CBC_lymphocytosis,,1.0,0.6220285369621887,0.6157895432703769,0.5353736089030207,0.21255416695755064,omitted_sparse_joint_cells,0.0,"{""intercept"": 0.7890521816034534, ""clinical signs_hairball obstruction"": -0.6237746909874756, ""CBC_lymphocytosis"": 0.4494436710237231}"
AUS_no abnormalities | CBC_lymphocytosis,AUS_no abnormalities,CBC_lymphocytosis,,1.0,0.6221023173274911,0.6203482428288946,0.5194753577106518,0.21468857301449565,omitted_sparse_joint_cells,0.0,"{""intercept"": 0.7649935218937998, ""AUS_no abnormalities"": 0.15245708965748148, ""CBC_lymphocytosis"": 0.4533822081549639}"
clinical signs_weight loss | AUS_splenomegaly,clinical signs_weight loss,AUS_splenomegaly,,0.1,0.6221142255496599,0.6168256297853442,0.5886327503974563,0.21306852573425333,included_binary_binary,5.0,"{""intercept"": 0.724669856930247, ""clinical signs_weight loss"": 0.1434137934229546, ""AUS_splenomegaly"": -0.13744273941328172, ""interaction__clinical signs_weight loss__x__AUS_splenomegaly"": -0.12403643922281435}"
clinical signs_hairball obstruction | chem_elevated total bilirubin,clinical signs_hairball obstruction,chem_elevated total bilirubin,,1.0,0.6221270097599485,0.6157895432703769,0.5353736089030207,0.21255416695755064,omitted_sparse_joint_cells,0.0,"{""intercept"": 0.7890521816034534, ""clinical signs_hairball obstruction"": -0.6237746909874756, ""chem_elevated total bilirubin"": 0.4494436710237231}"
clinical signs_hairball obstruction | chem_hypophosphatemia,clinical signs_hairball obstruction,chem_hypophosphatemia,,1.0,0.6221270097599485,0.6157895432703768,0.5353736089030207,0.21255416695755064,omitted_sparse_joint_cells,0.0,"{""intercept"": 0.7890521816034534, ""clinical signs_hairball obstruction"": -0.6237746909874757, ""chem_hypophosphatemia"": 0.4494436710237229}"
folate_high | CBC_basophilia,folate_high,CBC_basophilia,,1.0,0.6221350873765477,0.6136255440440548,0.5522655007949127,0.2113969642706003,omitted_sparse_joint_cells,1.0,"{""intercept"": 0.7282599012473268, ""folate_high"": 0.3015470065535134, ""CBC_basophilia"": -0.6596477592409924}"
cobalamin_low | CBC_monocytosis,cobalamin_low,CBC_monocytosis,,0.1,0.6221394058728127,0.6182821378969797,0.5588235294117646,0.21376338720807675,included_binary_binary,5.0,"{""intercept"": 0.714466397092527, ""cobalamin_low"": 0.1730468835312343, ""CBC_monocytosis"": 0.04544451543529242, ""interaction__cobalamin_low__x__CBC_monocytosis"": 0.08513645431036397}"
CBC_no abnormalities | chem_elevated total bilirubin,CBC_no abnormalities,chem_elevated total bilirubin,,1.0,0.6221497382093523,0.619779027206166,0.5349761526232115,0.21442823841203346,omitted_sparse_joint_cells,1.0,"{""intercept"": 0.6526302858028199, ""CBC_no abnormalities"": 0.16178184370158583, ""chem_elevated total bilirubin"": 0.46468156591492654}"
breed_group | procedure_clean,breed_group,procedure_clean,,0.1,0.6221608812088342,0.6102070896686103,0.5882352941176471,0.21003566158683504,omitted_non_binary_or_categorical_pair,,"{""intercept"": 0.6201031325801588, ""breed_group=DLH"": 0.029119240798884123, ""breed_group=DMH"": -0.17533593484384535, ""breed_group=DSH"": 0.12394739985398925, ""breed_group=other"": 0.02228319585418905, ""procedure_clean=other"": -0.1662354182171208, ""procedure_clean=upper"": 0.16624931988033803}"
AUS_gall bladder sludge | CBC_eosinopenia,AUS_gall bladder sludge,CBC_eosinopenia,,0.3,0.622208847261627,0.6195011572788145,0.5315977742448331,0.21428344857117435,omitted_sparse_joint_cells,0.0,"{""intercept"": 0.746190754051756, ""AUS_gall bladder sludge"": 0.21863209971600528, ""CBC_eosinopenia"": -0.20463003621859452}"
AUS_gall bladder sludge | CBC_basocytosis,AUS_gall bladder sludge,CBC_basocytosis,,0.3,0.6222257709868216,0.6206008600495312,0.5349761526232114,0.2147378068266202,omitted_sparse_joint_cells,0.0,"{""intercept"": 0.7440461343467267, ""AUS_gall bladder sludge"": 0.21398554913564166, ""CBC_basocytosis"": 0.0907502973222037}"
AUS_gall bladder sludge | chem_hypercholesterolemia,AUS_gall bladder sludge,chem_hypercholesterolemia,,0.3,0.6222260983404952,0.6206008600495312,0.5349761526232114,0.2147378068266202,omitted_sparse_joint_cells,0.0,"{""intercept"": 0.7440461343467267, ""AUS_gall bladder sludge"": 0.21398554913564166, ""chem_hypercholesterolemia"": 0.0907502973222037}"
AUS_gall bladder sludge | chem_elevated alp,AUS_gall bladder sludge,chem_elevated alp,,0.3,0.6222283481415346,0.6197157939249491,0.5411367249602543,0.21433416241981906,omitted_sparse_joint_cells,0.0,"{""intercept"": 0.7471756265089633, ""AUS_gall bladder sludge"": 0.21192169439213357, ""chem_elevated alp"": -0.1908092107068408}"
AUS_no abnormalities | chem_elevated total bilirubin,AUS_no abnormalities,chem_elevated total bilirubin,,1.0,0.622228411578843,0.6203482428288946,0.5194753577106518,0.2146885730144956,omitted_sparse_joint_cells,0.0,"{""intercept"": 0.7649935218937998, ""AUS_no abnormalities"": 0.15245708965748134, ""chem_elevated total bilirubin"": 0.4533822081549641}"
clinical signs_constipation | AUS_gall bladder sludge,clinical signs_constipation,AUS_gall bladder sludge,,0.3,0.6222288473454413,0.6206008600495312,0.5349761526232114,0.2147378068266202,omitted_sparse_joint_cells,0.0,"{""intercept"": 0.7440461343467266, ""clinical signs_constipation"": 0.0907502973222037, ""AUS_gall bladder sludge"": 0.21398554913564166}"
AUS_gall bladder sludge | chem_hypercalcemia,AUS_gall bladder sludge,chem_hypercalcemia,,0.3,0.6222288473454413,0.6206008600495312,0.5349761526232114,0.2147378068266202,omitted_sparse_joint_cells,0.0,"{""intercept"": 0.7440461343467266, ""AUS_gall bladder sludge"": 0.21398554913564166, ""chem_hypercalcemia"": 0.0907502973222037}"
AUS_gall bladder sludge | chem_elevated ast,AUS_gall bladder sludge,chem_elevated ast,,0.3,0.6222327352259291,0.6205791891406411,0.535174880763116,0.21472481238456334,omitted_sparse_joint_cells,0.0,"{""intercept"": 0.7468793988613954, ""AUS_gall bladder sludge"": 0.21237490509793208, ""chem_elevated ast"": -0.09473292803271055}"
clinical signs_hairball obstruction | AUS_gall bladder sludge,clinical signs_hairball obstruction,AUS_gall bladder sludge,,0.3,0.6222384188868597,0.6186126720346622,0.5472972972972974,0.2138308404530619,omitted_sparse_joint_cells,0.0,"{""intercept"": 0.7534505879785615, ""clinical signs_hairball obstruction"": -0.25909149912758006, ""AUS_gall bladder sludge"": 0.20962931673119842}"
cobalamin_low | AUS_colon,cobalamin_low,AUS_colon,,0.1,0.6222450534609771,0.6189247167103249,0.5635930047694754,0.21401584812867633,omitted_sparse_joint_cells,2.0,"{""intercept"": 0.7174664829502507, ""cobalamin_low"": 0.18162057484350433, ""AUS_colon"": 0.04291787593289209}"
AUS_gall bladder sludge | chem_elevated alt,AUS_gall bladder sludge,chem_elevated alt,,0.3,0.6222554754270451,0.6195990874786661,0.5465023847376788,0.21431019436992993,omitted_sparse_joint_cells,0.0,"{""intercept"": 0.7295452336736887, ""AUS_gall bladder sludge"": 0.22139872579945816, ""chem_elevated alt"": 0.17681997818887416}"
clinical signs_weight loss | chem_hypokalemia,clinical signs_weight loss,chem_hypokalemia,,0.1,0.6222596135935613,0.6204545899590772,0.5472972972972973,0.21465034920550566,omitted_sparse_joint_cells,1.0,"{""intercept"": 0.7019191338577788, ""clinical signs_weight loss"": 0.1430595060444148, ""chem_hypokalemia"": -0.0030604583873359223}"
AUS_gall bladder sludge | chem_no abnormalities,AUS_gall bladder sludge,chem_no abnormalities,,0.1,0.6222596348943982,0.619701757792906,0.5584260731319555,0.21432847099426625,omitted_sparse_joint_cells,4.0,"{""intercept"": 0.6844942067552314, ""AUS_gall bladder sludge"": 0.09732679079231021, ""chem_no abnormalities"": 0.13338406209398468}"
CBC_basophilia | chem_hypokalemia,CBC_basophilia,chem_hypokalemia,,1.0,0.6222632785234412,0.6162134714339074,0.5345786963434023,0.2125987977071207,omitted_sparse_joint_cells,0.0,"{""intercept"": 0.8156044444488944, ""CBC_basophilia"": -0.6764957481840039, ""chem_hypokalemia"": -0.0669055015252725}"
clinical signs_weight loss | AUS_chronic degenerative renal changes,clinical signs_weight loss,AUS_chronic degenerative renal changes,,0.1,0.6222711841151757,0.6199167879086711,0.5643879173290938,0.21442055675740998,included_binary_binary,6.0,"{""intercept"": 0.7019336678825158, ""clinical signs_weight loss"": 0.1402496293409275, ""AUS_chronic degenerative renal changes"": -0.023407231801986658, ""interaction__clinical signs_weight loss__x__AUS_chronic degenerative renal changes"": 0.07367194410977135}"
CBC_monocytosis | chem_hyperglycemia,CBC_monocytosis,chem_hyperglycemia,,1.0,0.6223124593752493,0.6119992604832454,0.5425278219395866,0.21056057943036582,omitted_sparse_joint_cells,0.0,"{""intercept"": 0.7726134273010142, ""CBC_monocytosis"": 0.22665747717365575, ""chem_hyperglycemia"": -0.9228615754686136}"
AUS_no abnormalities | AUS_gall bladder sludge,AUS_no abnormalities,AUS_gall bladder sludge,,0.3,0.6223183781879639,0.6206922765509516,0.5347774244833069,0.21477656225408687,omitted_sparse_joint_cells,0.0,"{""intercept"": 0.742323925328175, ""AUS_no abnormalities"": 0.06729264520089392, ""AUS_gall bladder sludge"": 0.21537922112494762}"
folate_high | clinical signs_weight loss,folate_high,clinical signs_weight loss,,0.1,0.6223256866687781,0.6179246631868238,0.5691573926868044,0.21359486565089703,included_binary_binary,15.0,"{""intercept"": 0.6617497172525858, ""folate_high"": 0.10799259829674808, ""clinical signs_weight loss"": 0.1362040854297232, ""interaction__folate_high__x__clinical signs_weight loss"": 0.10109379732724567}"
chem_no abnormalities | chem_hypophosphatemia,chem_no abnormalities,chem_hypophosphatemia,,1.0,0.6223338425991799,0.616303140230701,0.566772655007949,0.21286855717447248,omitted_sparse_joint_cells,0.0,"{""intercept"": 0.5720595656995844, ""chem_no abnormalities"": 0.34000407539006644, ""chem_hypophosphatemia"": 0.5075589785542813}"
chem_no abnormalities | chem_elevated total bilirubin,chem_no abnormalities,chem_elevated total bilirubin,,1.0,0.6223338425991799,0.616303140230701,0.566772655007949,0.21286855717447248,omitted_sparse_joint_cells,0.0,"{""intercept"": 0.5720595656995845, ""chem_no abnormalities"": 0.3400040753900662, ""chem_elevated total bilirubin"": 0.5075589785542812}"
pli_abn | CBC_eosinophilia,pli_abn,CBC_eosinophilia,,0.3,0.6223376642522551,0.6176202925135942,0.5411367249602544,0.21331614089392478,omitted_sparse_joint_cells,2.0,"{""intercept"": 0.8077953873809977, ""pli_abn"": -0.03247849946948681, ""CBC_eosinophilia"": -0.3707399967902457}"
CBC_no abnormalities | chem_hypophosphatemia,CBC_no abnormalities,chem_hypophosphatemia,,1.0,0.6223560805871615,0.6200176736277543,0.5282193958664546,0.21455206614106853,omitted_sparse_joint_cells,0.0,"{""intercept"": 0.6645330757829493, ""CBC_no abnormalities"": 0.145827795473826, ""chem_hypophosphatemia"": 0.444089177176387}"
CBC_lymphocytosis | chem_no abnormalities,CBC_lymphocytosis,chem_no abnormalities,,1.0,0.6223736218744584,0.6168444164783596,0.5600158982511924,0.21315390312962437,omitted_sparse_joint_cells,1.0,"{""intercept"": 0.58195908424611, ""CBC_lymphocytosis"": 0.46303686807600447, ""chem_no abnormalities"": 0.3248353678692287}"
AUS_ileus | AUS_gall bladder sludge,AUS_ileus,AUS_gall bladder sludge,,0.1,0.6223951098649442,0.6194006251277792,0.5596184419713832,0.2141754390128979,omitted_sparse_joint_cells,0.0,"{""intercept"": 0.7724763424836038, ""AUS_ileus"": -0.15477959995640303, ""AUS_gall bladder sludge"": 0.10082527117444012}"
AUS_splenomegaly | CBC_neutrophilia,AUS_splenomegaly,CBC_neutrophilia,,1.0,0.622415003458762,0.6083600656785152,0.5584260731319555,0.20889470208321084,omitted_sparse_joint_cells,1.0,"{""intercept"": 0.8588030680180342, ""AUS_splenomegaly"": -0.48510775509274695, ""CBC_neutrophilia"": -0.87511421813796}"
clinical signs_diarrhea | chem_no abnormalities,clinical signs_diarrhea,chem_no abnormalities,,0.1,0.622420679327018,0.6154550616843578,0.5914149443561207,0.2125311174642412,included_binary_binary,9.0,"{""intercept"": 0.7549621940152044, ""clinical signs_diarrhea"": -0.1287845787830568, ""chem_no abnormalities"": 0.1670895125247023, ""interaction__clinical signs_diarrhea__x__chem_no abnormalities"": -0.1429301936845226}"
AUS_ileus | chem_no abnormalities,AUS_ileus,chem_no abnormalities,,0.1,0.6224534207883553,0.6183319309775842,0.5620031796502385,0.2136859411861609,omitted_sparse_joint_cells,3.0,"{""intercept"": 0.7085474850667185, ""AUS_ileus"": -0.1540053238594542, ""chem_no abnormalities"": 0.13521819827306802}"
AUS_duodenum | CBC_basophilia,AUS_duodenum,CBC_basophilia,,1.0,0.6224541881921904,0.6119902894519242,0.5788950715421304,0.21082913766359443,omitted_sparse_joint_cells,2.0,"{""intercept"": 0.565638643972211, ""AUS_duodenum"": 0.3657490872523116, ""CBC_basophilia"": -0.6581203137383596}"
pli_abn | chem_discordantly elevated bun,pli_abn,chem_discordantly elevated bun,,1.0,0.6225135343987713,0.6127077600074138,0.5393481717011129,0.21086491038961358,omitted_sparse_joint_cells,0.0,"{""intercept"": 0.8094226503153655, ""pli_abn"": -0.08933979480040728, ""chem_discordantly elevated bun"": -0.93578677716781}"
AUS_ileus | CBC_lymphocytosis,AUS_ileus,CBC_lymphocytosis,,0.3,0.6225218433266246,0.6167575282292669,0.550476947535771,0.21295761689170886,omitted_sparse_joint_cells,0.0,"{""intercept"": 0.800372429561801, ""AUS_ileus"": -0.37171567172713643, ""CBC_lymphocytosis"": 0.16536852495131368}"
AUS_no abnormalities | chem_hypophosphatemia,AUS_no abnormalities,chem_hypophosphatemia,,1.0,0.6225400444741134,0.6205532136618599,0.512718600953895,0.2147885459567482,omitted_sparse_joint_cells,1.0,"{""intercept"": 0.7668897906170847, ""AUS_no abnormalities"": 0.1000215689937829, ""chem_hypophosphatemia"": 0.4423418282221503}"
AUS_ileus | chem_hypophosphatemia,AUS_ileus,chem_hypophosphatemia,,0.3,0.6225662200399171,0.6167575282292669,0.550476947535771,0.21295761689170886,omitted_sparse_joint_cells,0.0,"{""intercept"": 0.8003724295618011, ""AUS_ileus"": -0.37171567172713643, ""chem_hypophosphatemia"": 0.16536852495131368}"
AUS_ileus | chem_elevated total bilirubin,AUS_ileus,chem_elevated total bilirubin,,0.3,0.6225662200399171,0.6167575282292669,0.550476947535771,0.2129576168917089,omitted_sparse_joint_cells,0.0,"{""intercept"": 0.8003724295618011, ""AUS_ileus"": -0.37171567172713643, ""chem_elevated total bilirubin"": 0.16536852495131368}"
CBC_monocytosis | chem_discordantly elevated bun,CBC_monocytosis,chem_discordantly elevated bun,,1.0,0.622615962797215,0.6119992604832454,0.5425278219395866,0.21056057943036577,omitted_sparse_joint_cells,0.0,"{""intercept"": 0.7726134273010141, ""CBC_monocytosis"": 0.22665747717365595, ""chem_discordantly elevated bun"": -0.9228615754686136}"
clinical signs_hairball obstruction | chem_no abnormalities,clinical signs_hairball obstruction,chem_no abnormalities,,0.1,0.6226247788102988,0.6197732650433669,0.5536565977742448,0.21433220478460832,omitted_sparse_joint_cells,1.0,"{""intercept"": 0.7002326430847656, ""clinical signs_hairball obstruction"": -0.09676830904489306, ""chem_no abnormalities"": 0.13650106754752195}"
folate_low | clinical signs_weight loss,folate_low,clinical signs_weight loss,,0.1,0.6226382149634242,0.6201979921285017,0.5536565977742449,0.2145357498704668,omitted_sparse_joint_cells,2.0,"{""intercept"": 0.6995007578237645, ""folate_low"": 0.051686662274640784, ""clinical signs_weight loss"": 0.14307878049072123}"
clinical signs_weight loss | AUS_duodenum,clinical signs_weight loss,AUS_duodenum,,0.1,0.622663796328225,0.6172979261102286,0.571939586645469,0.2132842530376276,included_binary_binary,15.0,"{""intercept"": 0.5927441449351004, ""clinical signs_weight loss"": 0.10774574095967276, ""AUS_duodenum"": 0.12607441621414509, ""interaction__clinical signs_weight loss__x__AUS_duodenum"": 0.11058602769440683}"
pli_abn | clinical signs_weight loss,pli_abn,clinical signs_weight loss,,0.1,0.6226763247897045,0.6191389406478928,0.5544515103338633,0.21409207576741165,included_binary_binary,6.0,"{""intercept"": 0.708850932871741, ""pli_abn"": -0.009535467083380073, ""clinical signs_weight loss"": 0.1495237158049856, ""interaction__pli_abn__x__clinical signs_weight loss"": -0.10955555757778722}"
clinical signs_diarrhea | AUS_ileus,clinical signs_diarrhea,AUS_ileus,,0.1,0.62267681196779,0.6174626923153391,0.5967806041335453,0.2133460182558857,omitted_sparse_joint_cells,0.0,"{""intercept"": 0.8389723182429892, ""clinical signs_diarrhea"": -0.15768641849689832, ""AUS_ileus"": -0.16394649736000524}"
CBC_eosinopenia | chem_no abnormalities,CBC_eosinopenia,chem_no abnormalities,,0.1,0.6226836931416614,0.6202143034179292,0.5552464228934817,0.2145462411001395,omitted_sparse_joint_cells,0.0,"{""intercept"": 0.6972089430369095, ""CBC_eosinopenia"": -0.06838389761835709, ""chem_no abnormalities"": 0.13801633468394905}"
chem_no abnormalities | chem_hypercholesterolemia,chem_no abnormalities,chem_hypercholesterolemia,,0.1,0.6226851709670264,0.6205522295483723,0.5492845786963434,0.21468908221596675,omitted_sparse_joint_cells,0.0,"{""intercept"": 0.69629688246683, ""chem_no abnormalities"": 0.13789560542217322, ""chem_hypercholesterolemia"": 0.03303373165751044}"
chem_no abnormalities | chem_hypercalcemia,chem_no abnormalities,chem_hypercalcemia,,0.1,0.622686979943159,0.6205522295483723,0.5492845786963434,0.21468908221596675,omitted_sparse_joint_cells,0.0,"{""intercept"": 0.69629688246683, ""chem_no abnormalities"": 0.13789560542217322, ""chem_hypercalcemia"": 0.03303373165751044}"
chem_no abnormalities | chem_elevated ast,chem_no abnormalities,chem_elevated ast,,0.1,0.622688335163655,0.6205685474966308,0.5484896661367249,0.21469602209446972,omitted_sparse_joint_cells,0.0,"{""intercept"": 0.6977098178531698, ""chem_no abnormalities"": 0.137006301026423, ""chem_elevated ast"": -0.03143902691120564}"
clinical signs_constipation | chem_no abnormalities,clinical signs_constipation,chem_no abnormalities,,0.1,0.6226900490885663,0.6205763157245889,0.5496820349761526,0.21470148722215562,omitted_sparse_joint_cells,0.0,"{""intercept"": 0.6966245280735693, ""clinical signs_constipation"": 0.0296907812690419, ""chem_no abnormalities"": 0.13743461387667427}"
CBC_basocytosis | chem_no abnormalities,CBC_basocytosis,chem_no abnormalities,,0.1,0.6226905920587454,0.6205763157245889,0.5496820349761526,0.2147014872221556,omitted_sparse_joint_cells,0.0,"{""intercept"": 0.6966245280735701, ""CBC_basocytosis"": 0.029690781269041903, ""chem_no abnormalities"": 0.137434613876674}"
chem_no abnormalities | chem_elevated alp,chem_no abnormalities,chem_elevated alp,,0.1,0.6226940834483617,0.6202666028926074,0.5516693163751987,0.21456040195127773,omitted_sparse_joint_cells,0.0,"{""intercept"": 0.6977798269952658, ""chem_no abnormalities"": 0.13701614334413997, ""chem_elevated alp"": -0.06498831146222406}"
AUS_no abnormalities | chem_no abnormalities,AUS_no abnormalities,chem_no abnormalities,,0.1,0.6227229865098195,0.6205935134669502,0.5508744038155803,0.2147101941423886,omitted_sparse_joint_cells,2.0,"{""intercept"": 0.6957163917410774, ""AUS_no abnormalities"": 0.025649616217706457, ""chem_no abnormalities"": 0.1377105807440439}"
AUS_splenomegaly | CBC_basophilia,AUS_splenomegaly,CBC_basophilia,,0.1,0.6227646945481953,0.6190039388716883,0.5784976152623211,0.2140170637109741,omitted_sparse_joint_cells,2.0,"{""intercept"": 0.8020848560256978, ""AUS_splenomegaly"": -0.14932484047335062, ""CBC_basophilia"": -0.12457672374542382}"
AUS_gall bladder sludge | CBC_anemia,AUS_gall bladder sludge,CBC_anemia,,0.1,0.6227719517145529,0.6217535051903333,0.5292130365659777,0.21521863966259402,omitted_sparse_joint_cells,0.0,"{""intercept"": 0.7617904176320701, ""AUS_gall bladder sludge"": 0.10352321424651773, ""CBC_anemia"": -0.004094761162286153}"
AUS_gall bladder sludge | CBC_lymphopenia,AUS_gall bladder sludge,CBC_lymphopenia,,0.1,0.6227805676768328,0.6217388906984896,0.5103338632750397,0.2152150366826405,omitted_sparse_joint_cells,2.0,"{""intercept"": 0.762304131824358, ""AUS_gall bladder sludge"": 0.10375798777218172, ""CBC_lymphopenia"": -0.011910532170229159}"
AUS_mesenteric lymphadenopathy | CBC_lymphocytosis,AUS_mesenteric lymphadenopathy,CBC_lymphocytosis,,0.1,0.6228060879904733,0.6198656296812485,0.557631160572337,0.2144009904991154,omitted_sparse_joint_cells,1.0,"{""intercept"": 0.7054918236296882, ""AUS_mesenteric lymphadenopathy"": 0.15017374106025919, ""CBC_lymphocytosis"": 0.06034405584665042}"
clinical signs_none | AUS_gall bladder sludge,clinical signs_none,AUS_gall bladder sludge,,0.1,0.6228095674163068,0.6217219644316736,0.5294117647058824,0.21520563868975426,omitted_sparse_joint_cells,1.0,"{""intercept"": 0.760494472528226, ""clinical signs_none"": 0.01810487136510306, ""AUS_gall bladder sludge"": 0.1036084665266494}"
AUS_mesenteric lymphadenopathy | chem_elevated total bilirubin,AUS_mesenteric lymphadenopathy,chem_elevated total bilirubin,,0.1,0.622811266494504,0.619816184877886,0.5588235294117647,0.21437545510849484,omitted_sparse_joint_cells,0.0,"{""intercept"": 0.7049699645056108, ""AUS_mesenteric lymphadenopathy"": 0.15105099955509005, ""chem_elevated total bilirubin"": 0.06363387858009267}"
AUS_mesenteric lymphadenopathy | chem_hypophosphatemia,AUS_mesenteric lymphadenopathy,chem_hypophosphatemia,,0.1,0.622811266494504,0.6198161848778859,0.5588235294117647,0.21437545510849484,omitted_sparse_joint_cells,0.0,"{""intercept"": 0.7049699645056109, ""AUS_mesenteric lymphadenopathy"": 0.15105099955509005, ""chem_hypophosphatemia"": 0.06363387858009267}"
clinical signs_none | chem_no abnormalities,clinical signs_none,chem_no abnormalities,,0.1,0.6228256090495083,0.6205578453365193,0.5508744038155802,0.21469120465423075,omitted_sparse_joint_cells,0.0,"{""intercept"": 0.6943530930409157, ""clinical signs_none"": 0.029055682122240554, ""chem_no abnormalities"": 0.13886436528558868}"
chem_elevated alt | chem_hypophosphatemia,chem_elevated alt,chem_hypophosphatemia,,1.0,0.6228277678805332,0.6189203890903255,0.5321939586645469,0.2140953344970869,omitted_sparse_joint_cells,0.0,"{""intercept"": 0.7451987330115394, ""chem_elevated alt"": 0.3153318289826138, ""chem_hypophosphatemia"": 0.4608257134622544}"
clinical signs_hairball obstruction | AUS_ileus,clinical signs_hairball obstruction,AUS_ileus,,0.1,0.6228680253397378,0.6197485092031819,0.5389507154213037,0.21430377926065575,omitted_sparse_joint_cells,0.0,"{""intercept"": 0.7904846979891211, ""clinical signs_hairball obstruction"": -0.09014218551805865, ""AUS_ileus"": -0.1518873169941248}"
AUS_ileus | chem_elevated alp,AUS_ileus,chem_elevated alp,,0.1,0.6228698461668172,0.6200276935467594,0.5526629570747217,0.21444147760131274,omitted_sparse_joint_cells,0.0,"{""intercept"": 0.78879886240558, ""AUS_ileus"": -0.15707444943816115, ""chem_elevated alp"": -0.06712180538022944}"
AUS_ileus | CBC_eosinopenia,AUS_ileus,CBC_eosinopenia,,0.1,0.6228698461668172,0.6200276935467595,0.5526629570747217,0.21444147760131274,omitted_sparse_joint_cells,0.0,"{""intercept"": 0.78879886240558, ""AUS_ileus"": -0.15707444943816115, ""CBC_eosinopenia"": -0.06712180538022944}"
AUS_ileus | chem_elevated ast,AUS_ileus,chem_elevated ast,,0.1,0.6228708836996114,0.6203289226451195,0.5467011128775835,0.21457281052929839,omitted_sparse_joint_cells,0.0,"{""intercept"": 0.7888394741530168, ""AUS_ileus"": -0.15704945426135886, ""chem_elevated ast"": -0.035844609116215696}"
clinical signs_constipation | AUS_ileus,clinical signs_constipation,AUS_ileus,,0.1,0.6228730577195672,0.6203655626032164,0.5445151033386327,0.21458882943615776,omitted_sparse_joint_cells,0.0,"{""intercept"": 0.7878873093004903, ""clinical signs_constipation"": 0.03056966493360743, ""AUS_ileus"": -0.15689124803578036}"
AUS_ileus | chem_hypercalcemia,AUS_ileus,chem_hypercalcemia,,0.1,0.6228730577195672,0.6203655626032164,0.5445151033386327,0.21458882943615776,omitted_sparse_joint_cells,0.0,"{""intercept"": 0.7878873093004903, ""AUS_ileus"": -0.15689124803578036, ""chem_hypercalcemia"": 0.03056966493360743}"
AUS_ileus | CBC_basocytosis,AUS_ileus,CBC_basocytosis,,0.1,0.6228733933864427,0.6203655626032164,0.5445151033386327,0.21458882943615776,omitted_sparse_joint_cells,0.0,"{""intercept"": 0.7878873093004903, ""AUS_ileus"": -0.15689124803578036, ""CBC_basocytosis"": 0.03056966493360743}"
AUS_ileus | chem_hypercholesterolemia,AUS_ileus,chem_hypercholesterolemia,,0.1,0.6228741145540118,0.6203655626032164,0.5445151033386327,0.21458882943615776,omitted_sparse_joint_cells,0.0,"{""intercept"": 0.7878873093004903, ""AUS_ileus"": -0.15689124803578036, ""chem_hypercholesterolemia"": 0.03056966493360743}"
cobalamin_low | breed_group,cobalamin_low,breed_group,,0.1,0.6228852024809397,0.6127010134290278,0.6043322734499206,0.2113449886480597,omitted_non_binary_or_categorical_pair,,"{""intercept"": 0.6313688557603822, ""cobalamin_low"": 0.1959733824332637, ""breed_group=DLH"": 0.02103643032645295, ""breed_group=DMH"": -0.17763983704459285, ""breed_group=DSH"": 0.15082622511352345, ""breed_group=other"": 0.005516220534548567}"
AUS_mesenteric lymphadenopathy | AUS_gall bladder sludge,AUS_mesenteric lymphadenopathy,AUS_gall bladder sludge,,0.1,0.6228909582122595,0.6183936575820693,0.5663751987281399,0.21379741616675876,included_binary_binary,7.0,"{""intercept"": 0.6872442889257563, ""AUS_mesenteric lymphadenopathy"": 0.14752357481538952, ""AUS_gall bladder sludge"": 0.09874389795576229, ""interaction__AUS_mesenteric lymphadenopathy__x__AUS_gall bladder sludge"": 0.0853795261517305}"
CBC_lymphopenia | chem_no abnormalities,CBC_lymphopenia,chem_no abnormalities,,0.1,0.6228912128997519,0.6206444918123251,0.546899841017488,0.21472953553131174,omitted_sparse_joint_cells,2.0,"{""intercept"": 0.6973349684071004, ""CBC_lymphopenia"": -0.010785554676571227, ""chem_no abnormalities"": 0.1376256333645784}"
CBC_anemia | chem_no abnormalities,CBC_anemia,chem_no abnormalities,,0.1,0.6229010552912015,0.6206609240249044,0.5468998410174881,0.21473716851142513,omitted_sparse_joint_cells,0.0,"{""intercept"": 0.6972156478793173, ""CBC_anemia"": 7.650471764020835e-05, ""chem_no abnormalities"": 0.13725769673773514}"
AUS_splenomegaly | chem_discordantly elevated bun,AUS_splenomegaly,chem_discordantly elevated bun,,0.1,0.6229035042259339,0.6189319281433248,0.5556438791732909,0.21394878510478638,omitted_sparse_joint_cells,1.0,"{""intercept"": 0.7987690812373743, ""AUS_splenomegaly"": -0.1507939056000009, ""chem_discordantly elevated bun"": -0.12850667222231202}"
AUS_mesenteric lymphadenopathy | chem_elevated alt,AUS_mesenteric lymphadenopathy,chem_elevated alt,,0.1,0.6229121130408906,0.6195701363100369,0.5620031796502385,0.21427651354307523,omitted_sparse_joint_cells,2.0,"{""intercept"": 0.6987044743492595, ""AUS_mesenteric lymphadenopathy"": 0.15253177035282897, ""chem_elevated alt"": 0.07801684970244822}"
AUS_ileus | CBC_no abnormalities,AUS_ileus,CBC_no abnormalities,,0.1,0.6229121312059709,0.6200405130095974,0.5580286168521462,0.21444962254010475,omitted_sparse_joint_cells,2.0,"{""intercept"": 0.744642820368267, ""AUS_ileus"": -0.15767855328022848, ""CBC_no abnormalities"": 0.05935595716730898}"
AUS_no abnormalities | AUS_ileus,AUS_no abnormalities,AUS_ileus,,0.1,0.6229125344428419,0.6204025671360862,0.5423290937996821,0.21460443559507278,omitted_sparse_joint_cells,0.0,"{""intercept"": 0.7873085115103501, ""AUS_no abnormalities"": 0.023175513761037693, ""AUS_ileus"": -0.1568153622490566}"
pli_abn | chem_hyperglycemia,pli_abn,chem_hyperglycemia,,1.0,0.6229204697602357,0.6127077600074138,0.5393481717011129,0.21086491038961358,omitted_sparse_joint_cells,0.0,"{""intercept"": 0.8094226503153654, ""pli_abn"": -0.0893397948004073, ""chem_hyperglycemia"": -0.9357867771678099}"
AUS_ileus | chem_elevated alt,AUS_ileus,chem_elevated alt,,0.1,0.6229331428637831,0.6199819005332432,0.5520667726550079,0.2144243671229773,omitted_sparse_joint_cells,0.0,"{""intercept"": 0.7824397716418235, ""AUS_ileus"": -0.15614422263622715, ""chem_elevated alt"": 0.06920674339474275}"
AUS_gall bladder sludge | chem_hypoproteinemia,AUS_gall bladder sludge,chem_hypoproteinemia,,0.1,0.622938718157714,0.6217494478787794,0.5294117647058825,0.2152169210923941,omitted_sparse_joint_cells,0.0,"{""intercept"": 0.7621310652321522, ""AUS_gall bladder sludge"": 0.10345973749353442, ""chem_hypoproteinemia"": -0.008004646742305622}"
CBC_lymphocytosis | chem_elevated alt,CBC_lymphocytosis,chem_elevated alt,,0.3,0.6229433355429836,0.6210236860247824,0.5254372019077901,0.2149276009082777,omitted_sparse_joint_cells,1.0,"{""intercept"": 0.7615637496797175, ""CBC_lymphocytosis"": 0.16049087108035126, ""chem_elevated alt"": 0.16046777074499932}"
CBC_lymphocytosis | CBC_lymphopenia,CBC_lymphocytosis,CBC_lymphopenia,,1.0,0.6229456789159692,0.620604030733637,0.5151033386327505,0.21479882049677373,omitted_sparse_joint_cells,0.0,"{""intercept"": 0.7726583554594902, ""CBC_lymphocytosis"": 0.4535564241176158, ""CBC_lymphopenia"": -0.04519610098160304}"
folate_high | chem_no abnormalities,folate_high,chem_no abnormalities,,0.1,0.622953978965926,0.6175670040506459,0.5691573926868044,0.2134574442589083,included_binary_binary,15.0,"{""intercept"": 0.654563143441125, ""folate_high"": 0.10449019305941569, ""chem_no abnormalities"": 0.12974223695177622, ""interaction__folate_high__x__chem_no abnormalities"": 0.12570297041505632}"
AUS_duodenum | chem_no abnormalities,AUS_duodenum,chem_no abnormalities,,0.1,0.6229820923821032,0.6166945103878949,0.575516693163752,0.21303161212055388,included_binary_binary,14.0,"{""intercept"": 0.5785968000643525, ""AUS_duodenum"": 0.12597874317695648, ""chem_no abnormalities"": 0.10464448850708195, ""interaction__AUS_duodenum__x__chem_no abnormalities"": 0.13349623888539605}"
clinical signs_diarrhea | CBC_lymphocytosis,clinical signs_diarrhea,CBC_lymphocytosis,,0.1,0.6229854806422233,0.6198427990306408,0.5560413354531002,0.21437703525463758,omitted_sparse_joint_cells,1.0,"{""intercept"": 0.8255886539113335, ""clinical signs_diarrhea"": -0.15258008377050847, ""CBC_lymphocytosis"": 0.06135410784371435}"
clinical signs_hairball obstruction | chem_elevated alp,clinical signs_hairball obstruction,chem_elevated alp,,0.3,0.622990536191999,0.6193256771874258,0.5371621621621622,0.21410694633222424,omitted_sparse_joint_cells,0.0,"{""intercept"": 0.7868979026840421, ""clinical signs_hairball obstruction"": -0.26706436309546816, ""chem_elevated alp"": -0.19085115681858472}"
clinical signs_hairball obstruction | CBC_eosinopenia,clinical signs_hairball obstruction,CBC_eosinopenia,,0.3,0.622990536191999,0.6193256771874259,0.5371621621621622,0.21410694633222424,omitted_sparse_joint_cells,0.0,"{""intercept"": 0.7868979026840421, ""clinical signs_hairball obstruction"": -0.26706436309546816, ""CBC_eosinopenia"": -0.19085115681858472}"
folate_high | AUS_gall bladder sludge,folate_high,AUS_gall bladder sludge,,0.1,0.6229906893804006,0.6200679866565569,0.5500794912559619,0.21451095037223736,omitted_sparse_joint_cells,4.0,"{""intercept"": 0.7272159508102345, ""folate_high"": 0.12087372873208183, ""AUS_gall bladder sludge"": 0.10526328792550071}"
AUS_chronic degenerative renal changes | AUS_gall bladder sludge,AUS_chronic degenerative renal changes,AUS_gall bladder sludge,,0.1,0.6229930246555263,0.6217285428665533,0.5349761526232115,0.21520728044778378,omitted_sparse_joint_cells,1.0,"{""intercept"": 0.763565042318268, ""AUS_chronic degenerative renal changes"": -0.016453490394568164, ""AUS_gall bladder sludge"": 0.10338193533647252}"
clinical signs_hairball obstruction | chem_elevated ast,clinical signs_hairball obstruction,chem_elevated ast,,0.3,0.622997405561922,0.6201924079458395,0.5308028616852146,0.214494496551034,omitted_sparse_joint_cells,0.0,"{""intercept"": 0.7868845826926881, ""clinical signs_hairball obstruction"": -0.26571639422152193, ""chem_elevated ast"": -0.09838773747864028}"
AUS_no abnormalities | AUS_mesenteric lymphadenopathy,AUS_no abnormalities,AUS_mesenteric lymphadenopathy,,0.1,0.6229978106445493,0.6201118472372622,0.5556438791732909,0.2145046663548198,omitted_sparse_joint_cells,0.0,"{""intercept"": 0.7049832680410812, ""AUS_no abnormalities"": 0.03044171565726511, ""AUS_mesenteric lymphadenopathy"": 0.15095035237617335}"
clinical signs_hairball obstruction | CBC_basocytosis,clinical signs_hairball obstruction,CBC_basocytosis,,0.3,0.6230012325938006,0.6202729002963258,0.5290143084260731,0.21453250043746533,omitted_sparse_joint_cells,0.0,"{""intercept"": 0.7842385927735663, ""clinical signs_hairball obstruction"": -0.2652202509133349, ""CBC_basocytosis"": 0.08698788035263433}"
clinical signs_hairball obstruction | chem_hypercalcemia,clinical signs_hairball obstruction,chem_hypercalcemia,,0.3,0.6230018019630312,0.6202729002963258,0.5290143084260731,0.21453250043746533,omitted_sparse_joint_cells,0.0,"{""intercept"": 0.7842385927735663, ""clinical signs_hairball obstruction"": -0.2652202509133349, ""chem_hypercalcemia"": 0.08698788035263434}"
clinical signs_hairball obstruction | clinical signs_constipation,clinical signs_hairball obstruction,clinical signs_constipation,,0.3,0.6230018019630312,0.6202729002963258,0.5290143084260731,0.21453250043746533,omitted_sparse_joint_cells,0.0,"{""intercept"": 0.7842385927735663, ""clinical signs_hairball obstruction"": -0.2652202509133349, ""clinical signs_constipation"": 0.08698788035263434}"
AUS_mesenteric lymphadenopathy | chem_elevated alp,AUS_mesenteric lymphadenopathy,chem_elevated alp,,0.1,0.6230051588919123,0.6198184258195266,0.5580286168521463,0.2143732313651649,omitted_sparse_joint_cells,0.0,"{""intercept"": 0.7074719782233737, ""AUS_mesenteric lymphadenopathy"": 0.1496707728802883, ""chem_elevated alp"": -0.06492185335535475}"
AUS_mesenteric lymphadenopathy | CBC_eosinopenia,AUS_mesenteric lymphadenopathy,CBC_eosinopenia,,0.1,0.6230051588919123,0.6198184258195266,0.5580286168521463,0.21437323136516498,omitted_sparse_joint_cells,0.0,"{""intercept"": 0.7074719782233738, ""AUS_mesenteric lymphadenopathy"": 0.1496707728802884, ""CBC_eosinopenia"": -0.06492185335535473}"
AUS_mesenteric lymphadenopathy | CBC_basocytosis,AUS_mesenteric lymphadenopathy,CBC_basocytosis,,0.1,0.6230053415831527,0.6201328728326868,0.5536565977742449,0.2145160518110623,omitted_sparse_joint_cells,0.0,"{""intercept"": 0.7064210362857558, ""AUS_mesenteric lymphadenopathy"": 0.14998904854788983, ""CBC_basocytosis"": 0.029054730964284545}"
clinical signs_hairball obstruction | chem_hypercholesterolemia,clinical signs_hairball obstruction,chem_hypercholesterolemia,,0.3,0.6230057206003883,0.6202729002963258,0.5290143084260731,0.21453250043746533,omitted_sparse_joint_cells,0.0,"{""intercept"": 0.7842385927735663, ""clinical signs_hairball obstruction"": -0.2652202509133349, ""chem_hypercholesterolemia"": 0.08698788035263434}"
chem_no abnormalities | chem_hypoproteinemia,chem_no abnormalities,chem_hypoproteinemia,,0.1,0.6230078395431382,0.6206615887955257,0.5445151033386327,0.21473746132104057,omitted_sparse_joint_cells,0.0,"{""intercept"": 0.6972606870979986, ""chem_no abnormalities"": 0.13720453292722276, ""chem_hypoproteinemia"": -0.00018707280934829773}"
AUS_mesenteric lymphadenopathy | chem_elevated ast,AUS_mesenteric lymphadenopathy,chem_elevated ast,,0.1,0.6230085187824687,0.6201180328382433,0.5540540540540541,0.21450740193035178,omitted_sparse_joint_cells,0.0,"{""intercept"": 0.7074108253429322, ""AUS_mesenteric lymphadenopathy"": 0.1497028454759275, ""chem_elevated ast"": -0.031906811847166844}"
AUS_gall bladder sludge | CBC_neutropenia,AUS_gall bladder sludge,CBC_neutropenia,,0.1,0.6230087211920602,0.6217037745403828,0.5443163751987281,0.21519437693053892,omitted_sparse_joint_cells,1.0,"{""intercept"": 0.7608353090242133, ""AUS_gall bladder sludge"": 0.10345244064250596, ""CBC_neutropenia"": 0.023287685696389806}"
AUS_mesenteric lymphadenopathy | chem_hypercalcemia,AUS_mesenteric lymphadenopathy,chem_hypercalcemia,,0.1,0.6230107486320537,0.6201328728326868,0.5536565977742449,0.2145160518110623,omitted_sparse_joint_cells,0.0,"{""intercept"": 0.7064210362857558, ""AUS_mesenteric lymphadenopathy"": 0.14998904854788975, ""chem_hypercalcemia"": 0.02905473096428455}"
clinical signs_constipation | AUS_mesenteric lymphadenopathy,clinical signs_constipation,AUS_mesenteric lymphadenopathy,,0.1,0.6230107486320537,0.6201328728326868,0.5536565977742449,0.2145160518110623,omitted_sparse_joint_cells,0.0,"{""intercept"": 0.7064210362857558, ""clinical signs_constipation"": 0.02905473096428455, ""AUS_mesenteric lymphadenopathy"": 0.14998904854788975}"
AUS_mesenteric lymphadenopathy | chem_hypercholesterolemia,AUS_mesenteric lymphadenopathy,chem_hypercholesterolemia,,0.1,0.6230115505333489,0.6201328728326868,0.5536565977742449,0.2145160518110623,omitted_sparse_joint_cells,0.0,"{""intercept"": 0.7064210362857559, ""AUS_mesenteric lymphadenopathy"": 0.14998904854788972, ""chem_hypercholesterolemia"": 0.029054730964284556}"
clinical signs_hairball obstruction | AUS_mesenteric lymphadenopathy,clinical signs_hairball obstruction,AUS_mesenteric lymphadenopathy,,0.1,0.6230230499024711,0.6193840947015267,0.56120826709062,0.21417798596375534,omitted_sparse_joint_cells,0.0,"{""intercept"": 0.7102715678944994, ""clinical signs_hairball obstruction"": -0.09418560908532629, ""AUS_mesenteric lymphadenopathy"": 0.1481620504010987}"
clinical signs_diarrhea | chem_elevated total bilirubin,clinical signs_diarrhea,chem_elevated total bilirubin,,0.1,0.62302974655906,0.619888759781995,0.557631160572337,0.21440105113741795,omitted_sparse_joint_cells,0.0,"{""intercept"": 0.8253712818532928, ""clinical signs_diarrhea"": -0.1517000698136209, ""chem_elevated total bilirubin"": 0.058593456550910944}"
clinical signs_diarrhea | chem_hypophosphatemia,clinical signs_diarrhea,chem_hypophosphatemia,,0.1,0.62302974655906,0.6198887597819949,0.557631160572337,0.21440105113741795,omitted_sparse_joint_cells,0.0,"{""intercept"": 0.8253712818532929, ""clinical signs_diarrhea"": -0.15170006981362086, ""chem_hypophosphatemia"": 0.058593456550910944}"
AUS_jejunum | chem_hyperglycemia,AUS_jejunum,chem_hyperglycemia,,1.0,0.6230321778894562,0.6123522426890204,0.5560413354531002,0.210740473194068,omitted_sparse_joint_cells,0.0,"{""intercept"": 0.867109486897103, ""AUS_jejunum"": -0.10424902074895656, ""chem_hyperglycemia"": -0.9563366534976496}"
chem_elevated alt | chem_elevated total bilirubin,chem_elevated alt,chem_elevated total bilirubin,,0.1,0.6230372467993002,0.622089042540104,0.5186804451510334,0.21536393630485887,omitted_sparse_joint_cells,0.0,"{""intercept"": 0.7709894656407519, ""chem_elevated alt"": 0.06897626685008139, ""chem_elevated total bilirubin"": 0.05789726134279774}"
AUS_splenomegaly | AUS_gall bladder sludge,AUS_splenomegaly,AUS_gall bladder sludge,,0.1,0.6230386337912284,0.6191644309994325,0.5751192368839427,0.21409577900961999,omitted_sparse_joint_cells,4.0,"{""intercept"": 0.780071647053193, ""AUS_splenomegaly"": -0.15612111078053417, ""AUS_gall bladder sludge"": 0.10866223244287979}"
AUS_duodenum | AUS_gall bladder sludge,AUS_duodenum,AUS_gall bladder sludge,,0.1,0.6230642595726245,0.6178426353100765,0.5693561208267091,0.21356557585760927,included_binary_binary,5.0,"{""intercept"": 0.6531711745677641, ""AUS_duodenum"": 0.1454419668842712, ""AUS_gall bladder sludge"": 0.08378869183419552, ""interaction__AUS_duodenum__x__AUS_gall bladder sludge"": 0.12165544484361702}"
clinical signs_diarrhea | clinical signs_hairball obstruction,clinical signs_diarrhea,clinical signs_hairball obstruction,,0.1,0.6230648207544479,0.6191900973742754,0.5661764705882353,0.2140969756010565,omitted_sparse_joint_cells,0.0,"{""intercept"": 0.8299626762944313, ""clinical signs_diarrhea"": -0.153943569940473, ""clinical signs_hairball obstruction"": -0.10137895345079352}"
folate_high | AUS_duodenum,folate_high,AUS_duodenum,,0.1,0.6230656582451625,0.6164134235287444,0.5769077901430842,0.21297583854856705,included_binary_binary,10.0,"{""intercept"": 0.6302289164463457, ""folate_high"": 0.08707837133780304, ""AUS_duodenum"": 0.1379750090519678, ""interaction__folate_high__x__AUS_duodenum"": 0.15895708633751754}"
AUS_mesenteric lymphadenopathy | AUS_ileus,AUS_mesenteric lymphadenopathy,AUS_ileus,,0.1,0.6230675351694024,0.6180334589413833,0.581081081081081,0.2135889499332941,omitted_sparse_joint_cells,1.0,"{""intercept"": 0.7190479444637509, ""AUS_mesenteric lymphadenopathy"": 0.14533934994826103, ""AUS_ileus"": -0.1502675864402171}"
CBC_neutropenia | chem_no abnormalities,CBC_neutropenia,chem_no abnormalities,,0.1,0.6230722886499251,0.6205792433268292,0.5504769475357711,0.21470253750718307,omitted_sparse_joint_cells,1.0,"{""intercept"": 0.6958477604037067, ""CBC_neutropenia"": 0.028022057183449665, ""chem_no abnormalities"": 0.13779762452734998}"
clinical signs_hairball obstruction | CBC_no abnormalities,clinical signs_hairball obstruction,CBC_no abnormalities,,0.1,0.6230806139209373,0.6215189124715498,0.546899841017488,0.21510564564423995,omitted_sparse_joint_cells,0.0,"{""intercept"": 0.735972275661628, ""clinical signs_hairball obstruction"": -0.10116519959969375, ""CBC_no abnormalities"": 0.06080321107521694}"
AUS_ileus | CBC_lymphopenia,AUS_ileus,CBC_lymphopenia,,0.1,0.6230842788068844,0.6204391373922383,0.5429252782193958,0.21462049016705384,omitted_sparse_joint_cells,0.0,"{""intercept"": 0.7887907067875308, ""AUS_ileus"": -0.1570220723816935, ""CBC_lymphopenia"": -0.011070083725559995}"
clinical signs_hairball obstruction | AUS_no abnormalities,clinical signs_hairball obstruction,AUS_no abnormalities,,0.1,0.6230881388257675,0.6219046490177176,0.5272257551669316,0.2152706793713879,omitted_sparse_joint_cells,0.0,"{""intercept"": 0.7796528674549591, ""clinical signs_hairball obstruction"": -0.09915426499756824, ""AUS_no abnormalities"": 0.02372497978261689}"
clinical signs_hairball obstruction | chem_elevated alt,clinical signs_hairball obstruction,chem_elevated alt,,0.1,0.6230882875780104,0.6214625054032149,0.5381558028616852,0.2150817231996341,omitted_sparse_joint_cells,0.0,"{""intercept"": 0.7747268265269699, ""clinical signs_hairball obstruction"": -0.09884385165022977, ""chem_elevated alt"": 0.07041179955255819}"
AUS_ileus | CBC_anemia,AUS_ileus,CBC_anemia,,0.1,0.6230966303025823,0.6204525768070291,0.5459062003179651,0.21462633075065504,omitted_sparse_joint_cells,1.0,"{""intercept"": 0.7882407618116777, ""AUS_ileus"": -0.15688402405934304, ""CBC_anemia"": -0.00260454706089506}"
CBC_lymphopenia | chem_elevated total bilirubin,CBC_lymphopenia,chem_elevated total bilirubin,,1.0,0.6230988276786051,0.6206040307336371,0.5151033386327505,0.21479882049677373,omitted_sparse_joint_cells,0.0,"{""intercept"": 0.7726583554594902, ""CBC_lymphopenia"": -0.045196100981602996, ""chem_elevated total bilirubin"": 0.4535564241176157}"
CBC_lymphopenia | chem_hypophosphatemia,CBC_lymphopenia,chem_hypophosphatemia,,1.0,0.6230988276786052,0.620604030733637,0.5151033386327505,0.21479882049677373,omitted_sparse_joint_cells,0.0,"{""intercept"": 0.7726583554594902, ""CBC_lymphopenia"": -0.045196100981603, ""chem_hypophosphatemia"": 0.45355642411761576}"
folate_low | CBC_basophilia,folate_low,CBC_basophilia,,0.1,0.6231099700489903,0.6210203819983133,0.5409379968203498,0.21488230271052142,omitted_sparse_joint_cells,0.0,"{""intercept"": 0.7814680949143142, ""folate_low"": 0.05152905317333343, ""CBC_basophilia"": -0.12880033907969068}"
clinical signs_none | AUS_ileus,clinical signs_none,AUS_ileus,,0.1,0.6231238041361442,0.6204276770783167,0.5401430842607313,0.21461510631228956,omitted_sparse_joint_cells,0.0,"{""intercept"": 0.7870977888876698, ""clinical signs_none"": 0.016512980548598653, ""AUS_ileus"": -0.15678602959498703}"
AUS_splenomegaly | chem_no abnormalities,AUS_splenomegaly,chem_no abnormalities,,0.1,0.6231267739458775,0.6178267855933981,0.5620031796502385,0.21344631735694397,included_binary_binary,5.0,"{""intercept"": 0.7133234675194291, ""AUS_splenomegaly"": -0.15932634236095045, ""chem_no abnormalities"": 0.13511531565654084, ""interaction__AUS_splenomegaly__x__chem_no abnormalities"": 0.05732420018689674}"
CBC_eosinopenia | chem_elevated alp,CBC_eosinopenia,chem_elevated alp,,0.3,0.6231295632658781,0.6205250558786122,0.5294117647058824,0.21464933845481954,omitted_sparse_joint_cells,0.0,"{""intercept"": 0.7813754854667848, ""CBC_eosinopenia"": -0.19297651474188132, ""chem_elevated alp"": -0.19297651474188132}"
chem_elevated ast | chem_elevated alp,chem_elevated ast,chem_elevated alp,,0.3,0.6231297066963013,0.6213918872153549,0.5228537360890302,0.21503747231022458,omitted_sparse_joint_cells,0.0,"{""intercept"": 0.7810268730063223, ""chem_elevated ast"": -0.09927306561586169, ""chem_elevated alp"": -0.19279288504645087}"
CBC_eosinopenia | chem_elevated ast,CBC_eosinopenia,chem_elevated ast,,0.3,0.6231297066963013,0.6213918872153548,0.5228537360890302,0.21503747231022458,omitted_sparse_joint_cells,0.0,"{""intercept"": 0.7810268730063222, ""CBC_eosinopenia"": -0.1927928850464508, ""chem_elevated ast"": -0.09927306561586163}"
chem_elevated alp | chem_hypercalcemia,chem_elevated alp,chem_hypercalcemia,,0.3,0.6231304136085394,0.6214621420501815,0.5212639109697934,0.21507142116053213,omitted_sparse_joint_cells,0.0,"{""intercept"": 0.7784144310389379, ""chem_elevated alp"": -0.19290408559603192, ""chem_hypercalcemia"": 0.08876836735347857}"
clinical signs_constipation | CBC_eosinopenia,clinical signs_constipation,CBC_eosinopenia,,0.3,0.6231304136085394,0.6214621420501815,0.5212639109697934,0.21507142116053213,omitted_sparse_joint_cells,0.0,"{""intercept"": 0.7784144310389378, ""clinical signs_constipation"": 0.08876836735347858, ""CBC_eosinopenia"": -0.19290408559603192}"
clinical signs_constipation | chem_elevated alp,clinical signs_constipation,chem_elevated alp,,0.3,0.6231304136085394,0.6214621420501815,0.5212639109697934,0.21507142116053213,omitted_sparse_joint_cells,0.0,"{""intercept"": 0.7784144310389378, ""clinical signs_constipation"": 0.08876836735347858, ""chem_elevated alp"": -0.19290408559603192}"
CBC_eosinopenia | chem_hypercalcemia,CBC_eosinopenia,chem_hypercalcemia,,0.3,0.6231304136085394,0.6214621420501815,0.5212639109697934,0.21507142116053213,omitted_sparse_joint_cells,0.0,"{""intercept"": 0.7784144310389378, ""CBC_eosinopenia"": -0.1929040855960319, ""chem_hypercalcemia"": 0.08876836735347857}"
CBC_eosinopenia | CBC_basocytosis,CBC_eosinopenia,CBC_basocytosis,,0.3,0.6231305659684321,0.6214621420501815,0.5212639109697934,0.21507142116053213,omitted_sparse_joint_cells,0.0,"{""intercept"": 0.7784144310389378, ""CBC_eosinopenia"": -0.19290408559603192, ""CBC_basocytosis"": 0.08876836735347857}"
CBC_basocytosis | chem_elevated alp,CBC_basocytosis,chem_elevated alp,,0.3,0.6231305659684321,0.6214621420501815,0.5212639109697934,0.21507142116053213,omitted_sparse_joint_cells,0.0,"{""intercept"": 0.7784144310389379, ""CBC_basocytosis"": 0.08876836735347858, ""chem_elevated alp"": -0.19290408559603192}"
clinical signs_constipation | chem_elevated ast,clinical signs_constipation,chem_elevated ast,,0.3,0.6231306901434472,0.6223305525949088,0.5145071542130366,0.21546067554812348,omitted_sparse_joint_cells,0.0,"{""intercept"": 0.778665596378685, ""clinical signs_constipation"": 0.08849544122320877, ""chem_elevated ast"": -0.09849152907122766}"
chem_elevated ast | chem_hypercalcemia,chem_elevated ast,chem_hypercalcemia,,0.3,0.6231306901434472,0.6223305525949088,0.5145071542130366,0.21546067554812348,omitted_sparse_joint_cells,0.0,"{""intercept"": 0.778665596378685, ""chem_elevated ast"": -0.09849152907122766, ""chem_hypercalcemia"": 0.08849544122320877}"
CBC_basocytosis | chem_elevated ast,CBC_basocytosis,chem_elevated ast,,0.3,0.6231306901434474,0.6223305525949088,0.5145071542130366,0.21546067554812348,omitted_sparse_joint_cells,0.0,"{""intercept"": 0.778665596378685, ""CBC_basocytosis"": 0.08849544122320877, ""chem_elevated ast"": -0.09849152907122766}"
CBC_basocytosis | chem_hypercalcemia,CBC_basocytosis,chem_hypercalcemia,,0.1,0.6231317127805872,0.6227212842722124,0.5135135135135135,0.21563017941208595,omitted_sparse_joint_cells,0.0,"{""intercept"": 0.7771695441416573, ""CBC_basocytosis"": 0.030810722337490652, ""chem_hypercalcemia"": 0.030810722337490652}"
clinical signs_constipation | CBC_basocytosis,clinical signs_constipation,CBC_basocytosis,,0.1,0.6231317127805872,0.6227212842722124,0.5135135135135135,0.21563017941208595,omitted_sparse_joint_cells,0.0,"{""intercept"": 0.7771695441416573, ""clinical signs_constipation"": 0.030810722337490645, ""CBC_basocytosis"": 0.030810722337490645}"
clinical signs_constipation | chem_hypercalcemia,clinical signs_constipation,chem_hypercalcemia,,0.1,0.6231317184079674,0.6227212842722124,0.5135135135135135,0.21563017941208595,omitted_sparse_joint_cells,0.0,"{""intercept"": 0.7771695441416573, ""clinical signs_constipation"": 0.030810722337490645, ""chem_hypercalcemia"": 0.030810722337490645}"
CBC_eosinopenia | chem_hypercholesterolemia,CBC_eosinopenia,chem_hypercholesterolemia,,0.1,0.6231319054383262,0.6223892316608969,0.5212639109697934,0.21548454503627845,omitted_sparse_joint_cells,0.0,"{""intercept"": 0.778057134351362, ""CBC_eosinopenia"": -0.06706207043767591, ""chem_hypercholesterolemia"": 0.03081327728252248}"
chem_elevated alp | chem_hypercholesterolemia,chem_elevated alp,chem_hypercholesterolemia,,0.1,0.6231319054383262,0.6223892316608972,0.5212639109697934,0.2154845450362785,omitted_sparse_joint_cells,0.0,"{""intercept"": 0.7780571343513615, ""chem_elevated alp"": -0.06706207043767579, ""chem_hypercholesterolemia"": 0.03081327728252245}"
chem_elevated ast | chem_hypercholesterolemia,chem_elevated ast,chem_hypercholesterolemia,,0.1,0.6231321160293631,0.6226909190987849,0.5145071542130366,0.2156165546301131,omitted_sparse_joint_cells,0.0,"{""intercept"": 0.7780849402320248, ""chem_elevated ast"": -0.035512188802715255, ""chem_hypercholesterolemia"": 0.03080987844104721}"
chem_hypercholesterolemia | chem_hypercalcemia,chem_hypercholesterolemia,chem_hypercalcemia,,0.1,0.6231330610591996,0.6227212842722123,0.5135135135135135,0.21563017941208595,omitted_sparse_joint_cells,0.0,"{""intercept"": 0.7771695441416573, ""chem_hypercholesterolemia"": 0.030810722337490652, ""chem_hypercalcemia"": 0.030810722337490652}"
clinical signs_constipation | chem_hypercholesterolemia,clinical signs_constipation,chem_hypercholesterolemia,,0.1,0.6231330610591996,0.6227212842722123,0.5135135135135135,0.21563017941208595,omitted_sparse_joint_cells,0.0,"{""intercept"": 0.7771695441416573, ""clinical signs_constipation"": 0.030810722337490645, ""chem_hypercholesterolemia"": 0.030810722337490645}"
CBC_basocytosis | chem_hypercholesterolemia,CBC_basocytosis,chem_hypercholesterolemia,,0.1,0.6231330610591996,0.6227212842722123,0.5135135135135135,0.21563017941208595,omitted_sparse_joint_cells,0.0,"{""intercept"": 0.7771695441416573, ""CBC_basocytosis"": 0.030810722337490652, ""chem_hypercholesterolemia"": 0.030810722337490652}"
CBC_lymphocytosis | CBC_anemia,CBC_lymphocytosis,CBC_anemia,,0.1,0.6231518796814951,0.62255135407366,0.514308426073132,0.21555807003586788,omitted_sparse_joint_cells,0.0,"{""intercept"": 0.7767423328137054, ""CBC_lymphocytosis"": 0.06042318958058011, ""CBC_anemia"": -0.005161388765658323}"
chem_elevated alt | chem_elevated ast,chem_elevated alt,chem_elevated ast,,0.1,0.6231602856635753,0.6222619851889556,0.5308028616852145,0.21543239332589995,omitted_sparse_joint_cells,1.0,"{""intercept"": 0.7725022738183335, ""chem_elevated alt"": 0.0714141704738513, ""chem_elevated ast"": -0.036755730631108}"
CBC_eosinopenia | chem_elevated alt,CBC_eosinopenia,chem_elevated alt,,0.1,0.6231642391603871,0.6219744081521456,0.5312003179650238,0.21530741801447603,omitted_sparse_joint_cells,0.0,"{""intercept"": 0.772506123943027, ""CBC_eosinopenia"": -0.0669500147247548, ""chem_elevated alt"": 0.07077715442431814}"
chem_elevated alt | chem_elevated alp,chem_elevated alt,chem_elevated alp,,0.1,0.6231642391603871,0.6219744081521456,0.5312003179650238,0.21530741801447603,omitted_sparse_joint_cells,0.0,"{""intercept"": 0.772506123943027, ""chem_elevated alt"": 0.07077715442431812, ""chem_elevated alp"": -0.0669500147247548}"
CBC_basocytosis | chem_elevated alt,CBC_basocytosis,chem_elevated alt,,0.1,0.6231663050217465,0.6223037516682101,0.5242448330683624,0.21545210519493008,omitted_sparse_joint_cells,0.0,"{""intercept"": 0.7715878684294737, ""CBC_basocytosis"": 0.030891042806496724, ""chem_elevated alt"": 0.07088152114561906}"
clinical signs_constipation | chem_elevated alt,clinical signs_constipation,chem_elevated alt,,0.1,0.6231663398090507,0.6223037516682101,0.5242448330683624,0.21545210519493008,omitted_sparse_joint_cells,0.0,"{""intercept"": 0.7715878684294737, ""clinical signs_constipation"": 0.030891042806496724, ""chem_elevated alt"": 0.07088152114561906}"
chem_elevated alt | chem_hypercalcemia,chem_elevated alt,chem_hypercalcemia,,0.1,0.6231663398090507,0.6223037516682101,0.5242448330683624,0.21545210519493008,omitted_sparse_joint_cells,0.0,"{""intercept"": 0.7715878684294737, ""chem_elevated alt"": 0.07088152114561906, ""chem_hypercalcemia"": 0.030891042806496724}"
chem_elevated alt | chem_hypercholesterolemia,chem_elevated alt,chem_hypercholesterolemia,,0.1,0.6231676627041123,0.6223037516682101,0.5242448330683624,0.21545210519493008,omitted_sparse_joint_cells,0.0,"{""intercept"": 0.7715878684294737, ""chem_elevated alt"": 0.07088152114561906, ""chem_hypercholesterolemia"": 0.030891042806496724}"
AUS_no abnormalities | chem_elevated ast,AUS_no abnormalities,chem_elevated ast,,0.1,0.623167733584097,0.6227247962522201,0.5131160572337042,0.2156310365290343,omitted_sparse_joint_cells,0.0,"{""intercept"": 0.7774870930611656, ""AUS_no abnormalities"": 0.02389303003780994, ""chem_elevated ast"": -0.03548642639341085}"
AUS_no abnormalities | CBC_eosinopenia,AUS_no abnormalities,CBC_eosinopenia,,0.1,0.6231681102461017,0.6224231090766656,0.5196740858505564,0.21549899986565407,omitted_sparse_joint_cells,0.0,"{""intercept"": 0.777459153910945, ""AUS_no abnormalities"": 0.02389436725370321, ""CBC_eosinopenia"": -0.06704878536314045}"
AUS_no abnormalities | chem_elevated alp,AUS_no abnormalities,chem_elevated alp,,0.1,0.6231681102461017,0.6224231090766656,0.5196740858505564,0.21549899986565407,omitted_sparse_joint_cells,0.0,"{""intercept"": 0.777459153910945, ""AUS_no abnormalities"": 0.023894367253703218, ""chem_elevated alp"": -0.06704878536314042}"
AUS_no abnormalities | CBC_basocytosis,AUS_no abnormalities,CBC_basocytosis,,0.1,0.6231682263105935,0.6227548527478118,0.5125198728139904,0.21564453534897535,omitted_sparse_joint_cells,0.0,"{""intercept"": 0.7765565301129507, ""AUS_no abnormalities"": 0.023952186684209693, ""CBC_basocytosis"": 0.030801335826258908}"
AUS_no abnormalities | chem_hypercalcemia,AUS_no abnormalities,chem_hypercalcemia,,0.1,0.623168299456849,0.6227548527478118,0.5125198728139904,0.21564453534897535,omitted_sparse_joint_cells,0.0,"{""intercept"": 0.7765565301129507, ""AUS_no abnormalities"": 0.023952186684209693, ""chem_hypercalcemia"": 0.030801335826258908}"
clinical signs_constipation | AUS_no abnormalities,clinical signs_constipation,AUS_no abnormalities,,0.1,0.623168299456849,0.6227548527478118,0.5125198728139904,0.21564453534897535,omitted_sparse_joint_cells,0.0,"{""intercept"": 0.7765565301129507, ""clinical signs_constipation"": 0.030801335826258904, ""AUS_no abnormalities"": 0.0239521866842097}"
CBC_anemia | chem_hypophosphatemia,CBC_anemia,chem_hypophosphatemia,,0.1,0.6231690502985834,0.6225513540736599,0.514308426073132,0.21555807003586794,omitted_sparse_joint_cells,0.0,"{""intercept"": 0.7767423328137054, ""CBC_anemia"": -0.005161388765658328, ""chem_hypophosphatemia"": 0.06042318958058014}"
CBC_anemia | chem_elevated total bilirubin,CBC_anemia,chem_elevated total bilirubin,,0.1,0.6231690502985834,0.62255135407366,0.514308426073132,0.21555807003586788,omitted_sparse_joint_cells,0.0,"{""intercept"": 0.7767423328137054, ""CBC_anemia"": -0.005161388765658321, ""chem_elevated total bilirubin"": 0.06042318958058011}"
AUS_no abnormalities | chem_hypercholesterolemia,AUS_no abnormalities,chem_hypercholesterolemia,,0.1,0.6231695290023277,0.6227548527478118,0.5125198728139904,0.21564453534897535,omitted_sparse_joint_cells,0.0,"{""intercept"": 0.7765565301129507, ""AUS_no abnormalities"": 0.023952186684209693, ""chem_hypercholesterolemia"": 0.030801335826258908}"
CBC_no abnormalities | chem_elevated alp,CBC_no abnormalities,chem_elevated alp,,0.1,0.6231812072747277,0.6220640625296148,0.5371621621621622,0.21534425359725023,omitted_sparse_joint_cells,0.0,"{""intercept"": 0.7345366354948972, ""CBC_no abnormalities"": 0.05976272928528141, ""chem_elevated alp"": -0.0680426246642074}"
CBC_no abnormalities | CBC_basocytosis,CBC_no abnormalities,CBC_basocytosis,,0.1,0.6231813375179819,0.6223971591711378,0.5206677265500794,0.2154886504750414,omitted_sparse_joint_cells,0.0,"{""intercept"": 0.733594913303822, ""CBC_no abnormalities"": 0.059786264766310666, ""CBC_basocytosis"": 0.03233853449955865}"
CBC_no abnormalities | chem_hypercalcemia,CBC_no abnormalities,chem_hypercalcemia,,0.1,0.623182624849313,0.6223971591711378,0.5206677265500794,0.2154886504750414,omitted_sparse_joint_cells,0.0,"{""intercept"": 0.7335949133038222, ""CBC_no abnormalities"": 0.059786264766310604, ""chem_hypercalcemia"": 0.03233853449955866}"
clinical signs_diarrhea | chem_elevated alp,clinical signs_diarrhea,chem_elevated alp,,0.1,0.6231835871982329,0.6197698069762917,0.5598171701112877,0.2143472191081299,omitted_sparse_joint_cells,0.0,"{""intercept"": 0.8273839030045544, ""clinical signs_diarrhea"": -0.15269311922147927, ""chem_elevated alp"": -0.06724113396715663}"
clinical signs_constipation | CBC_no abnormalities,clinical signs_constipation,CBC_no abnormalities,,0.1,0.6231838048445631,0.6224081063418612,0.523449920508744,0.21549424882395798,omitted_sparse_joint_cells,0.0,"{""intercept"": 0.7339627464818299, ""clinical signs_constipation"": 0.030752284752935528, ""CBC_no abnormalities"": 0.05931156205008002}"
CBC_no abnormalities | chem_elevated ast,CBC_no abnormalities,chem_elevated ast,,0.1,0.6231845357305268,0.6223808678836183,0.5276232114467408,0.21548307408501904,omitted_sparse_joint_cells,1.0,"{""intercept"": 0.7349923114788186, ""CBC_no abnormalities"": 0.05918358922677986, ""chem_elevated ast"": -0.03499963752879546}"
clinical signs_none | CBC_lymphocytosis,clinical signs_none,CBC_lymphocytosis,,1.0,0.6231847255199789,0.6204945705018015,0.5186804451510334,0.21475025127462002,omitted_sparse_joint_cells,0.0,"{""intercept"": 0.7640699913328292, ""clinical signs_none"": 0.0922407355872894, ""CBC_lymphocytosis"": 0.4562842936325043}"
clinical signs_diarrhea | chem_hypercalcemia,clinical signs_diarrhea,chem_hypercalcemia,,0.1,0.6231857024781688,0.6200990865668837,0.5518680445151033,0.21448648655925612,omitted_sparse_joint_cells,0.0,"{""intercept"": 0.826408659515941, ""clinical signs_diarrhea"": -0.15257707476133484, ""chem_hypercalcemia"": 0.03267485976334481}"
clinical signs_diarrhea | CBC_eosinopenia,clinical signs_diarrhea,CBC_eosinopenia,,0.1,0.6231862160544508,0.6198230353285799,0.5534578696343402,0.21436129947244964,omitted_sparse_joint_cells,0.0,"{""intercept"": 0.8270502372913161, ""clinical signs_diarrhea"": -0.15166147950520506, ""CBC_eosinopenia"": -0.06427021989079836}"
CBC_no abnormalities | chem_hypercholesterolemia,CBC_no abnormalities,chem_hypercholesterolemia,,0.1,0.623186283044749,0.6224081063418612,0.523449920508744,0.21549424882395798,omitted_sparse_joint_cells,0.0,"{""intercept"": 0.7339627464818299, ""CBC_no abnormalities"": 0.05931156205008003, ""chem_hypercholesterolemia"": 0.030752284752935524}"
clinical signs_diarrhea | clinical signs_constipation,clinical signs_diarrhea,clinical signs_constipation,,0.1,0.6231863816524914,0.6201236065781475,0.5534578696343402,0.21449935875807527,omitted_sparse_joint_cells,0.0,"{""intercept"": 0.8262893206990363, ""clinical signs_diarrhea"": -0.15209741960605008, ""clinical signs_constipation"": 0.02985809870234776}"
clinical signs_diarrhea | CBC_basocytosis,clinical signs_diarrhea,CBC_basocytosis,,0.1,0.6231864529288085,0.6201236065781475,0.5534578696343402,0.21449935875807527,omitted_sparse_joint_cells,0.0,"{""intercept"": 0.8262893206990363, ""clinical signs_diarrhea"": -0.15209741960605008, ""CBC_basocytosis"": 0.02985809870234776}"
CBC_no abnormalities | CBC_eosinopenia,CBC_no abnormalities,CBC_eosinopenia,,0.1,0.6231872902866309,0.6220879129352861,0.5224562798092209,0.21535094184503828,omitted_sparse_joint_cells,0.0,"{""intercept"": 0.7352967847558977, ""CBC_no abnormalities"": 0.05872100133715364, ""CBC_eosinopenia"": -0.06642062289786904}"
clinical signs_diarrhea | chem_elevated ast,clinical signs_diarrhea,chem_elevated ast,,0.1,0.6231890033189309,0.6200968292749741,0.5492845786963434,0.2144829970536825,omitted_sparse_joint_cells,1.0,"{""intercept"": 0.827200209900044, ""clinical signs_diarrhea"": -0.15210365186142993, ""chem_elevated ast"": -0.03385479582850914}"
clinical signs_diarrhea | chem_hypercholesterolemia,clinical signs_diarrhea,chem_hypercholesterolemia,,0.1,0.6231900884127464,0.6201236065781475,0.5534578696343402,0.2144993587580753,omitted_sparse_joint_cells,0.0,"{""intercept"": 0.8262893206990363, ""clinical signs_diarrhea"": -0.15209741960605008, ""chem_hypercholesterolemia"": 0.02985809870234776}"
clinical signs_none | AUS_mesenteric lymphadenopathy,clinical signs_none,AUS_mesenteric lymphadenopathy,,0.1,0.6231989542792424,0.6201173523538007,0.5564387917329094,0.2145068212915009,omitted_sparse_joint_cells,0.0,"{""intercept"": 0.7039363010896963, ""clinical signs_none"": 0.028214583151752334, ""AUS_mesenteric lymphadenopathy"": 0.15131099143987908}"
AUS_chronic degenerative renal changes | chem_no abnormalities,AUS_chronic degenerative renal changes,chem_no abnormalities,,0.1,0.623199320159766,0.6206599326865084,0.5457074721780604,0.21473706217852642,omitted_sparse_joint_cells,3.0,"{""intercept"": 0.6983726309163207, ""AUS_chronic degenerative renal changes"": -0.008147428673923773, ""chem_no abnormalities"": 0.13679654994128132}"
CBC_no abnormalities | chem_elevated alt,CBC_no abnormalities,chem_elevated alt,,0.1,0.6232094892606437,0.6219954408882274,0.5421303656597773,0.21531518739433753,omitted_sparse_joint_cells,2.0,"{""intercept"": 0.7286521542804166, ""CBC_no abnormalities"": 0.05894678043940525, ""chem_elevated alt"": 0.0708863650960814}"
clinical signs_none | chem_hypophosphatemia,clinical signs_none,chem_hypophosphatemia,,0.1,0.6232095370168965,0.6225274233122412,0.5119236883942767,0.21554815426764512,omitted_sparse_joint_cells,1.0,"{""intercept"": 0.7755178625131828, ""clinical signs_none"": 0.0168693487592137, ""chem_hypophosphatemia"": 0.060110741254199955}"
clinical signs_none | chem_elevated total bilirubin,clinical signs_none,chem_elevated total bilirubin,,0.1,0.6232095370168965,0.6225274233122411,0.5119236883942767,0.21554815426764512,omitted_sparse_joint_cells,1.0,"{""intercept"": 0.7755178625131824, ""clinical signs_none"": 0.016869348759213813, ""chem_elevated total bilirubin"": 0.060110741254199934}"
AUS_no abnormalities | chem_elevated alt,AUS_no abnormalities,chem_elevated alt,,0.1,0.6232122567548194,0.6223440740023398,0.5355723370429253,0.21546760529561645,omitted_sparse_joint_cells,1.0,"{""intercept"": 0.77104818303289, ""AUS_no abnormalities"": 0.023047999089099807, ""chem_elevated alt"": 0.07057441598545916}"
AUS_mesenteric lymphadenopathy | CBC_lymphopenia,AUS_mesenteric lymphadenopathy,CBC_lymphopenia,,0.1,0.6232200158566423,0.6202067597570569,0.5516693163751987,0.2145459319977464,omitted_sparse_joint_cells,2.0,"{""intercept"": 0.7069863419184607, ""AUS_mesenteric lymphadenopathy"": 0.15002645463781406, ""CBC_lymphopenia"": -0.006870621941167759}"
AUS_mesenteric lymphadenopathy | CBC_anemia,AUS_mesenteric lymphadenopathy,CBC_anemia,,0.1,0.6232215867639843,0.6202088835627312,0.5512718600953895,0.2145474950658521,omitted_sparse_joint_cells,1.0,"{""intercept"": 0.7066839910233242, ""AUS_mesenteric lymphadenopathy"": 0.15014049884541217, ""CBC_anemia"": -0.0034115903294876784}"
AUS_no abnormalities | CBC_no abnormalities,AUS_no abnormalities,CBC_no abnormalities,,0.1,0.6232256671464317,0.6224474063736785,0.5220588235294117,0.21551095311901255,omitted_sparse_joint_cells,0.0,"{""intercept"": 0.7335918006462631, ""AUS_no abnormalities"": 0.02278831842445128, ""CBC_no abnormalities"": 0.0590605418418416}"
clinical signs_diarrhea | AUS_no abnormalities,clinical signs_diarrhea,AUS_no abnormalities,,0.1,0.6232367321570926,0.620168782287181,0.5512718600953894,0.21451821182917216,omitted_sparse_joint_cells,0.0,"{""intercept"": 0.8257150747894249, ""clinical signs_diarrhea"": -0.15193610596324048, ""AUS_no abnormalities"": 0.020862085641967003}"
AUS_ileus | chem_hypoproteinemia,AUS_ileus,chem_hypoproteinemia,,0.1,0.6232509209015376,0.6204391373922383,0.5429252782193958,0.21462049016705384,omitted_sparse_joint_cells,0.0,"{""intercept"": 0.7887907067875308, ""AUS_ileus"": -0.1570220723816935, ""chem_hypoproteinemia"": -0.011070083725559999}"
AUS_colon | CBC_eosinophilia,AUS_colon,CBC_eosinophilia,,0.1,0.623255899330759,0.6202579245514328,0.5335850556438791,0.214534702278818,omitted_sparse_joint_cells,2.0,"{""intercept"": 0.7839802949166254, ""AUS_colon"": 0.0418509673597711, ""CBC_eosinophilia"": -0.15797130236936374}"
clinical signs_hairball obstruction | CBC_anemia,clinical signs_hairball obstruction,CBC_anemia,,0.1,0.6232597957864424,0.6219555325911218,0.5244435612082671,0.2152926466469246,omitted_sparse_joint_cells,0.0,"{""intercept"": 0.7806797252363449, ""clinical signs_hairball obstruction"": -0.09921979690072721, ""CBC_anemia"": -0.0053918454276730005}"
clinical signs_hairball obstruction | CBC_lymphopenia,clinical signs_hairball obstruction,CBC_lymphopenia,,0.1,0.6232652484632282,0.6219479142342903,0.5262321144674086,0.21528941462868253,omitted_sparse_joint_cells,0.0,"{""intercept"": 0.7811020148967017, ""clinical signs_hairball obstruction"": -0.09923196886946037, ""CBC_lymphopenia"": -0.0102406030058277}"
AUS_gall bladder sludge | chem_hypokalemia,AUS_gall bladder sludge,chem_hypokalemia,,0.1,0.6232826186371323,0.6217448603661373,0.5345786963434022,0.21521449748748164,omitted_sparse_joint_cells,1.0,"{""intercept"": 0.7622234132286134, ""AUS_gall bladder sludge"": 0.10357705753970987, ""chem_hypokalemia"": -0.00995226951493871}"
AUS_mesenteric lymphadenopathy | CBC_no abnormalities,AUS_mesenteric lymphadenopathy,CBC_no abnormalities,,0.1,0.6232913046877617,0.6197128993690265,0.5639904610492845,0.21431574725395985,included_binary_binary,12.0,"{""intercept"": 0.6548477087039906, ""AUS_mesenteric lymphadenopathy"": 0.14752061212087877, ""CBC_no abnormalities"": 0.06328868344192821, ""interaction__AUS_mesenteric lymphadenopathy__x__CBC_no abnormalities"": 0.021209051551469925}"
AUS_chronic degenerative renal changes | AUS_ileus,AUS_chronic degenerative renal changes,AUS_ileus,,0.1,0.6232946510448654,0.6204056921863239,0.5472972972972973,0.21460657083484921,omitted_sparse_joint_cells,0.0,"{""intercept"": 0.7904460926625311, ""AUS_chronic degenerative renal changes"": -0.020242819224035462, ""AUS_ileus"": -0.1572400999218639}"
clinical signs_none | clinical signs_hairball obstruction,clinical signs_none,clinical signs_hairball obstruction,,0.1,0.6232974380190162,0.6219288547175126,0.5254372019077902,0.21528102064440113,omitted_sparse_joint_cells,0.0,"{""intercept"": 0.7793993511897437, ""clinical signs_none"": 0.017474469082503722, ""clinical signs_hairball obstruction"": -0.0991297236862621}"
AUS_ileus | CBC_neutropenia,AUS_ileus,CBC_neutropenia,,0.1,0.6233020339780595,0.6204025671360861,0.5423290937996821,0.2146044355950728,omitted_sparse_joint_cells,0.0,"{""intercept"": 0.7873085115103501, ""AUS_ileus"": -0.1568153622490566, ""CBC_neutropenia"": 0.02317551376103769}"
clinical signs_diarrhea | CBC_no abnormalities,clinical signs_diarrhea,CBC_no abnormalities,,0.1,0.6233117344915706,0.6196645199635568,0.5578298887122417,0.2142981179144455,included_binary_binary,9.0,"{""intercept"": 0.787136256237834, ""clinical signs_diarrhea"": -0.1402565254530913, ""CBC_no abnormalities"": 0.06512266797127207, ""interaction__clinical signs_diarrhea__x__CBC_no abnormalities"": -0.04965912582102709}"
clinical signs_diarrhea | chem_elevated alt,clinical signs_diarrhea,chem_elevated alt,,0.1,0.6233119077882464,0.6197878219425199,0.5558426073131956,0.21435262820034057,omitted_sparse_joint_cells,1.0,"{""intercept"": 0.8205510278791518, ""clinical signs_diarrhea"": -0.15063740657588406, ""chem_elevated alt"": 0.06640434356327755}"
folate_low | chem_hyperglycemia,folate_low,chem_hyperglycemia,,0.1,0.6233146407020188,0.6210063330741735,0.5401430842607313,0.21487467768667765,omitted_sparse_joint_cells,0.0,"{""intercept"": 0.7778424358351939, ""folate_low"": 0.051857956582822946, ""chem_hyperglycemia"": -0.1312481363536171}"
CBC_lymphocytosis | chem_hypoproteinemia,CBC_lymphocytosis,chem_hypoproteinemia,,0.1,0.6233160632033726,0.6225447509818453,0.5151033386327505,0.2155552348202792,omitted_sparse_joint_cells,0.0,"{""intercept"": 0.7771493358776526, ""CBC_lymphocytosis"": 0.06037878248943002, ""chem_hypoproteinemia"": -0.009785154275055337}"
chem_hypoproteinemia | chem_hypophosphatemia,chem_hypoproteinemia,chem_hypophosphatemia,,0.1,0.6233332091288537,0.6225447509818453,0.5151033386327505,0.2155552348202792,omitted_sparse_joint_cells,0.0,"{""intercept"": 0.7771493358776527, ""chem_hypoproteinemia"": -0.009785154275055358, ""chem_hypophosphatemia"": 0.060378782489430044}"
chem_hypoproteinemia | chem_elevated total bilirubin,chem_hypoproteinemia,chem_elevated total bilirubin,,0.1,0.6233332091288537,0.6225447509818453,0.5151033386327505,0.2155552348202792,omitted_sparse_joint_cells,0.0,"{""intercept"": 0.7771493358776526, ""chem_hypoproteinemia"": -0.009785154275055337, ""chem_elevated total bilirubin"": 0.06037878248943002}"
CBC_basocytosis | CBC_anemia,CBC_basocytosis,CBC_anemia,,0.1,0.6233387030176265,0.6228075798982411,0.5077503974562798,0.21566720085664778,omitted_sparse_joint_cells,0.0,"{""intercept"": 0.7775651866449032, ""CBC_basocytosis"": 0.030811819059722086, ""CBC_anemia"": -0.00521517114591543}"
CBC_anemia | chem_hypercalcemia,CBC_anemia,chem_hypercalcemia,,0.1,0.6233387146935847,0.6228075798982411,0.5077503974562798,0.21566720085664778,omitted_sparse_joint_cells,0.0,"{""intercept"": 0.7775651866449032, ""CBC_anemia"": -0.00521517114591543, ""chem_hypercalcemia"": 0.030811819059722086}"
clinical signs_constipation | CBC_anemia,clinical signs_constipation,CBC_anemia,,0.1,0.6233387146935847,0.6228075798982411,0.5077503974562798,0.21566720085664778,omitted_sparse_joint_cells,0.0,"{""intercept"": 0.7775651866449032, ""clinical signs_constipation"": 0.030811819059722086, ""CBC_anemia"": -0.00521517114591543}"
CBC_anemia | chem_hypercholesterolemia,CBC_anemia,chem_hypercholesterolemia,,0.1,0.6233400014083721,0.6228075798982411,0.5077503974562798,0.21566720085664778,omitted_sparse_joint_cells,0.0,"{""intercept"": 0.7775651866449032, ""CBC_anemia"": -0.00521517114591543, ""chem_hypercholesterolemia"": 0.030811819059722086}"
CBC_eosinopenia | CBC_anemia,CBC_eosinopenia,CBC_anemia,,0.1,0.6233400358102241,0.6224753920220963,0.5162957074721781,0.21552151774150674,omitted_sparse_joint_cells,0.0,"{""intercept"": 0.7784882817781836, ""CBC_eosinopenia"": -0.06706748770773542, ""CBC_anemia"": -0.005272228481819797}"
CBC_anemia | chem_elevated alp,CBC_anemia,chem_elevated alp,,0.1,0.6233400358102241,0.6224753920220963,0.5162957074721781,0.21552151774150674,omitted_sparse_joint_cells,0.0,"{""intercept"": 0.7784882817781836, ""CBC_anemia"": -0.005272228481819801, ""chem_elevated alp"": -0.06706748770773542}"
CBC_anemia | chem_elevated ast,CBC_anemia,chem_elevated ast,,0.1,0.6233401766026341,0.6227770499031257,0.5093402225755167,0.2156534943593217,omitted_sparse_joint_cells,0.0,"{""intercept"": 0.778517097538807, ""CBC_anemia"": -0.0052681781493561465, ""chem_elevated ast"": -0.035528110391308855}"
folate_low | CBC_neutrophilia,folate_low,CBC_neutrophilia,,0.1,0.6233448451267107,0.6210063330741734,0.5401430842607313,0.21487467768667767,omitted_sparse_joint_cells,0.0,"{""intercept"": 0.7778424358351939, ""folate_low"": 0.051857956582822946, ""CBC_neutrophilia"": -0.1312481363536171}"
folate_low | chem_decreased alt,folate_low,chem_decreased alt,,0.1,0.6233448451267107,0.6210063330741734,0.5401430842607313,0.21487467768667767,omitted_sparse_joint_cells,0.0,"{""intercept"": 0.7778424358351939, ""folate_low"": 0.051857956582822946, ""chem_decreased alt"": -0.1312481363536171}"
CBC_lymphopenia | chem_elevated alp,CBC_lymphopenia,chem_elevated alp,,0.1,0.6233473065699271,0.6224684197121829,0.5178855325914149,0.2155185329881083,omitted_sparse_joint_cells,0.0,"{""intercept"": 0.7788951561844801, ""CBC_lymphopenia"": -0.010013022405018161, ""chem_elevated alp"": -0.06703757611540834}"
CBC_lymphopenia | chem_elevated ast,CBC_lymphopenia,chem_elevated ast,,0.1,0.6233474407871762,0.6227699465514621,0.510731319554849,0.21565043270927578,omitted_sparse_joint_cells,0.0,"{""intercept"": 0.7789284666249198, ""CBC_lymphopenia"": -0.009999058826915763, ""chem_elevated ast"": -0.03551389237629597}"
CBC_basocytosis | CBC_lymphopenia,CBC_basocytosis,CBC_lymphopenia,,0.1,0.6233475249715676,0.6227989235407662,0.5155007949125596,0.21566331823967744,omitted_sparse_joint_cells,0.0,"{""intercept"": 0.7780040061187754, ""CBC_basocytosis"": 0.03098281965530351, ""CBC_lymphopenia"": -0.01047289899065354}"
CBC_eosinopenia | CBC_lymphopenia,CBC_eosinopenia,CBC_lymphopenia,,0.1,0.6233480314683223,0.6224720827606971,0.5031796502384738,0.2155195633918382,omitted_sparse_joint_cells,0.0,"{""intercept"": 0.7788234179440987, ""CBC_eosinopenia"": -0.06683027396096973, ""CBC_lymphopenia"": -0.00872841101622374}"
clinical signs_constipation | CBC_lymphopenia,clinical signs_constipation,CBC_lymphopenia,,0.1,0.6233480631745423,0.622800680107122,0.5087440381558028,0.21566422377430527,omitted_sparse_joint_cells,0.0,"{""intercept"": 0.777975131686128, ""clinical signs_constipation"": 0.03078467911979123, ""CBC_lymphopenia"": -0.009873232961295933}"
CBC_lymphopenia | chem_hypercalcemia,CBC_lymphopenia,chem_hypercalcemia,,0.1,0.6233480631745423,0.622800680107122,0.5087440381558028,0.21566422377430527,omitted_sparse_joint_cells,0.0,"{""intercept"": 0.777975131686128, ""CBC_lymphopenia"": -0.009873232961295933, ""chem_hypercalcemia"": 0.03078467911979123}"
CBC_lymphopenia | chem_hypercholesterolemia,CBC_lymphopenia,chem_hypercholesterolemia,,0.1,0.623349273170256,0.622800680107122,0.5087440381558028,0.21566422377430522,omitted_sparse_joint_cells,0.0,"{""intercept"": 0.777975131686128, ""CBC_lymphopenia"": -0.009873232961295933, ""chem_hypercholesterolemia"": 0.03078467911979123}"
folate_high | CBC_lymphocytosis,folate_high,CBC_lymphocytosis,,0.1,0.623359259014807,0.6208996692775058,0.5480922098569156,0.21484997201271416,omitted_sparse_joint_cells,0.0,"{""intercept"": 0.7427091510148982, ""folate_high"": 0.12002510978689426, ""CBC_lymphocytosis"": 0.0616154345458246}"
AUS_chronic degenerative renal changes | CBC_lymphocytosis,AUS_chronic degenerative renal changes,CBC_lymphocytosis,,0.1,0.6233615212130487,0.6225221298191185,0.5166931637519873,0.2155455153090772,omitted_sparse_joint_cells,0.0,"{""intercept"": 0.7786085827665248, ""AUS_chronic degenerative renal changes"": -0.017847179986839726, ""CBC_lymphocytosis"": 0.06022959772546661}"
folate_high | chem_hypophosphatemia,folate_high,chem_hypophosphatemia,,0.1,0.6233666102816968,0.620899669277506,0.5480922098569156,0.21484997201271414,omitted_sparse_joint_cells,0.0,"{""intercept"": 0.7427091510148982, ""folate_high"": 0.12002510978689426, ""chem_hypophosphatemia"": 0.06161543454582459}"
folate_high | chem_elevated total bilirubin,folate_high,chem_elevated total bilirubin,,0.1,0.6233666102816968,0.6208996692775058,0.5480922098569156,0.21484997201271416,omitted_sparse_joint_cells,0.0,"{""intercept"": 0.7427091510148982, ""folate_high"": 0.12002510978689426, ""chem_elevated total bilirubin"": 0.0616154345458246}"
CBC_neutropenia | CBC_lymphocytosis,CBC_neutropenia,CBC_lymphocytosis,,0.1,0.6233691817156782,0.6224980128648743,0.5194753577106518,0.21553509278486555,omitted_sparse_joint_cells,0.0,"{""intercept"": 0.7757105419458082, ""CBC_neutropenia"": 0.02402274749468119, ""CBC_lymphocytosis"": 0.060462264299450105}"
CBC_anemia | chem_elevated alt,CBC_anemia,chem_elevated alt,,0.1,0.6233725332399482,0.622391246682625,0.5184817170111288,0.2154897440800416,omitted_sparse_joint_cells,0.0,"{""intercept"": 0.7720089192832746, ""CBC_anemia"": -0.004865557723272929, ""chem_elevated alt"": 0.07083657849742371}"
AUS_mesenteric lymphadenopathy | chem_hypoproteinemia,AUS_mesenteric lymphadenopathy,chem_hypoproteinemia,,0.1,0.6233751608310876,0.6201904380386858,0.5524642289348172,0.21454209024927764,omitted_sparse_joint_cells,2.0,"{""intercept"": 0.7072099219987887, ""AUS_mesenteric lymphadenopathy"": 0.15036414332542788, ""chem_hypoproteinemia"": -0.012879289631228847}"
clinical signs_none | CBC_eosinopenia,clinical signs_none,CBC_eosinopenia,,0.1,0.6233762586039328,0.622447082424629,0.5180842607313195,0.21550926548570362,omitted_sparse_joint_cells,0.0,"{""intercept"": 0.777188001903494, ""clinical signs_none"": 0.01774516425509075, ""CBC_eosinopenia"": -0.06701926171139758}"
clinical signs_none | chem_elevated alp,clinical signs_none,chem_elevated alp,,0.1,0.6233762586039328,0.6224470824246289,0.5180842607313195,0.21550926548570362,omitted_sparse_joint_cells,0.0,"{""intercept"": 0.777188001903494, ""clinical signs_none"": 0.017745164255090762, ""chem_elevated alp"": -0.06701926171139756}"
clinical signs_none | chem_elevated ast,clinical signs_none,chem_elevated ast,,0.1,0.6233765069813171,0.6227486793468502,0.5117249602543721,0.21564127447566828,omitted_sparse_joint_cells,0.0,"{""intercept"": 0.7772208775415581, ""clinical signs_none"": 0.017751311156093814, ""chem_elevated ast"": -0.03545470501142641}"
clinical signs_none | chem_hypercalcemia,clinical signs_none,chem_hypercalcemia,,0.1,0.6233766812305916,0.6227784424419104,0.5115262321144675,0.21565465065262612,omitted_sparse_joint_cells,0.0,"{""intercept"": 0.7762669251156342, ""clinical signs_none"": 0.017884031555291186, ""chem_hypercalcemia"": 0.030817520577891937}"
clinical signs_none | clinical signs_constipation,clinical signs_none,clinical signs_constipation,,0.1,0.6233766812305916,0.6227784424419104,0.5115262321144675,0.21565465065262612,omitted_sparse_joint_cells,0.0,"{""intercept"": 0.7762669251156342, ""clinical signs_none"": 0.017884031555291186, ""clinical signs_constipation"": 0.030817520577891937}"
clinical signs_none | CBC_basocytosis,clinical signs_none,CBC_basocytosis,,0.1,0.6233767399887986,0.6227784424419104,0.5115262321144675,0.21565465065262612,omitted_sparse_joint_cells,0.0,"{""intercept"": 0.7762669251156343, ""clinical signs_none"": 0.01788403155529118, ""CBC_basocytosis"": 0.030817520577891937}"
clinical signs_none | chem_hypercholesterolemia,clinical signs_none,chem_hypercholesterolemia,,0.1,0.6233781470815003,0.6227784424419104,0.5115262321144675,0.21565465065262612,omitted_sparse_joint_cells,0.0,"{""intercept"": 0.7762669251156342, ""clinical signs_none"": 0.017884031555291186, ""chem_hypercholesterolemia"": 0.030817520577891937}"
AUS_no abnormalities | CBC_anemia,AUS_no abnormalities,CBC_anemia,,0.1,0.6233782154945455,0.6228412482129357,0.5065580286168522,0.21568160617438736,omitted_sparse_joint_cells,0.0,"{""intercept"": 0.7769649970047611, ""AUS_no abnormalities"": 0.02393091190263501, ""CBC_anemia"": -0.005171649173572625}"
AUS_chronic degenerative renal changes | chem_hypophosphatemia,AUS_chronic degenerative renal changes,chem_hypophosphatemia,,0.1,0.623378432433299,0.6225221298191185,0.5166931637519873,0.2155455153090772,omitted_sparse_joint_cells,0.0,"{""intercept"": 0.7786085827665246, ""AUS_chronic degenerative renal changes"": -0.017847179986839642, ""chem_hypophosphatemia"": 0.06022959772546661}"
AUS_chronic degenerative renal changes | chem_elevated total bilirubin,AUS_chronic degenerative renal changes,chem_elevated total bilirubin,,0.1,0.623378432433299,0.6225221298191185,0.5166931637519873,0.21554551530907717,omitted_sparse_joint_cells,0.0,"{""intercept"": 0.7786085827665248, ""AUS_chronic degenerative renal changes"": -0.017847179986839722, ""chem_elevated total bilirubin"": 0.06022959772546661}"
AUS_splenomegaly | AUS_ileus,AUS_splenomegaly,AUS_ileus,,0.1,0.6233793876628171,0.617914019691591,0.5814785373608903,0.21351932816705096,omitted_sparse_joint_cells,0.0,"{""intercept"": 0.80735561653229, ""AUS_splenomegaly"": -0.15484489129251064, ""AUS_ileus"": -0.1595440041390088}"
CBC_lymphopenia | chem_elevated alt,CBC_lymphopenia,chem_elevated alt,,0.1,0.6233813342486538,0.6223817470749367,0.5250397456279808,0.21548533133457756,omitted_sparse_joint_cells,1.0,"{""intercept"": 0.7724565897356392, ""CBC_lymphopenia"": -0.010572937392171713, ""chem_elevated alt"": 0.0709549734293152}"
AUS_no abnormalities | CBC_lymphopenia,AUS_no abnormalities,CBC_lymphopenia,,0.1,0.6233862305140836,0.6228344071324647,0.5075516693163752,0.2156786517833783,omitted_sparse_joint_cells,0.0,"{""intercept"": 0.777372438699263, ""AUS_no abnormalities"": 0.023913556274728368, ""CBC_lymphopenia"": -0.009800076597174849}"
CBC_neutropenia | chem_elevated total bilirubin,CBC_neutropenia,chem_elevated total bilirubin,,0.1,0.6233865355728875,0.6224980128648743,0.5194753577106518,0.21553509278486555,omitted_sparse_joint_cells,0.0,"{""intercept"": 0.7757105419458084, ""CBC_neutropenia"": 0.024022747494681213, ""chem_elevated total bilirubin"": 0.060462264299450084}"
CBC_neutropenia | chem_hypophosphatemia,CBC_neutropenia,chem_hypophosphatemia,,0.1,0.6233865355728875,0.622498012864874,0.5194753577106518,0.21553509278486555,omitted_sparse_joint_cells,0.0,"{""intercept"": 0.7757105419458082, ""CBC_neutropenia"": 0.02402274749468119, ""chem_hypophosphatemia"": 0.060462264299450105}"
CBC_no abnormalities | CBC_anemia,CBC_no abnormalities,CBC_anemia,,0.1,0.6233888787895652,0.6224954605926935,0.5184817170111288,0.2155315104149471,omitted_sparse_joint_cells,0.0,"{""intercept"": 0.7343127766307006, ""CBC_no abnormalities"": 0.059293779498489095, ""CBC_anemia"": -0.0019224336350995288}"
pli_abn | chem_decreased alt,pli_abn,chem_decreased alt,,1.0,0.6233950491491547,0.6129292295282446,0.5246422893481717,0.2109510285294012,omitted_sparse_joint_cells,1.0,"{""intercept"": 0.801138035913338, ""pli_abn"": -0.030542659358570215, ""chem_decreased alt"": -0.928328250240942}"
CBC_no abnormalities | CBC_lymphopenia,CBC_no abnormalities,CBC_lymphopenia,,0.1,0.6233988717661498,0.6224957725767739,0.5182829888712241,0.2155316493278862,omitted_sparse_joint_cells,0.0,"{""intercept"": 0.7347016598093221, ""CBC_no abnormalities"": 0.05895695477399134, ""CBC_lymphopenia"": -0.004186790601048342}"
clinical signs_diarrhea | CBC_lymphopenia,clinical signs_diarrhea,CBC_lymphopenia,,0.1,0.623400841145983,0.620185968041482,0.5472972972972973,0.214524018122068,omitted_sparse_joint_cells,1.0,"{""intercept"": 0.8273119049022681, ""clinical signs_diarrhea"": -0.15253692380007006, ""CBC_lymphopenia"": -0.011922510665824781}"
clinical signs_diarrhea | CBC_anemia,clinical signs_diarrhea,CBC_anemia,,0.1,0.6234017541031662,0.6201963855973615,0.551470588235294,0.21453004889653957,omitted_sparse_joint_cells,0.0,"{""intercept"": 0.8268521301674285, ""clinical signs_diarrhea"": -0.15242953932109704, ""CBC_anemia"": -0.007434110535156301}"
clinical signs_none | AUS_no abnormalities,clinical signs_none,AUS_no abnormalities,,0.1,0.6234125447490194,0.6228115353250415,0.5101351351351352,0.21566881347179995,omitted_sparse_joint_cells,0.0,"{""intercept"": 0.7756575031077846, ""clinical signs_none"": 0.01796919736026882, ""AUS_no abnormalities"": 0.024048179873485166}"
clinical signs_none | chem_elevated alt,clinical signs_none,chem_elevated alt,,0.1,0.6234171460134388,0.6223855534678342,0.5111287758346582,0.21548780187312674,omitted_sparse_joint_cells,2.0,"{""intercept"": 0.771184669956628, ""clinical signs_none"": 0.01214524742398114, ""chem_elevated alt"": 0.06983145231616444}"
clinical signs_hairball obstruction | chem_hypoproteinemia,clinical signs_hairball obstruction,chem_hypoproteinemia,,0.1,0.6234245428657728,0.6219479142342901,0.5262321144674086,0.21528941462868253,omitted_sparse_joint_cells,0.0,"{""intercept"": 0.7811020148967017, ""clinical signs_hairball obstruction"": -0.09923196886946037, ""chem_hypoproteinemia"": -0.010240603005827702}"
folate_high | AUS_ileus,folate_high,AUS_ileus,,0.1,0.6234298085470357,0.618912944531565,0.5763116057233705,0.21397753937542177,omitted_sparse_joint_cells,1.0,"{""intercept"": 0.7549258039068496, ""folate_high"": 0.11731427069319418, ""AUS_ileus"": -0.15469369114227208}"
AUS_mesenteric lymphadenopathy | CBC_neutropenia,AUS_mesenteric lymphadenopathy,CBC_neutropenia,,0.1,0.6234322046734476,0.620154811049937,0.5532591414944357,0.2145267603077455,omitted_sparse_joint_cells,2.0,"{""intercept"": 0.7056882231815548, ""AUS_mesenteric lymphadenopathy"": 0.15015999189311466, ""CBC_neutropenia"": 0.024087755040071566}"
clinical signs_none | CBC_no abnormalities,clinical signs_none,CBC_no abnormalities,,0.1,0.6234366643976074,0.6224681179593898,0.5278219395866455,0.21552076926348718,omitted_sparse_joint_cells,1.0,"{""intercept"": 0.7332332570310787, ""clinical signs_none"": 0.016996521585022902, ""CBC_no abnormalities"": 0.05918848837508067}"
cobalamin_low | AUS_jejunum,cobalamin_low,AUS_jejunum,,0.1,0.623438497719218,0.6184558240435035,0.5631955484896661,0.21381284955000812,included_binary_binary,6.0,"{""intercept"": 0.7368149087454675, ""cobalamin_low"": 0.16086117743443962, ""AUS_jejunum"": -0.04495849860028861, ""interaction__cobalamin_low__x__AUS_jejunum"": 0.08660203727584474}"
chem_no abnormalities | chem_hypokalemia,chem_no abnormalities,chem_hypokalemia,,0.1,0.6234595016861502,0.6206615887955258,0.5445151033386327,0.21473746132104057,omitted_sparse_joint_cells,0.0,"{""intercept"": 0.6972606870979986, ""chem_no abnormalities"": 0.13720453292722276, ""chem_hypokalemia"": -0.00018707280934829296}"
clinical signs_hairball obstruction | AUS_chronic degenerative renal changes,clinical signs_hairball obstruction,AUS_chronic degenerative renal changes,,0.1,0.6234701100023553,0.6219219461901483,0.5298092209856916,0.21527839619376585,omitted_sparse_joint_cells,0.0,"{""intercept"": 0.7825941720251105, ""clinical signs_hairball obstruction"": -0.09925568825726414, ""AUS_chronic degenerative renal changes"": -0.018717637439187137}"
clinical signs_hairball obstruction | CBC_neutropenia,clinical signs_hairball obstruction,CBC_neutropenia,,0.1,0.6234776106373617,0.6219046490177172,0.5272257551669316,0.21527067937138794,omitted_sparse_joint_cells,0.0,"{""intercept"": 0.7796528674549592, ""clinical signs_hairball obstruction"": -0.09915426499756821, ""CBC_neutropenia"": 0.02372497978261689}"
clinical signs_none | clinical signs_diarrhea,clinical signs_none,clinical signs_diarrhea,,0.1,0.623484703659237,0.6201939314248294,0.5490858505564388,0.21452875504368046,omitted_sparse_joint_cells,0.0,"{""intercept"": 0.8256599263676742, ""clinical signs_none"": 0.01211769689375754, ""clinical signs_diarrhea"": -0.15204346559103757}"
AUS_duodenum | chem_hypophosphatemia,AUS_duodenum,chem_hypophosphatemia,,0.1,0.6234921307100056,0.6198382067235164,0.5560413354531002,0.21437500252972552,omitted_sparse_joint_cells,1.0,"{""intercept"": 0.6728107930586676, ""AUS_duodenum"": 0.15262143052281263, ""chem_hypophosphatemia"": 0.06205697197821211}"
folate_high | clinical signs_hairball obstruction,folate_high,clinical signs_hairball obstruction,,0.1,0.6234978924498414,0.6203224826310068,0.5472972972972974,0.21460234064964212,omitted_sparse_joint_cells,1.0,"{""intercept"": 0.7467761253257282, ""folate_high"": 0.1195105696524719, ""clinical signs_hairball obstruction"": -0.09910371805872895}"
CBC_eosinopenia | chem_hypoproteinemia,CBC_eosinopenia,chem_hypoproteinemia,,0.1,0.6235040829854798,0.6224684197121829,0.5178855325914149,0.21551853298810833,omitted_sparse_joint_cells,0.0,"{""intercept"": 0.7788951561844802, ""CBC_eosinopenia"": -0.06703757611540835, ""chem_hypoproteinemia"": -0.010013022405018165}"
chem_hypoproteinemia | chem_elevated alp,chem_hypoproteinemia,chem_elevated alp,,0.1,0.6235040829854799,0.6224684197121829,0.5178855325914149,0.21551853298810825,omitted_sparse_joint_cells,0.0,"{""intercept"": 0.7788951561844801, ""chem_hypoproteinemia"": -0.010013022405018161, ""chem_elevated alp"": -0.06703757611540834}"
chem_hypoproteinemia | chem_elevated ast,chem_hypoproteinemia,chem_elevated ast,,0.1,0.6235047390195047,0.6227699465514621,0.510731319554849,0.21565043270927578,omitted_sparse_joint_cells,0.0,"{""intercept"": 0.7789284666249198, ""chem_hypoproteinemia"": -0.009999058826915758, ""chem_elevated ast"": -0.03551389237629596}"
clinical signs_constipation | chem_hypoproteinemia,clinical signs_constipation,chem_hypoproteinemia,,0.1,0.6235049544798954,0.622800680107122,0.5087440381558028,0.21566422377430527,omitted_sparse_joint_cells,0.0,"{""intercept"": 0.7779751316861279, ""clinical signs_constipation"": 0.030784679119791228, ""chem_hypoproteinemia"": -0.009873232961295924}"
chem_hypoproteinemia | chem_hypercalcemia,chem_hypoproteinemia,chem_hypercalcemia,,0.1,0.6235049544798954,0.622800680107122,0.5087440381558028,0.21566422377430527,omitted_sparse_joint_cells,0.0,"{""intercept"": 0.7779751316861279, ""chem_hypoproteinemia"": -0.009873232961295924, ""chem_hypercalcemia"": 0.030784679119791228}"
CBC_basocytosis | chem_hypoproteinemia,CBC_basocytosis,chem_hypoproteinemia,,0.1,0.6235051261966001,0.622800680107122,0.5087440381558028,0.21566422377430527,omitted_sparse_joint_cells,0.0,"{""intercept"": 0.777975131686128, ""CBC_basocytosis"": 0.03078467911979123, ""chem_hypoproteinemia"": -0.00987323296129593}"
chem_hypoproteinemia | chem_hypercholesterolemia,chem_hypoproteinemia,chem_hypercholesterolemia,,0.1,0.6235063361923138,0.622800680107122,0.5087440381558028,0.21566422377430527,omitted_sparse_joint_cells,0.0,"{""intercept"": 0.777975131686128, ""chem_hypoproteinemia"": -0.00987323296129593, ""chem_hypercholesterolemia"": 0.03078467911979123}"
AUS_duodenum | CBC_lymphocytosis,AUS_duodenum,CBC_lymphocytosis,,0.1,0.6235109217023007,0.6198873024942266,0.557631160572337,0.21440037650538468,omitted_sparse_joint_cells,0.0,"{""intercept"": 0.6734961191701233, ""AUS_duodenum"": 0.15174754462960055, ""CBC_lymphocytosis"": 0.05873940741854017}"
AUS_splenomegaly | CBC_lymphocytosis,AUS_splenomegaly,CBC_lymphocytosis,,0.1,0.6235304550431959,0.6201441670702087,0.5520667726550079,0.21449967301416029,omitted_sparse_joint_cells,0.0,"{""intercept"": 0.7953953598326923, ""AUS_splenomegaly"": -0.1521297270958431, ""CBC_lymphocytosis"": 0.05957783671520639}"
AUS_duodenum | chem_elevated total bilirubin,AUS_duodenum,chem_elevated total bilirubin,,0.1,0.6235343831712445,0.6198873024942266,0.557631160572337,0.21440037650538468,omitted_sparse_joint_cells,0.0,"{""intercept"": 0.6734961191701231, ""AUS_duodenum"": 0.1517475446296005, ""chem_elevated total bilirubin"": 0.05873940741854017}"
clinical signs_diarrhea | chem_hypoproteinemia,clinical signs_diarrhea,chem_hypoproteinemia,,0.1,0.6235397740628639,0.620185968041482,0.5552464228934817,0.21452663258449628,omitted_sparse_joint_cells,1.0,"{""intercept"": 0.8273119049022681, ""clinical signs_diarrhea"": -0.15253692380007006, ""chem_hypoproteinemia"": -0.011922510665824802}"
chem_hypoproteinemia | chem_elevated alt,chem_hypoproteinemia,chem_elevated alt,,0.1,0.6235404471030803,0.6223855082227396,0.5190779014308426,0.21548728396487601,omitted_sparse_joint_cells,0.0,"{""intercept"": 0.7723983742468098, ""chem_hypoproteinemia"": -0.009223982433336712, ""chem_elevated alt"": 0.07078171780512757}"
AUS_no abnormalities | chem_hypoproteinemia,AUS_no abnormalities,chem_hypoproteinemia,,0.1,0.6235412460639405,0.6228344071324647,0.5075516693163752,0.2156786517833783,omitted_sparse_joint_cells,0.0,"{""intercept"": 0.777372438699263, ""AUS_no abnormalities"": 0.023913556274728368, ""chem_hypoproteinemia"": -0.009800076597174853}"
AUS_chronic degenerative renal changes | chem_elevated ast,AUS_chronic degenerative renal changes,chem_elevated ast,,0.1,0.6235459526727241,0.6227457773793936,0.5135135135135135,0.21564000685536297,omitted_sparse_joint_cells,0.0,"{""intercept"": 0.7804053838630637, ""AUS_chronic degenerative renal changes"": -0.01826888412457791, ""chem_elevated ast"": -0.03540771465193818}"
AUS_chronic degenerative renal changes | CBC_eosinopenia,AUS_chronic degenerative renal changes,CBC_eosinopenia,,0.1,0.6235464209135803,0.6224449299988413,0.5210651828298887,0.21550847731570452,omitted_sparse_joint_cells,0.0,"{""intercept"": 0.7803704841774095, ""AUS_chronic degenerative renal changes"": -0.01831313683647344, ""CBC_eosinopenia"": -0.06686371919458992}"
AUS_chronic degenerative renal changes | chem_elevated alp,AUS_chronic degenerative renal changes,chem_elevated alp,,0.1,0.6235464209135804,0.6224449299988413,0.5210651828298887,0.21550847731570452,omitted_sparse_joint_cells,0.0,"{""intercept"": 0.7803704841774095, ""AUS_chronic degenerative renal changes"": -0.01831313683647344, ""chem_elevated alp"": -0.06686371919458992}"
clinical signs_constipation | AUS_chronic degenerative renal changes,clinical signs_constipation,AUS_chronic degenerative renal changes,,0.1,0.6235479043148466,0.6227770443848045,0.510731319554849,0.215654016166163,omitted_sparse_joint_cells,0.0,"{""intercept"": 0.7794446842258346, ""clinical signs_constipation"": 0.030695380328050595, ""AUS_chronic degenerative renal changes"": -0.018002950692289632}"
AUS_chronic degenerative renal changes | CBC_basocytosis,AUS_chronic degenerative renal changes,CBC_basocytosis,,0.1,0.6235480220029855,0.6227770443848045,0.510731319554849,0.215654016166163,omitted_sparse_joint_cells,0.0,"{""intercept"": 0.7794446842258346, ""AUS_chronic degenerative renal changes"": -0.018002950692289632, ""CBC_basocytosis"": 0.030695380328050595}"
AUS_chronic degenerative renal changes | chem_hypercalcemia,AUS_chronic degenerative renal changes,chem_hypercalcemia,,0.1,0.6235480962337797,0.6227741322180036,0.5174880763116056,0.21565249625568655,omitted_sparse_joint_cells,0.0,"{""intercept"": 0.7794991244857847, ""AUS_chronic degenerative renal changes"": -0.018560541721388837, ""chem_hypercalcemia"": 0.030990443085153165}"
AUS_chronic degenerative renal changes | chem_hypercholesterolemia,AUS_chronic degenerative renal changes,chem_hypercholesterolemia,,0.1,0.6235488331580962,0.6227770443848046,0.510731319554849,0.215654016166163,omitted_sparse_joint_cells,0.0,"{""intercept"": 0.7794446842258346, ""AUS_chronic degenerative renal changes"": -0.018002950692289663, ""chem_hypercholesterolemia"": 0.030695380328050602}"
AUS_splenomegaly | chem_elevated total bilirubin,AUS_splenomegaly,chem_elevated total bilirubin,,0.1,0.6235493856177432,0.6201441670702087,0.5520667726550079,0.2144996730141603,omitted_sparse_joint_cells,0.0,"{""intercept"": 0.7953953598326923, ""AUS_splenomegaly"": -0.1521297270958431, ""chem_elevated total bilirubin"": 0.05957783671520639}"
AUS_splenomegaly | chem_hypophosphatemia,AUS_splenomegaly,chem_hypophosphatemia,,0.1,0.6235493856177432,0.6201441670702087,0.5520667726550079,0.2144996730141603,omitted_sparse_joint_cells,0.0,"{""intercept"": 0.7953953598326923, ""AUS_splenomegaly"": -0.1521297270958431, ""chem_hypophosphatemia"": 0.05957783671520638}"
folate_high | chem_elevated ast,folate_high,chem_elevated ast,,0.1,0.6235559642434774,0.6211387587880773,0.5371621621621622,0.21495722319306806,omitted_sparse_joint_cells,1.0,"{""intercept"": 0.7446133805373967, ""folate_high"": 0.11967003312101716, ""chem_elevated ast"": -0.03611908011726319}"
CBC_lymphopenia | CBC_anemia,CBC_lymphopenia,CBC_anemia,,0.1,0.623557383836273,0.6228867676503569,0.503577106518283,0.21570113961287857,omitted_sparse_joint_cells,0.0,"{""intercept"": 0.7784076305192019, ""CBC_lymphopenia"": -0.009925951533941709, ""CBC_anemia"": -0.005238922815692167}"
CBC_neutropenia | CBC_eosinopenia,CBC_neutropenia,CBC_eosinopenia,,0.1,0.623558036379379,0.6224231090766655,0.5196740858505564,0.21549899986565405,omitted_sparse_joint_cells,0.0,"{""intercept"": 0.777459153910945, ""CBC_neutropenia"": 0.023894367253703235, ""CBC_eosinopenia"": -0.06704878536314043}"
CBC_neutropenia | chem_elevated alp,CBC_neutropenia,chem_elevated alp,,0.1,0.623558036379379,0.6224231090766655,0.5196740858505564,0.21549899986565407,omitted_sparse_joint_cells,0.0,"{""intercept"": 0.777459153910945, ""CBC_neutropenia"": 0.02389436725370324, ""chem_elevated alp"": -0.06704878536314043}"
AUS_duodenum | AUS_ileus,AUS_duodenum,AUS_ileus,,0.1,0.6235580375597038,0.6180845138098987,0.5478934817170111,0.21355095970212926,omitted_sparse_joint_cells,2.0,"{""intercept"": 0.6883799399015499, ""AUS_duodenum"": 0.14614197140078022, ""AUS_ileus"": -0.14912847567445922}"
CBC_neutropenia | chem_elevated ast,CBC_neutropenia,chem_elevated ast,,0.1,0.623558243031783,0.6227247962522201,0.5131160572337042,0.2156310365290343,omitted_sparse_joint_cells,0.0,"{""intercept"": 0.7774870930611657, ""CBC_neutropenia"": 0.023893030037809914, ""chem_elevated ast"": -0.03548642639341087}"
CBC_neutropenia | CBC_basocytosis,CBC_neutropenia,CBC_basocytosis,,0.1,0.6235583855937753,0.6227548527478116,0.5125198728139904,0.21564453534897535,omitted_sparse_joint_cells,0.0,"{""intercept"": 0.7765565301129507, ""CBC_neutropenia"": 0.023952186684209696, ""CBC_basocytosis"": 0.030801335826258908}"
CBC_neutropenia | chem_hypercalcemia,CBC_neutropenia,chem_hypercalcemia,,0.1,0.6235584489447614,0.6227548527478116,0.5125198728139904,0.21564453534897535,omitted_sparse_joint_cells,0.0,"{""intercept"": 0.7765565301129507, ""CBC_neutropenia"": 0.023952186684209696, ""chem_hypercalcemia"": 0.030801335826258908}"
clinical signs_constipation | CBC_neutropenia,clinical signs_constipation,CBC_neutropenia,,0.1,0.6235584489447614,0.6227548527478118,0.5125198728139904,0.21564453534897546,omitted_sparse_joint_cells,0.0,"{""intercept"": 0.7765565301129504, ""clinical signs_constipation"": 0.03080133582625893, ""CBC_neutropenia"": 0.023952186684209693}"
folate_high | CBC_basocytosis,folate_high,CBC_basocytosis,,0.1,0.623558582103737,0.6211710520412395,0.5429252782193958,0.2149671736463834,omitted_sparse_joint_cells,0.0,"{""intercept"": 0.7436526581500643, ""folate_high"": 0.11966957302012343, ""CBC_basocytosis"": 0.03139871320130232}"
CBC_no abnormalities | chem_hypoproteinemia,CBC_no abnormalities,chem_hypoproteinemia,,0.1,0.6235589003439621,0.6224899012168795,0.519872813990461,0.21552913301310517,omitted_sparse_joint_cells,3.0,"{""intercept"": 0.7347612973646501, ""CBC_no abnormalities"": 0.0592016871189936, ""chem_hypoproteinemia"": -0.007999531136293252}"
CBC_neutropenia | chem_hypercholesterolemia,CBC_neutropenia,chem_hypercholesterolemia,,0.1,0.6235596882855095,0.6227548527478118,0.5125198728139904,0.21564453534897535,omitted_sparse_joint_cells,0.0,"{""intercept"": 0.7765565301129507, ""CBC_neutropenia"": 0.023952186684209696, ""chem_hypercholesterolemia"": 0.030801335826258908}"
folate_high | chem_hypercholesterolemia,folate_high,chem_hypercholesterolemia,,0.1,0.6235609983712864,0.6211710520412396,0.5429252782193958,0.2149671736463834,omitted_sparse_joint_cells,0.0,"{""intercept"": 0.7436526581500643, ""folate_high"": 0.11966957302012343, ""chem_hypercholesterolemia"": 0.03139871320130232}"
clinical signs_diarrhea | AUS_chronic degenerative renal changes,clinical signs_diarrhea,AUS_chronic degenerative renal changes,,0.1,0.6235622014729433,0.6201737733258427,0.5484896661367249,0.21451861435105654,omitted_sparse_joint_cells,4.0,"{""intercept"": 0.8284824732622558, ""clinical signs_diarrhea"": -0.15222059857044895, ""AUS_chronic degenerative renal changes"": -0.017398595264112648}"
folate_high | chem_hypercalcemia,folate_high,chem_hypercalcemia,,0.1,0.6235639749541076,0.6211902255894904,0.5393481717011128,0.21497697509434419,omitted_sparse_joint_cells,0.0,"{""intercept"": 0.7438093062758557, ""folate_high"": 0.1192362022939777, ""chem_hypercalcemia"": 0.028792614675017595}"
folate_high | clinical signs_constipation,folate_high,clinical signs_constipation,,0.1,0.6235639749541076,0.6211902255894904,0.5393481717011128,0.21497697509434419,omitted_sparse_joint_cells,0.0,"{""intercept"": 0.7438093062758557, ""folate_high"": 0.11923620229397768, ""clinical signs_constipation"": 0.028792614675017595}"
folate_high | CBC_eosinopenia,folate_high,CBC_eosinopenia,,0.1,0.6235655398707073,0.6208626681718369,0.5478934817170111,0.2148303902103106,omitted_sparse_joint_cells,0.0,"{""intercept"": 0.7447394262758285, ""folate_high"": 0.11906597871087041, ""CBC_eosinopenia"": -0.06565386032013928}"
folate_high | chem_elevated alp,folate_high,chem_elevated alp,,0.1,0.6235655398707073,0.6208626681718369,0.5478934817170111,0.2148303902103106,omitted_sparse_joint_cells,0.0,"{""intercept"": 0.7447394262758285, ""folate_high"": 0.11906597871087042, ""chem_elevated alp"": -0.06565386032013928}"
AUS_ileus | chem_hypokalemia,AUS_ileus,chem_hypokalemia,,0.1,0.6235734390293267,0.620447702705409,0.5294117647058824,0.2146230463861833,omitted_sparse_joint_cells,1.0,"{""intercept"": 0.788612602554002, ""AUS_ileus"": -0.15683048316248202, ""chem_hypokalemia"": -0.008001008719610129}"
AUS_chronic degenerative renal changes | chem_elevated alt,AUS_chronic degenerative renal changes,chem_elevated alt,,0.1,0.6235800282777954,0.6223656990440127,0.5202702702702703,0.2154787872792376,omitted_sparse_joint_cells,0.0,"{""intercept"": 0.7737781149375402, ""AUS_chronic degenerative renal changes"": -0.016838867507345232, ""chem_elevated alt"": 0.07061455460947354}"
folate_low | AUS_gall bladder sludge,folate_low,AUS_gall bladder sludge,,0.1,0.623583634175554,0.6215229983679438,0.5304054054054054,0.2151235593279128,omitted_sparse_joint_cells,2.0,"{""intercept"": 0.7595559033364663, ""folate_low"": 0.04974399019173632, ""AUS_gall bladder sludge"": 0.1026453429939176}"
AUS_no abnormalities | AUS_chronic degenerative renal changes,AUS_no abnormalities,AUS_chronic degenerative renal changes,,0.1,0.6235865811343695,0.6228108715518813,0.5095389507154213,0.2156684784014422,omitted_sparse_joint_cells,0.0,"{""intercept"": 0.7788265342668236, ""AUS_no abnormalities"": 0.023897196374545987, ""AUS_chronic degenerative renal changes"": -0.017883776154127534}"
pli_abn | CBC_basophilia,pli_abn,CBC_basophilia,,0.1,0.6235889056095216,0.6212454866369519,0.5321939586645469,0.2149783716217797,omitted_sparse_joint_cells,2.0,"{""intercept"": 0.7864353235297978, ""pli_abn"": -0.018914337655073752, ""CBC_basophilia"": -0.12843032056123696}"
clinical signs_none | CBC_anemia,clinical signs_none,CBC_anemia,,0.1,0.6235896327157129,0.6228644372596628,0.49264705882352944,0.21569165189379044,omitted_sparse_joint_cells,1.0,"{""intercept"": 0.7767013222191033, ""clinical signs_none"": 0.017927842496035577, ""CBC_anemia"": -0.0054992189644474665}"
CBC_neutropenia | chem_elevated alt,CBC_neutropenia,chem_elevated alt,,0.1,0.6235898303320342,0.622334975181494,0.5236486486486486,0.21546545091403904,omitted_sparse_joint_cells,0.0,"{""intercept"": 0.7709576258321057, ""CBC_neutropenia"": 0.02443274622986867, ""chem_elevated alt"": 0.070994452399183}"
clinical signs_hairball obstruction | AUS_duodenum,clinical signs_hairball obstruction,AUS_duodenum,,0.1,0.6235903219539832,0.619344684289385,0.5534578696343402,0.21413790717807396,omitted_sparse_joint_cells,1.0,"{""intercept"": 0.6779384257937827, ""clinical signs_hairball obstruction"": -0.09607446353953879, ""AUS_duodenum"": 0.15080301270740468}"
clinical signs_none | CBC_lymphopenia,clinical signs_none,CBC_lymphopenia,,0.1,0.6235920534030145,0.6228582029979027,0.5063593004769475,0.21568885650267972,omitted_sparse_joint_cells,0.0,"{""intercept"": 0.7771085102656311, ""clinical signs_none"": 0.01778444163393584, ""CBC_lymphopenia"": -0.009763853297492353}"
AUS_no abnormalities | CBC_neutropenia,AUS_no abnormalities,CBC_neutropenia,,0.1,0.623596089260089,0.6227879845815801,0.5111287758346582,0.21565871114852855,omitted_sparse_joint_cells,0.0,"{""intercept"": 0.775942268672687, ""AUS_no abnormalities"": 0.024020869683445908, ""CBC_neutropenia"": 0.024020869683445908}"
folate_high | AUS_no abnormalities,folate_high,AUS_no abnormalities,,0.1,0.6236023280659679,0.6212071992733308,0.5486883942766295,0.21497953736157957,omitted_sparse_joint_cells,1.0,"{""intercept"": 0.7430502125591453, ""folate_high"": 0.11958077359558039, ""AUS_no abnormalities"": 0.0245634983544216}"
CBC_no abnormalities | CBC_neutropenia,CBC_no abnormalities,CBC_neutropenia,,0.1,0.623605877793411,0.6224137004834689,0.520866454689984,0.21549577857553415,omitted_sparse_joint_cells,0.0,"{""intercept"": 0.7322610624009528, ""CBC_no abnormalities"": 0.06055831860683215, ""CBC_neutropenia"": 0.02845357707853093}"
clinical signs_hairball obstruction | AUS_splenomegaly,clinical signs_hairball obstruction,AUS_splenomegaly,,0.1,0.6236077749175164,0.6195049393783331,0.5620031796502385,0.21421814787309945,omitted_sparse_joint_cells,0.0,"{""intercept"": 0.7993937180298698, ""clinical signs_hairball obstruction"": -0.10012658341974584, ""AUS_splenomegaly"": -0.15317215497332257}"
AUS_chronic degenerative renal changes | CBC_no abnormalities,AUS_chronic degenerative renal changes,CBC_no abnormalities,,0.1,0.6236078304347494,0.6224659147347287,0.5254372019077901,0.2155193600972879,omitted_sparse_joint_cells,4.0,"{""intercept"": 0.7362242014541853, ""AUS_chronic degenerative renal changes"": -0.017209891999630696, ""CBC_no abnormalities"": 0.05917922857194775}"
folate_high | chem_elevated alt,folate_high,chem_elevated alt,,0.1,0.6236087314741845,0.6208902302245756,0.550476947535771,0.21484163398568518,omitted_sparse_joint_cells,3.0,"{""intercept"": 0.7396712925925875, ""folate_high"": 0.11644554794159763, ""chem_elevated alt"": 0.06381306816481032}"
clinical signs_diarrhea | CBC_neutropenia,clinical signs_diarrhea,CBC_neutropenia,,0.1,0.6236170253712018,0.620168782287181,0.5512718600953894,0.21451821182917216,omitted_sparse_joint_cells,0.0,"{""intercept"": 0.8257150747894249, ""clinical signs_diarrhea"": -0.1519361059632405, ""CBC_neutropenia"": 0.020862085641967}"
clinical signs_diarrhea | AUS_splenomegaly,clinical signs_diarrhea,AUS_splenomegaly,,0.1,0.6236608402337934,0.6169837071392167,0.567368839427663,0.2130756709521918,included_binary_binary,5.0,"{""intercept"": 0.8469289466685207, ""clinical signs_diarrhea"": -0.14476531049173877, ""AUS_splenomegaly"": -0.14109717637286046, ""interaction__clinical signs_diarrhea__x__AUS_splenomegaly"": -0.10665062603985653}"
chem_hypokalemia | chem_hypophosphatemia,chem_hypokalemia,chem_hypophosphatemia,,0.1,0.6236636165883789,0.6225370477950553,0.528616852146264,0.21555126452560971,omitted_sparse_joint_cells,0.0,"{""intercept"": 0.7772602405422216, ""chem_hypokalemia"": -0.012107811007185151, ""chem_hypophosphatemia"": 0.0608643738953851}"
clinical signs_diarrhea | AUS_gall bladder sludge,clinical signs_diarrhea,AUS_gall bladder sludge,,0.1,0.623665621912453,0.6189483521550867,0.5693561208267091,0.21401098573261926,included_binary_binary,5.0,"{""intercept"": 0.8111705026049945, ""clinical signs_diarrhea"": -0.14983776635834964, ""AUS_gall bladder sludge"": 0.10553096058995559, ""interaction__clinical signs_diarrhea__x__AUS_gall bladder sludge"": -0.03806456394567927}"
CBC_lymphocytosis | chem_hypokalemia,CBC_lymphocytosis,chem_hypokalemia,,0.1,0.6236666620385943,0.6225447509818453,0.5151033386327505,0.2155552348202792,omitted_sparse_joint_cells,0.0,"{""intercept"": 0.7771493358776526, ""CBC_lymphocytosis"": 0.06037878248943002, ""chem_hypokalemia"": -0.009785154275055335}"
AUS_ileum | chem_decreased alt,AUS_ileum,chem_decreased alt,,1.0,0.6236735239677733,0.6123819066187949,0.5556438791732909,0.21075666372402077,omitted_sparse_joint_cells,0.0,"{""intercept"": 0.7731834351636825, ""AUS_ileum"": 0.10120578683779961, ""chem_decreased alt"": -0.9596592644117716}"
AUS_duodenum | chem_elevated ast,AUS_duodenum,chem_elevated ast,,0.1,0.6236749698489557,0.6200653150206747,0.5556438791732909,0.21447423059825554,omitted_sparse_joint_cells,0.0,"{""intercept"": 0.6746566820969199, ""AUS_duodenum"": 0.15262677560428473, ""chem_elevated ast"": -0.037777788125979136}"
AUS_duodenum | chem_elevated alp,AUS_duodenum,chem_elevated alp,,0.1,0.6236751661015039,0.6197630161208535,0.5598171701112877,0.21434421221912606,omitted_sparse_joint_cells,0.0,"{""intercept"": 0.6745878383925188, ""AUS_duodenum"": 0.15262283417469183, ""chem_elevated alp"": -0.06847526532697329}"
AUS_duodenum | CBC_eosinopenia,AUS_duodenum,CBC_eosinopenia,,0.1,0.6236751661015039,0.6197630161208534,0.5598171701112877,0.21434421221912606,omitted_sparse_joint_cells,0.0,"{""intercept"": 0.6745878383925187, ""AUS_duodenum"": 0.15262283417469177, ""CBC_eosinopenia"": -0.06847526532697329}"
AUS_duodenum | chem_hypercholesterolemia,AUS_duodenum,chem_hypercholesterolemia,,0.1,0.6236773191999934,0.6200965654510902,0.5518680445151033,0.21448531844875654,omitted_sparse_joint_cells,0.0,"{""intercept"": 0.6736628611491283, ""AUS_duodenum"": 0.15260153031419657, ""chem_hypercholesterolemia"": 0.03338617955194497}"
AUS_ileum | CBC_eosinophilia,AUS_ileum,CBC_eosinophilia,,0.1,0.6236802235210168,0.6203865280589065,0.5631955484896661,0.2146015292294231,omitted_sparse_joint_cells,2.0,"{""intercept"": 0.7832031575925632, ""AUS_ileum"": 0.02092759974826809, ""CBC_eosinophilia"": -0.15805732260537225}"
AUS_duodenum | chem_hypercalcemia,AUS_duodenum,chem_hypercalcemia,,0.1,0.6236807538921576,0.6201229060661085,0.5534578696343402,0.2144990081835639,omitted_sparse_joint_cells,0.0,"{""intercept"": 0.6740322026365203, ""AUS_duodenum"": 0.15212907834306724, ""chem_hypercalcemia"": 0.02995026070864419}"
clinical signs_constipation | AUS_duodenum,clinical signs_constipation,AUS_duodenum,,0.1,0.623682813037612,0.6200965654510902,0.5518680445151033,0.21448531844875654,omitted_sparse_joint_cells,0.0,"{""intercept"": 0.6736628611491283, ""clinical signs_constipation"": 0.03338617955194497, ""AUS_duodenum"": 0.15260153031419657}"
chem_elevated total bilirubin | chem_hypokalemia,chem_elevated total bilirubin,chem_hypokalemia,,0.1,0.6236838079640753,0.6225447509818453,0.5151033386327505,0.2155552348202792,omitted_sparse_joint_cells,0.0,"{""intercept"": 0.7771493358776526, ""chem_elevated total bilirubin"": 0.06037878248943002, ""chem_hypokalemia"": -0.009785154275055335}"
AUS_duodenum | CBC_basocytosis,AUS_duodenum,CBC_basocytosis,,0.1,0.6236841110718184,0.6201229060661085,0.5534578696343402,0.2144990081835639,omitted_sparse_joint_cells,0.0,"{""intercept"": 0.6740322026365203, ""AUS_duodenum"": 0.15212907834306721, ""CBC_basocytosis"": 0.02995026070864419}"
AUS_no abnormalities | AUS_duodenum,AUS_no abnormalities,AUS_duodenum,,0.1,0.6236924670933572,0.6200842827051228,0.5528616852146264,0.21447957242335958,omitted_sparse_joint_cells,0.0,"{""intercept"": 0.6721045724887721, ""AUS_no abnormalities"": 0.032939139602788714, ""AUS_duodenum"": 0.15351036189263764}"
folate_low | chem_no abnormalities,folate_low,chem_no abnormalities,,0.1,0.6236937573706689,0.6203587983752152,0.5540540540540541,0.214610249471376,omitted_sparse_joint_cells,2.0,"{""intercept"": 0.6942248666847814, ""folate_low"": 0.055007730864209556, ""chem_no abnormalities"": 0.1380068798499626}"
AUS_splenomegaly | chem_hypercalcemia,AUS_splenomegaly,chem_hypercalcemia,,0.1,0.6237069265465504,0.6203635511487041,0.5421303656597773,0.21458989804802478,omitted_sparse_joint_cells,0.0,"{""intercept"": 0.7962529209638365, ""AUS_splenomegaly"": -0.15292318375638977, ""chem_hypercalcemia"": 0.033426786606978204}"
AUS_splenomegaly | CBC_basocytosis,AUS_splenomegaly,CBC_basocytosis,,0.1,0.6237081078187219,0.6203635511487041,0.5421303656597773,0.21458989804802478,omitted_sparse_joint_cells,0.0,"{""intercept"": 0.7962529209638365, ""AUS_splenomegaly"": -0.15292318375638977, ""CBC_basocytosis"": 0.033426786606978204}"
AUS_duodenum | chem_elevated alt,AUS_duodenum,chem_elevated alt,,0.1,0.6237088254206699,0.6197415246635006,0.5622019077901431,0.21434311357307934,omitted_sparse_joint_cells,2.0,"{""intercept"": 0.6691318221280501, ""AUS_duodenum"": 0.15141804584051, ""chem_elevated alt"": 0.0688169804629789}"
CBC_anemia | chem_hypoproteinemia,CBC_anemia,chem_hypoproteinemia,,0.1,0.6237142258985083,0.6228867676503569,0.503577106518283,0.21570113961287854,omitted_sparse_joint_cells,0.0,"{""intercept"": 0.7784076305192019, ""CBC_anemia"": -0.0052389228156921736, ""chem_hypoproteinemia"": -0.009925951533941709}"
AUS_splenomegaly | chem_elevated alp,AUS_splenomegaly,chem_elevated alp,,0.1,0.6237142496239059,0.6200493822231452,0.5542527821939587,0.21445569001813794,omitted_sparse_joint_cells,0.0,"{""intercept"": 0.7971544323793421, ""AUS_splenomegaly"": -0.15263890034783031, ""chem_elevated alp"": -0.06707937295340263}"
AUS_splenomegaly | chem_elevated ast,AUS_splenomegaly,chem_elevated ast,,0.1,0.6237167294205256,0.6203797608626369,0.5367647058823529,0.21459485307749127,omitted_sparse_joint_cells,1.0,"{""intercept"": 0.7970785581480346, ""AUS_splenomegaly"": -0.1519527775979213, ""chem_elevated ast"": -0.03290371895515595}"
clinical signs_constipation | AUS_splenomegaly,clinical signs_constipation,AUS_splenomegaly,,0.1,0.623719398405062,0.6203911647391491,0.5465023847376789,0.21460432991591052,omitted_sparse_joint_cells,0.0,"{""intercept"": 0.7962234540770432, ""clinical signs_constipation"": 0.030364890975026867, ""AUS_splenomegaly"": -0.15231066256285686}"
AUS_splenomegaly | chem_hypercholesterolemia,AUS_splenomegaly,chem_hypercholesterolemia,,0.1,0.6237199715612178,0.6203911647391491,0.5465023847376789,0.21460432991591052,omitted_sparse_joint_cells,0.0,"{""intercept"": 0.7962234540770432, ""AUS_splenomegaly"": -0.15231066256285686, ""chem_hypercholesterolemia"": 0.030364890975026867}"
CBC_lymphopenia | chem_hypoproteinemia,CBC_lymphopenia,chem_hypoproteinemia,,0.1,0.6237200059482096,0.6228796138156659,0.5047694753577107,0.2156980488419731,omitted_sparse_joint_cells,0.0,"{""intercept"": 0.7788254039060086, ""CBC_lymphopenia"": -0.009962034876512281, ""chem_hypoproteinemia"": -0.009962034876512286}"
AUS_splenomegaly | CBC_eosinopenia,AUS_splenomegaly,CBC_eosinopenia,,0.1,0.6237374995806003,0.6201064595338557,0.542329093799682,0.21447222513628136,omitted_sparse_joint_cells,0.0,"{""intercept"": 0.7970120268400771, ""AUS_splenomegaly"": -0.15142873646347585, ""CBC_eosinopenia"": -0.06387159213719522}"
AUS_mesenteric lymphadenopathy | chem_hypokalemia,AUS_mesenteric lymphadenopathy,chem_hypokalemia,,0.1,0.6237427589801553,0.6202107401099779,0.550476947535771,0.21454826745741173,omitted_sparse_joint_cells,1.0,"{""intercept"": 0.7067959033134156, ""AUS_mesenteric lymphadenopathy"": 0.14997442933984267, ""chem_hypokalemia"": -0.0038804147051838943}"
CBC_eosinophilia | chem_azotemia,CBC_eosinophilia,chem_azotemia,,0.1,0.6237454361841686,0.6203567120391306,0.5516693163751987,0.21458616881515166,omitted_sparse_joint_cells,0.0,"{""intercept"": 0.7928977569386925, ""CBC_eosinophilia"": -0.15762710296390428, ""chem_azotemia"": -0.028189695319802307}"
breed_group | chem_hyperproteinemia,breed_group,chem_hyperproteinemia,,0.1,0.6237473037031516,0.6140627433991389,0.5912162162162162,0.21189804334080092,omitted_non_binary_or_categorical_pair,,"{""intercept"": 0.689367074983158, ""breed_group=DLH"": 0.02803315535016338, ""breed_group=DMH"": -0.16525144475815173, ""breed_group=DSH"": 0.13601803841609011, ""breed_group=other"": 0.0012531598101596028, ""chem_hyperproteinemia"": 0.1867723848368058}"
clinical signs_hairball obstruction | chem_hypokalemia,clinical signs_hairball obstruction,chem_hypokalemia,,0.1,0.6237508040421764,0.621953220468792,0.5119236883942766,0.2152909414095949,omitted_sparse_joint_cells,1.0,"{""intercept"": 0.7809880070290013, ""clinical signs_hairball obstruction"": -0.09903637785858393, ""chem_hypokalemia"": -0.008326902979654261}"
clinical signs_none | chem_hypoproteinemia,clinical signs_none,chem_hypoproteinemia,,0.1,0.6237524029667492,0.6228582029979027,0.5063593004769475,0.21568885650267972,omitted_sparse_joint_cells,0.0,"{""intercept"": 0.7771085102656311, ""clinical signs_none"": 0.017784441633935836, ""chem_hypoproteinemia"": -0.009763853297492346}"
AUS_chronic degenerative renal changes | CBC_anemia,AUS_chronic degenerative renal changes,CBC_anemia,,0.1,0.6237531548978659,0.622863118522838,0.49443561208267095,0.2156908207684524,omitted_sparse_joint_cells,1.0,"{""intercept"": 0.779862479702335, ""AUS_chronic degenerative renal changes"": -0.01801832311527251, ""CBC_anemia"": -0.004882836608248186}"
AUS_no abnormalities | AUS_splenomegaly,AUS_no abnormalities,AUS_splenomegaly,,0.1,0.6237627962427095,0.6204301882566214,0.5443163751987281,0.21462076869743807,omitted_sparse_joint_cells,0.0,"{""intercept"": 0.7956475310058262, ""AUS_no abnormalities"": 0.02264515883425886, ""AUS_splenomegaly"": -0.1521991933917932}"
folate_high | CBC_anemia,folate_high,CBC_anemia,,0.1,0.6237638159075465,0.6212653440740993,0.5375596184419714,0.2150081728066215,omitted_sparse_joint_cells,0.0,"{""intercept"": 0.7440671718231356, ""folate_high"": 0.11944915820185095, ""CBC_anemia"": -0.0027105902824287116}"
CBC_neutropenia | CBC_anemia,CBC_neutropenia,CBC_anemia,,0.1,0.6237674385099525,0.6228405183396863,0.5129173290937996,0.21568122904035544,omitted_sparse_joint_cells,1.0,"{""intercept"": 0.7769743937553977, ""CBC_neutropenia"": 0.024034255721059317, ""CBC_anemia"": -0.005654020320913955}"
CBC_neutropenia | CBC_lymphopenia,CBC_neutropenia,CBC_lymphopenia,,0.1,0.6237680200376745,0.6228316832846126,0.5003974562798092,0.2156776245797248,omitted_sparse_joint_cells,2.0,"{""intercept"": 0.7774080403169877, ""CBC_neutropenia"": 0.024299612841370503, ""CBC_lymphopenia"": -0.010722542729528677}"
AUS_chronic degenerative renal changes | CBC_lymphopenia,AUS_chronic degenerative renal changes,CBC_lymphopenia,,0.1,0.6237683633770044,0.6228560850549948,0.5123211446740858,0.2156879550783824,omitted_sparse_joint_cells,1.0,"{""intercept"": 0.7802682986428799, ""AUS_chronic degenerative renal changes"": -0.018030745252676957, ""CBC_lymphopenia"": -0.00970873387698117}"
folate_high | CBC_lymphopenia,folate_high,CBC_lymphopenia,,0.1,0.6237789484164666,0.6212607357504121,0.5409379968203497,0.21500579619001495,omitted_sparse_joint_cells,1.0,"{""intercept"": 0.7444451983209694, ""folate_high"": 0.11935818819692016, ""CBC_lymphopenia"": -0.007914181751584683}"
clinical signs_vomiting | CBC_eosinophilia,clinical signs_vomiting,CBC_eosinophilia,,0.1,0.6237919364147214,0.618324468225604,0.5681637519872814,0.2137028820165742,omitted_sparse_joint_cells,0.0,"{""intercept"": 0.8727601156613491, ""clinical signs_vomiting"": -0.13753087322788604, ""CBC_eosinophilia"": -0.1497151585149634}"
clinical signs_none | AUS_chronic degenerative renal changes,clinical signs_none,AUS_chronic degenerative renal changes,,0.1,0.6237925424223854,0.6228332626380313,0.519872813990461,0.21567840203420505,omitted_sparse_joint_cells,1.0,"{""intercept"": 0.7785779076858873, ""clinical signs_none"": 0.017991998998816136, ""AUS_chronic degenerative renal changes"": -0.018145359389427733}"
clinical signs_none | CBC_neutropenia,clinical signs_none,CBC_neutropenia,,0.1,0.6238027918229418,0.6228115353250415,0.5101351351351352,0.21566881347179992,omitted_sparse_joint_cells,0.0,"{""intercept"": 0.7756575031077846, ""clinical signs_none"": 0.01796919736026882, ""CBC_neutropenia"": 0.02404817987348517}"
folate_high | clinical signs_none,folate_high,clinical signs_none,,0.1,0.6238089488527192,0.6212435499327571,0.5417329093799682,0.2149980884096775,omitted_sparse_joint_cells,3.0,"{""intercept"": 0.7430246470421344, ""folate_high"": 0.11926686032006337, ""clinical signs_none"": 0.015899123776327986}"
AUS_splenomegaly | chem_elevated alt,AUS_splenomegaly,chem_elevated alt,,0.1,0.6238100908656058,0.6200304301357958,0.5532591414944356,0.21445032332453184,omitted_sparse_joint_cells,0.0,"{""intercept"": 0.7907648246643121, ""AUS_splenomegaly"": -0.1511006834304672, ""chem_elevated alt"": 0.06797961180537386}"
pli_abn | CBC_neutrophilia,pli_abn,CBC_neutrophilia,,0.1,0.6238355211742505,0.6212443019464344,0.5099364069952306,0.21497330645939397,omitted_sparse_joint_cells,0.0,"{""intercept"": 0.7826999863860838, ""pli_abn"": -0.01805223636153994, ""CBC_neutrophilia"": -0.1304056616175838}"
chem_elevated alp | chem_hypokalemia,chem_elevated alp,chem_hypokalemia,,0.1,0.6238535268995562,0.6224684197121829,0.5178855325914149,0.2155185329881083,omitted_sparse_joint_cells,0.0,"{""intercept"": 0.7788951561844801, ""chem_elevated alp"": -0.06703757611540834, ""chem_hypokalemia"": -0.010013022405018156}"
CBC_eosinopenia | chem_hypokalemia,CBC_eosinopenia,chem_hypokalemia,,0.1,0.6238535268995562,0.6224684197121827,0.5178855325914149,0.21551853298810825,omitted_sparse_joint_cells,0.0,"{""intercept"": 0.7788951561844801, ""CBC_eosinopenia"": -0.06703757611540834, ""chem_hypokalemia"": -0.010013022405018165}"
chem_elevated ast | chem_hypokalemia,chem_elevated ast,chem_hypokalemia,,0.1,0.6238536329714768,0.6227699465514623,0.510731319554849,0.21565043270927578,omitted_sparse_joint_cells,0.0,"{""intercept"": 0.7789284666249198, ""chem_elevated ast"": -0.03551389237629597, ""chem_hypokalemia"": -0.009999058826915756}"
clinical signs_constipation | chem_hypokalemia,clinical signs_constipation,chem_hypokalemia,,0.1,0.6238545094663048,0.622800680107122,0.5087440381558028,0.2156642237743053,omitted_sparse_joint_cells,0.0,"{""intercept"": 0.777975131686128, ""clinical signs_constipation"": 0.030784679119791238, ""chem_hypokalemia"": -0.009873232961295926}"
chem_hypercalcemia | chem_hypokalemia,chem_hypercalcemia,chem_hypokalemia,,0.1,0.6238545094663048,0.622800680107122,0.5087440381558028,0.2156642237743053,omitted_sparse_joint_cells,0.0,"{""intercept"": 0.777975131686128, ""chem_hypercalcemia"": 0.030784679119791238, ""chem_hypokalemia"": -0.009873232961295926}"
CBC_basocytosis | chem_hypokalemia,CBC_basocytosis,chem_hypokalemia,,0.1,0.6238546811830094,0.622800680107122,0.5087440381558028,0.2156642237743053,omitted_sparse_joint_cells,0.0,"{""intercept"": 0.777975131686128, ""CBC_basocytosis"": 0.030784679119791238, ""chem_hypokalemia"": -0.009873232961295927}"
chem_hypercholesterolemia | chem_hypokalemia,chem_hypercholesterolemia,chem_hypokalemia,,0.1,0.623855707193752,0.6228006801071222,0.5087440381558028,0.21566422377430527,omitted_sparse_joint_cells,0.0,"{""intercept"": 0.777975131686128, ""chem_hypercholesterolemia"": 0.030784679119791238, ""chem_hypokalemia"": -0.009873232961295931}"
AUS_duodenum | CBC_anemia,AUS_duodenum,CBC_anemia,,0.1,0.6238706684222652,0.6202043561869428,0.5502782193958664,0.214533337806203,omitted_sparse_joint_cells,0.0,"{""intercept"": 0.6741680784431492, ""AUS_duodenum"": 0.15226481187764004, ""CBC_anemia"": 0.0015838034861738704}"
AUS_gall bladder sludge | CBC_monocytosis,AUS_gall bladder sludge,CBC_monocytosis,,0.1,0.6238784421010457,0.6213442189129268,0.5506756756756757,0.2150372146883686,omitted_sparse_joint_cells,2.0,"{""intercept"": 0.7547490899498396, ""AUS_gall bladder sludge"": 0.1034977213360304, ""CBC_monocytosis"": 0.06315571149675137}"
AUS_duodenum | CBC_lymphopenia,AUS_duodenum,CBC_lymphopenia,,0.1,0.6238830334810757,0.6201867715211193,0.5472972972972973,0.21452426953151454,omitted_sparse_joint_cells,1.0,"{""intercept"": 0.6747978738146171, ""AUS_duodenum"": 0.15242503518283462, ""CBC_lymphopenia"": -0.012589880449693032}"
clinical signs_weight loss | AUS_colon,clinical signs_weight loss,AUS_colon,,0.1,0.623888154702668,0.6199018153637328,0.5540540540540541,0.2144236189310136,included_binary_binary,5.0,"{""intercept"": 0.6962008778258542, ""clinical signs_weight loss"": 0.14059809729833483, ""AUS_colon"": 0.03213306532303766, ""interaction__clinical signs_weight loss__x__AUS_colon"": 0.06818924740665203}"
AUS_no abnormalities | chem_hypokalemia,AUS_no abnormalities,chem_hypokalemia,,0.1,0.6238918411411545,0.6228330834485539,0.5139109697933227,0.215677967118867,omitted_sparse_joint_cells,1.0,"{""intercept"": 0.7773908695910995, ""AUS_no abnormalities"": 0.024101909982806886, ""chem_hypokalemia"": -0.010258258689540861}"
clinical signs_diarrhea | chem_hypokalemia,clinical signs_diarrhea,chem_hypokalemia,,0.1,0.6238969297889316,0.6201736422184927,0.5536565977742448,0.21452048651886868,omitted_sparse_joint_cells,0.0,"{""intercept"": 0.8275316870284943, ""clinical signs_diarrhea"": -0.15284643793181535, ""chem_hypokalemia"": -0.014847957351319047}"
chem_elevated alt | chem_hypokalemia,chem_elevated alt,chem_hypokalemia,,0.1,0.6238975137628586,0.6223817470749368,0.5250397456279808,0.21548533133457756,omitted_sparse_joint_cells,1.0,"{""intercept"": 0.7724565897356392, ""chem_elevated alt"": 0.07095497342931521, ""chem_hypokalemia"": -0.01057293739217172}"
folate_high | chem_hypoproteinemia,folate_high,chem_hypoproteinemia,,0.1,0.6239003449395364,0.6212550489818075,0.5445151033386327,0.21500269016724985,omitted_sparse_joint_cells,2.0,"{""intercept"": 0.7445464647844622, ""folate_high"": 0.1194960432693428, ""chem_hypoproteinemia"": -0.010222518914264376}"
AUS_splenomegaly | CBC_lymphopenia,AUS_splenomegaly,CBC_lymphopenia,,0.1,0.6239041643404479,0.6204777513152367,0.5258346581875994,0.2146407367582107,omitted_sparse_joint_cells,3.0,"{""intercept"": 0.796669155932304, ""AUS_splenomegaly"": -0.1522354015746674, ""CBC_lymphopenia"": -0.0031264717402870188}"
CBC_no abnormalities | chem_hypokalemia,CBC_no abnormalities,chem_hypokalemia,,0.1,0.6239108223244039,0.622487010183071,0.5170906200317965,0.21552762566631134,omitted_sparse_joint_cells,2.0,"{""intercept"": 0.7347327785615178, ""CBC_no abnormalities"": 0.059344046436861295, ""chem_hypokalemia"": -0.009302177865637216}"
AUS_chronic degenerative renal changes | chem_hypoproteinemia,AUS_chronic degenerative renal changes,chem_hypoproteinemia,,0.1,0.6239218950534584,0.6228570082702779,0.5007949125596185,0.2156881835883293,omitted_sparse_joint_cells,2.0,"{""intercept"": 0.7802339113139637, ""AUS_chronic degenerative renal changes"": -0.0178605859685789, ""chem_hypoproteinemia"": -0.009374592425739642}"
folate_low | AUS_ileus,folate_low,AUS_ileus,,0.1,0.623924240732235,0.6202030803042585,0.5482909379968204,0.2145191273858724,omitted_sparse_joint_cells,0.0,"{""intercept"": 0.7858087597645629, ""folate_low"": 0.051138145472787035, ""AUS_ileus"": -0.1566061241320278}"
AUS_splenomegaly | CBC_anemia,AUS_splenomegaly,CBC_anemia,,0.1,0.6239248362994656,0.6204719256023741,0.5431240063593005,0.2146388182015215,omitted_sparse_joint_cells,0.0,"{""intercept"": 0.7966785549925391, ""AUS_splenomegaly"": -0.15245059592113833, ""CBC_anemia"": -0.006142633014239196}"
CBC_neutropenia | chem_hypoproteinemia,CBC_neutropenia,chem_hypoproteinemia,,0.1,0.6239316972519696,0.6228344071324647,0.5075516693163752,0.21567865178337828,omitted_sparse_joint_cells,0.0,"{""intercept"": 0.777372438699263, ""CBC_neutropenia"": 0.023913556274728364, ""chem_hypoproteinemia"": -0.009800076597174863}"
clinical signs_weight loss | CBC_monocytosis,clinical signs_weight loss,CBC_monocytosis,,0.1,0.62394836300666,0.6199295117825556,0.5560413354531002,0.21441634856559147,included_binary_binary,6.0,"{""intercept"": 0.6947958254879311, ""clinical signs_weight loss"": 0.14469479360506465, ""CBC_monocytosis"": 0.06718514851648126, ""interaction__clinical signs_weight loss__x__CBC_monocytosis"": -0.02513104598872285}"
clinical signs_none | AUS_duodenum,clinical signs_none,AUS_duodenum,,0.1,0.6239540889314925,0.6201758260178811,0.5538553259141494,0.21452221589615428,omitted_sparse_joint_cells,2.0,"{""intercept"": 0.6731366741681065, ""clinical signs_none"": 0.017394641139212953, ""AUS_duodenum"": 0.1521907902639956}"
clinical signs_none | AUS_splenomegaly,clinical signs_none,AUS_splenomegaly,,0.1,0.6239686272188549,0.6204557654650583,0.5421303656597773,0.21463161527110838,omitted_sparse_joint_cells,0.0,"{""intercept"": 0.7954674196536338, ""clinical signs_none"": 0.015536938096974382, ""AUS_splenomegaly"": -0.15218275479579535}"
folate_high | AUS_chronic degenerative renal changes,folate_high,AUS_chronic degenerative renal changes,,0.1,0.6239723204551997,0.6212517268141697,0.5405405405405406,0.2150017600620679,omitted_sparse_joint_cells,1.0,"{""intercept"": 0.7455102335209004, ""folate_high"": 0.11916267077944967, ""AUS_chronic degenerative renal changes"": -0.01313879676181149}"
AUS_splenomegaly | CBC_no abnormalities,AUS_splenomegaly,CBC_no abnormalities,,0.1,0.6239735391614578,0.6202868591060704,0.5588235294117647,0.2145654921635154,omitted_sparse_joint_cells,4.0,"{""intercept"": 0.7614151038323789, ""AUS_splenomegaly"": -0.1478774028856214, ""CBC_no abnormalities"": 0.046997871284952995}"
AUS_chronic degenerative renal changes | CBC_neutropenia,AUS_chronic degenerative renal changes,CBC_neutropenia,,0.1,0.623974511877523,0.6228063459138263,0.5222575516693164,0.21566610256252122,omitted_sparse_joint_cells,2.0,"{""intercept"": 0.7789011877724946, ""AUS_chronic degenerative renal changes"": -0.018717253944240023, ""CBC_neutropenia"": 0.024499926357892717}"
folate_high | CBC_neutropenia,folate_high,CBC_neutropenia,,0.1,0.6239798909996841,0.621191109016013,0.5431240063593006,0.2149757285121994,omitted_sparse_joint_cells,0.0,"{""intercept"": 0.7428321370316584, ""folate_high"": 0.11996277771185519, ""CBC_neutropenia"": 0.027015166906399095}"
folate_low | chem_hypophosphatemia,folate_low,chem_hypophosphatemia,,0.1,0.62400118375651,0.6223053459677763,0.5194753577106518,0.21545403795146767,omitted_sparse_joint_cells,1.0,"{""intercept"": 0.7742831477513953, ""folate_low"": 0.05106949633195934, ""chem_hypophosphatemia"": 0.059500989058586175}"
folate_low | chem_elevated total bilirubin,folate_low,chem_elevated total bilirubin,,0.1,0.6240052963864595,0.6223053459677762,0.5194753577106518,0.21545403795146767,omitted_sparse_joint_cells,1.0,"{""intercept"": 0.7742831477513953, ""folate_low"": 0.05106949633195936, ""chem_elevated total bilirubin"": 0.05950098905858618}"
folate_low | CBC_lymphocytosis,folate_low,CBC_lymphocytosis,,0.1,0.6240057126418417,0.6223053459677763,0.5194753577106518,0.21545403795146767,omitted_sparse_joint_cells,1.0,"{""intercept"": 0.7742831477513953, ""folate_low"": 0.05106949633195934, ""CBC_lymphocytosis"": 0.05950098905858616}"
AUS_ileum | chem_hyperglycemia,AUS_ileum,chem_hyperglycemia,,1.0,0.6240230413623026,0.6129137434862814,0.5262321144674085,0.21094649289950487,omitted_sparse_joint_cells,0.0,"{""intercept"": 0.7933500607756496, ""AUS_ileum"": 0.014402554176197182, ""chem_hyperglycemia"": -0.9318299549125195}"
folate_low | AUS_mesenteric lymphadenopathy,folate_low,AUS_mesenteric lymphadenopathy,,0.1,0.6240318875697831,0.6198836738799387,0.5584260731319555,0.21440806000200277,omitted_sparse_joint_cells,1.0,"{""intercept"": 0.7033356064847445, ""folate_low"": 0.05686521843797937, ""AUS_mesenteric lymphadenopathy"": 0.15126613449266207}"
cobalamin_low | clinical signs_vomiting,cobalamin_low,clinical signs_vomiting,,0.1,0.624038692109547,0.6160609856039195,0.589825119236884,0.21277058689597994,included_binary_binary,11.0,"{""intercept"": 0.8077762763712996, ""cobalamin_low"": 0.1702684774924975, ""clinical signs_vomiting"": -0.15677366272459572, ""interaction__cobalamin_low__x__clinical signs_vomiting"": 0.06919888472288067}"
AUS_jejunum | CBC_eosinophilia,AUS_jejunum,CBC_eosinophilia,,0.1,0.6240580370618228,0.6203977699941833,0.5407392686804451,0.21460152874862978,omitted_sparse_joint_cells,2.0,"{""intercept"": 0.8022399056692622, ""AUS_jejunum"": -0.021124118978801558, ""CBC_eosinophilia"": -0.1571040746320683}"
CBC_anemia | chem_hypokalemia,CBC_anemia,chem_hypokalemia,,0.1,0.6240618234865745,0.6228870545896461,0.49046104928457873,0.2157012138287499,omitted_sparse_joint_cells,1.0,"{""intercept"": 0.7783974333638953, ""CBC_anemia"": -0.005044598925356884, ""chem_hypokalemia"": -0.009824787963590976}"
pli_abn | AUS_gall bladder sludge,pli_abn,AUS_gall bladder sludge,,0.1,0.6240659979649591,0.6217086066205414,0.540341812400636,0.21519759903390356,omitted_sparse_joint_cells,2.0,"{""intercept"": 0.7646503842693582, ""pli_abn"": -0.021069434602246806, ""AUS_gall bladder sludge"": 0.10348794766515654}"
CBC_lymphopenia | chem_hypokalemia,CBC_lymphopenia,chem_hypokalemia,,0.1,0.6240692094042469,0.6228796138156658,0.5047694753577107,0.2156980488419731,omitted_sparse_joint_cells,0.0,"{""intercept"": 0.7788254039060086, ""CBC_lymphopenia"": -0.009962034876512278, ""chem_hypokalemia"": -0.009962034876512284}"
AUS_duodenum | chem_hypoproteinemia,AUS_duodenum,chem_hypoproteinemia,,0.1,0.6240705898771922,0.6201744060638652,0.5536565977742448,0.21452083593373517,omitted_sparse_joint_cells,0.0,"{""intercept"": 0.6747722748918104, ""AUS_duodenum"": 0.1527062036365257, ""chem_hypoproteinemia"": -0.01569493997470482}"
cobalamin_low | chem_azotemia,cobalamin_low,chem_azotemia,,0.1,0.6240722795797777,0.6182441208140759,0.5544515103338633,0.2137385618149176,included_binary_binary,7.0,"{""intercept"": 0.7291562741948777, ""cobalamin_low"": 0.18710707807087082, ""chem_azotemia"": -0.02126113135819363, ""interaction__cobalamin_low__x__chem_azotemia"": -0.08467940520539625}"
AUS_splenomegaly | chem_hypoproteinemia,AUS_splenomegaly,chem_hypoproteinemia,,0.1,0.624091907031386,0.6204596721300848,0.5453100158982511,0.21463367771585964,omitted_sparse_joint_cells,0.0,"{""intercept"": 0.7971740126047716, ""AUS_splenomegaly"": -0.1525830796159901, ""chem_hypoproteinemia"": -0.011905249831100632}"
AUS_colon | CBC_basophilia,AUS_colon,CBC_basophilia,,0.1,0.6240964925212322,0.621112739105743,0.5313990461049285,0.21491850383921404,omitted_sparse_joint_cells,1.0,"{""intercept"": 0.7798659156025975, ""AUS_colon"": 0.03933351395362579, ""CBC_basophilia"": -0.12941933397408162}"
folate_low | clinical signs_hairball obstruction,folate_low,clinical signs_hairball obstruction,,0.1,0.6240990721926926,0.6216984274974875,0.5335850556438791,0.21518249612531323,omitted_sparse_joint_cells,0.0,"{""intercept"": 0.7781486826165226, ""folate_low"": 0.05183052193905324, ""clinical signs_hairball obstruction"": -0.09906005084906179}"
AUS_splenomegaly | CBC_neutropenia,AUS_splenomegaly,CBC_neutropenia,,0.1,0.6241069480474033,0.620410376225574,0.5562400635930048,0.2146158189949767,omitted_sparse_joint_cells,1.0,"{""intercept"": 0.7955873666137709, ""AUS_splenomegaly"": -0.1526103549438613, ""CBC_neutropenia"": 0.025592313742829498}"
AUS_ileum | CBC_neutrophilia,AUS_ileum,CBC_neutrophilia,,1.0,0.6241088477954244,0.6127685560658135,0.5409379968203498,0.21089267289350153,omitted_sparse_joint_cells,1.0,"{""intercept"": 0.7832950088500351, ""AUS_ileum"": 0.05709549615130486, ""CBC_neutrophilia"": -0.9383187061301168}"
AUS_duodenum | CBC_neutropenia,AUS_duodenum,CBC_neutropenia,,0.1,0.6241096952042047,0.6201106787156674,0.5544515103338632,0.21449331724720844,omitted_sparse_joint_cells,1.0,"{""intercept"": 0.6726066311049456, ""AUS_duodenum"": 0.1529748453703374, ""CBC_neutropenia"": 0.029722202790866}"
clinical signs_none | chem_hypokalemia,clinical signs_none,chem_hypokalemia,,0.1,0.6241125331064976,0.6228551374104593,0.505564387917329,0.21568755268750156,omitted_sparse_joint_cells,3.0,"{""intercept"": 0.777124435752012, ""clinical signs_none"": 0.01836177192383434, ""chem_hypokalemia"": -0.010799796426187684}"
AUS_duodenum | AUS_chronic degenerative renal changes,AUS_duodenum,AUS_chronic degenerative renal changes,,0.1,0.6241186272745184,0.6201741180406383,0.5564387917329093,0.21452254618533412,omitted_sparse_joint_cells,4.0,"{""intercept"": 0.6761971352784267, ""AUS_duodenum"": 0.1521872140738277, ""AUS_chronic degenerative renal changes"": -0.017477151136171893}"
AUS_chronic degenerative renal changes | AUS_splenomegaly,AUS_chronic degenerative renal changes,AUS_splenomegaly,,0.1,0.6241276401427536,0.6204508146970265,0.5421303656597773,0.2146292845391762,omitted_sparse_joint_cells,2.0,"{""intercept"": 0.7983366204129767, ""AUS_chronic degenerative renal changes"": -0.01651086599690606, ""AUS_splenomegaly"": -0.15221222974294105}"
AUS_ileus | CBC_monocytosis,AUS_ileus,CBC_monocytosis,,0.1,0.6241455934719922,0.6200800741233949,0.5498807631160573,0.21446549518698468,omitted_sparse_joint_cells,0.0,"{""intercept"": 0.7814087470843636, ""AUS_ileus"": -0.15599676830682244, ""CBC_monocytosis"": 0.06120260315860117}"
folate_low | chem_elevated ast,folate_low,chem_elevated ast,,0.1,0.6241761028424723,0.6225057818760427,0.526033386327504,0.21553655379121844,omitted_sparse_joint_cells,1.0,"{""intercept"": 0.775961639258795, ""folate_low"": 0.05274201084106282, ""chem_elevated ast"": -0.036517739987665734}"
folate_low | CBC_basocytosis,folate_low,CBC_basocytosis,,0.1,0.6241771336233235,0.6225546617263203,0.5125198728139904,0.21555970604720093,omitted_sparse_joint_cells,0.0,"{""intercept"": 0.775166633710863, ""folate_low"": 0.05159758836100803, ""CBC_basocytosis"": 0.029664717055236597}"
folate_low | chem_elevated alp,folate_low,chem_elevated alp,,0.1,0.6241778689161588,0.6222148945052017,0.5262321144674085,0.21540999448720666,omitted_sparse_joint_cells,0.0,"{""intercept"": 0.7759534567547735, ""folate_low"": 0.052037775250201916, ""chem_elevated alp"": -0.06701665534133786}"
folate_low | CBC_eosinopenia,folate_low,CBC_eosinopenia,,0.1,0.6241778689161588,0.6222148945052017,0.5262321144674085,0.21540999448720666,omitted_sparse_joint_cells,0.0,"{""intercept"": 0.7759534567547735, ""folate_low"": 0.052037775250201916, ""CBC_eosinopenia"": -0.06701665534133786}"
folate_low | chem_hypercalcemia,folate_low,chem_hypercalcemia,,0.1,0.6241793942841052,0.6225459624558418,0.5188791732909379,0.21555528899365445,omitted_sparse_joint_cells,0.0,"{""intercept"": 0.7751146873047063, ""folate_low"": 0.052131313501350314, ""chem_hypercalcemia"": 0.030751542036220117}"
folate_low | clinical signs_constipation,folate_low,clinical signs_constipation,,0.1,0.6241793942841052,0.6225459624558418,0.5188791732909379,0.21555528899365445,omitted_sparse_joint_cells,0.0,"{""intercept"": 0.7751146873047063, ""folate_low"": 0.052131313501350314, ""clinical signs_constipation"": 0.030751542036220117}"
folate_low | chem_hypercholesterolemia,folate_low,chem_hypercholesterolemia,,0.1,0.624180705645317,0.6225459624558418,0.5188791732909379,0.21555528899365445,omitted_sparse_joint_cells,0.0,"{""intercept"": 0.7751146873047062, ""folate_low"": 0.05213131350135031, ""chem_hypercholesterolemia"": 0.030751542036220166}"
pli_abn | chem_no abnormalities,pli_abn,chem_no abnormalities,,0.1,0.6241940792322531,0.6196519930509929,0.5679650238473768,0.21430737030106536,included_binary_binary,7.0,"{""intercept"": 0.6973961193869581, ""pli_abn"": -0.027452899116205454, ""chem_no abnormalities"": 0.13254897938323396, ""interaction__pli_abn__x__chem_no abnormalities"": 0.10159630493608196}"
folate_low | AUS_no abnormalities,folate_low,AUS_no abnormalities,,0.1,0.6242163994965818,0.6225781374259481,0.5180842607313195,0.21556904295398885,omitted_sparse_joint_cells,0.0,"{""intercept"": 0.7744690875521, ""folate_low"": 0.05220828625402934, ""AUS_no abnormalities"": 0.024199339396923113}"
folate_low | CBC_no abnormalities,folate_low,CBC_no abnormalities,,0.1,0.6242221427605598,0.6222171807296237,0.5212639109697932,0.21541005011203745,omitted_sparse_joint_cells,2.0,"{""intercept"": 0.7313237580680246, ""folate_low"": 0.05355491392085905, ""CBC_no abnormalities"": 0.05992082435353679}"
CBC_lymphocytosis | CBC_monocytosis,CBC_lymphocytosis,CBC_monocytosis,,0.1,0.624225464849873,0.6221362961058979,0.5290143084260732,0.21538016680653727,omitted_sparse_joint_cells,0.0,"{""intercept"": 0.7696111824163306, ""CBC_lymphocytosis"": 0.06062583240609485, ""CBC_monocytosis"": 0.06352977375441156}"
chem_hypoproteinemia | chem_hypokalemia,chem_hypoproteinemia,chem_hypokalemia,,0.1,0.6242293959069789,0.6228796138156658,0.5047694753577107,0.21569804884197316,omitted_sparse_joint_cells,0.0,"{""intercept"": 0.7788254039060086, ""chem_hypoproteinemia"": -0.009962034876512295, ""chem_hypokalemia"": -0.009962034876512295}"
CBC_no abnormalities | CBC_monocytosis,CBC_no abnormalities,CBC_monocytosis,,0.1,0.6242371769166598,0.621880408378915,0.5455087440381559,0.21526341114878467,omitted_sparse_joint_cells,0.0,"{""intercept"": 0.7190295503765148, ""CBC_no abnormalities"": 0.06912583530560418, ""CBC_monocytosis"": 0.0738419914359973}"
folate_low | chem_elevated alt,folate_low,chem_elevated alt,,0.1,0.6242386771283408,0.622140614817986,0.5240461049284578,0.21538375489117664,omitted_sparse_joint_cells,1.0,"{""intercept"": 0.7695674963798231, ""folate_low"": 0.05132598869267223, ""chem_elevated alt"": 0.07032859840836207}"
CBC_monocytosis | chem_elevated total bilirubin,CBC_monocytosis,chem_elevated total bilirubin,,0.1,0.6242445732296527,0.6221362961058979,0.5290143084260732,0.2153801668065372,omitted_sparse_joint_cells,0.0,"{""intercept"": 0.7696111824163306, ""CBC_monocytosis"": 0.06352977375441156, ""chem_elevated total bilirubin"": 0.06062583240609486}"
CBC_monocytosis | chem_hypophosphatemia,CBC_monocytosis,chem_hypophosphatemia,,0.1,0.6242445732296527,0.6221362961058978,0.5290143084260732,0.2153801668065373,omitted_sparse_joint_cells,0.0,"{""intercept"": 0.7696111824163309, ""CBC_monocytosis"": 0.06352977375441153, ""chem_hypophosphatemia"": 0.06062583240609487}"
folate_low | clinical signs_diarrhea,folate_low,clinical signs_diarrhea,,0.1,0.6242465867996984,0.6199969962924906,0.5554451510333863,0.21444588069682982,omitted_sparse_joint_cells,0.0,"{""intercept"": 0.8240439649392981, ""folate_low"": 0.04821421532957224, ""clinical signs_diarrhea"": -0.15121835782637966}"
AUS_chronic degenerative renal changes | chem_hypokalemia,AUS_chronic degenerative renal changes,chem_hypokalemia,,0.1,0.6242501380403038,0.622857008270278,0.5007949125596185,0.21568818358832928,omitted_sparse_joint_cells,2.0,"{""intercept"": 0.7802339113139637, ""AUS_chronic degenerative renal changes"": -0.017860585968578944, ""chem_hypokalemia"": -0.009374592425739629}"
folate_high | clinical signs_diarrhea,folate_high,clinical signs_diarrhea,,0.1,0.6242709496949566,0.6186232062655813,0.5705484896661367,0.21386153639875827,included_binary_binary,9.0,"{""intercept"": 0.7932936074920309, ""folate_high"": 0.11894430593561432, ""clinical signs_diarrhea"": -0.14995044321971973, ""interaction__folate_high__x__clinical signs_diarrhea"": -0.011779303466253358}"
AUS_jejunum | chem_no abnormalities,AUS_jejunum,chem_no abnormalities,,0.1,0.6242779539132917,0.6189820822692244,0.5671701112877583,0.21401462915202837,included_binary_binary,11.0,"{""intercept"": 0.6956957517053204, ""AUS_jejunum"": -0.040140915775836464, ""chem_no abnormalities"": 0.10623459008861438, ""interaction__AUS_jejunum__x__chem_no abnormalities"": 0.13211473705795393}"
CBC_neutropenia | chem_hypokalemia,CBC_neutropenia,chem_hypokalemia,,0.1,0.624282468664221,0.622833083448554,0.5139109697933227,0.215677967118867,omitted_sparse_joint_cells,1.0,"{""intercept"": 0.7773908695910994, ""CBC_neutropenia"": 0.024101909982806893, ""chem_hypokalemia"": -0.010258258689540842}"
AUS_colon | chem_hyperglycemia,AUS_colon,chem_hyperglycemia,,0.1,0.6243067595296242,0.6211231636802549,0.536168521462639,0.21492405830213876,omitted_sparse_joint_cells,0.0,"{""intercept"": 0.7763826434588288, ""AUS_colon"": 0.03771467123318303, ""chem_hyperglycemia"": -0.13117989480879758}"
AUS_colon | chem_discordantly elevated bun,AUS_colon,chem_discordantly elevated bun,,0.1,0.6243141631691849,0.6211231636802549,0.536168521462639,0.21492405830213876,omitted_sparse_joint_cells,0.0,"{""intercept"": 0.7763826434588288, ""AUS_colon"": 0.03771467123318303, ""chem_discordantly elevated bun"": -0.13117989480879758}"
folate_high | chem_hypokalemia,folate_high,chem_hypokalemia,,0.1,0.6243153423436566,0.6212550489818073,0.5353736089030207,0.2150045258619589,omitted_sparse_joint_cells,2.0,"{""intercept"": 0.7445464647844622, ""folate_high"": 0.1194960432693428, ""chem_hypokalemia"": -0.010222518914264374}"
AUS_mesenteric lymphadenopathy | AUS_splenomegaly,AUS_mesenteric lymphadenopathy,AUS_splenomegaly,,0.1,0.6243198484476162,0.6172531923841843,0.5739268680445151,0.2132056632778196,included_binary_binary,5.0,"{""intercept"": 0.7223157309764319, ""AUS_mesenteric lymphadenopathy"": 0.15060009993929618, ""AUS_splenomegaly"": -0.16300770440941417, ""interaction__AUS_mesenteric lymphadenopathy__x__AUS_splenomegaly"": 0.05380324037074724}"
AUS_ileum | chem_discordantly elevated bun,AUS_ileum,chem_discordantly elevated bun,,1.0,0.6243328384943195,0.6129137434862812,0.5262321144674085,0.21094649289950484,omitted_sparse_joint_cells,0.0,"{""intercept"": 0.7933500607756495, ""AUS_ileum"": 0.014402554176197183, ""chem_discordantly elevated bun"": -0.9318299549125194}"
clinical signs_hairball obstruction | CBC_monocytosis,clinical signs_hairball obstruction,CBC_monocytosis,,0.1,0.624336105879889,0.6215563601642552,0.5363672496025437,0.2151212613092715,omitted_sparse_joint_cells,0.0,"{""intercept"": 0.7736102482363894, ""clinical signs_hairball obstruction"": -0.09876924514996081, ""CBC_monocytosis"": 0.0627555058241986}"
AUS_colon | CBC_neutrophilia,AUS_colon,CBC_neutrophilia,,0.1,0.6243478773026231,0.6211231636802549,0.536168521462639,0.2149240583021387,omitted_sparse_joint_cells,0.0,"{""intercept"": 0.7763826434588288, ""AUS_colon"": 0.03771467123318302, ""CBC_neutrophilia"": -0.13117989480879758}"
AUS_colon | chem_decreased alt,AUS_colon,chem_decreased alt,,0.1,0.6243478773026233,0.6211231636802549,0.536168521462639,0.2149240583021387,omitted_sparse_joint_cells,0.0,"{""intercept"": 0.7763826434588288, ""AUS_colon"": 0.03771467123318302, ""chem_decreased alt"": -0.1311798948087976}"
AUS_duodenum | AUS_splenomegaly,AUS_duodenum,AUS_splenomegaly,,0.1,0.624352708743519,0.6177630102776186,0.5983704292527822,0.21349724000349046,omitted_sparse_joint_cells,4.0,"{""intercept"": 0.6927877097298015, ""AUS_duodenum"": 0.1525977181803654, ""AUS_splenomegaly"": -0.15306665015268073}"
AUS_duodenum | chem_hypokalemia,AUS_duodenum,chem_hypokalemia,,0.1,0.6243727065465049,0.6202056297972731,0.5441176470588235,0.2145335098398022,omitted_sparse_joint_cells,2.0,"{""intercept"": 0.6745100776491649, ""AUS_duodenum"": 0.15209965833134745, ""chem_hypokalemia"": -0.0034143019096296444}"
AUS_mesenteric lymphadenopathy | AUS_chronic degenerative renal changes,AUS_mesenteric lymphadenopathy,AUS_chronic degenerative renal changes,,0.1,0.6243742435981642,0.6201540920086605,0.5544515103338632,0.21452369129371082,included_binary_binary,5.0,"{""intercept"": 0.7084410219489714, ""AUS_mesenteric lymphadenopathy"": 0.15003898540586658, ""AUS_chronic degenerative renal changes"": -0.021842953599415738, ""interaction__AUS_mesenteric lymphadenopathy__x__AUS_chronic degenerative renal changes"": 0.009563680331646767}"
folate_low | CBC_lymphopenia,folate_low,CBC_lymphopenia,,0.1,0.6243871993155545,0.6226232154926551,0.5202702702702703,0.2155882048286932,omitted_sparse_joint_cells,1.0,"{""intercept"": 0.7759028530627576, ""folate_low"": 0.052238853411380314, ""CBC_lymphopenia"": -0.010619258057325227}"
folate_low | CBC_anemia,folate_low,CBC_anemia,,0.1,0.6243885262079052,0.6226325894679436,0.5131160572337043,0.21559248906483416,omitted_sparse_joint_cells,0.0,"{""intercept"": 0.7754565475169539, ""folate_low"": 0.05208153786917164, ""CBC_anemia"": -0.005080863809508024}"
pli_abn | AUS_ileus,pli_abn,AUS_ileus,,0.1,0.6243961162655159,0.6203829147697761,0.5494833068362479,0.21459708078176656,omitted_sparse_joint_cells,0.0,"{""intercept"": 0.7915782755983769, ""pli_abn"": -0.024325178102420443, ""AUS_ileus"": -0.15741761287469966}"
breed_group | CBC_eosinophilia,breed_group,CBC_eosinophilia,,0.1,0.6244027939536478,0.6149943616984804,0.5804848966613673,0.21217337823861268,omitted_non_binary_or_categorical_pair,,"{""intercept"": 0.7079631616228833, ""breed_group=DLH"": 0.024696501790200647, ""breed_group=DMH"": -0.1653975011752966, ""breed_group=DSH"": 0.14230075613453913, ""breed_group=other"": -0.0014830175315891907, ""CBC_eosinophilia"": -0.1564950897666612}"
clinical signs_diarrhea | AUS_duodenum,clinical signs_diarrhea,AUS_duodenum,,0.1,0.6244067514563139,0.6171139643152223,0.5794912559618441,0.213192999087631,included_binary_binary,8.0,"{""intercept"": 0.7240854796313606, ""clinical signs_diarrhea"": -0.14915077715451028, ""AUS_duodenum"": 0.16289190152187688, ""interaction__clinical signs_diarrhea__x__AUS_duodenum"": -0.03761605409009437}"
CBC_monocytosis | chem_elevated ast,CBC_monocytosis,chem_elevated ast,,0.1,0.6244170435650627,0.6223693216602832,0.5234499205087441,0.21547910497550365,omitted_sparse_joint_cells,0.0,"{""intercept"": 0.7714136490968412, ""CBC_monocytosis"": 0.0631521607495662, ""chem_elevated ast"": -0.03515818706271501}"
CBC_basocytosis | CBC_monocytosis,CBC_basocytosis,CBC_monocytosis,,0.1,0.624417501330778,0.6223955972829943,0.5228537360890302,0.2154909519722271,omitted_sparse_joint_cells,0.0,"{""intercept"": 0.7704549959199465, ""CBC_basocytosis"": 0.030892680865076887, ""CBC_monocytosis"": 0.06338070075041193}"
clinical signs_constipation | CBC_monocytosis,clinical signs_constipation,CBC_monocytosis,,0.1,0.6244179200968782,0.6223955972829943,0.5228537360890302,0.2154909519722271,omitted_sparse_joint_cells,0.0,"{""intercept"": 0.7704549959199465, ""clinical signs_constipation"": 0.030892680865076887, ""CBC_monocytosis"": 0.06338070075041193}"
CBC_monocytosis | chem_elevated alp,CBC_monocytosis,chem_elevated alp,,0.1,0.6244185982923992,0.6220678108311964,0.529610492845787,0.21534686813589163,omitted_sparse_joint_cells,0.0,"{""intercept"": 0.7713775649133799, ""CBC_monocytosis"": 0.06314398101332251, ""chem_elevated alp"": -0.06684874732906491}"
CBC_eosinopenia | CBC_monocytosis,CBC_eosinopenia,CBC_monocytosis,,0.1,0.6244185982923992,0.6220678108311964,0.529610492845787,0.21534686813589163,omitted_sparse_joint_cells,0.0,"{""intercept"": 0.7713775649133799, ""CBC_eosinopenia"": -0.06684874732906493, ""CBC_monocytosis"": 0.06314398101332251}"
CBC_monocytosis | chem_hypercholesterolemia,CBC_monocytosis,chem_hypercholesterolemia,,0.1,0.6244195657578306,0.6223955972829943,0.5228537360890302,0.2154909519722271,omitted_sparse_joint_cells,0.0,"{""intercept"": 0.7704549959199465, ""CBC_monocytosis"": 0.06338070075041193, ""chem_hypercholesterolemia"": 0.03089268086507689}"
CBC_monocytosis | chem_hypercalcemia,CBC_monocytosis,chem_hypercalcemia,,0.1,0.6244203176262129,0.6224060860422296,0.5172893481717011,0.21549628496991804,omitted_sparse_joint_cells,0.0,"{""intercept"": 0.7705283694668371, ""CBC_monocytosis"": 0.06286588623962402, ""chem_hypercalcemia"": 0.029566130126695355}"
CBC_monocytosis | chem_elevated alt,CBC_monocytosis,chem_elevated alt,,0.1,0.624423739161449,0.6219558244767538,0.535174880763116,0.21530269501974295,omitted_sparse_joint_cells,0.0,"{""intercept"": 0.7646651909620688, ""CBC_monocytosis"": 0.06456851680345481, ""chem_elevated alt"": 0.07201496054466175}"
AUS_mesenteric lymphadenopathy | CBC_monocytosis,AUS_mesenteric lymphadenopathy,CBC_monocytosis,,0.1,0.6244255316060923,0.619890369729137,0.5564387917329094,0.21442295270106146,omitted_sparse_joint_cells,4.0,"{""intercept"": 0.7010589350053572, ""AUS_mesenteric lymphadenopathy"": 0.14844209783597753, ""CBC_monocytosis"": 0.05783937369749303}"
AUS_splenomegaly | chem_hypokalemia,AUS_splenomegaly,chem_hypokalemia,,0.1,0.6244255773234275,0.6204596721300848,0.5453100158982511,0.21463367771585964,omitted_sparse_joint_cells,0.0,"{""intercept"": 0.7971740126047716, ""AUS_splenomegaly"": -0.15258307961599016, ""chem_hypokalemia"": -0.011905249831100652}"
folate_low | clinical signs_none,folate_low,clinical signs_none,,0.1,0.6244277911078374,0.6226067432715252,0.5109300476947536,0.21558171416938823,omitted_sparse_joint_cells,1.0,"{""intercept"": 0.7742172857837717, ""folate_low"": 0.05187129797991158, ""clinical signs_none"": 0.017203281065245258}"
pli_abn | CBC_lymphocytosis,pli_abn,CBC_lymphocytosis,,0.1,0.6244536323658816,0.6225068395444205,0.5174880763116058,0.21553894568110113,omitted_sparse_joint_cells,0.0,"{""intercept"": 0.7796155398896991, ""pli_abn"": -0.021449317123350808, ""CBC_lymphocytosis"": 0.06016331332261793}"
AUS_no abnormalities | CBC_monocytosis,AUS_no abnormalities,CBC_monocytosis,,0.1,0.6244561647588945,0.6224263683426302,0.5222575516693164,0.2155041174254423,omitted_sparse_joint_cells,0.0,"{""intercept"": 0.7698146556611192, ""AUS_no abnormalities"": 0.024550503943074457, ""CBC_monocytosis"": 0.06351353694862426}"
AUS_ileum | CBC_basophilia,AUS_ileum,CBC_basophilia,,0.1,0.6244638424000549,0.6212418444657596,0.5492845786963434,0.21497911551127377,omitted_sparse_joint_cells,2.0,"{""intercept"": 0.7799063743820809, ""AUS_ileum"": 0.016395508823914745, ""CBC_basophilia"": -0.1293184247853985}"
pli_abn | chem_hypophosphatemia,pli_abn,chem_hypophosphatemia,,0.1,0.624468207583966,0.6225068395444205,0.5174880763116058,0.21553894568110113,omitted_sparse_joint_cells,0.0,"{""intercept"": 0.7796155398896991, ""pli_abn"": -0.0214493171233508, ""chem_hypophosphatemia"": 0.06016331332261793}"
pli_abn | chem_elevated total bilirubin,pli_abn,chem_elevated total bilirubin,,0.1,0.624468207583966,0.6225068395444205,0.5174880763116058,0.21553894568110113,omitted_sparse_joint_cells,0.0,"{""intercept"": 0.7796155398896991, ""pli_abn"": -0.02144931712335081, ""chem_elevated total bilirubin"": 0.06016331332261793}"
folate_low | chem_hypoproteinemia,folate_low,chem_hypoproteinemia,,0.1,0.6245515065394128,0.6226260979071649,0.5139109697933227,0.21558969604887532,omitted_sparse_joint_cells,0.0,"{""intercept"": 0.7758568717150357, ""folate_low"": 0.05205192852591406, ""chem_hypoproteinemia"": -0.009623226188176542}"
folate_high | folate_low,folate_high,folate_low,,0.1,0.624552141621644,0.6209521107023078,0.5482909379968204,0.21487214520654577,omitted_sparse_joint_cells,0.0,"{""intercept"": 0.7410457444492187, ""folate_high"": 0.1206829322949005, ""folate_low"": 0.05572732812933988}"
pli_abn | clinical signs_hairball obstruction,pli_abn,clinical signs_hairball obstruction,,0.1,0.6245649901024647,0.6219047789793744,0.531597774244833,0.21527111958592482,omitted_sparse_joint_cells,0.0,"{""intercept"": 0.7836362203856698, ""pli_abn"": -0.02253568599445676, ""clinical signs_hairball obstruction"": -0.09924554128111875}"
clinical signs_vomiting | CBC_basophilia,clinical signs_vomiting,CBC_basophilia,,0.1,0.6245903477831133,0.6190286857323024,0.5641891891891891,0.21402004567237404,omitted_sparse_joint_cells,0.0,"{""intercept"": 0.8700529383429854, ""clinical signs_vomiting"": -0.1398751013763029, ""CBC_basophilia"": -0.12373399854240458}"
folate_low | AUS_chronic degenerative renal changes,folate_low,AUS_chronic degenerative renal changes,,0.1,0.6245978446195672,0.6226036771245554,0.5155007949125596,0.21558004345206255,omitted_sparse_joint_cells,0.0,"{""intercept"": 0.7772881325752973, ""folate_low"": 0.05198891069128288, ""AUS_chronic degenerative renal changes"": -0.017553701169751086}"
clinical signs_vomiting | chem_discordantly elevated bun,clinical signs_vomiting,chem_discordantly elevated bun,,0.1,0.6246000831025296,0.6187164318641173,0.5600158982511924,0.21391650013044364,omitted_sparse_joint_cells,0.0,"{""intercept"": 0.8701471955551414, ""clinical signs_vomiting"": -0.14559998549267691, ""chem_discordantly elevated bun"": -0.13518047255340254}"
folate_low | CBC_neutropenia,folate_low,CBC_neutropenia,,0.1,0.6246059599925664,0.6225781374259479,0.5180842607313195,0.21556904295398882,omitted_sparse_joint_cells,0.0,"{""intercept"": 0.7744690875521001, ""folate_low"": 0.05220828625402934, ""CBC_neutropenia"": 0.02419933939692311}"
CBC_basophilia | chem_azotemia,CBC_basophilia,chem_azotemia,,0.1,0.6246126552737544,0.6211923820019591,0.5425278219395866,0.214956718600669,omitted_sparse_joint_cells,0.0,"{""intercept"": 0.7883253882250731, ""CBC_basophilia"": -0.12945948568450252, ""chem_azotemia"": -0.02700132743332007}"
clinical signs_vomiting | CBC_neutrophilia,clinical signs_vomiting,CBC_neutrophilia,,0.1,0.6246221485192585,0.6188190632819607,0.5624006359300476,0.21394261954272664,omitted_sparse_joint_cells,1.0,"{""intercept"": 0.8689419577393324, ""clinical signs_vomiting"": -0.1436675289474395, ""CBC_neutrophilia"": -0.13215169181098946}"
CBC_monocytosis | CBC_anemia,CBC_monocytosis,CBC_anemia,,0.1,0.6246266004466337,0.6224816770744485,0.5228537360890302,0.21552781835787904,omitted_sparse_joint_cells,1.0,"{""intercept"": 0.7709049963162962, ""CBC_monocytosis"": 0.06337562475202158, ""CBC_anemia"": -0.006007777585456403}"
pli_abn | chem_elevated alp,pli_abn,chem_elevated alp,,0.1,0.6246363164151535,0.6224291277396039,0.5226550079491257,0.21550171035064652,omitted_sparse_joint_cells,0.0,"{""intercept"": 0.7814006589946231, ""pli_abn"": -0.022018335451529446, ""chem_elevated alp"": -0.06676727395286472}"
pli_abn | CBC_eosinopenia,pli_abn,CBC_eosinopenia,,0.1,0.6246363164151535,0.6224291277396039,0.5226550079491257,0.21550171035064652,omitted_sparse_joint_cells,0.0,"{""intercept"": 0.7814006589946231, ""pli_abn"": -0.022018335451529446, ""CBC_eosinopenia"": -0.06676727395286472}"
AUS_colon | AUS_gall bladder sludge,AUS_colon,AUS_gall bladder sludge,,0.1,0.6246364521790435,0.6216292427930904,0.5395468998410176,0.21516363234584934,omitted_sparse_joint_cells,3.0,"{""intercept"": 0.758165253317608, ""AUS_colon"": 0.035956800346495205, ""AUS_gall bladder sludge"": 0.10286621443212371}"
pli_abn | chem_elevated ast,pli_abn,chem_elevated ast,,0.1,0.6246369249822982,0.6227295637389505,0.5149046104928457,0.21563300974012964,omitted_sparse_joint_cells,0.0,"{""intercept"": 0.7814313893128492, ""pli_abn"": -0.021963033302419804, ""chem_elevated ast"": -0.035359815921236395}"
clinical signs_vomiting | chem_hyperglycemia,clinical signs_vomiting,chem_hyperglycemia,,0.1,0.624636996830322,0.6189165387769834,0.564785373608903,0.21396769759136577,omitted_sparse_joint_cells,0.0,"{""intercept"": 0.8677949508907039, ""clinical signs_vomiting"": -0.14182331854036553, ""chem_hyperglycemia"": -0.1292384641610752}"
pli_abn | chem_hypercalcemia,pli_abn,chem_hypercalcemia,,0.1,0.6246375320527676,0.6227611864268288,0.5117249602543721,0.21564716515309237,omitted_sparse_joint_cells,0.0,"{""intercept"": 0.7804591285971587, ""pli_abn"": -0.021640054035814517, ""chem_hypercalcemia"": 0.03065949334462926}"
pli_abn | clinical signs_constipation,pli_abn,clinical signs_constipation,,0.1,0.6246375320527676,0.6227611864268288,0.5117249602543721,0.21564716515309237,omitted_sparse_joint_cells,0.0,"{""intercept"": 0.7804591285971587, ""pli_abn"": -0.021640054035814517, ""clinical signs_constipation"": 0.03065949334462926}"
pli_abn | CBC_basocytosis,pli_abn,CBC_basocytosis,,0.1,0.6246383977521697,0.6227611864268288,0.5117249602543721,0.21564716515309237,omitted_sparse_joint_cells,0.0,"{""intercept"": 0.7804591285971587, ""pli_abn"": -0.021640054035814524, ""CBC_basocytosis"": 0.030659493344629255}"
pli_abn | chem_hypercholesterolemia,pli_abn,chem_hypercholesterolemia,,0.1,0.6246393127659248,0.6227611864268289,0.5117249602543721,0.21564716515309237,omitted_sparse_joint_cells,0.0,"{""intercept"": 0.7804591285971587, ""pli_abn"": -0.021640054035814524, ""chem_hypercholesterolemia"": 0.030659493344629255}"
CBC_lymphopenia | CBC_monocytosis,CBC_lymphopenia,CBC_monocytosis,,0.1,0.624642648684779,0.6224779127964255,0.5178855325914149,0.21552637324988982,omitted_sparse_joint_cells,0.0,"{""intercept"": 0.7712654214166923, ""CBC_lymphopenia"": -0.009083797651068773, ""CBC_monocytosis"": 0.06322782111254847}"
CBC_monocytosis | chem_no abnormalities,CBC_monocytosis,chem_no abnormalities,,0.1,0.624654879499407,0.6201184276113301,0.5524642289348172,0.2144951395357524,included_binary_binary,6.0,"{""intercept"": 0.6898198107713046, ""CBC_monocytosis"": 0.06841778434489275, ""chem_no abnormalities"": 0.13914142072212946, ""interaction__CBC_monocytosis__x__chem_no abnormalities"": -0.023788702914005658}"
clinical signs_none | CBC_monocytosis,clinical signs_none,CBC_monocytosis,,0.1,0.6246573346956269,0.6224489612702796,0.5216613672496025,0.21551381539646947,omitted_sparse_joint_cells,0.0,"{""intercept"": 0.7695011252544293, ""clinical signs_none"": 0.0187852271019621, ""CBC_monocytosis"": 0.06358745442664303}"
pli_abn | AUS_no abnormalities,pli_abn,AUS_no abnormalities,,0.1,0.624671587535402,0.622795161432026,0.5105325914149443,0.2156616846106808,omitted_sparse_joint_cells,0.0,"{""intercept"": 0.7798321082741465, ""pli_abn"": -0.021502287904454322, ""AUS_no abnormalities"": 0.02387759159107344}"
AUS_jejunum | CBC_neutrophilia,AUS_jejunum,CBC_neutrophilia,,1.0,0.6246754763381867,0.6129051064549667,0.5266295707472177,0.2109400329673282,omitted_sparse_joint_cells,0.0,"{""intercept"": 0.817250287542753, ""AUS_jejunum"": -0.030414435866716646, ""CBC_neutrophilia"": -0.9300800170949745}"
AUS_jejunum | chem_decreased alt,AUS_jejunum,chem_decreased alt,,1.0,0.6246754763381868,0.6129051064549667,0.5266295707472177,0.2109400329673282,omitted_sparse_joint_cells,0.0,"{""intercept"": 0.817250287542753, ""AUS_jejunum"": -0.030414435866716664, ""chem_decreased alt"": -0.9300800170949746}"
pli_abn | clinical signs_diarrhea,pli_abn,clinical signs_diarrhea,,0.1,0.6246862954624044,0.6201001503452817,0.5554451510333863,0.21448816663063272,omitted_sparse_joint_cells,2.0,"{""intercept"": 0.8308874417461886, ""pli_abn"": -0.02895453553299586, ""clinical signs_diarrhea"": -0.15341970206882866}"
pli_abn | chem_elevated alt,pli_abn,chem_elevated alt,,0.1,0.62468746933467,0.6223449502882415,0.5268282988871225,0.21546919944104412,omitted_sparse_joint_cells,1.0,"{""intercept"": 0.7748683187050667, ""pli_abn"": -0.021426047003401942, ""chem_elevated alt"": 0.07085731522020375}"
clinical signs_vomiting | AUS_gall bladder sludge,clinical signs_vomiting,AUS_gall bladder sludge,,0.1,0.6246901333903546,0.6185525556228147,0.5737281399046105,0.21383405893353824,included_binary_binary,7.0,"{""intercept"": 0.8465582832721791, ""clinical signs_vomiting"": -0.14749762979811593, ""AUS_gall bladder sludge"": 0.08976368450082403, ""interaction__clinical signs_vomiting__x__AUS_gall bladder sludge"": 0.09206242083670235}"
AUS_colon | chem_no abnormalities,AUS_colon,chem_no abnormalities,,0.1,0.6247160445589104,0.6205428037122297,0.5500794912559619,0.21468667958714324,omitted_sparse_joint_cells,3.0,"{""intercept"": 0.6936030578200584, ""AUS_colon"": 0.03490923848586169, ""chem_no abnormalities"": 0.13683133967700425}"
AUS_mesenteric lymphadenopathy | chem_azotemia,AUS_mesenteric lymphadenopathy,chem_azotemia,,0.1,0.62472281264831,0.6186746338478641,0.5786963434022258,0.21389790390559568,included_binary_binary,8.0,"{""intercept"": 0.7072395251298004, ""AUS_mesenteric lymphadenopathy"": 0.14285508746844514, ""chem_azotemia"": -0.036521460467968864, ""interaction__AUS_mesenteric lymphadenopathy__x__chem_azotemia"": 0.12459514505219213}"
clinical signs_vomiting | chem_decreased alt,clinical signs_vomiting,chem_decreased alt,,0.1,0.6247244174406472,0.6189165387769834,0.564785373608903,0.21396769759136586,omitted_sparse_joint_cells,0.0,"{""intercept"": 0.8677949508907038, ""clinical signs_vomiting"": -0.1418233185403655, ""chem_decreased alt"": -0.1292384641610752}"
AUS_duodenum | CBC_monocytosis,AUS_duodenum,CBC_monocytosis,,0.1,0.6247567125181807,0.6189768061780404,0.5631955484896661,0.21402854071516705,included_binary_binary,5.0,"{""intercept"": 0.6634631881528484, ""AUS_duodenum"": 0.15032424850488507, ""CBC_monocytosis"": 0.05707029475161924, ""interaction__AUS_duodenum__x__CBC_monocytosis"": 0.0931554933045284}"
folate_low | AUS_duodenum,folate_low,AUS_duodenum,,0.1,0.6247763370875382,0.6199621778609768,0.5538553259141494,0.21442729985870365,omitted_sparse_joint_cells,1.0,"{""intercept"": 0.672182631968772, ""folate_low"": 0.05066849820908357, ""AUS_duodenum"": 0.1518399755955502}"
folate_low | AUS_splenomegaly,folate_low,AUS_splenomegaly,,0.1,0.624776426518631,0.6201949039136941,0.5455087440381559,0.214516327292982,omitted_sparse_joint_cells,1.0,"{""intercept"": 0.7940991347955128, ""folate_low"": 0.053327152835459295, ""AUS_splenomegaly"": -0.15274836118478305}"
CBC_monocytosis | chem_hypoproteinemia,CBC_monocytosis,chem_hypoproteinemia,,0.1,0.6247973356100154,0.6224747377794588,0.5234499205087441,0.2155247125379929,omitted_sparse_joint_cells,1.0,"{""intercept"": 0.7713141849754012, ""CBC_monocytosis"": 0.06337905028265281, ""chem_hypoproteinemia"": -0.01027924588578888}"
breed_group | clinical signs_weight loss,breed_group,clinical signs_weight loss,,0.1,0.6248031255399159,0.6149918071713013,0.5981717011128775,0.2122546693291318,omitted_non_binary_or_categorical_pair,,"{""intercept"": 0.623231677220762, ""breed_group=DLH"": 0.029696394245615626, ""breed_group=DMH"": -0.16736104442520564, ""breed_group=DSH"": 0.14002049879637535, ""breed_group=other"": -0.002430615126684956, ""clinical signs_weight loss"": 0.14232291116692977}"
chem_azotemia | chem_discordantly elevated bun,chem_azotemia,chem_discordantly elevated bun,,0.1,0.624811318318638,0.6211950900837869,0.541335453100159,0.21495656432262336,omitted_sparse_joint_cells,0.0,"{""intercept"": 0.7845258204644207, ""chem_azotemia"": -0.026094391905578787, ""chem_discordantly elevated bun"": -0.13126714313247892}"
chem_azotemia | chem_hyperglycemia,chem_azotemia,chem_hyperglycemia,,0.1,0.6248131472318357,0.6211950900837868,0.541335453100159,0.21495656432262336,omitted_sparse_joint_cells,0.0,"{""intercept"": 0.7845258204644207, ""chem_azotemia"": -0.026094391905578787, ""chem_hyperglycemia"": -0.13126714313247892}"
CBC_neutropenia | CBC_monocytosis,CBC_neutropenia,CBC_monocytosis,,0.1,0.6248281432840775,0.6224345036069526,0.5166931637519874,0.21550827435048003,omitted_sparse_joint_cells,1.0,"{""intercept"": 0.7699120465809076, ""CBC_neutropenia"": 0.02329887776816172, ""CBC_monocytosis"": 0.0631068988816486}"
AUS_chronic degenerative renal changes | CBC_monocytosis,AUS_chronic degenerative renal changes,CBC_monocytosis,,0.1,0.6248373524741648,0.6224535776666231,0.5246422893481717,0.21551539900657643,omitted_sparse_joint_cells,1.0,"{""intercept"": 0.7727434672976864, ""AUS_chronic degenerative renal changes"": -0.017686747767770596, ""CBC_monocytosis"": 0.0632515721157098}"
AUS_duodenum | CBC_no abnormalities,AUS_duodenum,CBC_no abnormalities,,0.1,0.6248379280519669,0.6198376450796405,0.5514705882352942,0.2143618312657175,included_binary_binary,10.0,"{""intercept"": 0.6260042408058927, ""AUS_duodenum"": 0.1416060739110078, ""CBC_no abnormalities"": 0.049247648550017266, ""interaction__AUS_duodenum__x__CBC_no abnormalities"": 0.03946161164756244}"
CBC_neutrophilia | chem_azotemia,CBC_neutrophilia,chem_azotemia,,0.1,0.624838785785645,0.6212139931288954,0.5266295707472177,0.21496194455085232,omitted_sparse_joint_cells,1.0,"{""intercept"": 0.7841828189493403, ""CBC_neutrophilia"": -0.1306694624635096, ""chem_azotemia"": -0.023942599657802887}"
chem_decreased alt | chem_azotemia,chem_decreased alt,chem_azotemia,,0.1,0.6248415204727853,0.6211950900837869,0.541335453100159,0.21495656432262336,omitted_sparse_joint_cells,0.0,"{""intercept"": 0.7845258204644207, ""chem_decreased alt"": -0.13126714313247892, ""chem_azotemia"": -0.02609439190557879}"
pli_abn | CBC_lymphopenia,pli_abn,CBC_lymphopenia,,0.1,0.6248490835716141,0.6228398939020773,0.5131160572337043,0.21568096621142108,omitted_sparse_joint_cells,1.0,"{""intercept"": 0.7812837527718156, ""pli_abn"": -0.021728865283839233, ""CBC_lymphopenia"": -0.009698694465881801}"
pli_abn | CBC_anemia,pli_abn,CBC_anemia,,0.1,0.6248504907258462,0.622847070346089,0.49642289348171703,0.21568385855383465,omitted_sparse_joint_cells,1.0,"{""intercept"": 0.7808774985743425, ""pli_abn"": -0.021682988041245167, ""CBC_anemia"": -0.00482228647003084}"
AUS_jejunum | CBC_basophilia,AUS_jejunum,CBC_basophilia,,0.1,0.6248811065215507,0.6212114887494261,0.5355723370429253,0.21496358261759993,omitted_sparse_joint_cells,2.0,"{""intercept"": 0.7988494117022316, ""AUS_jejunum"": -0.02253379308545804, ""CBC_basophilia"": -0.12944886285050014}"
folate_high | CBC_monocytosis,folate_high,CBC_monocytosis,,0.1,0.6248854209575921,0.6208711624470417,0.5395468998410176,0.2148492087943773,omitted_sparse_joint_cells,4.0,"{""intercept"": 0.7372568214094514, ""folate_high"": 0.11901374251245919, ""CBC_monocytosis"": 0.062352490772874844}"
pli_abn | clinical signs_none,pli_abn,clinical signs_none,,0.1,0.6249015460399416,0.622815353906576,0.5153020667726551,0.21567054621717074,omitted_sparse_joint_cells,2.0,"{""intercept"": 0.7796063629686428, ""pli_abn"": -0.02204667060374405, ""clinical signs_none"": 0.01836952598271429}"
folate_low | chem_hypokalemia,folate_low,chem_hypokalemia,,0.1,0.6249075471900015,0.6226232154926554,0.5202702702702703,0.21558820482869323,omitted_sparse_joint_cells,1.0,"{""intercept"": 0.7759028530627576, ""folate_low"": 0.05223885341138031, ""chem_hypokalemia"": -0.010619258057325243}"
clinical signs_diarrhea | AUS_colon,clinical signs_diarrhea,AUS_colon,,0.1,0.6249105810854914,0.6198516901893277,0.5526629570747218,0.21437005313373075,omitted_sparse_joint_cells,2.0,"{""intercept"": 0.8224559036291791, ""clinical signs_diarrhea"": -0.1564847972204073, ""AUS_colon"": 0.05343186071131175}"
AUS_colon | AUS_ileus,AUS_colon,AUS_ileus,,0.1,0.6249115044924574,0.6203258926019924,0.5439189189189189,0.21457087865069646,omitted_sparse_joint_cells,0.0,"{""intercept"": 0.7844921132638242, ""AUS_colon"": 0.03619890647916771, ""AUS_ileus"": -0.15641966990378753}"
pli_abn | CBC_no abnormalities,pli_abn,CBC_no abnormalities,,0.1,0.6249118163877585,0.6219293741177678,0.5355723370429252,0.21528647200569628,included_binary_binary,6.0,"{""intercept"": 0.7347746668550584, ""pli_abn"": -0.029138856656257383, ""CBC_no abnormalities"": 0.0558713831855982, ""interaction__pli_abn__x__CBC_no abnormalities"": 0.07234824515874101}"
AUS_colon | AUS_mesenteric lymphadenopathy,AUS_colon,AUS_mesenteric lymphadenopathy,,0.1,0.624921013728423,0.6196921056355394,0.5548489666136724,0.2143366460012464,included_binary_binary,5.0,"{""intercept"": 0.7013695043310907, ""AUS_colon"": 0.030640799493931226, ""AUS_mesenteric lymphadenopathy"": 0.14702713367626422, ""interaction__AUS_colon__x__AUS_mesenteric lymphadenopathy"": 0.06714674294622973}"
AUS_duodenum | AUS_mesenteric lymphadenopathy,AUS_duodenum,AUS_mesenteric lymphadenopathy,,0.1,0.6249291513712814,0.6172930438744421,0.5715421303656598,0.2132484252650223,included_binary_binary,16.0,"{""intercept"": 0.5941374903322779, ""AUS_duodenum"": 0.14730645031282832, ""AUS_mesenteric lymphadenopathy"": 0.14019695316932693, ""interaction__AUS_duodenum__x__AUS_mesenteric lymphadenopathy"": 0.056249421272279894}"
AUS_splenomegaly | CBC_monocytosis,AUS_splenomegaly,CBC_monocytosis,,0.1,0.6249427125208362,0.619921525344608,0.5335850556438791,0.2143804689166784,omitted_sparse_joint_cells,4.0,"{""intercept"": 0.7890990164530569, ""AUS_splenomegaly"": -0.15554545492756586, ""CBC_monocytosis"": 0.07032150981667165}"
AUS_colon | CBC_lymphocytosis,AUS_colon,CBC_lymphocytosis,,0.1,0.6249787489936796,0.6224149377537871,0.517885532591415,0.21550029532220366,omitted_sparse_joint_cells,1.0,"{""intercept"": 0.7728412998486129, ""AUS_colon"": 0.03733302802555667, ""CBC_lymphocytosis"": 0.059728542408960174}"
AUS_colon | chem_hypophosphatemia,AUS_colon,chem_hypophosphatemia,,0.1,0.6250023874332373,0.6224025029083736,0.5246422893481716,0.21549397037545148,omitted_sparse_joint_cells,0.0,"{""intercept"": 0.7727169141308903, ""AUS_colon"": 0.03838096484780221, ""chem_hypophosphatemia"": 0.06049761242141416}"
AUS_colon | chem_elevated total bilirubin,AUS_colon,chem_elevated total bilirubin,,0.1,0.6250023874332373,0.6224025029083738,0.5246422893481716,0.21549397037545145,omitted_sparse_joint_cells,0.0,"{""intercept"": 0.7727169141308904, ""AUS_colon"": 0.038380964847802186, ""chem_elevated total bilirubin"": 0.06049761242141417}"
chem_no abnormalities | chem_azotemia,chem_no abnormalities,chem_azotemia,,0.1,0.6250083553480488,0.6206644990617456,0.541335453100159,0.21473879113217217,omitted_sparse_joint_cells,0.0,"{""intercept"": 0.6976365122701387, ""chem_no abnormalities"": 0.13696754708733005, ""chem_azotemia"": -0.0008018870783111861}"
pli_abn | chem_hypoproteinemia,pli_abn,chem_hypoproteinemia,,0.1,0.6250085186308221,0.6228409981715598,0.5023847376788554,0.2156812390081013,omitted_sparse_joint_cells,2.0,"{""intercept"": 0.7812446284098155, ""pli_abn"": -0.021560681569690723, ""chem_hypoproteinemia"": -0.009300226817822145}"
pli_abn | AUS_chronic degenerative renal changes,pli_abn,AUS_chronic degenerative renal changes,,0.1,0.6250380425099065,0.6228163567264522,0.4892686804451511,0.2156699378535697,omitted_sparse_joint_cells,2.0,"{""intercept"": 0.7827420793092191, ""pli_abn"": -0.021599270522882318, ""AUS_chronic degenerative renal changes"": -0.017911488569375026}"
pli_abn | CBC_neutropenia,pli_abn,CBC_neutropenia,,0.1,0.6250610088348614,0.622795161432026,0.5105325914149443,0.21566168461068086,omitted_sparse_joint_cells,0.0,"{""intercept"": 0.7798321082741465, ""pli_abn"": -0.021502287904454322, ""CBC_neutropenia"": 0.02387759159107344}"
clinical signs_vomiting | AUS_ileus,clinical signs_vomiting,AUS_ileus,,0.1,0.6250864126582585,0.6179944487131029,0.5713434022257551,0.21355703035925105,omitted_sparse_joint_cells,3.0,"{""intercept"": 0.8770615693037428, ""clinical signs_vomiting"": -0.14387654376701164, ""AUS_ileus"": -0.1578255703835168}"
clinical signs_hairball obstruction | AUS_colon,clinical signs_hairball obstruction,AUS_colon,,0.1,0.6250937262357439,0.6218156254004311,0.5300079491255962,0.21523217755465515,omitted_sparse_joint_cells,0.0,"{""intercept"": 0.7767043132950804, ""clinical signs_hairball obstruction"": -0.09895352790018208, ""AUS_colon"": 0.03764167292471542}"
clinical signs_weight loss | AUS_jejunum,clinical signs_weight loss,AUS_jejunum,,0.1,0.6250982976334535,0.6194928111741871,0.5604133545310016,0.21423215905498758,included_binary_binary,17.0,"{""intercept"": 0.7074441559614635, ""clinical signs_weight loss"": 0.11852867923794326, ""AUS_jejunum"": -0.04518022479266235, ""interaction__clinical signs_weight loss__x__AUS_jejunum"": 0.10029093433979736}"
clinical signs_diarrhea | CBC_monocytosis,clinical signs_diarrhea,CBC_monocytosis,,0.1,0.6251018407342601,0.6196737286699319,0.5616057233704292,0.21430823073517416,included_binary_binary,6.0,"{""intercept"": 0.8197340161881633, ""clinical signs_diarrhea"": -0.1541539368777947, ""CBC_monocytosis"": 0.07021086912235432, ""interaction__clinical signs_diarrhea__x__CBC_monocytosis"": -0.005484541807368846}"
AUS_jejunum | chem_discordantly elevated bun,AUS_jejunum,chem_discordantly elevated bun,,0.1,0.6251128179016612,0.6212131992756457,0.5266295707472177,0.21496169568089302,omitted_sparse_joint_cells,0.0,"{""intercept"": 0.7939172572000237, ""AUS_jejunum"": -0.020581678320036344, ""chem_discordantly elevated bun"": -0.13166610200680529}"
CBC_monocytosis | chem_hypokalemia,CBC_monocytosis,chem_hypokalemia,,0.1,0.625127190515698,0.6224779127964255,0.5178855325914149,0.2155263732498898,omitted_sparse_joint_cells,0.0,"{""intercept"": 0.7712654214166924, ""CBC_monocytosis"": 0.06322782111254846, ""chem_hypokalemia"": -0.009083797651068773}"
AUS_gall bladder sludge | chem_azotemia,AUS_gall bladder sludge,chem_azotemia,,0.1,0.625144605687513,0.6216839671873889,0.5310015898251192,0.21518949534776327,omitted_sparse_joint_cells,3.0,"{""intercept"": 0.7659299798010798, ""AUS_gall bladder sludge"": 0.10368527072150702, ""chem_azotemia"": -0.0254275795782045}"
AUS_colon | CBC_eosinopenia,AUS_colon,CBC_eosinopenia,,0.1,0.6251571147466688,0.622316434428316,0.537758346581876,0.21545563919800848,omitted_sparse_joint_cells,0.0,"{""intercept"": 0.7743611201852204, ""AUS_colon"": 0.03918093382749789, ""CBC_eosinopenia"": -0.067703616312761}"
AUS_colon | chem_elevated ast,AUS_colon,chem_elevated ast,,0.1,0.6251702599091632,0.6226323372926386,0.516891891891892,0.21559136234572027,omitted_sparse_joint_cells,0.0,"{""intercept"": 0.7745131322588896, ""AUS_colon"": 0.0380170655483284, ""chem_elevated ast"": -0.03526873935766019}"
AUS_colon | CBC_basocytosis,AUS_colon,CBC_basocytosis,,0.1,0.625175420580937,0.6226603247941852,0.5160969793322735,0.215603967217803,omitted_sparse_joint_cells,0.0,"{""intercept"": 0.7735554836962025, ""AUS_colon"": 0.03824206030528531, ""CBC_basocytosis"": 0.030830987313049858}"
clinical signs_constipation | AUS_colon,clinical signs_constipation,AUS_colon,,0.1,0.6251759284717089,0.6226603247941852,0.5160969793322735,0.215603967217803,omitted_sparse_joint_cells,0.0,"{""intercept"": 0.7735554836962025, ""clinical signs_constipation"": 0.030830987313049864, ""AUS_colon"": 0.03824206030528531}"
AUS_colon | chem_hypercalcemia,AUS_colon,chem_hypercalcemia,,0.1,0.6251759284717089,0.6226603247941852,0.5160969793322735,0.215603967217803,omitted_sparse_joint_cells,0.0,"{""intercept"": 0.7735554836962025, ""AUS_colon"": 0.03824206030528531, ""chem_hypercalcemia"": 0.030830987313049864}"
AUS_colon | chem_hypercholesterolemia,AUS_colon,chem_hypercholesterolemia,,0.1,0.6251772980699989,0.6226603247941852,0.5160969793322735,0.215603967217803,omitted_sparse_joint_cells,0.0,"{""intercept"": 0.7735554836962025, ""AUS_colon"": 0.03824206030528531, ""chem_hypercholesterolemia"": 0.030830987313049858}"
AUS_colon | chem_elevated alp,AUS_colon,chem_elevated alp,,0.1,0.6251782593503793,0.62233097988373,0.5230524642289348,0.21545933559851094,omitted_sparse_joint_cells,0.0,"{""intercept"": 0.774477353547796, ""AUS_colon"": 0.03799931824289309, ""chem_elevated alp"": -0.06688785975802909}"
clinical signs_weight loss | AUS_ileum,clinical signs_weight loss,AUS_ileum,,0.1,0.6251984639440578,0.6201123677274979,0.5572337042925278,0.214506211388593,included_binary_binary,10.0,"{""intercept"": 0.6966993840796931, ""clinical signs_weight loss"": 0.13654899475793858, ""AUS_ileum"": -0.0023812921169126555, ""interaction__clinical signs_weight loss__x__AUS_ileum"": 0.06386207040269175}"
AUS_no abnormalities | AUS_colon,AUS_no abnormalities,AUS_colon,,0.1,0.6252087660744021,0.6226922324404756,0.515302066772655,0.2156176261943608,omitted_sparse_joint_cells,0.0,"{""intercept"": 0.772926563886953, ""AUS_no abnormalities"": 0.024308172746871207, ""AUS_colon"": 0.038362481559730065}"
pli_abn | AUS_duodenum,pli_abn,AUS_duodenum,,0.1,0.625212840855116,0.6200998780395641,0.5554451510333863,0.21448802934540367,omitted_sparse_joint_cells,2.0,"{""intercept"": 0.6774202372884621, ""pli_abn"": -0.029021969855833996, ""AUS_duodenum"": 0.153426242784561}"
AUS_colon | CBC_no abnormalities,AUS_colon,CBC_no abnormalities,,0.1,0.6252139587799853,0.6223329608279923,0.5228537360890302,0.21546099451019984,omitted_sparse_joint_cells,4.0,"{""intercept"": 0.7297205577175747, ""AUS_colon"": 0.03961565890473274, ""CBC_no abnormalities"": 0.0599494501196975}"
breed_group | CBC_basophilia,breed_group,CBC_basophilia,,0.1,0.6252188353198481,0.615764095831475,0.5852543720190779,0.21255324820913157,omitted_non_binary_or_categorical_pair,,"{""intercept"": 0.7040593322485459, ""breed_group=DLH"": 0.025390173599265053, ""breed_group=DMH"": -0.16776696720971906, ""breed_group=DSH"": 0.14121073540202048, ""breed_group=other"": 0.0013645006415222045, ""CBC_basophilia"": -0.1296847053806607}"
AUS_ileum | AUS_gall bladder sludge,AUS_ileum,AUS_gall bladder sludge,,0.1,0.6252348871697331,0.6215892611886678,0.5282193958664547,0.21515079712950047,included_binary_binary,5.0,"{""intercept"": 0.7579900747257626, ""AUS_ileum"": 0.009263309848818044, ""AUS_gall bladder sludge"": 0.10071548718844688, ""interaction__AUS_ileum__x__AUS_gall bladder sludge"": 0.042803389747703584}"
AUS_colon | chem_elevated alt,AUS_colon,chem_elevated alt,,0.1,0.6252391221872781,0.6222450217117106,0.5407392686804451,0.21542367466173612,omitted_sparse_joint_cells,1.0,"{""intercept"": 0.7680254675316236, ""AUS_colon"": 0.03809636815981416, ""chem_elevated alt"": 0.07081927084691846}"
AUS_ileum | AUS_ileus,AUS_ileum,AUS_ileus,,0.1,0.6252423151204607,0.6204462884286995,0.5329888712241653,0.21462269939014242,omitted_sparse_joint_cells,0.0,"{""intercept"": 0.7859490716889987, ""AUS_ileum"": 0.009006673638399776, ""AUS_ileus"": -0.15674305022607604}"
pli_abn | AUS_splenomegaly,pli_abn,AUS_splenomegaly,,0.1,0.6252968250197366,0.6204460652330887,0.5486883942766295,0.21462878774143754,omitted_sparse_joint_cells,3.0,"{""intercept"": 0.7990630771755366, ""pli_abn"": -0.01855840634121152, ""AUS_splenomegaly"": -0.15196854226571044}"
clinical signs_vomiting | CBC_lymphocytosis,clinical signs_vomiting,CBC_lymphocytosis,,0.1,0.6253053327289111,0.6201379820174588,0.5544515103338633,0.2145236741438622,omitted_sparse_joint_cells,1.0,"{""intercept"": 0.865004337115511, ""clinical signs_vomiting"": -0.14308777411087914, ""CBC_lymphocytosis"": 0.06007091712170628}"
clinical signs_vomiting | chem_hypophosphatemia,clinical signs_vomiting,chem_hypophosphatemia,,0.1,0.6253194970194977,0.620137982017459,0.5544515103338633,0.21452367414386217,omitted_sparse_joint_cells,1.0,"{""intercept"": 0.865004337115511, ""clinical signs_vomiting"": -0.14308777411087928, ""chem_hypophosphatemia"": 0.060070917121706285}"
clinical signs_vomiting | chem_elevated total bilirubin,clinical signs_vomiting,chem_elevated total bilirubin,,0.1,0.6253194970194977,0.6201379820174588,0.5544515103338633,0.2145236741438622,omitted_sparse_joint_cells,1.0,"{""intercept"": 0.8650043371155108, ""clinical signs_vomiting"": -0.14308777411087925, ""chem_elevated total bilirubin"": 0.060070917121706285}"
pli_abn | chem_hypokalemia,pli_abn,chem_hypokalemia,,0.1,0.6253449486827931,0.6228409981715598,0.5023847376788554,0.21568123900810127,omitted_sparse_joint_cells,2.0,"{""intercept"": 0.781244628409816, ""pli_abn"": -0.02156068156969091, ""chem_hypokalemia"": -0.009300226817822239}"
AUS_ileus | chem_azotemia,AUS_ileus,chem_azotemia,,0.1,0.6253755581713197,0.6203808230785621,0.5381558028616852,0.21459299813977703,omitted_sparse_joint_cells,1.0,"{""intercept"": 0.7924376308850224, ""AUS_ileus"": -0.15701211689689237, ""chem_azotemia"": -0.025594290841576075}"
AUS_colon | CBC_anemia,AUS_colon,CBC_anemia,,0.1,0.625380916202758,0.6227475022952645,0.510731319554849,0.21564142088547586,omitted_sparse_joint_cells,0.0,"{""intercept"": 0.7739820819098622, ""AUS_colon"": 0.038143209139796165, ""CBC_anemia"": -0.0049132455040003485}"
AUS_colon | CBC_lymphopenia,AUS_colon,CBC_lymphopenia,,0.1,0.6253881096854783,0.6227393074938028,0.49999999999999994,0.2156382865107269,omitted_sparse_joint_cells,1.0,"{""intercept"": 0.7744067329605469, ""AUS_colon"": 0.038249154944140225, ""CBC_lymphopenia"": -0.010154428801448831}"
AUS_ileum | CBC_lymphocytosis,AUS_ileum,CBC_lymphocytosis,,0.1,0.6253967886009261,0.6225387685359126,0.5139109697933227,0.21555279677868283,omitted_sparse_joint_cells,1.0,"{""intercept"": 0.7736423376644893, ""AUS_ileum"": 0.012518600163625465, ""CBC_lymphocytosis"": 0.059979813608930586}"
AUS_ileum | chem_elevated total bilirubin,AUS_ileum,chem_elevated total bilirubin,,0.1,0.6254036373931947,0.6225337294359046,0.5206677265500794,0.21555029016753421,omitted_sparse_joint_cells,0.0,"{""intercept"": 0.7734078801464948, ""AUS_ileum"": 0.013442532681736546, ""chem_elevated total bilirubin"": 0.06040643660952069}"
breed_group | chem_discordantly elevated bun,breed_group,chem_discordantly elevated bun,,0.1,0.6254063900343392,0.615688704546966,0.5892289348171701,0.2125249057776935,omitted_non_binary_or_categorical_pair,,"{""intercept"": 0.699846888231381, ""breed_group=DLH"": 0.02613549086751221, ""breed_group=DMH"": -0.1669688961893469, ""breed_group=DSH"": 0.1427208756429169, ""breed_group=other"": -0.0016118110173993726, ""chem_discordantly elevated bun"": -0.1343580327715208}"
breed_group | chem_no abnormalities,breed_group,chem_no abnormalities,,0.1,0.6254090505456659,0.6149926973609662,0.5779014308426074,0.21216797141896468,omitted_non_binary_or_categorical_pair,,"{""intercept"": 0.6138249311955642, ""breed_group=DLH"": 0.026409369531591828, ""breed_group=DMH"": -0.16834424028388167, ""breed_group=DSH"": 0.1436332569629696, ""breed_group=other"": -0.001721238883922049, ""chem_no abnormalities"": 0.14112808650969394}"
AUS_ileum | chem_hypophosphatemia,AUS_ileum,chem_hypophosphatemia,,0.1,0.6254193646540097,0.6225387685359126,0.5139109697933227,0.21555279677868283,omitted_sparse_joint_cells,1.0,"{""intercept"": 0.7736423376644893, ""AUS_ileum"": 0.01251860016362541, ""chem_hypophosphatemia"": 0.05997981360893058}"
clinical signs_none | AUS_colon,clinical signs_none,AUS_colon,,0.1,0.6254246973884972,0.6227190831660017,0.526033386327504,0.21562844871229242,omitted_sparse_joint_cells,1.0,"{""intercept"": 0.7727146952606598, ""clinical signs_none"": 0.01767441495325845, ""AUS_colon"": 0.03809992106970007}"
clinical signs_vomiting | clinical signs_hairball obstruction,clinical signs_vomiting,clinical signs_hairball obstruction,,0.1,0.6254267244413292,0.6196173528871569,0.560214626391097,0.21428445390006925,omitted_sparse_joint_cells,0.0,"{""intercept"": 0.8679833161702454, ""clinical signs_vomiting"": -0.1416873870664564, ""clinical signs_hairball obstruction"": -0.09595321190676481}"
clinical signs_diarrhea | AUS_mesenteric lymphadenopathy,clinical signs_diarrhea,AUS_mesenteric lymphadenopathy,,0.1,0.625443485575287,0.6169089223183883,0.5842607313195548,0.21313340914879017,included_binary_binary,14.0,"{""intercept"": 0.7571509761307965, ""clinical signs_diarrhea"": -0.15157902845874277, ""AUS_mesenteric lymphadenopathy"": 0.1644676403207104, ""interaction__clinical signs_diarrhea__x__AUS_mesenteric lymphadenopathy"": -0.047386581997638885}"
clinical signs_vomiting | chem_elevated alt,clinical signs_vomiting,chem_elevated alt,,0.1,0.6254605170488707,0.6200849992094467,0.5530604133545309,0.21450544541952127,omitted_sparse_joint_cells,3.0,"{""intercept"": 0.8595888756549518, ""clinical signs_vomiting"": -0.14111984441008102, ""chem_elevated alt"": 0.06444875214141361}"
folate_high | CBC_no abnormalities,folate_high,CBC_no abnormalities,,0.1,0.6254612723535591,0.6208098412191299,0.5548489666136724,0.21480520147042803,included_binary_binary,9.0,"{""intercept"": 0.6970815333999482, ""folate_high"": 0.1122588000222679, ""CBC_no abnormalities"": 0.057813340133814325, ""interaction__folate_high__x__CBC_no abnormalities"": 0.03477209245276136}"
folate_low | CBC_monocytosis,folate_low,CBC_monocytosis,,0.1,0.6254709206117687,0.6222112787917987,0.5284181240063593,0.2154119342319286,omitted_sparse_joint_cells,0.0,"{""intercept"": 0.768258968376403, ""folate_low"": 0.052807067551082346, ""CBC_monocytosis"": 0.06383947609702312}"
breed_group | chem_decreased alt,breed_group,chem_decreased alt,,0.1,0.6254750703562721,0.6157858749921968,0.5786963434022258,0.21255047795598966,omitted_non_binary_or_categorical_pair,,"{""intercept"": 0.7005973357448755, ""breed_group=DLH"": 0.02600125696351503, ""breed_group=DMH"": -0.1671030904861322, ""breed_group=DSH"": 0.14107154879862813, ""breed_group=other"": 0.0003189407580183284, ""chem_decreased alt"": -0.13123964013659303}"
clinical signs_vomiting | CBC_eosinopenia,clinical signs_vomiting,CBC_eosinopenia,,0.1,0.6254824059845742,0.6200225352198279,0.5538553259141494,0.2144760475774785,omitted_sparse_joint_cells,0.0,"{""intercept"": 0.8672086665173596, ""clinical signs_vomiting"": -0.14386496883592143, ""CBC_eosinopenia"": -0.06890250183458153}"
clinical signs_vomiting | chem_elevated ast,clinical signs_vomiting,chem_elevated ast,,0.1,0.6254828597282218,0.6203498400542431,0.5492845786963435,0.21461718995435877,omitted_sparse_joint_cells,1.0,"{""intercept"": 0.8669556504299221, ""clinical signs_vomiting"": -0.14338999910907999, ""chem_elevated ast"": -0.036111318815510905}"
clinical signs_vomiting | AUS_no abnormalities,clinical signs_vomiting,AUS_no abnormalities,,0.1,0.6254844345407143,0.6203893218111117,0.5528616852146263,0.21462923661918012,omitted_sparse_joint_cells,0.0,"{""intercept"": 0.8655195958036829, ""clinical signs_vomiting"": -0.1438783530544169, ""AUS_no abnormalities"": 0.028391895561396156}"
clinical signs_hairball obstruction | AUS_ileum,clinical signs_hairball obstruction,AUS_ileum,,0.1,0.6254851330746549,0.6219487565623405,0.5210651828298887,0.21528941158095907,omitted_sparse_joint_cells,0.0,"{""intercept"": 0.7776840576065899, ""clinical signs_hairball obstruction"": -0.09855523535024499, ""AUS_ileum"": 0.011686950443938419}"
clinical signs_vomiting | clinical signs_constipation,clinical signs_vomiting,clinical signs_constipation,,0.1,0.6254861857729198,0.6203767780965388,0.5522655007949127,0.2146239501653882,omitted_sparse_joint_cells,0.0,"{""intercept"": 0.8660145734208203, ""clinical signs_vomiting"": -0.14344217490084027, ""clinical signs_constipation"": 0.032050783545410896}"
CBC_lymphocytosis | chem_azotemia,CBC_lymphocytosis,chem_azotemia,,0.1,0.625487115465054,0.6224892375982515,0.5182829888712243,0.21553138414056738,omitted_sparse_joint_cells,0.0,"{""intercept"": 0.7807900367242071, ""CBC_lymphocytosis"": 0.060104247362811725, ""chem_azotemia"": -0.024851131654688916}"
clinical signs_vomiting | chem_elevated alp,clinical signs_vomiting,chem_elevated alp,,0.1,0.6254879762895285,0.6200728102325899,0.5562400635930047,0.2144882151577058,omitted_sparse_joint_cells,0.0,"{""intercept"": 0.8666107212715711, ""clinical signs_vomiting"": -0.1429059129057673, ""chem_elevated alp"": -0.06600227277218264}"
clinical signs_vomiting | chem_hypercholesterolemia,clinical signs_vomiting,chem_hypercholesterolemia,,0.1,0.6254895824371706,0.6203767780965388,0.5522655007949127,0.2146239501653882,omitted_sparse_joint_cells,0.0,"{""intercept"": 0.8660145734208203, ""clinical signs_vomiting"": -0.14344217490084024, ""chem_hypercholesterolemia"": 0.03205078354541089}"
clinical signs_vomiting | CBC_basocytosis,clinical signs_vomiting,CBC_basocytosis,,0.1,0.6254897275761485,0.6203987812281724,0.5498807631160573,0.21463536761941618,omitted_sparse_joint_cells,0.0,"{""intercept"": 0.8658026249449625, ""clinical signs_vomiting"": -0.14302936302942304, ""CBC_basocytosis"": 0.02926743266548635}"
clinical signs_vomiting | chem_hypercalcemia,clinical signs_vomiting,chem_hypercalcemia,,0.1,0.6254913048323962,0.6203987812281724,0.5498807631160573,0.21463536761941618,omitted_sparse_joint_cells,0.0,"{""intercept"": 0.8658026249449625, ""clinical signs_vomiting"": -0.14302936302942296, ""chem_hypercalcemia"": 0.029267432665486353}"
chem_elevated total bilirubin | chem_azotemia,chem_elevated total bilirubin,chem_azotemia,,0.1,0.6254992056595252,0.6224816367876345,0.525039745627981,0.21552741062316177,omitted_sparse_joint_cells,1.0,"{""intercept"": 0.7809448537521806, ""chem_elevated total bilirubin"": 0.06049982940588257, ""chem_azotemia"": -0.02585507715270236}"
breed_group | chem_hyperglycemia,breed_group,chem_hyperglycemia,,0.1,0.6255054207617474,0.6158366557559342,0.5757154213036566,0.21256333971295852,omitted_non_binary_or_categorical_pair,,"{""intercept"": 0.70181965726851, ""breed_group=DLH"": 0.030635217226759822, ""breed_group=DMH"": -0.1672744568897063, ""breed_group=DSH"": 0.13919618376643858, ""breed_group=other"": -0.002131349895325157, ""chem_hyperglycemia"": -0.12960402231182394}"
chem_azotemia | chem_hypophosphatemia,chem_azotemia,chem_hypophosphatemia,,0.1,0.6255076326811329,0.6224892375982515,0.5182829888712243,0.21553138414056738,omitted_sparse_joint_cells,0.0,"{""intercept"": 0.7807900367242071, ""chem_azotemia"": -0.024851131654688934, ""chem_hypophosphatemia"": 0.06010424736281174}"
AUS_jejunum | AUS_ileus,AUS_jejunum,AUS_ileus,,0.1,0.6255189002763084,0.6203370812458021,0.5625993640699523,0.21458066541798382,omitted_sparse_joint_cells,2.0,"{""intercept"": 0.8069353478109006, ""AUS_jejunum"": -0.028074752331726613, ""AUS_ileus"": -0.15854433349053787}"
AUS_colon | chem_hypoproteinemia,AUS_colon,chem_hypoproteinemia,,0.1,0.6255374479415565,0.6227412757795958,0.5115262321144673,0.21563873351846863,omitted_sparse_joint_cells,0.0,"{""intercept"": 0.7743833755982495, ""AUS_colon"": 0.03808786184264502, ""chem_hypoproteinemia"": -0.009434882182121218}"
breed_group | CBC_neutrophilia,breed_group,CBC_neutrophilia,,0.1,0.6255580649582733,0.616006865548471,0.5665739268680445,0.21261944474462652,omitted_non_binary_or_categorical_pair,,"{""intercept"": 0.7015396754720975, ""breed_group=DLH"": 0.02583394545757298, ""breed_group=DMH"": -0.16479915204900583, ""breed_group=DSH"": 0.1393277102474386, ""breed_group=other"": -6.503047143330038e-05, ""CBC_neutrophilia"": -0.12444018541312836}"
AUS_ileum | CBC_eosinopenia,AUS_ileum,CBC_eosinopenia,,0.1,0.6255699913244189,0.6224591091738728,0.5298092209856915,0.21551519429123822,omitted_sparse_joint_cells,0.0,"{""intercept"": 0.7750924325268322, ""AUS_ileum"": 0.013645877336812134, ""CBC_eosinopenia"": -0.06671455165379221}"
AUS_ileum | chem_elevated alp,AUS_ileum,chem_elevated alp,,0.1,0.6255699913244189,0.6224591091738728,0.5298092209856915,0.21551519429123822,omitted_sparse_joint_cells,0.0,"{""intercept"": 0.7750924325268322, ""AUS_ileum"": 0.013645877336812098, ""chem_elevated alp"": -0.06671455165379221}"
AUS_ileum | CBC_basocytosis,AUS_ileum,CBC_basocytosis,,0.1,0.6255796186713148,0.6227909478670798,0.5123211446740858,0.21565998910981948,omitted_sparse_joint_cells,0.0,"{""intercept"": 0.7743031948751684, ""AUS_ileum"": 0.013131582161160749, ""CBC_basocytosis"": 0.03078164318705607}"
AUS_ileum | chem_elevated ast,AUS_ileum,chem_elevated ast,,0.1,0.6255804470738872,0.622763826439409,0.5099364069952306,0.2156477562014837,omitted_sparse_joint_cells,0.0,"{""intercept"": 0.7753423080587135, ""AUS_ileum"": 0.012652676605605616, ""chem_elevated ast"": -0.03484670468390273}"
clinical signs_constipation | AUS_ileum,clinical signs_constipation,AUS_ileum,,0.1,0.6255807428966549,0.6227936106058166,0.505564387917329,0.21566130992052698,omitted_sparse_joint_cells,0.0,"{""intercept"": 0.7744229221304588, ""clinical signs_constipation"": 0.03031950804115982, ""AUS_ileum"": 0.012657317552964998}"
AUS_ileum | chem_hypercalcemia,AUS_ileum,chem_hypercalcemia,,0.1,0.6255810076150129,0.6227909478670797,0.5123211446740858,0.21565998910981948,omitted_sparse_joint_cells,0.0,"{""intercept"": 0.7743031948751684, ""AUS_ileum"": 0.013131582161160758, ""chem_hypercalcemia"": 0.03078164318705607}"
AUS_ileum | chem_no abnormalities,AUS_ileum,chem_no abnormalities,,0.1,0.6255837433156769,0.620579892637893,0.5461049284578696,0.21470228174647682,included_binary_binary,8.0,"{""intercept"": 0.693511138503941, ""AUS_ileum"": 0.0011181823292601431, ""chem_no abnormalities"": 0.1337870795364907, ""interaction__AUS_ileum__x__chem_no abnormalities"": 0.03379649601462416}"
AUS_ileum | chem_hypercholesterolemia,AUS_ileum,chem_hypercholesterolemia,,0.1,0.6255837823253674,0.6227909478670798,0.5123211446740858,0.21565998910981954,omitted_sparse_joint_cells,0.0,"{""intercept"": 0.7743031948751684, ""AUS_ileum"": 0.01313158216116076, ""chem_hypercholesterolemia"": 0.03078164318705607}"
AUS_colon | AUS_chronic degenerative renal changes,AUS_colon,AUS_chronic degenerative renal changes,,0.1,0.6255859702294855,0.6227167083400914,0.5186804451510334,0.21562780931886993,omitted_sparse_joint_cells,1.0,"{""intercept"": 0.7758618237459118, ""AUS_colon"": 0.038147421222296606, ""AUS_chronic degenerative renal changes"": -0.01790722960900446}"
breed_group | AUS_gall bladder sludge,breed_group,AUS_gall bladder sludge,,0.1,0.6255876993715901,0.61614257393633,0.5747217806041335,0.2127083846538771,omitted_non_binary_or_categorical_pair,,"{""intercept"": 0.6816539350692872, ""breed_group=DLH"": 0.029350215590236317, ""breed_group=DMH"": -0.169936718385595, ""breed_group=DSH"": 0.14052190432425174, ""breed_group=other"": 0.00015248332358243312, ""AUS_gall bladder sludge"": 0.10714966494216469}"
clinical signs_hairball obstruction | chem_azotemia,clinical signs_hairball obstruction,chem_azotemia,,0.1,0.6255934060405919,0.6218851926301817,0.5333863275039746,0.21526282395434534,omitted_sparse_joint_cells,0.0,"{""intercept"": 0.7848645380820202, ""clinical signs_hairball obstruction"": -0.09922379849435223, ""chem_azotemia"": -0.026147761868562294}"
AUS_colon | CBC_neutropenia,AUS_colon,CBC_neutropenia,,0.1,0.6255979480855047,0.6226922324404757,0.515302066772655,0.21561762619436078,omitted_sparse_joint_cells,0.0,"{""intercept"": 0.7729265638869529, ""AUS_colon"": 0.03836248155973013, ""CBC_neutropenia"": 0.02430817274687123}"
AUS_ileum | chem_elevated alt,AUS_ileum,chem_elevated alt,,0.1,0.6256039949088728,0.6223609436118527,0.5258346581875993,0.21547642972811207,omitted_sparse_joint_cells,0.0,"{""intercept"": 0.7680830481668323, ""AUS_ileum"": 0.015263031536634851, ""chem_elevated alt"": 0.07179807001093397}"
AUS_no abnormalities | AUS_ileum,AUS_no abnormalities,AUS_ileum,,0.1,0.6256211584395339,0.6228223615210917,0.510731319554849,0.21567344307010247,omitted_sparse_joint_cells,0.0,"{""intercept"": 0.773608202073278, ""AUS_no abnormalities"": 0.024582766735584072, ""AUS_ileum"": 0.013341772442211672}"
folate_high | AUS_colon,folate_high,AUS_colon,,0.1,0.6256312593756963,0.6211121711423316,0.5470985691573926,0.21493993864115962,omitted_sparse_joint_cells,3.0,"{""intercept"": 0.7400189679637281, ""folate_high"": 0.11958491797102201, ""AUS_colon"": 0.03866511599179468}"
folate_high | pli_abn,folate_high,pli_abn,,0.1,0.6256379678598064,0.6210203677127092,0.5490858505564388,0.21490269154890834,included_binary_binary,5.0,"{""intercept"": 0.7461642248173497, ""folate_high"": 0.11744679146543754, ""pli_abn"": -0.026240420800269948, ""interaction__folate_high__x__pli_abn"": 0.04564839823681622}"
pli_abn | AUS_mesenteric lymphadenopathy,pli_abn,AUS_mesenteric lymphadenopathy,,0.1,0.625645267309481,0.6201597007439046,0.5536565977742448,0.2145262955053471,included_binary_binary,7.0,"{""intercept"": 0.7092084662337295, ""pli_abn"": -0.021688541725256978, ""AUS_mesenteric lymphadenopathy"": 0.14962596625548655, ""interaction__pli_abn__x__AUS_mesenteric lymphadenopathy"": 0.009348677258721318}"
clinical signs_diarrhea | chem_azotemia,clinical signs_diarrhea,chem_azotemia,,0.1,0.6256496323370418,0.6200772315741632,0.5671701112877583,0.21448807813195536,omitted_sparse_joint_cells,3.0,"{""intercept"": 0.8322236341859922, ""clinical signs_diarrhea"": -0.15348674496146858, ""chem_azotemia"": -0.032060552967343024}"
chem_elevated alt | chem_azotemia,chem_elevated alt,chem_azotemia,,0.1,0.6256501106193587,0.6223197659100246,0.5333863275039746,0.2154574235102927,omitted_sparse_joint_cells,2.0,"{""intercept"": 0.7761629489387849, ""chem_elevated alt"": 0.07120446776032059, ""chem_azotemia"": -0.02574672546597746}"
folate_high | chem_azotemia,folate_high,chem_azotemia,,0.1,0.6256513754008252,0.6202538058667828,0.5624006359300477,0.21457826363174914,included_binary_binary,7.0,"{""intercept"": 0.745780298200807, ""folate_high"": 0.11337204716042038, ""chem_azotemia"": -0.03753679486260538, ""interaction__folate_high__x__chem_azotemia"": 0.09874691851319103}"
CBC_eosinopenia | chem_azotemia,CBC_eosinopenia,chem_azotemia,,0.1,0.6256727595760696,0.6224109085896097,0.5242448330683624,0.2154939077006319,omitted_sparse_joint_cells,0.0,"{""intercept"": 0.782606474110016, ""CBC_eosinopenia"": -0.06667964450184681, ""chem_azotemia"": -0.02551091547628636}"
chem_elevated alp | chem_azotemia,chem_elevated alp,chem_azotemia,,0.1,0.6256727595760696,0.6224109085896097,0.5242448330683624,0.2154939077006319,omitted_sparse_joint_cells,0.0,"{""intercept"": 0.782606474110016, ""chem_elevated alp"": -0.06667964450184681, ""chem_azotemia"": -0.02551091547628636}"
clinical signs_constipation | chem_azotemia,clinical signs_constipation,chem_azotemia,,0.1,0.6256765857627654,0.6227429959570544,0.5127186009538951,0.21563930633094971,omitted_sparse_joint_cells,0.0,"{""intercept"": 0.781643064727808, ""clinical signs_constipation"": 0.030628229224595425, ""chem_azotemia"": -0.025076501047275702}"
chem_elevated ast | chem_azotemia,chem_elevated ast,chem_azotemia,,0.1,0.6256781864191848,0.6227109472655391,0.5162957074721781,0.21562497530158514,omitted_sparse_joint_cells,0.0,"{""intercept"": 0.7826314608731921, ""chem_elevated ast"": -0.03532199380849543, ""chem_azotemia"": -0.025449888827189876}"
CBC_basocytosis | chem_azotemia,CBC_basocytosis,chem_azotemia,,0.1,0.6256783852870401,0.6227429959570544,0.5127186009538951,0.21563930633094971,omitted_sparse_joint_cells,0.0,"{""intercept"": 0.781643064727808, ""CBC_basocytosis"": 0.03062822922459543, ""chem_azotemia"": -0.025076501047275705}"
chem_azotemia | chem_hypercholesterolemia,chem_azotemia,chem_hypercholesterolemia,,0.1,0.6256791802191739,0.6227429959570544,0.5127186009538951,0.21563930633094966,omitted_sparse_joint_cells,0.0,"{""intercept"": 0.781643064727808, ""chem_azotemia"": -0.025076501047275705, ""chem_hypercholesterolemia"": 0.03062822922459543}"
folate_low | pli_abn,folate_low,pli_abn,,0.1,0.6256810358689687,0.6225886947595611,0.5162957074721781,0.21557359137980936,omitted_sparse_joint_cells,0.0,"{""intercept"": 0.7782764969465503, ""folate_low"": 0.051945784767068605, ""pli_abn"": -0.021105226576887962}"
chem_azotemia | chem_hypercalcemia,chem_azotemia,chem_hypercalcemia,,0.1,0.6256815361795367,0.6227391273352971,0.5194753577106519,0.21563727302018765,omitted_sparse_joint_cells,0.0,"{""intercept"": 0.781723045829882, ""chem_azotemia"": -0.025599650908128116, ""chem_hypercalcemia"": 0.031006418775296436}"
AUS_ileum | CBC_no abnormalities,AUS_ileum,CBC_no abnormalities,,0.1,0.6256859354787669,0.6208971282400131,0.5488871224165341,0.21485242389723236,included_binary_binary,8.0,"{""intercept"": 0.7231224508194575, ""AUS_ileum"": -0.011888962011806906, ""CBC_no abnormalities"": 0.050401467224218684, ""interaction__AUS_ileum__x__CBC_no abnormalities"": 0.12474364589077208}"
clinical signs_vomiting | CBC_lymphopenia,clinical signs_vomiting,CBC_lymphopenia,,0.1,0.6256963209996187,0.6204598864886625,0.548887122416534,0.2146608275220767,omitted_sparse_joint_cells,3.0,"{""intercept"": 0.8669298417287632, ""clinical signs_vomiting"": -0.14339182035413908, ""CBC_lymphopenia"": -0.011714369803486053}"
AUS_no abnormalities | chem_azotemia,AUS_no abnormalities,chem_azotemia,,0.1,0.6257074102807705,0.6227771761585637,0.5115262321144675,0.21565390646771607,omitted_sparse_joint_cells,0.0,"{""intercept"": 0.7810070764679927, ""AUS_no abnormalities"": 0.023849929063474596, ""chem_azotemia"": -0.02492215812942018}"
AUS_colon | AUS_splenomegaly,AUS_colon,AUS_splenomegaly,,0.1,0.6257105545754443,0.6203053153866022,0.5530604133545309,0.21456915420414313,omitted_sparse_joint_cells,2.0,"{""intercept"": 0.7924995261909665, ""AUS_colon"": 0.04010776394169941, ""AUS_splenomegaly"": -0.15286326973899936}"
clinical signs_vomiting | CBC_anemia,clinical signs_vomiting,CBC_anemia,,0.1,0.6257132128448033,0.6204606826400311,0.549483306836248,0.21466107525509248,omitted_sparse_joint_cells,0.0,"{""intercept"": 0.8666918648360541, ""clinical signs_vomiting"": -0.14356936606952161, ""CBC_anemia"": -0.0102705393685866}"
clinical signs_vomiting | chem_no abnormalities,clinical signs_vomiting,chem_no abnormalities,,0.1,0.6257367830381677,0.6176313520570176,0.5751192368839427,0.21343104579377473,included_binary_binary,19.0,"{""intercept"": 0.7839751174780533, ""clinical signs_vomiting"": -0.1579950181837398, ""chem_no abnormalities"": 0.14756479157343227, ""interaction__clinical signs_vomiting__x__chem_no abnormalities"": 0.010456964557371247}"
AUS_duodenum | AUS_colon,AUS_duodenum,AUS_colon,,0.1,0.625754092764817,0.6200683329674582,0.5542527821939587,0.21447488627368247,omitted_sparse_joint_cells,3.0,"{""intercept"": 0.6706467790373021, ""AUS_duodenum"": 0.1519870690875684, ""AUS_colon"": 0.037052156048082964}"
clinical signs_none | clinical signs_vomiting,clinical signs_none,clinical signs_vomiting,,0.1,0.6257553811678273,0.6204872607687103,0.5463036565977742,0.2146719981096108,omitted_sparse_joint_cells,0.0,"{""intercept"": 0.8646163184048825, ""clinical signs_none"": 0.006542487412460642, ""clinical signs_vomiting"": -0.14203629309572818}"
AUS_jejunum | CBC_lymphocytosis,AUS_jejunum,CBC_lymphocytosis,,0.1,0.6257669939262922,0.6224970139944636,0.5182829888712241,0.2155348618909453,omitted_sparse_joint_cells,1.0,"{""intercept"": 0.7910429667284344, ""AUS_jejunum"": -0.02166382760925959, ""CBC_lymphocytosis"": 0.06080278440473941}"
clinical signs_hairball obstruction | AUS_jejunum,clinical signs_hairball obstruction,AUS_jejunum,,0.1,0.6257769108149223,0.6218775153587315,0.5447138314785375,0.2152612869401379,omitted_sparse_joint_cells,0.0,"{""intercept"": 0.7971215965619699, ""clinical signs_hairball obstruction"": -0.10016987115818722, ""AUS_jejunum"": -0.024876463712554975}"
folate_high | AUS_splenomegaly,folate_high,AUS_splenomegaly,,0.1,0.6257820756124944,0.6186270804447214,0.5687599364069952,0.21384290098998998,included_binary_binary,6.0,"{""intercept"": 0.761905420578437, ""folate_high"": 0.12512435835768765, ""AUS_splenomegaly"": -0.15681310618625227, ""interaction__folate_high__x__AUS_splenomegaly"": -0.00514250683170558}"
AUS_jejunum | chem_hypophosphatemia,AUS_jejunum,chem_hypophosphatemia,,0.1,0.6257831167961475,0.6224970139944636,0.5182829888712241,0.21553486189094534,omitted_sparse_joint_cells,1.0,"{""intercept"": 0.7910429667284343, ""AUS_jejunum"": -0.021663827609259566, ""chem_hypophosphatemia"": 0.06080278440473942}"
AUS_ileum | CBC_anemia,AUS_ileum,CBC_anemia,,0.1,0.625791269802803,0.622877992786716,0.5047694753577107,0.21569736931988176,omitted_sparse_joint_cells,0.0,"{""intercept"": 0.7747533062257796, ""AUS_ileum"": 0.012905553195866927, ""CBC_anemia"": -0.0045867073601523235}"
AUS_jejunum | chem_elevated total bilirubin,AUS_jejunum,chem_elevated total bilirubin,,0.1,0.6257972536770053,0.6224914100167099,0.525039745627981,0.21553183886820257,omitted_sparse_joint_cells,0.0,"{""intercept"": 0.7916039991196375, ""AUS_jejunum"": -0.02252178905116583, ""chem_elevated total bilirubin"": 0.061015576769822506}"
AUS_ileum | CBC_lymphopenia,AUS_ileum,CBC_lymphopenia,,0.1,0.6257993301267236,0.6228711612168424,0.4980127186009539,0.21569453760116272,omitted_sparse_joint_cells,1.0,"{""intercept"": 0.775150664536213, ""AUS_ileum"": 0.012856075705671557, ""CBC_lymphopenia"": -0.009445125315726277}"
clinical signs_none | AUS_ileum,clinical signs_none,AUS_ileum,,0.1,0.6258341740902081,0.6228472027199208,0.5031796502384738,0.2156842210443066,omitted_sparse_joint_cells,1.0,"{""intercept"": 0.7733671270073029, ""clinical signs_none"": 0.018345081135652135, ""AUS_ileum"": 0.013129175595310237}"
AUS_ileum | AUS_mesenteric lymphadenopathy,AUS_ileum,AUS_mesenteric lymphadenopathy,,0.1,0.6258365283148675,0.6195691637620789,0.5655802861685215,0.21427780175299757,included_binary_binary,9.0,"{""intercept"": 0.7010520641575952, ""AUS_ileum"": -0.012500982753697624, ""AUS_mesenteric lymphadenopathy"": 0.1403816585478167, ""interaction__AUS_ileum__x__AUS_mesenteric lymphadenopathy"": 0.08591222708926567}"
clinical signs_vomiting | chem_hypoproteinemia,clinical signs_vomiting,chem_hypoproteinemia,,0.1,0.6258599104240578,0.6204726360979782,0.5488871224165341,0.2146656445192334,omitted_sparse_joint_cells,1.0,"{""intercept"": 0.866491120968826, ""clinical signs_vomiting"": -0.1431606603008237, ""chem_hypoproteinemia"": -0.006219143713733409}"
AUS_colon | chem_hypokalemia,AUS_colon,chem_hypokalemia,,0.1,0.6258892950499446,0.6227412757795958,0.5115262321144673,0.21563873351846866,omitted_sparse_joint_cells,0.0,"{""intercept"": 0.7743833755982497, ""AUS_colon"": 0.038087861842644996, ""chem_hypokalemia"": -0.009434882182121239}"
clinical signs_vomiting | CBC_neutropenia,clinical signs_vomiting,CBC_neutropenia,,0.1,0.6258915190464995,0.620409242318131,0.550476947535771,0.21463955181819566,omitted_sparse_joint_cells,1.0,"{""intercept"": 0.8653853395325394, ""clinical signs_vomiting"": -0.14347370465610534, ""CBC_neutropenia"": 0.025636060023427953}"
CBC_anemia | chem_azotemia,CBC_anemia,chem_azotemia,,0.1,0.6258958189962384,0.6228286675755526,0.4984101748807631,0.21567587775338243,omitted_sparse_joint_cells,1.0,"{""intercept"": 0.7820640528282171, ""CBC_anemia"": -0.004775283916516873, ""chem_azotemia"": -0.0251446464013725}"
CBC_lymphopenia | chem_azotemia,CBC_lymphopenia,chem_azotemia,,0.1,0.6259057208067431,0.6228225819201905,0.5039745627980922,0.21567325372144733,omitted_sparse_joint_cells,2.0,"{""intercept"": 0.7824290615216791, ""CBC_lymphopenia"": -0.00924765608916921, ""chem_azotemia"": -0.02505481514735272}"
clinical signs_none | chem_azotemia,clinical signs_none,chem_azotemia,,0.1,0.6259122312970394,0.6227969893237447,0.5158982511923689,0.21566263332940916,omitted_sparse_joint_cells,2.0,"{""intercept"": 0.7807879258177735, ""clinical signs_none"": 0.018393809345435847, ""chem_azotemia"": -0.0254381985411397}"
clinical signs_vomiting | clinical signs_diarrhea,clinical signs_vomiting,clinical signs_diarrhea,,0.1,0.6259124133761075,0.6157808145822421,0.5771065182829889,0.2125690178681807,included_binary_binary,14.0,"{""intercept"": 0.9260799576083983, ""clinical signs_vomiting"": -0.12733539839382882, ""clinical signs_diarrhea"": -0.12192262111531973, ""interaction__clinical signs_vomiting__x__clinical signs_diarrhea"": -0.15543939711897836}"
AUS_ileum | AUS_chronic degenerative renal changes,AUS_ileum,AUS_chronic degenerative renal changes,,0.1,0.6259395184726331,0.6228491434210084,0.5071542130365659,0.21568488009728667,omitted_sparse_joint_cells,0.0,"{""intercept"": 0.7766704038732075, ""AUS_ileum"": 0.01235524171475496, ""AUS_chronic degenerative renal changes"": -0.01764945653485317}"
pli_abn | CBC_monocytosis,pli_abn,CBC_monocytosis,,0.1,0.6259518205980793,0.6224255328777664,0.5196740858505565,0.21550404525918038,omitted_sparse_joint_cells,3.0,"{""intercept"": 0.7739208775094638, ""pli_abn"": -0.02314154923937915, ""CBC_monocytosis"": 0.06390808655388583}"
AUS_jejunum | chem_elevated ast,AUS_jejunum,chem_elevated ast,,0.1,0.6259543723507901,0.6227256202572408,0.5123211446740858,0.2156312113974094,omitted_sparse_joint_cells,0.0,"{""intercept"": 0.7927853583768935, ""AUS_jejunum"": -0.021618575534336264, ""chem_elevated ast"": -0.03539768639530895}"
AUS_jejunum | chem_elevated alp,AUS_jejunum,chem_elevated alp,,0.1,0.6259557761673071,0.6224224776271817,0.5168918918918918,0.2154982399280917,omitted_sparse_joint_cells,0.0,"{""intercept"": 0.7927490768128083, ""AUS_jejunum"": -0.02161451281623861, ""chem_elevated alp"": -0.06723154606314757}"
AUS_jejunum | chem_hypercalcemia,AUS_jejunum,chem_hypercalcemia,,0.1,0.6259570797887596,0.6227522902858176,0.5160969793322735,0.21564327486459192,omitted_sparse_joint_cells,0.0,"{""intercept"": 0.7921639146651349, ""AUS_jejunum"": -0.022108533209495733, ""chem_hypercalcemia"": 0.031126204713543777}"
clinical signs_constipation | AUS_jejunum,clinical signs_constipation,AUS_jejunum,,0.1,0.6259570797887596,0.6227522902858176,0.5160969793322735,0.21564327486459192,omitted_sparse_joint_cells,0.0,"{""intercept"": 0.792163914665135, ""clinical signs_constipation"": 0.03112620471354378, ""AUS_jejunum"": -0.022108533209495816}"
AUS_jejunum | CBC_eosinopenia,AUS_jejunum,CBC_eosinopenia,,0.1,0.6259583494097795,0.6224161478357053,0.531597774244833,0.2154969557002716,omitted_sparse_joint_cells,0.0,"{""intercept"": 0.7934131737137358, ""AUS_jejunum"": -0.022606678966043885, ""CBC_eosinopenia"": -0.06743900407047966}"
AUS_jejunum | chem_hypercholesterolemia,AUS_jejunum,chem_hypercholesterolemia,,0.1,0.6259586112392966,0.6227522902858176,0.5160969793322735,0.21564327486459192,omitted_sparse_joint_cells,0.0,"{""intercept"": 0.792163914665135, ""AUS_jejunum"": -0.02210853320949574, ""chem_hypercholesterolemia"": 0.031126204713543777}"
AUS_jejunum | CBC_basocytosis,AUS_jejunum,CBC_basocytosis,,0.1,0.625959927471082,0.6227522902858176,0.5160969793322735,0.21564327486459192,omitted_sparse_joint_cells,0.0,"{""intercept"": 0.792163914665135, ""AUS_jejunum"": -0.02210853320949581, ""CBC_basocytosis"": 0.03112620471354378}"
AUS_ileum | chem_hypoproteinemia,AUS_ileum,chem_hypoproteinemia,,0.1,0.6259702464292711,0.622870440658142,0.5015898251192369,0.21569417288714565,omitted_sparse_joint_cells,2.0,"{""intercept"": 0.7751400741215132, ""AUS_ileum"": 0.013024579467612171, ""chem_hypoproteinemia"": -0.0097374320872374}"
AUS_ileum | CBC_neutropenia,AUS_ileum,CBC_neutropenia,,0.1,0.6260092033804407,0.6228223615210919,0.510731319554849,0.2156734430701025,omitted_sparse_joint_cells,0.0,"{""intercept"": 0.7736082020732781, ""AUS_ileum"": 0.01334177244221165, ""CBC_neutropenia"": 0.02458276673558407}"
AUS_no abnormalities | AUS_jejunum,AUS_no abnormalities,AUS_jejunum,,0.1,0.6260166442074447,0.6227927058926541,0.5087440381558028,0.21566079880579228,omitted_sparse_joint_cells,0.0,"{""intercept"": 0.7909832516378579, ""AUS_no abnormalities"": 0.023549923019259227, ""AUS_jejunum"": -0.021157725346396462}"
chem_hypoproteinemia | chem_azotemia,chem_hypoproteinemia,chem_azotemia,,0.1,0.6260251451290684,0.6228225819201905,0.5039745627980922,0.21567325372144733,omitted_sparse_joint_cells,2.0,"{""intercept"": 0.7824290615216791, ""chem_hypoproteinemia"": -0.009247656089169214, ""chem_azotemia"": -0.025054815147352714}"
clinical signs_diarrhea | AUS_jejunum,clinical signs_diarrhea,AUS_jejunum,,0.1,0.6260373467157619,0.6199166402378575,0.5536565977742449,0.21440773785624703,included_binary_binary,10.0,"{""intercept"": 0.8446466748310187, ""clinical signs_diarrhea"": -0.1359823182707357, ""AUS_jejunum"": -0.01135294966257034, ""interaction__clinical signs_diarrhea__x__AUS_jejunum"": -0.06706074105503759}"
AUS_jejunum | chem_elevated alt,AUS_jejunum,chem_elevated alt,,0.1,0.6260465981490616,0.6223485477829591,0.5184817170111288,0.2154718473147303,omitted_sparse_joint_cells,4.0,"{""intercept"": 0.7852927128561215, ""AUS_jejunum"": -0.020079572182381825, ""chem_elevated alt"": 0.07056740220374133}"
clinical signs_weight loss | chem_azotemia,clinical signs_weight loss,chem_azotemia,,0.1,0.6260570618941479,0.6196660967223862,0.5671701112877584,0.21430507258934545,included_binary_binary,5.0,"{""intercept"": 0.7024608037227359, ""clinical signs_weight loss"": 0.1382644091678771, ""chem_azotemia"": -0.046633794276446684, ""interaction__clinical signs_weight loss__x__chem_azotemia"": 0.08203948718086515}"
clinical signs_vomiting | AUS_chronic degenerative renal changes,clinical signs_vomiting,AUS_chronic degenerative renal changes,,0.1,0.6261052600777415,0.6203421042902183,0.559220985691574,0.2146111842022934,included_binary_binary,5.0,"{""intercept"": 0.8675535613725126, ""clinical signs_vomiting"": -0.14439432876347355, ""AUS_chronic degenerative renal changes"": -0.02203565653449647, ""interaction__clinical signs_vomiting__x__AUS_chronic degenerative renal changes"": 0.027406756760410763}"
CBC_neutropenia | chem_azotemia,CBC_neutropenia,chem_azotemia,,0.1,0.6261095335931193,0.6227742395691181,0.5214626391096979,0.21565326543618313,omitted_sparse_joint_cells,1.0,"{""intercept"": 0.7810616675456463, ""CBC_neutropenia"": 0.02424155413226424, ""chem_azotemia"": -0.025295338956325894}"
breed_group | chem_hypophosphatemia,breed_group,chem_hypophosphatemia,,0.1,0.6261283453777464,0.6169990660592555,0.568362480127186,0.21308381810346969,omitted_non_binary_or_categorical_pair,,"{""intercept"": 0.696509366822597, ""breed_group=DLH"": 0.026697439438792003, ""breed_group=DMH"": -0.16759541519414678, ""breed_group=DSH"": 0.14176192492358883, ""breed_group=other"": -0.0006331116247432845, ""chem_hypophosphatemia"": 0.06464576732065448}"
AUS_ileum | AUS_splenomegaly,AUS_ileum,AUS_splenomegaly,,0.1,0.6261311468674915,0.620466708998719,0.5421303656597775,0.21463649860071848,omitted_sparse_joint_cells,2.0,"{""intercept"": 0.7940079304430713, ""AUS_ileum"": 0.010480780977265377, ""AUS_splenomegaly"": -0.15222509710676208}"
AUS_splenomegaly | chem_azotemia,AUS_splenomegaly,chem_azotemia,,0.1,0.6261476612697939,0.6204245777754058,0.5345786963434022,0.21461510806401585,omitted_sparse_joint_cells,3.0,"{""intercept"": 0.8003388646972331, ""AUS_splenomegaly"": -0.1520209039380442, ""chem_azotemia"": -0.023024804046938165}"
breed_group | CBC_lymphocytosis,breed_group,CBC_lymphocytosis,,0.1,0.6261517291566909,0.6170712116965691,0.5679650238473768,0.2131215473003158,omitted_non_binary_or_categorical_pair,,"{""intercept"": 0.6966512253093702, ""breed_group=DLH"": 0.025578909197052375, ""breed_group=DMH"": -0.16636770860980774, ""breed_group=DSH"": 0.1416878595418627, ""breed_group=other"": -0.0006799617929248501, ""CBC_lymphocytosis"": 0.06043067282967857}"
clinical signs_vomiting | AUS_splenomegaly,clinical signs_vomiting,AUS_splenomegaly,,0.1,0.6261527173899126,0.6170788631043537,0.6134737678855327,0.21323468849754224,included_binary_binary,5.0,"{""intercept"": 0.8884400682595838, ""clinical signs_vomiting"": -0.15208612487961137, ""AUS_splenomegaly"": -0.16647396349891416, ""interaction__clinical signs_vomiting__x__AUS_splenomegaly"": 0.07227443783362862}"
breed_group | AUS_ileus,breed_group,AUS_ileus,,0.1,0.6261587866134801,0.6153756836253862,0.5608108108108109,0.21230849024865445,omitted_non_binary_or_categorical_pair,,"{""intercept"": 0.7112137250632369, ""breed_group=DLH"": 0.03230622677225089, ""breed_group=DMH"": -0.1631897074993071, ""breed_group=DSH"": 0.13607397396132212, ""breed_group=other"": -0.0048847341917784394, ""AUS_ileus"": -0.14699581044346413}"
AUS_jejunum | CBC_anemia,AUS_jejunum,CBC_anemia,,0.1,0.626165379660797,0.6228402586331095,0.5101351351351351,0.21568105879904867,omitted_sparse_joint_cells,1.0,"{""intercept"": 0.7925061924084866, ""AUS_jejunum"": -0.021975941982640326, ""CBC_anemia"": -0.0050684440278617885}"
AUS_jejunum | CBC_lymphopenia,AUS_jejunum,CBC_lymphopenia,,0.1,0.6261816475805074,0.6228321834548373,0.5083465818759936,0.21567763524796055,omitted_sparse_joint_cells,3.0,"{""intercept"": 0.7930436937947885, ""AUS_jejunum"": -0.022150198471022134, ""CBC_lymphopenia"": -0.010093471027480698}"
breed_group | chem_elevated total bilirubin,breed_group,chem_elevated total bilirubin,,0.1,0.6261824766324532,0.6170275796806833,0.5663751987281399,0.21309856065885724,omitted_non_binary_or_categorical_pair,,"{""intercept"": 0.6962154305094024, ""breed_group=DLH"": 0.025606133604027775, ""breed_group=DMH"": -0.1662897051417549, ""breed_group=DSH"": 0.14245511239743927, ""breed_group=other"": -0.0015554652532520402, ""chem_elevated total bilirubin"": 0.06339506151201833}"
clinical signs_none | AUS_jejunum,clinical signs_none,AUS_jejunum,,0.1,0.6261877103500091,0.62281017444015,0.5057631160572338,0.21566849973899677,omitted_sparse_joint_cells,2.0,"{""intercept"": 0.7912537048319342, ""clinical signs_none"": 0.018187368042463643, ""AUS_jejunum"": -0.022076596217623742}"
folate_low | AUS_colon,folate_low,AUS_colon,,0.1,0.6262056281899877,0.6224798981244573,0.5230524642289348,0.21552677543671794,omitted_sparse_joint_cells,0.0,"{""intercept"": 0.7713823428003186, ""folate_low"": 0.05250989199475004, ""AUS_colon"": 0.03866634351481121}"
AUS_jejunum | AUS_gall bladder sludge,AUS_jejunum,AUS_gall bladder sludge,,0.1,0.6262082679345695,0.6214357723851113,0.5335850556438791,0.2150856138524997,included_binary_binary,8.0,"{""intercept"": 0.772373615494913, ""AUS_jejunum"": -0.021335338510753567, ""AUS_gall bladder sludge"": 0.09604639166673157, ""interaction__AUS_jejunum__x__AUS_gall bladder sludge"": 0.058334620186656375}"
AUS_duodenum | AUS_ileum,AUS_duodenum,AUS_ileum,,0.1,0.6262370028941948,0.6202061542977084,0.5417329093799682,0.2145336560045875,omitted_sparse_joint_cells,4.0,"{""intercept"": 0.6735541484211012, ""AUS_duodenum"": 0.1520672889041679, ""AUS_ileum"": 0.003161398916555296}"
folate_high | clinical signs_vomiting,folate_high,clinical signs_vomiting,,0.1,0.626242104484741,0.6187410409409644,0.567368839427663,0.21391773452800453,included_binary_binary,13.0,"{""intercept"": 0.8299324497989837, ""folate_high"": 0.10984141637068368, ""clinical signs_vomiting"": -0.14602208265657027, ""interaction__folate_high__x__clinical signs_vomiting"": 0.042977702686745785}"
clinical signs_vomiting | chem_hypokalemia,clinical signs_vomiting,chem_hypokalemia,,0.1,0.6262652026079534,0.6204598864886625,0.548887122416534,0.2146608275220767,omitted_sparse_joint_cells,3.0,"{""intercept"": 0.8669298417287631, ""clinical signs_vomiting"": -0.14339182035413914, ""chem_hypokalemia"": -0.01171436980348604}"
AUS_ileum | chem_hypokalemia,AUS_ileum,chem_hypokalemia,,0.1,0.6262802153976592,0.6228711612168425,0.5091414944356121,0.21569435807764312,omitted_sparse_joint_cells,1.0,"{""intercept"": 0.775150664536213, ""AUS_ileum"": 0.012856075705671594, ""chem_hypokalemia"": -0.00944512531572625}"
breed_group | AUS_duodenum,breed_group,AUS_duodenum,,0.1,0.6262829684741387,0.6141790475478105,0.5862480127186009,0.21178497403734825,omitted_non_binary_or_categorical_pair,,"{""intercept"": 0.5834291802689711, ""breed_group=DLH"": 0.02962559243062586, ""breed_group=DMH"": -0.1688766149726281, ""breed_group=DSH"": 0.1486770574374409, ""breed_group=other"": -0.009828017713520204, ""AUS_duodenum"": 0.16338942590475317}"
breed_group | clinical signs_hairball obstruction,breed_group,clinical signs_hairball obstruction,,0.1,0.6262955645205351,0.6165372115298415,0.5727344992050875,0.21287956173732428,omitted_non_binary_or_categorical_pair,,"{""intercept"": 0.702229369383984, ""breed_group=DLH"": 0.031091961375679482, ""breed_group=DMH"": -0.16731973967911618, ""breed_group=DSH"": 0.1388921257255835, ""breed_group=other"": -0.002231742935885971, ""clinical signs_hairball obstruction"": -0.09644267831011864}"
breed_group | chem_elevated alt,breed_group,chem_elevated alt,,0.1,0.6263061733740102,0.616915954905005,0.5697535771065183,0.21305415172518968,omitted_non_binary_or_categorical_pair,,"{""intercept"": 0.6918141148611782, ""breed_group=DLH"": 0.026258326273769072, ""breed_group=DMH"": -0.16550440261197785, ""breed_group=DSH"": 0.14210035877550653, ""breed_group=other"": -0.002634629161898365, ""chem_elevated alt"": 0.07088328784036477}"
AUS_duodenum | chem_azotemia,AUS_duodenum,chem_azotemia,,0.1,0.626311011162446,0.619409432339449,0.5667726550079492,0.2141845029451899,included_binary_binary,5.0,"{""intercept"": 0.6742381061903044, ""AUS_duodenum"": 0.1476377233688695, ""chem_azotemia"": -0.041636038214402656, ""interaction__AUS_duodenum__x__chem_azotemia"": 0.08494660801486402}"
CBC_no abnormalities | chem_azotemia,CBC_no abnormalities,chem_azotemia,,0.1,0.6263136272007245,0.6219813138607072,0.5341812400635929,0.21530756313897342,included_binary_binary,6.0,"{""intercept"": 0.7354355579367057, ""CBC_no abnormalities"": 0.05557410387441182, ""chem_azotemia"": -0.03479996554541735, ""interaction__CBC_no abnormalities__x__chem_azotemia"": 0.06596015442116476}"
breed_group | chem_elevated alp,breed_group,chem_elevated alp,,0.1,0.6263394646509465,0.6169692537166429,0.5735294117647058,0.21307879140407882,omitted_non_binary_or_categorical_pair,,"{""intercept"": 0.698409784018337, ""breed_group=DLH"": 0.02636314090892376, ""breed_group=DMH"": -0.16666883691321976, ""breed_group=DSH"": 0.1417447621587457, ""breed_group=other"": -0.00116898148729869, ""chem_elevated alp"": -0.06860629135225227}"
breed_group | CBC_eosinopenia,breed_group,CBC_eosinopenia,,0.1,0.6263394646509465,0.6169692537166429,0.5735294117647058,0.21307879140407882,omitted_non_binary_or_categorical_pair,,"{""intercept"": 0.698409784018337, ""breed_group=DLH"": 0.02636314090892377, ""breed_group=DMH"": -0.16666883691321976, ""breed_group=DSH"": 0.14174476215874574, ""breed_group=other"": -0.001168981487298674, ""CBC_eosinopenia"": -0.06860629135225227}"
breed_group | clinical signs_constipation,breed_group,clinical signs_constipation,,0.1,0.6263401717705548,0.6173169317446957,0.5639904610492845,0.21322566659806969,omitted_non_binary_or_categorical_pair,,"{""intercept"": 0.6974580744910188, ""breed_group=DLH"": 0.025937090199000708, ""breed_group=DMH"": -0.16649286690612589, ""breed_group=DSH"": 0.1416899903140119, ""breed_group=other"": -0.0008990864055434848, ""clinical signs_constipation"": 0.032048935102127786}"
breed_group | chem_elevated ast,breed_group,chem_elevated ast,,0.1,0.6263416648492265,0.6173163300035396,0.5631955484896661,0.2132247239990789,omitted_non_binary_or_categorical_pair,,"{""intercept"": 0.6988264038806226, ""breed_group=DLH"": 0.026886892388230048, ""breed_group=DMH"": -0.16672363538593563, ""breed_group=DSH"": 0.1408672883592845, ""breed_group=other"": -0.0007459159584613761, ""chem_elevated ast"": -0.03277679188097823}"
breed_group | CBC_no abnormalities,breed_group,CBC_no abnormalities,,0.1,0.6263440080416711,0.6169607707006095,0.5727344992050873,0.21307143427450942,omitted_non_binary_or_categorical_pair,,"{""intercept"": 0.6517034050994059, ""breed_group=DLH"": 0.026868888291752203, ""breed_group=DMH"": -0.1659768136294867, ""breed_group=DSH"": 0.1425689080264499, ""breed_group=other"": -0.003785069839129602, ""CBC_no abnormalities"": 0.06263914942946588}"
breed_group | CBC_basocytosis,breed_group,CBC_basocytosis,,0.1,0.6263450746865356,0.6173342588165757,0.5673688394276629,0.21323482759990983,omitted_non_binary_or_categorical_pair,,"{""intercept"": 0.6977214647222753, ""breed_group=DLH"": 0.02647335053659859, ""breed_group=DMH"": -0.16653579974929988, ""breed_group=DSH"": 0.141281806879196, ""breed_group=other"": -0.0009705417763273135, ""CBC_basocytosis"": 0.02963062521370476}"
breed_group | chem_hypercalcemia,breed_group,chem_hypercalcemia,,0.1,0.626346134141346,0.6173342588165757,0.5673688394276629,0.21323482759990983,omitted_non_binary_or_categorical_pair,,"{""intercept"": 0.6977214647222754, ""breed_group=DLH"": 0.026473350536598574, ""breed_group=DMH"": -0.16653579974929994, ""breed_group=DSH"": 0.14128180687919598, ""breed_group=other"": -0.0009705417763273094, ""chem_hypercalcemia"": 0.029630625213704753}"
breed_group | chem_hypercholesterolemia,breed_group,chem_hypercholesterolemia,,0.1,0.6263468489181633,0.6173342588165757,0.5673688394276629,0.21323482759990983,omitted_non_binary_or_categorical_pair,,"{""intercept"": 0.6977214647222753, ""breed_group=DLH"": 0.02647335053659863, ""breed_group=DMH"": -0.16653579974929988, ""breed_group=DSH"": 0.14128180687919603, ""breed_group=other"": -0.0009705417763272989, ""chem_hypercholesterolemia"": 0.02963062521370476}"
AUS_jejunum | chem_hypoproteinemia,AUS_jejunum,chem_hypoproteinemia,,0.1,0.6263474728797874,0.6228352134423841,0.5083465818759937,0.21567892506134956,omitted_sparse_joint_cells,0.0,"{""intercept"": 0.7926908112679056, ""AUS_jejunum"": -0.021703352115804285, ""chem_hypoproteinemia"": -0.009135626199858436}"
AUS_jejunum | CBC_neutropenia,AUS_jejunum,CBC_neutropenia,,0.1,0.626376842567498,0.6227860507118619,0.5079491255961843,0.21565800396045542,omitted_sparse_joint_cells,1.0,"{""intercept"": 0.791542453256873, ""AUS_jejunum"": -0.022090171702513452, ""CBC_neutropenia"": 0.024337904442764152}"
AUS_jejunum | AUS_chronic degenerative renal changes,AUS_jejunum,AUS_chronic degenerative renal changes,,0.1,0.6263770347101957,0.6228090827854365,0.5119236883942765,0.21566745383379907,omitted_sparse_joint_cells,4.0,"{""intercept"": 0.7943672857027728, ""AUS_jejunum"": -0.02198602338186727, ""AUS_chronic degenerative renal changes"": -0.01806451391149647}"
breed_group | AUS_no abnormalities,breed_group,AUS_no abnormalities,,0.1,0.6263923317817055,0.6173845070828312,0.5651828298887123,0.21325568135807874,omitted_non_binary_or_categorical_pair,,"{""intercept"": 0.6973992227169904, ""breed_group=DLH"": 0.026525931258448876, ""breed_group=DMH"": -0.16647496898842462, ""breed_group=DSH"": 0.14107344167799465, ""breed_group=other"": -0.0008806321924974635, ""AUS_no abnormalities"": 0.019117764578441297}"
chem_azotemia | chem_hypokalemia,chem_azotemia,chem_hypokalemia,,0.1,0.6264116624173114,0.6228213037860136,0.49960254372019075,0.21567257960301625,omitted_sparse_joint_cells,1.0,"{""intercept"": 0.7824731796228249, ""chem_azotemia"": -0.025223216643021497, ""chem_hypokalemia"": -0.009704234366457006}"
folate_high | breed_group,folate_high,breed_group,,0.1,0.626422049563848,0.6156952633811448,0.5824721780604134,0.21258415695029,omitted_non_binary_or_categorical_pair,,"{""intercept"": 0.6609015683278986, ""folate_high"": 0.12309707183707402, ""breed_group=DLH"": 0.024250162755421016, ""breed_group=DMH"": -0.16239947174006492, ""breed_group=DSH"": 0.14605275298113168, ""breed_group=other"": -0.007947764582982344}"
AUS_colon | CBC_monocytosis,AUS_colon,CBC_monocytosis,,0.1,0.6264377252891014,0.6223454757508442,0.5160969793322734,0.21547129270098328,omitted_sparse_joint_cells,2.0,"{""intercept"": 0.7670320813435801, ""AUS_colon"": 0.03735417519139356, ""CBC_monocytosis"": 0.06284242738002534}"
breed_group | AUS_mesenteric lymphadenopathy,breed_group,AUS_mesenteric lymphadenopathy,,0.1,0.6264682903177221,0.6149734991004623,0.5932034976152623,0.21222351649075838,omitted_non_binary_or_categorical_pair,,"{""intercept"": 0.6320331407544975, ""breed_group=DLH"": 0.03052456281498424, ""breed_group=DMH"": -0.16628391121902916, ""breed_group=DSH"": 0.13636536840023508, ""breed_group=other"": -0.0007032904448841066, ""AUS_mesenteric lymphadenopathy"": 0.14473416198071568}"
AUS_jejunum | AUS_splenomegaly,AUS_jejunum,AUS_splenomegaly,,0.1,0.6265278581102389,0.6204405301567137,0.553060413354531,0.21462738305793735,omitted_sparse_joint_cells,3.0,"{""intercept"": 0.8091335656413243, ""AUS_jejunum"": -0.019038487446067294, ""AUS_splenomegaly"": -0.15194771614839275}"
breed_group | CBC_lymphopenia,breed_group,CBC_lymphopenia,,0.1,0.6265432575985516,0.6174081685617276,0.5741255961844197,0.21326805674246344,omitted_non_binary_or_categorical_pair,,"{""intercept"": 0.6984140715915169, ""breed_group=DLH"": 0.026500187394858588, ""breed_group=DMH"": -0.16647993989940169, ""breed_group=DSH"": 0.14139565134213086, ""breed_group=other"": -0.0011752952337355676, ""CBC_lymphopenia"": -0.00860701293275095}"
breed_group | CBC_anemia,breed_group,CBC_anemia,,0.1,0.626548268705648,0.6174044754603648,0.5655802861685215,0.21326441613808222,omitted_non_binary_or_categorical_pair,,"{""intercept"": 0.6981036951557316, ""breed_group=DLH"": 0.02640190605570288, ""breed_group=DMH"": -0.16659950414670668, ""breed_group=DSH"": 0.14152516655644107, ""breed_group=other"": -0.0010787246969757845, ""CBC_anemia"": -0.008999908111235272}"
clinical signs_vomiting | AUS_mesenteric lymphadenopathy,clinical signs_vomiting,AUS_mesenteric lymphadenopathy,,0.1,0.626553718307967,0.6172232620056435,0.5707472178060413,0.21331634222955104,included_binary_binary,19.0,"{""intercept"": 0.8009320841655354, ""clinical signs_vomiting"": -0.1364085783177205, ""AUS_mesenteric lymphadenopathy"": 0.16613930088200568, ""interaction__clinical signs_vomiting__x__AUS_mesenteric lymphadenopathy"": -0.05790541555629074}"
breed_group | clinical signs_none,breed_group,clinical signs_none,,0.1,0.626562936916066,0.6173644118033799,0.5649841017488076,0.2132446703162562,omitted_non_binary_or_categorical_pair,,"{""intercept"": 0.6964672812419639, ""breed_group=DLH"": 0.026687145174250027, ""breed_group=DMH"": -0.16672419578655223, ""breed_group=DSH"": 0.14155390450664154, ""breed_group=other"": -0.0012991046143092499, ""clinical signs_none"": 0.0212829837428997}"
clinical signs_vomiting | clinical signs_weight loss,clinical signs_vomiting,clinical signs_weight loss,,0.1,0.6265687833180393,0.6181987108480734,0.5699523052464228,0.21367599238221832,included_binary_binary,17.0,"{""intercept"": 0.7885112836389016, ""clinical signs_vomiting"": -0.14289999610496426, ""clinical signs_weight loss"": 0.13370920947781226, ""interaction__clinical signs_vomiting__x__clinical signs_weight loss"": 0.02201343083018762}"
folate_low | clinical signs_vomiting,folate_low,clinical signs_vomiting,,0.1,0.6265885148868378,0.6202803922832274,0.5526629570747218,0.21458287649809407,omitted_sparse_joint_cells,1.0,"{""intercept"": 0.8633376706571015, ""folate_low"": 0.046774802596956204, ""clinical signs_vomiting"": -0.142008657345201}"
folate_low | AUS_ileum,folate_low,AUS_ileum,,0.1,0.6266115264221296,0.6226142489389419,0.5127186009538951,0.21558477279936905,omitted_sparse_joint_cells,1.0,"{""intercept"": 0.7721606316768048, ""folate_low"": 0.05236196257779066, ""AUS_ileum"": 0.013178344765597205}"
breed_group | chem_hypoproteinemia,breed_group,chem_hypoproteinemia,,0.1,0.6266656352360999,0.6173994947028646,0.562798092209857,0.21326174348732305,omitted_non_binary_or_categorical_pair,,"{""intercept"": 0.698525018353811, ""breed_group=DLH"": 0.02632453309740662, ""breed_group=DMH"": -0.16668425722467392, ""breed_group=DSH"": 0.14142925171678544, ""breed_group=other"": -0.0008349746448569793, ""chem_hypoproteinemia"": -0.011422380213992755}"
pli_abn | AUS_colon,pli_abn,AUS_colon,,0.1,0.6266844993355493,0.6227020158586802,0.5194753577106519,0.21562139958270393,omitted_sparse_joint_cells,1.0,"{""intercept"": 0.776852246361422, ""pli_abn"": -0.021375839480810545, ""AUS_colon"": 0.0380330847046937}"
AUS_jejunum | chem_hypokalemia,AUS_jejunum,chem_hypokalemia,,0.1,0.6266950190757163,0.6228332682583955,0.5059618441971383,0.21567820275317195,omitted_sparse_joint_cells,2.0,"{""intercept"": 0.7929137185436239, ""AUS_jejunum"": -0.021986895619279495, ""chem_hypokalemia"": -0.009758829706722254}"
folate_low | chem_azotemia,folate_low,chem_azotemia,,0.1,0.6267292776429574,0.6225715317615725,0.5170906200317965,0.21556620042398617,omitted_sparse_joint_cells,0.0,"{""intercept"": 0.7794306342907933, ""folate_low"": 0.051895788565294115, ""chem_azotemia"": -0.024462667782799766}"
breed_group | AUS_chronic degenerative renal changes,breed_group,AUS_chronic degenerative renal changes,,0.1,0.6267550878689845,0.6173885079433433,0.5645866454689984,0.21325526321061275,omitted_non_binary_or_categorical_pair,,"{""intercept"": 0.6998388235210216, ""breed_group=DLH"": 0.0266929800617422, ""breed_group=DMH"": -0.16660367313770305, ""breed_group=DSH"": 0.1411967835159531, ""breed_group=other"": -0.0010991851506115258, ""AUS_chronic degenerative renal changes"": -0.0161645673824423}"
AUS_jejunum | CBC_no abnormalities,AUS_jejunum,CBC_no abnormalities,,0.1,0.6267702264475414,0.6221003633391811,0.5323926868044515,0.21536412613134287,included_binary_binary,9.0,"{""intercept"": 0.7570165502319823, ""AUS_jejunum"": -0.008795989866172723, ""CBC_no abnormalities"": 0.0702071309245031, ""interaction__AUS_jejunum__x__CBC_no abnormalities"": -0.051189848570140355}"
AUS_ileum | CBC_monocytosis,AUS_ileum,CBC_monocytosis,,0.1,0.6268138943026871,0.6224699008227114,0.5186804451510334,0.2155229558853437,omitted_sparse_joint_cells,4.0,"{""intercept"": 0.7679040419532664, ""AUS_ileum"": 0.011937468562961264, ""CBC_monocytosis"": 0.06324952795590753}"
breed_group | CBC_neutropenia,breed_group,CBC_neutropenia,,0.1,0.6268194210903706,0.6173739695450712,0.5618044515103339,0.21324996530939178,omitted_non_binary_or_categorical_pair,,"{""intercept"": 0.6971714530736176, ""breed_group=DLH"": 0.026179734904381677, ""breed_group=DMH"": -0.16643434014705039, ""breed_group=DSH"": 0.1413132080657966, ""breed_group=other"": -0.0008178343992545025, ""CBC_neutropenia"": 0.021383029193814386}"
breed_group | AUS_splenomegaly,breed_group,AUS_splenomegaly,,0.1,0.6268255738347658,0.6149470875822941,0.579093799682035,0.21215299723686487,omitted_non_binary_or_categorical_pair,,"{""intercept"": 0.7160265565069356, ""breed_group=DLH"": 0.023236745698568553, ""breed_group=DMH"": -0.166927642587758, ""breed_group=DSH"": 0.14263372665547303, ""breed_group=other"": 0.0010338661232170872, ""AUS_splenomegaly"": -0.15341154721513356}"
folate_high | AUS_jejunum,folate_high,AUS_jejunum,,0.1,0.6268453007550472,0.6208477032406526,0.5443163751987281,0.21483014537300146,included_binary_binary,8.0,"{""intercept"": 0.756090799489366, ""folate_high"": 0.10497381764488124, ""AUS_jejunum"": -0.0324475286149032, ""interaction__folate_high__x__AUS_jejunum"": 0.06669375370517898}"
clinical signs_vomiting | CBC_no abnormalities,clinical signs_vomiting,CBC_no abnormalities,,0.1,0.6268605021076266,0.6194424576090126,0.5538553259141494,0.21423500855346853,included_binary_binary,12.0,"{""intercept"": 0.8349308625760067, ""clinical signs_vomiting"": -0.12268802801081088, ""CBC_no abnormalities"": 0.07739172210192391, ""interaction__clinical signs_vomiting__x__CBC_no abnormalities"": -0.0822085304464597}"
breed_group | clinical signs_diarrhea,breed_group,clinical signs_diarrhea,,0.1,0.6269406683362831,0.615090629482201,0.6035373608903021,0.21229405153916617,omitted_non_binary_or_categorical_pair,,"{""intercept"": 0.7463899779688888, ""breed_group=DLH"": 0.02300508238118756, ""breed_group=DMH"": -0.1639734552574139, ""breed_group=DSH"": 0.13734810351122226, ""breed_group=other"": 0.003339514631404913, ""clinical signs_diarrhea"": -0.14459328654631207}"
CBC_monocytosis | chem_azotemia,CBC_monocytosis,chem_azotemia,,0.1,0.626990107211969,0.6224168117491354,0.5313990461049285,0.2154986410022735,omitted_sparse_joint_cells,2.0,"{""intercept"": 0.7749584432933916, ""CBC_monocytosis"": 0.06340390102194568, ""chem_azotemia"": -0.02517478234178024}"
folate_low | AUS_jejunum,folate_low,AUS_jejunum,,0.1,0.6270253386713474,0.6225732224512707,0.5168918918918919,0.2155671389811105,omitted_sparse_joint_cells,1.0,"{""intercept"": 0.7902698295877258, ""folate_low"": 0.05270757576578707, ""AUS_jejunum"": -0.0224659817156611}"
clinical signs_vomiting | AUS_duodenum,clinical signs_vomiting,AUS_duodenum,,0.1,0.6270400516938199,0.6171475343725896,0.5707472178060413,0.21317653377279702,included_binary_binary,15.0,"{""intercept"": 0.7539071667998107, ""clinical signs_vomiting"": -0.1619187548164987, ""AUS_duodenum"": 0.14302259379930862, ""interaction__clinical signs_vomiting__x__AUS_duodenum"": 0.06094652233316757}"
breed_group | chem_hypokalemia,breed_group,chem_hypokalemia,,0.1,0.6270773675361617,0.6174081685617276,0.5620031796502385,0.21326659456019806,omitted_non_binary_or_categorical_pair,,"{""intercept"": 0.6984140715915169, ""breed_group=DLH"": 0.02650018739485857, ""breed_group=DMH"": -0.16647993989940166, ""breed_group=DSH"": 0.14139565134213083, ""breed_group=other"": -0.0011752952337355715, ""chem_hypokalemia"": -0.008607012932750936}"
AUS_duodenum | AUS_jejunum,AUS_duodenum,AUS_jejunum,,0.1,0.627151370992548,0.6198587886522388,0.5679650238473768,0.21439750804218,included_binary_binary,16.0,"{""intercept"": 0.7005089625825297, ""AUS_duodenum"": 0.16129514693045055, ""AUS_jejunum"": -0.024458874831212667, ""interaction__AUS_duodenum__x__AUS_jejunum"": -0.03209887507449742}"
pli_abn | AUS_ileum,pli_abn,AUS_ileum,,0.1,0.6272132361971942,0.6225500722770231,0.5202702702702703,0.21555596687265316,included_binary_binary,5.0,"{""intercept"": 0.7763610653154626, ""pli_abn"": -0.025711701081583528, ""AUS_ileum"": 0.010464088715797862, ""interaction__pli_abn__x__AUS_ileum"": 0.05279456292585572}"
AUS_jejunum | CBC_monocytosis,AUS_jejunum,CBC_monocytosis,,0.1,0.6272248991736521,0.6224212983747959,0.5453100158982511,0.21549903761290512,omitted_sparse_joint_cells,3.0,"{""intercept"": 0.785943004201388, ""AUS_jejunum"": -0.022903858576893053, ""CBC_monocytosis"": 0.06386139102898691}"
folate_high | AUS_ileum,folate_high,AUS_ileum,,0.1,0.6272792582766962,0.6211712300265502,0.5520667726550079,0.21496689452345663,included_binary_binary,6.0,"{""intercept"": 0.7405104515547041, ""folate_high"": 0.12121387663072544, ""AUS_ileum"": 0.01737776690029655, ""interaction__folate_high__x__AUS_ileum"": -0.021815269089821603}"
clinical signs_vomiting | CBC_monocytosis,clinical signs_vomiting,CBC_monocytosis,,0.1,0.627301603493207,0.6200480659829304,0.5560413354531002,0.21448442708175805,included_binary_binary,5.0,"{""intercept"": 0.8586464800459969, ""clinical signs_vomiting"": -0.14361842016748722, ""CBC_monocytosis"": 0.06050725465806718, ""interaction__clinical signs_vomiting__x__CBC_monocytosis"": 0.01733118855025194}"
AUS_chronic degenerative renal changes | chem_azotemia,AUS_chronic degenerative renal changes,chem_azotemia,,0.1,0.627313933267745,0.6226896939988711,0.5051669316375199,0.2156149995264851,included_binary_binary,5.0,"{""intercept"": 0.7846397999504865, ""AUS_chronic degenerative renal changes"": -0.01396124423088985, ""chem_azotemia"": -0.02196648329488885, ""interaction__AUS_chronic degenerative renal changes__x__chem_azotemia"": -0.0358130775899308}"
clinical signs_diarrhea | AUS_ileum,clinical signs_diarrhea,AUS_ileum,,0.1,0.6273455399258979,0.6198706206596811,0.5596184419713831,0.21439037197959043,included_binary_binary,13.0,"{""intercept"": 0.8241796623660428, ""clinical signs_diarrhea"": -0.14748042112220436, ""AUS_ileum"": 0.03256132475398523, ""interaction__clinical signs_diarrhea__x__AUS_ileum"": -0.05562680551018477}"
folate_low | breed_group,folate_low,breed_group,,0.1,0.6274462201829746,0.6171119593191544,0.562798092209857,0.21312851195995253,omitted_non_binary_or_categorical_pair,,"{""intercept"": 0.6951856363091277, ""folate_low"": 0.05465746346306671, ""breed_group=DLH"": 0.025942208750333925, ""breed_group=DMH"": -0.16717013576226386, ""breed_group=DSH"": 0.14169439034571696, ""breed_group=other"": -0.00026890200594527596}"
AUS_ileum | AUS_colon,AUS_ileum,AUS_colon,,0.1,0.6274662774501787,0.6227399069061919,0.49403815580286164,0.2156387570084849,omitted_sparse_joint_cells,4.0,"{""intercept"": 0.771419478117024, ""AUS_ileum"": 0.010585732394678362, ""AUS_colon"": 0.03741407701525111}"
pli_abn | AUS_jejunum,pli_abn,AUS_jejunum,,0.1,0.6275240340025996,0.6227975247159144,0.5101351351351352,0.2156626289106857,omitted_sparse_joint_cells,3.0,"{""intercept"": 0.7948831362483194, ""pli_abn"": -0.020976948386535778, ""AUS_jejunum"": -0.02138746636065698}"
breed_group | CBC_monocytosis,breed_group,CBC_monocytosis,,0.1,0.6276157034846501,0.6171344543350362,0.5707472178060413,0.21315364831110062,omitted_non_binary_or_categorical_pair,,"{""intercept"": 0.6926848438622106, ""breed_group=DLH"": 0.026356565181612706, ""breed_group=DMH"": -0.16563581090913873, ""breed_group=DSH"": 0.13992607227167253, ""breed_group=other"": -0.00043874091282413883, ""CBC_monocytosis"": 0.0551736675327319}"
clinical signs_vomiting | chem_azotemia,clinical signs_vomiting,chem_azotemia,,0.1,0.6276812007696708,0.6195758650709616,0.5584260731319555,0.2142631481786779,included_binary_binary,6.0,"{""intercept"": 0.8755350650761998, ""clinical signs_vomiting"": -0.14214658953288176, ""chem_azotemia"": -0.029489335856219545, ""interaction__clinical signs_vomiting__x__chem_azotemia"": -0.09028343632440163}"
AUS_colon | chem_azotemia,AUS_colon,chem_azotemia,,0.1,0.6277377106807961,0.6226803669523376,0.5258346581875993,0.21561153111357942,omitted_sparse_joint_cells,2.0,"{""intercept"": 0.7780680333847843, ""AUS_colon"": 0.0383463760346224, ""chem_azotemia"": -0.025282667198690472}"
clinical signs_vomiting | AUS_colon,clinical signs_vomiting,AUS_colon,,0.1,0.6277397024294745,0.6203908571793236,0.5562400635930048,0.21462265401068154,omitted_sparse_joint_cells,4.0,"{""intercept"": 0.8622670794526536, ""clinical signs_vomiting"": -0.14208773071836606, ""AUS_colon"": 0.031041451050112665}"
pli_abn | breed_group,pli_abn,breed_group,,0.1,0.627894955259593,0.6173669498167448,0.5524642289348172,0.2132423009648099,omitted_non_binary_or_categorical_pair,,"{""intercept"": 0.7007487507746378, ""pli_abn"": -0.021505307918511095, ""breed_group=DLH"": 0.02590141664983479, ""breed_group=DMH"": -0.16627154278822376, ""breed_group=DSH"": 0.14170734481659805, ""breed_group=other"": -0.001252382213832713}"
AUS_jejunum | AUS_colon,AUS_jejunum,AUS_colon,,0.1,0.6279888848889046,0.622694225826855,0.531597774244833,0.21561730246665073,omitted_sparse_joint_cells,4.0,"{""intercept"": 0.7883887450460711, ""AUS_jejunum"": -0.02183572565141375, ""AUS_colon"": 0.03819800934086404}"
pli_abn | chem_azotemia,pli_abn,chem_azotemia,,0.1,0.6280151367712957,0.621918595159324,0.496422893481717,0.21527393477321943,included_binary_binary,6.0,"{""intercept"": 0.7876463936613107, ""pli_abn"": -0.012199903258566114, ""chem_azotemia"": -0.01647589139766037, ""interaction__pli_abn__x__chem_azotemia"": -0.09589692267686224}"
pli_abn | clinical signs_vomiting,pli_abn,clinical signs_vomiting,,0.1,0.6280208202117197,0.6204242246277623,0.5494833068362479,0.2146465716238431,included_binary_binary,6.0,"{""intercept"": 0.8694364515241776, ""pli_abn"": -0.021698153411722078, ""clinical signs_vomiting"": -0.14324015928652936, ""interaction__pli_abn__x__clinical signs_vomiting"": -0.0022405441354524007}"
AUS_ileum | chem_azotemia,AUS_ileum,chem_azotemia,,0.1,0.6280996929348793,0.6228136005588857,0.4956279809220986,0.21566904477822796,omitted_sparse_joint_cells,3.0,"{""intercept"": 0.7789089962392186, ""AUS_ileum"": 0.012655299737763172, ""chem_azotemia"": -0.02498847673626295}"
AUS_jejunum | AUS_ileum,AUS_jejunum,AUS_ileum,,0.1,0.6281860353430647,0.6228166591177347,0.5091414944356121,0.21567101299025018,omitted_sparse_joint_cells,4.0,"{""intercept"": 0.7894722102805908, ""AUS_jejunum"": -0.023004050789992684, ""AUS_ileum"": 0.0146800555094397}"
breed_group | AUS_colon,breed_group,AUS_colon,,0.1,0.6283491705486437,0.6172908755509718,0.5635930047694754,0.21321296102714302,omitted_non_binary_or_categorical_pair,,"{""intercept"": 0.6943063478051243, ""breed_group=DLH"": 0.026415364244092576, ""breed_group=DMH"": -0.16592243761147304, ""breed_group=DSH"": 0.14143509601891063, ""breed_group=other"": -0.001709091326360073, ""AUS_colon"": 0.03605274647498974}"
clinical signs_vomiting | AUS_ileum,clinical signs_vomiting,AUS_ileum,,0.1,0.6283507855057671,0.6195813673256237,0.5663751987281399,0.21428518802618637,included_binary_binary,8.0,"{""intercept"": 0.8683614652211352, ""clinical signs_vomiting"": -0.13545818218315542, ""AUS_ileum"": 0.03707580476407834, ""interaction__clinical signs_vomiting__x__AUS_ileum"": -0.09348714736095293}"
AUS_jejunum | chem_azotemia,AUS_jejunum,chem_azotemia,,0.1,0.6285747040817087,0.6227846319146711,0.5019872813990461,0.2156565450484173,omitted_sparse_joint_cells,2.0,"{""intercept"": 0.7954349930141955, ""AUS_jejunum"": -0.02064654862323262, ""chem_azotemia"": -0.023746880221272085}"
clinical signs_vomiting | AUS_jejunum,clinical signs_vomiting,AUS_jejunum,,0.1,0.6286692619765708,0.619404041165486,0.559220985691574,0.21420269279222326,included_binary_binary,14.0,"{""intercept"": 0.895664899178455, ""clinical signs_vomiting"": -0.11728851234711318, ""AUS_jejunum"": 0.0009990345787049843, ""interaction__clinical signs_vomiting__x__AUS_jejunum"": -0.11006113944893621}"
breed_group | chem_azotemia,breed_group,chem_azotemia,,0.1,0.6287906642932999,0.6173398192637938,0.5562400635930047,0.2132260288666561,omitted_non_binary_or_categorical_pair,,"{""intercept"": 0.7020897248876444, ""breed_group=DLH"": 0.026123532977702313, ""breed_group=DMH"": -0.16634569311840494, ""breed_group=DSH"": 0.14177918207780532, ""breed_group=other"": -0.0015235775258635946, ""chem_azotemia"": -0.026088098013836644}"
breed_group | AUS_ileum,breed_group,AUS_ileum,,0.1,0.6288831294921663,0.6173998549225745,0.5516693163751987,0.2132572855708464,omitted_non_binary_or_categorical_pair,,"{""intercept"": 0.6952387122602908, ""breed_group=DLH"": 0.026632173060971057, ""breed_group=DMH"": -0.16662519402533357, ""breed_group=DSH"": 0.14130520952885448, ""breed_group=other"": -0.0014371543794821123, ""AUS_ileum"": 0.0112977936798548}"
breed_group | AUS_jejunum,breed_group,AUS_jejunum,,0.1,0.6290637096677807,0.6173565196907291,0.5711446740858506,0.21324750444239945,omitted_non_binary_or_categorical_pair,,"{""intercept"": 0.7114151353412156, ""breed_group=DLH"": 0.025680801505800138, ""breed_group=DMH"": -0.16659961932892167, ""breed_group=DSH"": 0.14222922357826664, ""breed_group=other"": -0.001453708059252429, ""AUS_jejunum"": -0.020508514349090744}"
breed_group | clinical signs_vomiting,breed_group,clinical signs_vomiting,,0.1,0.6293280793478233,0.6152551803753346,0.6027424483306836,0.21239981798773774,omitted_non_binary_or_categorical_pair,,"{""intercept"": 0.7863239912587755, ""breed_group=DLH"": 0.03270371831589632, ""breed_group=DMH"": -0.1662148162004261, ""breed_group=DSH"": 0.13576989762875982, ""breed_group=other"": -0.0023386218730983067, ""clinical signs_vomiting"": -0.13753847272265687}"
