rank_by_association_statistic,candidate_id,combination_size,variables,display_variables,association_statistic,mutual_information_nats,degrees_of_freedom,usable_n,statistic_type,sparse_warnings,sources,contains_age,raw_empirical_p_value,search_adjusted_empirical_p_value,bh_fdr_q_value
22,3_00237,3,age|breed_group|clinical signs_hyporexia,age|breed_group|clinical_signs_hyporexia,20.153638543584492,,8,108,logistic_deviance_improvement_age_linear_additive_to_joint_state,joint_state_n_lt_3;joint_state_n_lt_5;apparent_extreme_fraction_in_tiny_joint_state;age_model_newton_not_fully_converged,demographic|demographic|clinical signs,True,0.017982017982017984,1.0,0.4405157732543995
35,3_00051,3,age|folate_high|breed_group,age|folate_high|breed_group,19.222601294124672,,8,90,logistic_deviance_improvement_age_linear_additive_to_joint_state,joint_state_n_lt_3;joint_state_n_lt_5;apparent_extreme_fraction_in_tiny_joint_state;age_model_newton_not_fully_converged,demographic|GI panel|demographic,True,0.027972027972027972,1.0,0.44206500066849197
45,3_00777,3,age|AUS_enlarged pancreas|CBC_neutrophilia,age|AUS_enlarged_pancreas|CBC_neutrophilia,18.73812253430367,,4,108,logistic_deviance_improvement_age_linear_additive_to_joint_state,joint_state_n_lt_3;joint_state_n_lt_5;apparent_extreme_fraction_in_tiny_joint_state;age_model_newton_not_fully_converged,demographic|AUS|CBC,True,0.000999000999000999,1.0,0.4405157732543995
67,3_00916,3,age|CBC_neutrophilia|chem_discordantly elevated bun,age|CBC_neutrophilia|chem_discordantly_elevated_BUN,18.15485310253287,,4,108,logistic_deviance_improvement_age_linear_additive_to_joint_state,empty_joint_state;joint_state_n_lt_3;joint_state_n_lt_5;apparent_extreme_fraction_in_tiny_joint_state;age_model_newton_not_fully_converged,demographic|CBC|chemistry,True,0.000999000999000999,1.0,0.4405157732543995
69,3_00909,3,age|CBC_neutrophilia|chem_hyperproteinemia,age|CBC_neutrophilia|chem_hyperproteinemia,18.128717740096064,,4,108,logistic_deviance_improvement_age_linear_additive_to_joint_state,empty_joint_state;joint_state_n_lt_3;joint_state_n_lt_5;apparent_extreme_fraction_in_tiny_joint_state;age_model_newton_not_fully_converged,demographic|CBC|chemistry,True,0.000999000999000999,1.0,0.4405157732543995
73,3_00242,3,age|breed_group|AUS_duodenum,age|breed_group|AUS_duodenal_thickening,17.951820401423475,,8,108,logistic_deviance_improvement_age_linear_additive_to_joint_state,joint_state_n_lt_3;joint_state_n_lt_5;apparent_extreme_fraction_in_tiny_joint_state;age_model_newton_not_fully_converged,demographic|demographic|AUS,True,0.03796203796203796,1.0,0.4605046047979224
85,3_00248,3,age|breed_group|AUS_enlarged pancreas,age|breed_group|AUS_enlarged_pancreas,17.689328880825983,,8,108,logistic_deviance_improvement_age_linear_additive_to_joint_state,joint_state_n_lt_3;joint_state_n_lt_5;apparent_extreme_fraction_in_tiny_joint_state;age_model_newton_not_fully_converged,demographic|demographic|AUS,True,0.03696303696303696,1.0,0.4605046047979224
95,3_00271,3,age|breed_group|chem_azotemia,age|breed_group|chem_azotemia,17.411626572140264,,8,108,logistic_deviance_improvement_age_linear_additive_to_joint_state,joint_state_n_lt_3;joint_state_n_lt_5;apparent_extreme_fraction_in_tiny_joint_state;age_model_newton_not_fully_converged,demographic|demographic|chemistry,True,0.03796203796203796,1.0,0.4605046047979224
109,3_00249,3,age|breed_group|AUS_splenomegaly,age|breed_group|AUS_splenomegaly,17.01053082463045,,7,108,logistic_deviance_improvement_age_linear_additive_to_joint_state,joint_state_n_lt_3;joint_state_n_lt_5;apparent_extreme_fraction_in_tiny_joint_state;age_model_newton_not_fully_converged,demographic|demographic|AUS,True,0.01898101898101898,1.0,0.4405157732543995
111,3_00244,3,age|breed_group|AUS_ileum,age|breed_group|AUS_ileal_thickening,16.96779878947602,,8,108,logistic_deviance_improvement_age_linear_additive_to_joint_state,joint_state_n_lt_3;joint_state_n_lt_5;apparent_extreme_fraction_in_tiny_joint_state;age_model_newton_not_fully_converged,demographic|demographic|AUS,True,0.04195804195804196,1.0,0.46297521399088437
119,3_00809,3,age|AUS_splenomegaly|CBC_basophilia,age|AUS_splenomegaly|CBC_basophilia,16.80947583730837,,4,108,logistic_deviance_improvement_age_linear_additive_to_joint_state,joint_state_n_lt_3;joint_state_n_lt_5;apparent_extreme_fraction_in_tiny_joint_state;age_model_newton_not_fully_converged,demographic|AUS|CBC,True,0.002997002997002997,1.0,0.4405157732543995
130,3_00865,3,age|AUS_gall bladder sludge|CBC_lymphopenia,age|AUS_gall_bladder_sludge|CBC_lymphopenia,16.432400355729428,,4,108,logistic_deviance_improvement_age_linear_additive_to_joint_state,joint_state_n_lt_3;joint_state_n_lt_5;apparent_extreme_fraction_in_tiny_joint_state;age_model_newton_not_fully_converged,demographic|AUS|CBC,True,0.004995004995004995,1.0,0.4405157732543995
131,3_00246,3,age|breed_group|AUS_mesenteric lymphadenopathy,age|breed_group|AUS_mesenteric_lymphadenopathy,16.418420394398566,,8,108,logistic_deviance_improvement_age_linear_additive_to_joint_state,joint_state_n_lt_5;apparent_extreme_fraction_in_tiny_joint_state;age_model_newton_not_fully_converged,demographic|demographic|AUS,True,0.07192807192807193,1.0,0.5096893415939261
135,3_00189,3,age|pli_abn|breed_group,age|pli_abn|breed_group,16.386579818546608,,7,86,logistic_deviance_improvement_age_linear_additive_to_joint_state,joint_state_n_lt_3;joint_state_n_lt_5;apparent_extreme_fraction_in_tiny_joint_state;age_model_newton_not_fully_converged,demographic|GI panel|demographic,True,0.03896103896103896,1.0,0.4605046047979224
139,3_00913,3,age|CBC_neutrophilia|chem_elevated alp,age|CBC_neutrophilia|chem_elevated_ALP,16.354487820297976,,4,108,logistic_deviance_improvement_age_linear_additive_to_joint_state,empty_joint_state;joint_state_n_lt_3;joint_state_n_lt_5;apparent_extreme_fraction_in_tiny_joint_state;age_model_newton_not_fully_converged,demographic|CBC|chemistry,True,0.001998001998001998,1.0,0.4405157732543995
141,3_00263,3,age|breed_group|chem_no abnormalities,age|breed_group|chem_no_abnormalities,16.327895139128586,,8,108,logistic_deviance_improvement_age_linear_additive_to_joint_state,joint_state_n_lt_5;apparent_extreme_fraction_in_tiny_joint_state,demographic|demographic|chemistry,True,0.06693306693306693,1.0,0.5017577604990192
145,3_00164,3,age|tli_high|CBC_neutrophilia,age|tli_high|CBC_neutrophilia,16.258150981153094,,4,87,logistic_deviance_improvement_age_linear_additive_to_joint_state,joint_state_n_lt_3;joint_state_n_lt_5;apparent_extreme_fraction_in_tiny_joint_state;age_model_newton_not_fully_converged,demographic|GI panel|CBC,True,0.002997002997002997,1.0,0.4405157732543995
146,3_00903,3,age|CBC_neutrophilia|CBC_lymphocytosis,age|CBC_neutrophilia|CBC_lymphocytosis,16.25621653594105,,4,108,logistic_deviance_improvement_age_linear_additive_to_joint_state,empty_joint_state;joint_state_n_lt_3;joint_state_n_lt_5;apparent_extreme_fraction_in_tiny_joint_state;age_model_newton_not_fully_converged,demographic|CBC|CBC,True,0.000999000999000999,1.0,0.4405157732543995
148,3_01112,3,age|chem_hyperproteinemia|chem_discordantly elevated bun,age|chem_hyperproteinemia|chem_discordantly_elevated_BUN,16.2227143470121,,4,108,logistic_deviance_improvement_age_linear_additive_to_joint_state,empty_joint_state;joint_state_n_lt_3;joint_state_n_lt_5;apparent_extreme_fraction_in_tiny_joint_state;age_model_newton_not_fully_converged,demographic|chemistry|chemistry,True,0.001998001998001998,1.0,0.4405157732543995
166,3_00272,3,age|breed_group|chem_discordantly elevated bun,age|breed_group|chem_discordantly_elevated_BUN,16.044409853081618,,5,108,logistic_deviance_improvement_age_linear_additive_to_joint_state,joint_state_n_lt_3;joint_state_n_lt_5;apparent_extreme_fraction_in_tiny_joint_state;age_model_newton_not_fully_converged,demographic|demographic|chemistry,True,0.013986013986013986,1.0,0.4405157732543995
169,3_00615,3,age|AUS_jejunum|AUS_mesenteric lymphadenopathy,age|AUS_jejunal_thickening|AUS_mesenteric_lymphadenopathy,16.00581840876177,,4,108,logistic_deviance_improvement_age_linear_additive_to_joint_state,,demographic|AUS|AUS,True,0.007992007992007992,1.0,0.4405157732543995
180,3_00413,3,age|clinical signs_hyporexia|CBC_neutrophilia,age|clinical_signs_hyporexia|CBC_neutrophilia,15.906841209547437,,4,108,logistic_deviance_improvement_age_linear_additive_to_joint_state,empty_joint_state;joint_state_n_lt_3;joint_state_n_lt_5;apparent_extreme_fraction_in_tiny_joint_state;age_model_newton_not_fully_converged,demographic|clinical signs|CBC,True,0.001998001998001998,1.0,0.4405157732543995
181,3_00917,3,age|CBC_neutrophilia|chem_hyperglycemia,age|CBC_neutrophilia|chem_hyperglycemia,15.875307278789137,,4,108,logistic_deviance_improvement_age_linear_additive_to_joint_state,empty_joint_state;joint_state_n_lt_3;joint_state_n_lt_5;apparent_extreme_fraction_in_tiny_joint_state;age_model_newton_not_fully_converged,demographic|CBC|chemistry,True,0.001998001998001998,1.0,0.4405157732543995
184,3_00789,3,age|AUS_enlarged pancreas|chem_hyperproteinemia,age|AUS_enlarged_pancreas|chem_hyperproteinemia,15.832633810356313,,4,108,logistic_deviance_improvement_age_linear_additive_to_joint_state,joint_state_n_lt_3;joint_state_n_lt_5;apparent_extreme_fraction_in_tiny_joint_state;age_model_newton_not_fully_converged,demographic|AUS|chemistry,True,0.003996003996003996,1.0,0.4405157732543995
185,3_00617,3,age|AUS_jejunum|AUS_enlarged pancreas,age|AUS_jejunal_thickening|AUS_enlarged_pancreas,15.805149611264355,,4,108,logistic_deviance_improvement_age_linear_additive_to_joint_state,age_model_newton_not_fully_converged,demographic|AUS|AUS,True,0.002997002997002997,1.0,0.4405157732543995
194,3_00253,3,age|breed_group|CBC_neutrophilia,age|breed_group|CBC_neutrophilia,15.75385145083419,,6,108,logistic_deviance_improvement_age_linear_additive_to_joint_state,joint_state_n_lt_3;joint_state_n_lt_5;apparent_extreme_fraction_in_tiny_joint_state;age_model_newton_not_fully_converged,demographic|demographic|CBC,True,0.014985014985014986,1.0,0.4405157732543995
206,3_00813,3,age|AUS_splenomegaly|CBC_monocytosis,age|AUS_splenomegaly|CBC_monocytosis,15.6430712459767,,4,108,logistic_deviance_improvement_age_linear_additive_to_joint_state,joint_state_n_lt_5;apparent_extreme_fraction_in_tiny_joint_state;age_model_newton_not_fully_converged,demographic|AUS|CBC,True,0.002997002997002997,1.0,0.4405157732543995
210,3_00265,3,age|breed_group|chem_hyperproteinemia,age|breed_group|chem_hyperproteinemia,15.587534423226927,,5,108,logistic_deviance_improvement_age_linear_additive_to_joint_state,age_model_newton_not_fully_converged,demographic|demographic|chemistry,True,0.013986013986013986,1.0,0.4405157732543995
213,3_00918,3,age|CBC_neutrophilia|chem_hypercholesterolemia,age|CBC_neutrophilia|chem_hypercholesterolemia,15.54801213396425,,4,108,logistic_deviance_improvement_age_linear_additive_to_joint_state,empty_joint_state;joint_state_n_lt_3;joint_state_n_lt_5;apparent_extreme_fraction_in_tiny_joint_state;age_model_newton_not_fully_converged,demographic|CBC|chemistry,True,0.000999000999000999,1.0,0.4405157732543995
217,3_00144,3,age|tli_high|breed_group,age|tli_high|breed_group,15.478718088176393,,8,87,logistic_deviance_improvement_age_linear_additive_to_joint_state,joint_state_n_lt_3;joint_state_n_lt_5;apparent_extreme_fraction_in_tiny_joint_state;age_model_newton_not_fully_converged,demographic|GI panel|demographic,True,0.0919080919080919,1.0,0.5419840705200506
222,3_00527,3,age|clinical signs_constipation|CBC_neutrophilia,age|clinical_signs_constipation|CBC_neutrophilia,15.43499103868389,,4,108,logistic_deviance_improvement_age_linear_additive_to_joint_state,empty_joint_state;joint_state_n_lt_3;joint_state_n_lt_5;apparent_extreme_fraction_in_tiny_joint_state;age_model_newton_not_fully_converged,demographic|clinical signs|CBC,True,0.000999000999000999,1.0,0.4405157732543995
223,3_00910,3,age|CBC_neutrophilia|chem_decreased alt,age|CBC_neutrophilia|chem_decreased_ALT,15.389298260301558,,4,108,logistic_deviance_improvement_age_linear_additive_to_joint_state,joint_state_n_lt_3;joint_state_n_lt_5;apparent_extreme_fraction_in_tiny_joint_state;age_model_newton_not_fully_converged,demographic|CBC|chemistry,True,0.001998001998001998,1.0,0.4405157732543995
231,3_00250,3,age|breed_group|AUS_ileus,age|breed_group|AUS_ileus,15.307131844198949,,7,108,logistic_deviance_improvement_age_linear_additive_to_joint_state,joint_state_n_lt_3;joint_state_n_lt_5;apparent_extreme_fraction_in_tiny_joint_state;age_model_newton_not_fully_converged,demographic|demographic|AUS,True,0.04395604395604396,1.0,0.46870011648474913
232,3_00779,3,age|AUS_enlarged pancreas|CBC_eosinophilia,age|AUS_enlarged_pancreas|CBC_eosinophilia,15.300630695147149,,4,108,logistic_deviance_improvement_age_linear_additive_to_joint_state,joint_state_n_lt_3;joint_state_n_lt_5;apparent_extreme_fraction_in_tiny_joint_state;age_model_newton_not_fully_converged,demographic|AUS|CBC,True,0.005994005994005994,1.0,0.4405157732543995
233,3_01080,3,age|CBC_anemia|chem_hyperproteinemia,age|CBC_anemia|chem_hyperproteinemia,15.274254532200402,,4,108,logistic_deviance_improvement_age_linear_additive_to_joint_state,joint_state_n_lt_3;joint_state_n_lt_5;apparent_extreme_fraction_in_tiny_joint_state;age_model_newton_not_fully_converged,demographic|CBC|chemistry,True,0.005994005994005994,1.0,0.4405157732543995
234,3_00832,3,age|AUS_ileus|CBC_neutrophilia,age|AUS_ileus|CBC_neutrophilia,15.272280552330713,,4,108,logistic_deviance_improvement_age_linear_additive_to_joint_state,empty_joint_state;joint_state_n_lt_3;joint_state_n_lt_5;apparent_extreme_fraction_in_tiny_joint_state;age_model_newton_not_fully_converged,demographic|AUS|CBC,True,0.000999000999000999,1.0,0.4405157732543995
248,3_01106,3,age|chem_hyperproteinemia|chem_decreased alt,age|chem_hyperproteinemia|chem_decreased_ALT,15.135392270554675,,4,108,logistic_deviance_improvement_age_linear_additive_to_joint_state,empty_joint_state;joint_state_n_lt_3;joint_state_n_lt_5;apparent_extreme_fraction_in_tiny_joint_state;age_model_newton_not_fully_converged,demographic|chemistry|chemistry,True,0.001998001998001998,1.0,0.4405157732543995
254,3_00907,3,age|CBC_neutrophilia|chem_no abnormalities,age|CBC_neutrophilia|chem_no_abnormalities,15.046478539134952,,4,108,logistic_deviance_improvement_age_linear_additive_to_joint_state,empty_joint_state;joint_state_n_lt_3;joint_state_n_lt_5;apparent_extreme_fraction_in_tiny_joint_state;age_model_newton_not_fully_converged,demographic|CBC|chemistry,True,0.002997002997002997,1.0,0.4405157732543995
255,3_01123,3,age|chem_decreased alt|chem_discordantly elevated bun,age|chem_decreased_ALT|chem_discordantly_elevated_BUN,15.03908004127858,,4,108,logistic_deviance_improvement_age_linear_additive_to_joint_state,empty_joint_state;joint_state_n_lt_3;joint_state_n_lt_5;apparent_extreme_fraction_in_tiny_joint_state;age_model_newton_not_fully_converged,demographic|chemistry|chemistry,True,0.002997002997002997,1.0,0.4405157732543995
256,3_00004,3,age|cobalamin_low|breed_group,age|cobalamin_low|breed_group,15.030445524342554,,8,90,logistic_deviance_improvement_age_linear_additive_to_joint_state,joint_state_n_lt_3;joint_state_n_lt_5;apparent_extreme_fraction_in_tiny_joint_state;age_model_newton_not_fully_converged,demographic|GI panel|demographic,True,0.0979020979020979,1.0,0.5490603791488747
268,3_00718,3,age|AUS_mesenteric lymphadenopathy|CBC_neutrophilia,age|AUS_mesenteric_lymphadenopathy|CBC_neutrophilia,14.972387382950174,,4,108,logistic_deviance_improvement_age_linear_additive_to_joint_state,empty_joint_state;joint_state_n_lt_3;joint_state_n_lt_5;apparent_extreme_fraction_in_tiny_joint_state;age_model_newton_not_fully_converged,demographic|AUS|CBC,True,0.002997002997002997,1.0,0.4405157732543995
273,3_00182,3,age|tli_high|chem_azotemia,age|tli_high|chem_azotemia,14.937179958345737,,4,87,logistic_deviance_improvement_age_linear_additive_to_joint_state,,demographic|GI panel|chemistry,True,0.008991008991008992,1.0,0.4405157732543995
284,3_00655,3,age|AUS_ileum|CBC_neutrophilia,age|AUS_ileal_thickening|CBC_neutrophilia,14.887066209212051,,4,108,logistic_deviance_improvement_age_linear_additive_to_joint_state,joint_state_n_lt_3;joint_state_n_lt_5;apparent_extreme_fraction_in_tiny_joint_state;age_model_newton_not_fully_converged,demographic|AUS|CBC,True,0.002997002997002997,1.0,0.4405157732543995
285,3_00815,3,age|AUS_splenomegaly|chem_no abnormalities,age|AUS_splenomegaly|chem_no_abnormalities,14.853553669584642,,4,108,logistic_deviance_improvement_age_linear_additive_to_joint_state,,demographic|AUS|chemistry,True,0.005994005994005994,1.0,0.4405157732543995
286,3_00796,3,age|AUS_enlarged pancreas|chem_discordantly elevated bun,age|AUS_enlarged_pancreas|chem_discordantly_elevated_BUN,14.845303583873104,,4,108,logistic_deviance_improvement_age_linear_additive_to_joint_state,empty_joint_state;joint_state_n_lt_3;joint_state_n_lt_5;apparent_extreme_fraction_in_tiny_joint_state;age_model_newton_not_fully_converged,demographic|AUS|chemistry,True,0.001998001998001998,1.0,0.4405157732543995
287,3_00900,3,age|CBC_neutrophilia|CBC_eosinopenia,age|CBC_neutrophilia|CBC_eosinopenia,14.8365858306978,,4,108,logistic_deviance_improvement_age_linear_additive_to_joint_state,empty_joint_state;joint_state_n_lt_3;joint_state_n_lt_5;apparent_extreme_fraction_in_tiny_joint_state;age_model_newton_not_fully_converged,demographic|CBC|CBC,True,0.000999000999000999,1.0,0.4405157732543995
291,3_00454,3,age|clinical signs_weight loss|CBC_eosinophilia,age|clinical_signs_weight_loss|CBC_eosinophilia,14.79569039470097,,4,108,logistic_deviance_improvement_age_linear_additive_to_joint_state,joint_state_n_lt_3;joint_state_n_lt_5;apparent_extreme_fraction_in_tiny_joint_state;age_model_newton_not_fully_converged,demographic|clinical signs|CBC,True,0.00999000999000999,1.0,0.4405157732543995
292,3_00921,3,age|CBC_neutrophilia|chem_hypophosphatemia,age|CBC_neutrophilia|chem_hypophosphatemia,14.795443761192033,,4,108,logistic_deviance_improvement_age_linear_additive_to_joint_state,empty_joint_state;joint_state_n_lt_3;joint_state_n_lt_5;apparent_extreme_fraction_in_tiny_joint_state;age_model_newton_not_fully_converged,demographic|CBC|chemistry,True,0.001998001998001998,1.0,0.4405157732543995
293,3_01032,3,age|CBC_lymphocytosis|chem_hyperproteinemia,age|CBC_lymphocytosis|chem_hyperproteinemia,14.785896607254344,,4,108,logistic_deviance_improvement_age_linear_additive_to_joint_state,empty_joint_state;joint_state_n_lt_3;joint_state_n_lt_5;apparent_extreme_fraction_in_tiny_joint_state;age_model_newton_not_fully_converged,demographic|CBC|chemistry,True,0.003996003996003996,1.0,0.4405157732543995
294,3_00914,3,age|CBC_neutrophilia|chem_elevated total bilirubin,age|CBC_neutrophilia|chem_elevated_total_bilirubin,14.784075523106068,,4,108,logistic_deviance_improvement_age_linear_additive_to_joint_state,empty_joint_state;joint_state_n_lt_3;joint_state_n_lt_5;apparent_extreme_fraction_in_tiny_joint_state;age_model_newton_not_fully_converged,demographic|CBC|chemistry,True,0.000999000999000999,1.0,0.4405157732543995
303,3_00915,3,age|CBC_neutrophilia|chem_azotemia,age|CBC_neutrophilia|chem_azotemia,14.710784742675557,,4,108,logistic_deviance_improvement_age_linear_additive_to_joint_state,joint_state_n_lt_3;joint_state_n_lt_5;apparent_extreme_fraction_in_tiny_joint_state;age_model_newton_not_fully_converged,demographic|CBC|chemistry,True,0.003996003996003996,1.0,0.4405157732543995
304,3_00273,3,age|breed_group|chem_hyperglycemia,age|breed_group|chem_hyperglycemia,14.710779078610003,,5,108,logistic_deviance_improvement_age_linear_additive_to_joint_state,joint_state_n_lt_3;joint_state_n_lt_5;apparent_extreme_fraction_in_tiny_joint_state;age_model_newton_not_fully_converged,demographic|demographic|chemistry,True,0.016983016983016984,1.0,0.4405157732543995
306,3_00899,3,age|CBC_neutrophilia|CBC_eosinophilia,age|CBC_neutrophilia|CBC_eosinophilia,14.663896365653798,,4,108,logistic_deviance_improvement_age_linear_additive_to_joint_state,joint_state_n_lt_3;joint_state_n_lt_5;apparent_extreme_fraction_in_tiny_joint_state;age_model_newton_not_fully_converged,demographic|CBC|CBC,True,0.005994005994005994,1.0,0.4405157732543995
311,3_00276,3,age|breed_group|chem_hypokalemia,age|breed_group|chem_hypokalemia,14.650554566881553,,7,108,logistic_deviance_improvement_age_linear_additive_to_joint_state,joint_state_n_lt_3;joint_state_n_lt_5;apparent_extreme_fraction_in_tiny_joint_state;age_model_newton_not_fully_converged,demographic|demographic|chemistry,True,0.057942057942057944,1.0,0.4885119315274526
316,3_00243,3,age|breed_group|AUS_jejunum,age|breed_group|AUS_jejunal_thickening,14.59422906147151,,8,108,logistic_deviance_improvement_age_linear_additive_to_joint_state,joint_state_n_lt_3;joint_state_n_lt_5;apparent_extreme_fraction_in_tiny_joint_state;age_model_newton_not_fully_converged,demographic|demographic|AUS,True,0.12087912087912088,1.0,0.5816638436228414
318,3_00687,3,age|AUS_colon|CBC_neutrophilia,age|AUS_colonic_thickening|CBC_neutrophilia,14.582018808618741,,4,108,logistic_deviance_improvement_age_linear_additive_to_joint_state,empty_joint_state;joint_state_n_lt_3;joint_state_n_lt_5;apparent_extreme_fraction_in_tiny_joint_state;age_model_newton_not_fully_converged,demographic|AUS|CBC,True,0.001998001998001998,1.0,0.4405157732543995
319,3_00266,3,age|breed_group|chem_decreased alt,age|breed_group|chem_decreased_ALT,14.579594367620402,,6,108,logistic_deviance_improvement_age_linear_additive_to_joint_state,joint_state_n_lt_3;joint_state_n_lt_5;apparent_extreme_fraction_in_tiny_joint_state;age_model_newton_not_fully_converged,demographic|demographic|chemistry,True,0.025974025974025976,1.0,0.4405157732543995
327,3_00252,3,age|breed_group|CBC_no abnormalities,age|breed_group|CBC_no_abnormalities,14.546847364079838,,8,108,logistic_deviance_improvement_age_linear_additive_to_joint_state,joint_state_n_lt_3;joint_state_n_lt_5;apparent_extreme_fraction_in_tiny_joint_state;age_model_newton_not_fully_converged,demographic|demographic|CBC,True,0.11188811188811189,1.0,0.5658996496985325
330,3_01109,3,age|chem_hyperproteinemia|chem_elevated alp,age|chem_hyperproteinemia|chem_elevated_ALP,14.532979516946043,,4,108,logistic_deviance_improvement_age_linear_additive_to_joint_state,empty_joint_state;joint_state_n_lt_3;joint_state_n_lt_5;apparent_extreme_fraction_in_tiny_joint_state;age_model_newton_not_fully_converged,demographic|chemistry|chemistry,True,0.002997002997002997,1.0,0.4405157732543995
331,3_00905,3,age|CBC_neutrophilia|CBC_monocytosis,age|CBC_neutrophilia|CBC_monocytosis,14.532196841903044,,4,108,logistic_deviance_improvement_age_linear_additive_to_joint_state,joint_state_n_lt_3;joint_state_n_lt_5;apparent_extreme_fraction_in_tiny_joint_state;age_model_newton_not_fully_converged,demographic|CBC|CBC,True,0.003996003996003996,1.0,0.4405157732543995
334,3_00902,3,age|CBC_neutrophilia|CBC_basocytosis,age|CBC_neutrophilia|CBC_basocytosis,14.507223202575105,,4,108,logistic_deviance_improvement_age_linear_additive_to_joint_state,empty_joint_state;joint_state_n_lt_3;joint_state_n_lt_5;apparent_extreme_fraction_in_tiny_joint_state;age_model_newton_not_fully_converged,demographic|CBC|CBC,True,0.001998001998001998,1.0,0.4405157732543995
337,3_00391,3,age|clinical signs_diarrhea|chem_azotemia,age|clinical_signs_diarrhea|chem_azotemia,14.44257285562233,,4,108,logistic_deviance_improvement_age_linear_additive_to_joint_state,joint_state_n_lt_5;apparent_extreme_fraction_in_tiny_joint_state;age_model_newton_not_fully_converged,demographic|clinical signs|chemistry,True,0.007992007992007992,1.0,0.4405157732543995
338,3_00410,3,age|clinical signs_hyporexia|AUS_ileus,age|clinical_signs_hyporexia|AUS_ileus,14.440908987907164,,4,108,logistic_deviance_improvement_age_linear_additive_to_joint_state,joint_state_n_lt_3;joint_state_n_lt_5;apparent_extreme_fraction_in_tiny_joint_state;age_model_newton_not_fully_converged,demographic|clinical signs|AUS,True,0.006993006993006993,1.0,0.4405157732543995
350,3_01113,3,age|chem_hyperproteinemia|chem_hyperglycemia,age|chem_hyperproteinemia|chem_hyperglycemia,14.37380721272531,,4,108,logistic_deviance_improvement_age_linear_additive_to_joint_state,empty_joint_state;joint_state_n_lt_3;joint_state_n_lt_5;apparent_extreme_fraction_in_tiny_joint_state;age_model_newton_not_fully_converged,demographic|chemistry|chemistry,True,0.002997002997002997,1.0,0.4405157732543995
352,3_00247,3,age|breed_group|AUS_chronic degenerative renal changes,age|breed_group|AUS_chronic_degenerative_renal_changes,14.361294513321525,,8,108,logistic_deviance_improvement_age_linear_additive_to_joint_state,joint_state_n_lt_3;joint_state_n_lt_5;apparent_extreme_fraction_in_tiny_joint_state;age_model_newton_not_fully_converged,demographic|demographic|AUS,True,0.1028971028971029,1.0,0.5545010545010545
353,3_01150,3,age|chem_elevated alp|chem_discordantly elevated bun,age|chem_elevated_ALP|chem_discordantly_elevated_BUN,14.338376546266332,,4,108,logistic_deviance_improvement_age_linear_additive_to_joint_state,empty_joint_state;joint_state_n_lt_3;joint_state_n_lt_5;apparent_extreme_fraction_in_tiny_joint_state;age_model_newton_not_fully_converged,demographic|chemistry|chemistry,True,0.001998001998001998,1.0,0.4405157732543995
354,3_00251,3,age|breed_group|AUS_gall bladder sludge,age|breed_group|AUS_gall_bladder_sludge,14.323536935816122,,7,108,logistic_deviance_improvement_age_linear_additive_to_joint_state,joint_state_n_lt_3;joint_state_n_lt_5;apparent_extreme_fraction_in_tiny_joint_state;age_model_newton_not_fully_converged,demographic|demographic|AUS,True,0.06393606393606394,1.0,0.49920018379977316
356,3_00407,3,age|clinical signs_hyporexia|AUS_chronic degenerative renal changes,age|clinical_signs_hyporexia|AUS_chronic_degenerative_renal_changes,14.311612810394934,,4,108,logistic_deviance_improvement_age_linear_additive_to_joint_state,joint_state_n_lt_3;joint_state_n_lt_5;apparent_extreme_fraction_in_tiny_joint_state;age_model_newton_not_fully_converged,demographic|clinical signs|AUS,True,0.007992007992007992,1.0,0.4405157732543995
360,3_00748,3,age|AUS_chronic degenerative renal changes|CBC_neutrophilia,age|AUS_chronic_degenerative_renal_changes|CBC_neutrophilia,14.303145511321432,,4,108,logistic_deviance_improvement_age_linear_additive_to_joint_state,empty_joint_state;joint_state_n_lt_3;joint_state_n_lt_5;apparent_extreme_fraction_in_tiny_joint_state;age_model_newton_not_fully_converged,demographic|AUS|CBC,True,0.003996003996003996,1.0,0.4405157732543995
362,3_00805,3,age|AUS_splenomegaly|CBC_neutrophilia,age|AUS_splenomegaly|CBC_neutrophilia,14.29144075862456,,4,108,logistic_deviance_improvement_age_linear_additive_to_joint_state,joint_state_n_lt_3;joint_state_n_lt_5;apparent_extreme_fraction_in_tiny_joint_state;age_model_newton_not_fully_converged,demographic|AUS|CBC,True,0.005994005994005994,1.0,0.4405157732543995
367,3_00689,3,age|AUS_colon|CBC_eosinophilia,age|AUS_colonic_thickening|CBC_eosinophilia,14.255723015802786,,4,108,logistic_deviance_improvement_age_linear_additive_to_joint_state,joint_state_n_lt_3;joint_state_n_lt_5;apparent_extreme_fraction_in_tiny_joint_state;age_model_newton_not_fully_converged,demographic|AUS|CBC,True,0.01098901098901099,1.0,0.4405157732543995
373,3_01169,3,age|chem_discordantly elevated bun|chem_hyperglycemia,age|chem_discordantly_elevated_BUN|chem_hyperglycemia,14.215155774847318,,4,108,logistic_deviance_improvement_age_linear_additive_to_joint_state,empty_joint_state;joint_state_n_lt_3;joint_state_n_lt_5;apparent_extreme_fraction_in_tiny_joint_state;age_model_newton_not_fully_converged,demographic|chemistry|chemistry,True,0.001998001998001998,1.0,0.4405157732543995
374,3_00807,3,age|AUS_splenomegaly|CBC_eosinophilia,age|AUS_splenomegaly|CBC_eosinophilia,14.208706372766045,,4,108,logistic_deviance_improvement_age_linear_additive_to_joint_state,joint_state_n_lt_3;joint_state_n_lt_5;apparent_extreme_fraction_in_tiny_joint_state;age_model_newton_not_fully_converged,demographic|AUS|CBC,True,0.00999000999000999,1.0,0.4405157732543995
375,3_00906,3,age|CBC_neutrophilia|CBC_anemia,age|CBC_neutrophilia|CBC_anemia,14.199964968091777,,4,108,logistic_deviance_improvement_age_linear_additive_to_joint_state,empty_joint_state;joint_state_n_lt_3;joint_state_n_lt_5;apparent_extreme_fraction_in_tiny_joint_state;age_model_newton_not_fully_converged,demographic|CBC|CBC,True,0.001998001998001998,1.0,0.4405157732543995
381,3_00773,3,age|AUS_enlarged pancreas|AUS_splenomegaly,age|AUS_enlarged_pancreas|AUS_splenomegaly,14.167999658199292,,4,108,logistic_deviance_improvement_age_linear_additive_to_joint_state,,demographic|AUS|AUS,True,0.004995004995004995,1.0,0.4405157732543995
382,3_00919,3,age|CBC_neutrophilia|chem_hypercalcemia,age|CBC_neutrophilia|chem_hypercalcemia,14.167935292222495,,4,108,logistic_deviance_improvement_age_linear_additive_to_joint_state,empty_joint_state;joint_state_n_lt_3;joint_state_n_lt_5;apparent_extreme_fraction_in_tiny_joint_state;age_model_newton_not_fully_converged,demographic|CBC|chemistry,True,0.002997002997002997,1.0,0.4405157732543995
383,3_00408,3,age|clinical signs_hyporexia|AUS_enlarged pancreas,age|clinical_signs_hyporexia|AUS_enlarged_pancreas,14.163761508324285,,4,108,logistic_deviance_improvement_age_linear_additive_to_joint_state,joint_state_n_lt_5;apparent_extreme_fraction_in_tiny_joint_state;age_model_newton_not_fully_converged,demographic|clinical signs|AUS,True,0.007992007992007992,1.0,0.4405157732543995
389,3_01039,3,age|CBC_lymphocytosis|chem_discordantly elevated bun,age|CBC_lymphocytosis|chem_discordantly_elevated_BUN,14.11181641328136,,4,108,logistic_deviance_improvement_age_linear_additive_to_joint_state,empty_joint_state;joint_state_n_lt_3;joint_state_n_lt_5;apparent_extreme_fraction_in_tiny_joint_state;age_model_newton_not_fully_converged,demographic|CBC|chemistry,True,0.003996003996003996,1.0,0.4405157732543995
392,3_00269,3,age|breed_group|chem_elevated alp,age|breed_group|chem_elevated_ALP,14.104764021689874,,5,108,logistic_deviance_improvement_age_linear_additive_to_joint_state,joint_state_n_lt_3;joint_state_n_lt_5;apparent_extreme_fraction_in_tiny_joint_state;age_model_newton_not_fully_converged,demographic|demographic|chemistry,True,0.016983016983016984,1.0,0.4405157732543995
393,3_00490,3,age|clinical signs_hairball obstruction|CBC_neutrophilia,age|clinical_signs_hairball_obstruction|CBC_neutrophilia,14.104080293071618,,4,108,logistic_deviance_improvement_age_linear_additive_to_joint_state,empty_joint_state;joint_state_n_lt_3;joint_state_n_lt_5;apparent_extreme_fraction_in_tiny_joint_state;age_model_newton_not_fully_converged,demographic|clinical signs|CBC,True,0.002997002997002997,1.0,0.4405157732543995
402,3_00553,3,age|AUS_no abnormalities|CBC_neutrophilia,age|AUS_no_abnormalities|CBC_neutrophilia,14.049329716985895,,4,108,logistic_deviance_improvement_age_linear_additive_to_joint_state,empty_joint_state;joint_state_n_lt_3;joint_state_n_lt_5;apparent_extreme_fraction_in_tiny_joint_state;age_model_newton_not_fully_converged,demographic|AUS|CBC,True,0.002997002997002997,1.0,0.4405157732543995
403,3_00588,3,age|AUS_duodenum|CBC_neutrophilia,age|AUS_duodenal_thickening|CBC_neutrophilia,14.04912724275917,,4,108,logistic_deviance_improvement_age_linear_additive_to_joint_state,empty_joint_state;joint_state_n_lt_3;joint_state_n_lt_5;apparent_extreme_fraction_in_tiny_joint_state;age_model_newton_not_fully_converged,demographic|AUS|CBC,True,0.003996003996003996,1.0,0.4405157732543995
406,3_00432,3,age|clinical signs_hyporexia|chem_discordantly elevated bun,age|clinical_signs_hyporexia|chem_discordantly_elevated_BUN,14.005516041241165,,4,108,logistic_deviance_improvement_age_linear_additive_to_joint_state,empty_joint_state;joint_state_n_lt_3;joint_state_n_lt_5;apparent_extreme_fraction_in_tiny_joint_state;age_model_newton_not_fully_converged,demographic|clinical signs|chemistry,True,0.006993006993006993,1.0,0.4405157732543995
407,3_00858,3,age|AUS_gall bladder sludge|CBC_neutrophilia,age|AUS_gall_bladder_sludge|CBC_neutrophilia,13.982918241149903,,4,108,logistic_deviance_improvement_age_linear_additive_to_joint_state,empty_joint_state;joint_state_n_lt_3;joint_state_n_lt_5;apparent_extreme_fraction_in_tiny_joint_state;age_model_newton_not_fully_converged,demographic|AUS|CBC,True,0.004995004995004995,1.0,0.4405157732543995
410,3_00332,3,age|clinical signs_vomiting|CBC_neutrophilia,age|clinical_signs_vomiting|CBC_neutrophilia,13.9749275990509,,4,108,logistic_deviance_improvement_age_linear_additive_to_joint_state,joint_state_n_lt_3;joint_state_n_lt_5;apparent_extreme_fraction_in_tiny_joint_state;age_model_newton_not_fully_converged,demographic|clinical signs|CBC,True,0.005994005994005994,1.0,0.4405157732543995
412,3_00908,3,age|CBC_neutrophilia|chem_hypoproteinemia,age|CBC_neutrophilia|chem_hypoproteinemia,13.940394470057726,,4,108,logistic_deviance_improvement_age_linear_additive_to_joint_state,empty_joint_state;joint_state_n_lt_3;joint_state_n_lt_5;apparent_extreme_fraction_in_tiny_joint_state;age_model_newton_not_fully_converged,demographic|CBC|chemistry,True,0.001998001998001998,1.0,0.4405157732543995
415,3_00730,3,age|AUS_mesenteric lymphadenopathy|chem_hyperproteinemia,age|AUS_mesenteric_lymphadenopathy|chem_hyperproteinemia,13.934229601933964,,4,108,logistic_deviance_improvement_age_linear_additive_to_joint_state,joint_state_n_lt_5;apparent_extreme_fraction_in_tiny_joint_state;age_model_newton_not_fully_converged,demographic|AUS|chemistry,True,0.008991008991008992,1.0,0.4405157732543995
416,3_00255,3,age|breed_group|CBC_eosinophilia,age|breed_group|CBC_eosinophilia,13.922652761561977,,7,108,logistic_deviance_improvement_age_linear_additive_to_joint_state,joint_state_n_lt_3;joint_state_n_lt_5;apparent_extreme_fraction_in_tiny_joint_state;age_model_newton_not_fully_converged,demographic|demographic|CBC,True,0.07392607392607392,1.0,0.5133245133245133
422,3_00912,3,age|CBC_neutrophilia|chem_elevated ast,age|CBC_neutrophilia|chem_elevated_AST,13.889714245167127,,4,108,logistic_deviance_improvement_age_linear_additive_to_joint_state,empty_joint_state;joint_state_n_lt_3;joint_state_n_lt_5;apparent_extreme_fraction_in_tiny_joint_state;age_model_newton_not_fully_converged,demographic|CBC|chemistry,True,0.002997002997002997,1.0,0.4405157732543995
424,3_00539,3,age|clinical signs_constipation|chem_hyperproteinemia,age|clinical_signs_constipation|chem_hyperproteinemia,13.879694360407385,,4,108,logistic_deviance_improvement_age_linear_additive_to_joint_state,empty_joint_state;joint_state_n_lt_3;joint_state_n_lt_5;apparent_extreme_fraction_in_tiny_joint_state;age_model_newton_not_fully_converged,demographic|clinical signs|chemistry,True,0.003996003996003996,1.0,0.4405157732543995
426,3_00790,3,age|AUS_enlarged pancreas|chem_decreased alt,age|AUS_enlarged_pancreas|chem_decreased_ALT,13.871726066470387,,4,108,logistic_deviance_improvement_age_linear_additive_to_joint_state,empty_joint_state;joint_state_n_lt_3;joint_state_n_lt_5;apparent_extreme_fraction_in_tiny_joint_state;age_model_newton_not_fully_converged,demographic|AUS|chemistry,True,0.002997002997002997,1.0,0.4405157732543995
428,3_00234,3,age|breed_group|clinical signs_none,age|breed_group|clinical_signs_none_reported,13.862842371500292,,7,108,logistic_deviance_improvement_age_linear_additive_to_joint_state,joint_state_n_lt_3;joint_state_n_lt_5;apparent_extreme_fraction_in_tiny_joint_state;age_model_newton_not_fully_converged,demographic|demographic|clinical signs,True,0.08091908091908091,1.0,0.5197410697410697
431,3_00290,3,age|clinical signs_none|CBC_neutrophilia,age|clinical_signs_none_reported|CBC_neutrophilia,13.849154405629221,,4,108,logistic_deviance_improvement_age_linear_additive_to_joint_state,empty_joint_state;joint_state_n_lt_3;joint_state_n_lt_5;apparent_extreme_fraction_in_tiny_joint_state;age_model_newton_not_fully_converged,demographic|clinical signs|CBC,True,0.001998001998001998,1.0,0.4405157732543995
432,3_00911,3,age|CBC_neutrophilia|chem_elevated alt,age|CBC_neutrophilia|chem_elevated_ALT,13.843845898858547,,4,108,logistic_deviance_improvement_age_linear_additive_to_joint_state,empty_joint_state;joint_state_n_lt_3;joint_state_n_lt_5;apparent_extreme_fraction_in_tiny_joint_state;age_model_newton_not_fully_converged,demographic|CBC|chemistry,True,0.004995004995004995,1.0,0.4405157732543995
437,3_00714,3,age|AUS_mesenteric lymphadenopathy|AUS_splenomegaly,age|AUS_mesenteric_lymphadenopathy|AUS_splenomegaly,13.82566977450692,,4,108,logistic_deviance_improvement_age_linear_additive_to_joint_state,,demographic|AUS|AUS,True,0.007992007992007992,1.0,0.4405157732543995
438,3_00904,3,age|CBC_neutrophilia|CBC_lymphopenia,age|CBC_neutrophilia|CBC_lymphopenia,13.825415474040597,,4,108,logistic_deviance_improvement_age_linear_additive_to_joint_state,empty_joint_state;joint_state_n_lt_3;joint_state_n_lt_5;apparent_extreme_fraction_in_tiny_joint_state;age_model_newton_not_fully_converged,demographic|CBC|CBC,True,0.002997002997002997,1.0,0.4405157732543995
444,3_01163,3,age|chem_azotemia|chem_discordantly elevated bun,age|chem_azotemia|chem_discordantly_elevated_BUN,13.790094342605713,,4,108,logistic_deviance_improvement_age_linear_additive_to_joint_state,empty_joint_state;joint_state_n_lt_3;joint_state_n_lt_5;apparent_extreme_fraction_in_tiny_joint_state;age_model_newton_not_fully_converged,demographic|chemistry|chemistry,True,0.002997002997002997,1.0,0.4405157732543995
445,3_00844,3,age|AUS_ileus|chem_hyperproteinemia,age|AUS_ileus|chem_hyperproteinemia,13.787412162040084,,4,108,logistic_deviance_improvement_age_linear_additive_to_joint_state,joint_state_n_lt_3;joint_state_n_lt_5;apparent_extreme_fraction_in_tiny_joint_state;age_model_newton_not_fully_converged,demographic|AUS|chemistry,True,0.002997002997002997,1.0,0.4405157732543995
446,3_00406,3,age|clinical signs_hyporexia|AUS_mesenteric lymphadenopathy,age|clinical_signs_hyporexia|AUS_mesenteric_lymphadenopathy,13.785062929116265,,4,108,logistic_deviance_improvement_age_linear_additive_to_joint_state,joint_state_n_lt_5;apparent_extreme_fraction_in_tiny_joint_state;age_model_newton_not_fully_converged,demographic|clinical signs|AUS,True,0.012987012987012988,1.0,0.4405157732543995
449,3_00425,3,age|clinical signs_hyporexia|chem_hyperproteinemia,age|clinical_signs_hyporexia|chem_hyperproteinemia,13.768678558500227,,4,108,logistic_deviance_improvement_age_linear_additive_to_joint_state,joint_state_n_lt_3;joint_state_n_lt_5;apparent_extreme_fraction_in_tiny_joint_state;age_model_newton_not_fully_converged,demographic|clinical signs|chemistry,True,0.011988011988011988,1.0,0.4405157732543995
450,3_00901,3,age|CBC_neutrophilia|CBC_basophilia,age|CBC_neutrophilia|CBC_basophilia,13.768070697521054,,4,108,logistic_deviance_improvement_age_linear_additive_to_joint_state,joint_state_n_lt_3;joint_state_n_lt_5;apparent_extreme_fraction_in_tiny_joint_state;age_model_newton_not_fully_converged,demographic|CBC|CBC,True,0.004995004995004995,1.0,0.4405157732543995
452,3_00920,3,age|CBC_neutrophilia|chem_hypokalemia,age|CBC_neutrophilia|chem_hypokalemia,13.767201362636456,,4,108,logistic_deviance_improvement_age_linear_additive_to_joint_state,empty_joint_state;joint_state_n_lt_3;joint_state_n_lt_5;apparent_extreme_fraction_in_tiny_joint_state;age_model_newton_not_fully_converged,demographic|CBC|chemistry,True,0.004995004995004995,1.0,0.4405157732543995
454,3_00071,3,age|folate_high|CBC_neutrophilia,age|folate_high|CBC_neutrophilia,13.762033258134153,,4,90,logistic_deviance_improvement_age_linear_additive_to_joint_state,joint_state_n_lt_3;joint_state_n_lt_5;apparent_extreme_fraction_in_tiny_joint_state;age_model_newton_not_fully_converged,demographic|GI panel|CBC,True,0.004995004995004995,1.0,0.4405157732543995
455,3_00268,3,age|breed_group|chem_elevated ast,age|breed_group|chem_elevated_AST,13.760862067104867,,6,108,logistic_deviance_improvement_age_linear_additive_to_joint_state,joint_state_n_lt_3;joint_state_n_lt_5;apparent_extreme_fraction_in_tiny_joint_state;age_model_newton_not_fully_converged,demographic|demographic|chemistry,True,0.04895104895104895,1.0,0.4793792779658504
456,3_00452,3,age|clinical signs_weight loss|CBC_neutrophilia,age|clinical_signs_weight_loss|CBC_neutrophilia,13.760539842917936,,4,108,logistic_deviance_improvement_age_linear_additive_to_joint_state,empty_joint_state;joint_state_n_lt_3;joint_state_n_lt_5;apparent_extreme_fraction_in_tiny_joint_state;age_model_newton_not_fully_converged,demographic|clinical signs|CBC,True,0.005994005994005994,1.0,0.4405157732543995
457,3_00024,3,age|cobalamin_low|CBC_neutrophilia,age|cobalamin_low|CBC_neutrophilia,13.749901497210857,,4,90,logistic_deviance_improvement_age_linear_additive_to_joint_state,empty_joint_state;joint_state_n_lt_3;joint_state_n_lt_5;apparent_extreme_fraction_in_tiny_joint_state;age_model_newton_not_fully_converged,demographic|GI panel|CBC,True,0.005994005994005994,1.0,0.4405157732543995
460,3_00203,3,age|pli_abn|AUS_chronic degenerative renal changes,age|pli_abn|AUS_chronic_degenerative_renal_changes,13.737972392131198,,4,86,logistic_deviance_improvement_age_linear_additive_to_joint_state,joint_state_n_lt_3;joint_state_n_lt_5;apparent_extreme_fraction_in_tiny_joint_state;age_model_newton_not_fully_converged,demographic|GI panel|AUS,True,0.015984015984015984,1.0,0.4405157732543995
463,3_00622,3,age|AUS_jejunum|CBC_neutrophilia,age|AUS_jejunal_thickening|CBC_neutrophilia,13.72772186730954,,4,108,logistic_deviance_improvement_age_linear_additive_to_joint_state,empty_joint_state;joint_state_n_lt_3;joint_state_n_lt_5;apparent_extreme_fraction_in_tiny_joint_state;age_model_newton_not_fully_converged,demographic|AUS|CBC,True,0.004995004995004995,1.0,0.4405157732543995
465,3_00277,3,age|breed_group|chem_hypophosphatemia,age|breed_group|chem_hypophosphatemia,13.725529902662359,,6,108,logistic_deviance_improvement_age_linear_additive_to_joint_state,joint_state_n_lt_3;joint_state_n_lt_5;apparent_extreme_fraction_in_tiny_joint_state;age_model_newton_not_fully_converged,demographic|demographic|chemistry,True,0.03996003996003996,1.0,0.4605046047979224
466,3_01111,3,age|chem_hyperproteinemia|chem_azotemia,age|chem_hyperproteinemia|chem_azotemia,13.72532035421392,,4,108,logistic_deviance_improvement_age_linear_additive_to_joint_state,joint_state_n_lt_3;joint_state_n_lt_5;apparent_extreme_fraction_in_tiny_joint_state;age_model_newton_not_fully_converged,demographic|chemistry|chemistry,True,0.008991008991008992,1.0,0.4405157732543995
467,3_00898,3,age|CBC_neutrophilia|CBC_neutropenia,age|CBC_neutrophilia|CBC_neutropenia,13.706063763592368,,4,108,logistic_deviance_improvement_age_linear_additive_to_joint_state,empty_joint_state;joint_state_n_lt_3;joint_state_n_lt_5;apparent_extreme_fraction_in_tiny_joint_state;age_model_newton_not_fully_converged,demographic|CBC|CBC,True,0.002997002997002997,1.0,0.4405157732543995
470,3_00373,3,age|clinical signs_diarrhea|CBC_neutrophilia,age|clinical_signs_diarrhea|CBC_neutrophilia,13.67923582307435,,4,108,logistic_deviance_improvement_age_linear_additive_to_joint_state,joint_state_n_lt_3;joint_state_n_lt_5;apparent_extreme_fraction_in_tiny_joint_state;age_model_newton_not_fully_converged,demographic|clinical signs|CBC,True,0.006993006993006993,1.0,0.4405157732543995
471,3_00859,3,age|AUS_gall bladder sludge|CBC_neutropenia,age|AUS_gall_bladder_sludge|CBC_neutropenia,13.675701405848045,,4,108,logistic_deviance_improvement_age_linear_additive_to_joint_state,joint_state_n_lt_3;joint_state_n_lt_5;apparent_extreme_fraction_in_tiny_joint_state;age_model_newton_not_fully_converged,demographic|AUS|CBC,True,0.008991008991008992,1.0,0.4405157732543995
1,2_00025,2,age|CBC_neutrophilia,age|CBC_neutrophilia,13.664060442359684,,2,108,logistic_deviance_improvement_age_linear_additive_to_joint_state,joint_state_n_lt_3;joint_state_n_lt_5;apparent_extreme_fraction_in_tiny_joint_state;age_model_newton_not_fully_converged,demographic|CBC,True,0.001998001998001998,0.7742257742257742,0.42977206279958574
475,3_00235,3,age|breed_group|clinical signs_vomiting,age|breed_group|clinical_signs_vomiting,13.653386754702467,,8,108,logistic_deviance_improvement_age_linear_additive_to_joint_state,joint_state_n_lt_3;joint_state_n_lt_5;apparent_extreme_fraction_in_tiny_joint_state;age_model_newton_not_fully_converged,demographic|demographic|clinical signs,True,0.13886113886113885,1.0,0.5917084232134693
477,3_00259,3,age|breed_group|CBC_lymphocytosis,age|breed_group|CBC_lymphocytosis,13.64511759180452,,6,108,logistic_deviance_improvement_age_linear_additive_to_joint_state,joint_state_n_lt_3;joint_state_n_lt_5;apparent_extreme_fraction_in_tiny_joint_state;age_model_newton_not_fully_converged,demographic|demographic|CBC,True,0.04395604395604396,1.0,0.46870011648474913
483,3_00168,3,age|tli_high|CBC_basophilia,age|tli_high|CBC_basophilia,13.58933681423612,,4,87,logistic_deviance_improvement_age_linear_additive_to_joint_state,joint_state_n_lt_3;joint_state_n_lt_5;apparent_extreme_fraction_in_tiny_joint_state;age_model_newton_not_fully_converged,demographic|GI panel|CBC,True,0.01098901098901099,1.0,0.4405157732543995
486,3_00261,3,age|breed_group|CBC_monocytosis,age|breed_group|CBC_monocytosis,13.58009166892056,,7,108,logistic_deviance_improvement_age_linear_additive_to_joint_state,joint_state_n_lt_3;joint_state_n_lt_5;apparent_extreme_fraction_in_tiny_joint_state;age_model_newton_not_fully_converged,demographic|demographic|CBC,True,0.06793206793206794,1.0,0.5017577604990192
487,3_00327,3,age|clinical signs_vomiting|AUS_enlarged pancreas,age|clinical_signs_vomiting|AUS_enlarged_pancreas,13.565970048767724,,4,108,logistic_deviance_improvement_age_linear_additive_to_joint_state,,demographic|clinical signs|AUS,True,0.013986013986013986,1.0,0.4405157732543995
495,3_00737,3,age|AUS_mesenteric lymphadenopathy|chem_discordantly elevated bun,age|AUS_mesenteric_lymphadenopathy|chem_discordantly_elevated_BUN,13.518630588490552,,4,108,logistic_deviance_improvement_age_linear_additive_to_joint_state,joint_state_n_lt_3;joint_state_n_lt_5;apparent_extreme_fraction_in_tiny_joint_state;age_model_newton_not_fully_converged,demographic|AUS|chemistry,True,0.007992007992007992,1.0,0.4405157732543995
499,3_00673,3,age|AUS_ileum|chem_azotemia,age|AUS_ileal_thickening|chem_azotemia,13.50199841742318,,4,108,logistic_deviance_improvement_age_linear_additive_to_joint_state,joint_state_n_lt_5;apparent_extreme_fraction_in_tiny_joint_state;age_model_newton_not_fully_converged,demographic|AUS|chemistry,True,0.01898101898101898,1.0,0.4405157732543995
500,3_00961,3,age|CBC_eosinophilia|chem_discordantly elevated bun,age|CBC_eosinophilia|chem_discordantly_elevated_BUN,13.50070447512367,,4,108,logistic_deviance_improvement_age_linear_additive_to_joint_state,empty_joint_state;joint_state_n_lt_3;joint_state_n_lt_5;apparent_extreme_fraction_in_tiny_joint_state;age_model_newton_not_fully_converged,demographic|CBC|chemistry,True,0.005994005994005994,1.0,0.4405157732543995
506,3_01117,3,age|chem_hyperproteinemia|chem_hypophosphatemia,age|chem_hyperproteinemia|chem_hypophosphatemia,13.474649677514435,,4,108,logistic_deviance_improvement_age_linear_additive_to_joint_state,empty_joint_state;joint_state_n_lt_3;joint_state_n_lt_5;apparent_extreme_fraction_in_tiny_joint_state;age_model_newton_not_fully_converged,demographic|chemistry|chemistry,True,0.003996003996003996,1.0,0.4405157732543995
507,3_00701,3,age|AUS_colon|chem_elevated alt,age|AUS_colonic_thickening|chem_elevated_ALT,13.47184163953439,,4,108,logistic_deviance_improvement_age_linear_additive_to_joint_state,joint_state_n_lt_3;joint_state_n_lt_5;apparent_extreme_fraction_in_tiny_joint_state;age_model_newton_not_fully_converged,demographic|AUS|chemistry,True,0.008991008991008992,1.0,0.4405157732543995
512,3_01110,3,age|chem_hyperproteinemia|chem_elevated total bilirubin,age|chem_hyperproteinemia|chem_elevated_total_bilirubin,13.460979134381773,,4,108,logistic_deviance_improvement_age_linear_additive_to_joint_state,empty_joint_state;joint_state_n_lt_3;joint_state_n_lt_5;apparent_extreme_fraction_in_tiny_joint_state;age_model_newton_not_fully_converged,demographic|chemistry|chemistry,True,0.004995004995004995,1.0,0.4405157732543995
515,3_00328,3,age|clinical signs_vomiting|AUS_splenomegaly,age|clinical_signs_vomiting|AUS_splenomegaly,13.44639224732714,,4,108,logistic_deviance_improvement_age_linear_additive_to_joint_state,,demographic|clinical signs|AUS,True,0.00999000999000999,1.0,0.4405157732543995
516,3_00667,3,age|AUS_ileum|chem_hyperproteinemia,age|AUS_ileal_thickening|chem_hyperproteinemia,13.44127110541099,,4,108,logistic_deviance_improvement_age_linear_additive_to_joint_state,empty_joint_state;age_model_newton_not_fully_converged,demographic|AUS|chemistry,True,0.006993006993006993,1.0,0.4405157732543995
520,3_00954,3,age|CBC_eosinophilia|chem_hyperproteinemia,age|CBC_eosinophilia|chem_hyperproteinemia,13.427197708733715,,4,108,logistic_deviance_improvement_age_linear_additive_to_joint_state,empty_joint_state;age_model_newton_not_fully_converged,demographic|CBC|chemistry,True,0.007992007992007992,1.0,0.4405157732543995
527,3_00713,3,age|AUS_mesenteric lymphadenopathy|AUS_enlarged pancreas,age|AUS_mesenteric_lymphadenopathy|AUS_enlarged_pancreas,13.401065781564498,,4,108,logistic_deviance_improvement_age_linear_additive_to_joint_state,,demographic|AUS|AUS,True,0.00999000999000999,1.0,0.4405157732543995
528,3_00236,3,age|breed_group|clinical signs_diarrhea,age|breed_group|clinical_signs_diarrhea,13.39978795587848,,8,108,logistic_deviance_improvement_age_linear_additive_to_joint_state,joint_state_n_lt_3;joint_state_n_lt_5;apparent_extreme_fraction_in_tiny_joint_state;age_model_newton_not_fully_converged,demographic|demographic|clinical signs,True,0.15284715284715283,1.0,0.6002747510700412
531,3_01170,3,age|chem_discordantly elevated bun|chem_hypercholesterolemia,age|chem_discordantly_elevated_BUN|chem_hypercholesterolemia,13.395840229062813,,4,108,logistic_deviance_improvement_age_linear_additive_to_joint_state,empty_joint_state;joint_state_n_lt_3;joint_state_n_lt_5;apparent_extreme_fraction_in_tiny_joint_state;age_model_newton_not_fully_converged,demographic|chemistry|chemistry,True,0.001998001998001998,1.0,0.4405157732543995
533,3_00260,3,age|breed_group|CBC_lymphopenia,age|breed_group|CBC_lymphopenia,13.378576662180137,,7,108,logistic_deviance_improvement_age_linear_additive_to_joint_state,joint_state_n_lt_3;joint_state_n_lt_5;apparent_extreme_fraction_in_tiny_joint_state;age_model_newton_not_fully_converged,demographic|demographic|CBC,True,0.08891108891108891,1.0,0.5369687491669702
535,3_00851,3,age|AUS_ileus|chem_discordantly elevated bun,age|AUS_ileus|chem_discordantly_elevated_BUN,13.377681131298274,,4,108,logistic_deviance_improvement_age_linear_additive_to_joint_state,empty_joint_state;joint_state_n_lt_3;joint_state_n_lt_5;apparent_extreme_fraction_in_tiny_joint_state;age_model_newton_not_fully_converged,demographic|AUS|chemistry,True,0.002997002997002997,1.0,0.4405157732543995
538,3_00173,3,age|tli_high|CBC_anemia,age|tli_high|CBC_anemia,13.3685124926116,,4,87,logistic_deviance_improvement_age_linear_additive_to_joint_state,empty_joint_state;joint_state_n_lt_3;joint_state_n_lt_5;apparent_extreme_fraction_in_tiny_joint_state;age_model_newton_not_fully_converged,demographic|GI panel|CBC,True,0.003996003996003996,1.0,0.4405157732543995
539,3_00699,3,age|AUS_colon|chem_hyperproteinemia,age|AUS_colonic_thickening|chem_hyperproteinemia,13.35213397625455,,4,108,logistic_deviance_improvement_age_linear_additive_to_joint_state,empty_joint_state;age_model_newton_not_fully_converged,demographic|AUS|chemistry,True,0.003996003996003996,1.0,0.4405157732543995
543,3_00783,3,age|AUS_enlarged pancreas|CBC_lymphocytosis,age|AUS_enlarged_pancreas|CBC_lymphocytosis,13.331882824195105,,4,108,logistic_deviance_improvement_age_linear_additive_to_joint_state,joint_state_n_lt_3;joint_state_n_lt_5;apparent_extreme_fraction_in_tiny_joint_state;age_model_newton_not_fully_converged,demographic|AUS|CBC,True,0.006993006993006993,1.0,0.4405157732543995
544,3_00817,3,age|AUS_splenomegaly|chem_hyperproteinemia,age|AUS_splenomegaly|chem_hyperproteinemia,13.31978722809012,,4,108,logistic_deviance_improvement_age_linear_additive_to_joint_state,empty_joint_state;age_model_newton_not_fully_converged,demographic|AUS|chemistry,True,0.004995004995004995,1.0,0.4405157732543995
547,3_00546,3,age|clinical signs_constipation|chem_discordantly elevated bun,age|clinical_signs_constipation|chem_discordantly_elevated_BUN,13.304919368630493,,4,108,logistic_deviance_improvement_age_linear_additive_to_joint_state,empty_joint_state;joint_state_n_lt_3;joint_state_n_lt_5;apparent_extreme_fraction_in_tiny_joint_state;age_model_newton_not_fully_converged,demographic|clinical signs|chemistry,True,0.005994005994005994,1.0,0.4405157732543995
548,3_00975,3,age|CBC_eosinopenia|chem_hyperproteinemia,age|CBC_eosinopenia|chem_hyperproteinemia,13.29669337971464,,4,108,logistic_deviance_improvement_age_linear_additive_to_joint_state,empty_joint_state;joint_state_n_lt_3;joint_state_n_lt_5;apparent_extreme_fraction_in_tiny_joint_state;age_model_newton_not_fully_converged,demographic|CBC|chemistry,True,0.003996003996003996,1.0,0.4405157732543995
551,3_00793,3,age|AUS_enlarged pancreas|chem_elevated alp,age|AUS_enlarged_pancreas|chem_elevated_ALP,13.256665805737256,,4,108,logistic_deviance_improvement_age_linear_additive_to_joint_state,empty_joint_state;joint_state_n_lt_3;joint_state_n_lt_5;apparent_extreme_fraction_in_tiny_joint_state;age_model_newton_not_fully_converged,demographic|AUS|chemistry,True,0.003996003996003996,1.0,0.4405157732543995
555,3_00728,3,age|AUS_mesenteric lymphadenopathy|chem_no abnormalities,age|AUS_mesenteric_lymphadenopathy|chem_no_abnormalities,13.248419145097074,,4,108,logistic_deviance_improvement_age_linear_additive_to_joint_state,,demographic|AUS|chemistry,True,0.013986013986013986,1.0,0.4405157732543995
557,3_01124,3,age|chem_decreased alt|chem_hyperglycemia,age|chem_decreased_ALT|chem_hyperglycemia,13.236968409700566,,4,108,logistic_deviance_improvement_age_linear_additive_to_joint_state,empty_joint_state;joint_state_n_lt_3;joint_state_n_lt_5;apparent_extreme_fraction_in_tiny_joint_state;age_model_newton_not_fully_converged,demographic|chemistry|chemistry,True,0.001998001998001998,1.0,0.4405157732543995
569,3_00797,3,age|AUS_enlarged pancreas|chem_hyperglycemia,age|AUS_enlarged_pancreas|chem_hyperglycemia,13.187769042498346,,4,108,logistic_deviance_improvement_age_linear_additive_to_joint_state,empty_joint_state;joint_state_n_lt_3;joint_state_n_lt_5;apparent_extreme_fraction_in_tiny_joint_state;age_model_newton_not_fully_converged,demographic|AUS|chemistry,True,0.003996003996003996,1.0,0.4405157732543995
577,3_01120,3,age|chem_decreased alt|chem_elevated alp,age|chem_decreased_ALT|chem_elevated_ALP,13.156162721101666,,4,108,logistic_deviance_improvement_age_linear_additive_to_joint_state,empty_joint_state;joint_state_n_lt_3;joint_state_n_lt_5;apparent_extreme_fraction_in_tiny_joint_state;age_model_newton_not_fully_converged,demographic|chemistry|chemistry,True,0.002997002997002997,1.0,0.4405157732543995
579,3_00098,3,age|folate_low|breed_group,age|folate_low|breed_group,13.153929204135707,,7,90,logistic_deviance_improvement_age_linear_additive_to_joint_state,joint_state_n_lt_3;joint_state_n_lt_5;apparent_extreme_fraction_in_tiny_joint_state;age_model_newton_not_fully_converged,demographic|GI panel|demographic,True,0.09290709290709291,1.0,0.542824108896635
581,3_00795,3,age|AUS_enlarged pancreas|chem_azotemia,age|AUS_enlarged_pancreas|chem_azotemia,13.12226889364463,,4,108,logistic_deviance_improvement_age_linear_additive_to_joint_state,joint_state_n_lt_5,demographic|AUS|chemistry,True,0.00999000999000999,1.0,0.4405157732543995
589,3_00787,3,age|AUS_enlarged pancreas|chem_no abnormalities,age|AUS_enlarged_pancreas|chem_no_abnormalities,13.095193818877007,,4,108,logistic_deviance_improvement_age_linear_additive_to_joint_state,,demographic|AUS|chemistry,True,0.012987012987012988,1.0,0.4405157732543995
591,3_00431,3,age|clinical signs_hyporexia|chem_azotemia,age|clinical_signs_hyporexia|chem_azotemia,13.089749443445797,,4,108,logistic_deviance_improvement_age_linear_additive_to_joint_state,joint_state_n_lt_3;joint_state_n_lt_5;apparent_extreme_fraction_in_tiny_joint_state,demographic|clinical signs|chemistry,True,0.016983016983016984,1.0,0.4405157732543995
594,3_01014,3,age|CBC_basocytosis|chem_hyperproteinemia,age|CBC_basocytosis|chem_hyperproteinemia,13.06092212894292,,4,108,logistic_deviance_improvement_age_linear_additive_to_joint_state,empty_joint_state;joint_state_n_lt_3;joint_state_n_lt_5;apparent_extreme_fraction_in_tiny_joint_state;age_model_newton_not_fully_converged,demographic|CBC|chemistry,True,0.003996003996003996,1.0,0.4405157732543995
600,3_00274,3,age|breed_group|chem_hypercholesterolemia,age|breed_group|chem_hypercholesterolemia,13.043847337717096,,5,108,logistic_deviance_improvement_age_linear_additive_to_joint_state,joint_state_n_lt_3;joint_state_n_lt_5;apparent_extreme_fraction_in_tiny_joint_state;age_model_newton_not_fully_converged,demographic|demographic|chemistry,True,0.023976023976023976,1.0,0.4405157732543995
607,3_00982,3,age|CBC_eosinopenia|chem_discordantly elevated bun,age|CBC_eosinopenia|chem_discordantly_elevated_BUN,13.013458345804082,,4,108,logistic_deviance_improvement_age_linear_additive_to_joint_state,empty_joint_state;joint_state_n_lt_3;joint_state_n_lt_5;apparent_extreme_fraction_in_tiny_joint_state;age_model_newton_not_fully_converged,demographic|CBC|chemistry,True,0.001998001998001998,1.0,0.4405157732543995
609,3_00791,3,age|AUS_enlarged pancreas|chem_elevated alt,age|AUS_enlarged_pancreas|chem_elevated_ALT,13.008277738962121,,4,108,logistic_deviance_improvement_age_linear_additive_to_joint_state,joint_state_n_lt_5;apparent_extreme_fraction_in_tiny_joint_state;age_model_newton_not_fully_converged,demographic|AUS|chemistry,True,0.011988011988011988,1.0,0.4405157732543995
621,3_00798,3,age|AUS_enlarged pancreas|chem_hypercholesterolemia,age|AUS_enlarged_pancreas|chem_hypercholesterolemia,12.953206293095619,,4,108,logistic_deviance_improvement_age_linear_additive_to_joint_state,empty_joint_state;joint_state_n_lt_3;joint_state_n_lt_5;apparent_extreme_fraction_in_tiny_joint_state;age_model_newton_not_fully_converged,demographic|AUS|chemistry,True,0.002997002997002997,1.0,0.4405157732543995
625,3_00585,3,age|AUS_duodenum|AUS_ileus,age|AUS_duodenal_thickening|AUS_ileus,12.932082154054243,,4,108,logistic_deviance_improvement_age_linear_additive_to_joint_state,joint_state_n_lt_3;joint_state_n_lt_5;apparent_extreme_fraction_in_tiny_joint_state;age_model_newton_not_fully_converged,demographic|AUS|AUS,True,0.012987012987012988,1.0,0.4405157732543995
626,3_00938,3,age|CBC_neutropenia|chem_azotemia,age|CBC_neutropenia|chem_azotemia,12.929837655287855,,4,108,logistic_deviance_improvement_age_linear_additive_to_joint_state,joint_state_n_lt_3;joint_state_n_lt_5;apparent_extreme_fraction_in_tiny_joint_state;age_model_newton_not_fully_converged,demographic|CBC|chemistry,True,0.01098901098901099,1.0,0.4405157732543995
628,3_00426,3,age|clinical signs_hyporexia|chem_decreased alt,age|clinical_signs_hyporexia|chem_decreased_ALT,12.920971422764921,,4,108,logistic_deviance_improvement_age_linear_additive_to_joint_state,empty_joint_state;joint_state_n_lt_3;joint_state_n_lt_5;apparent_extreme_fraction_in_tiny_joint_state;age_model_newton_not_fully_converged,demographic|clinical signs|chemistry,True,0.006993006993006993,1.0,0.4405157732543995
630,3_00240,3,age|breed_group|clinical signs_constipation,age|breed_group|clinical_signs_constipation,12.909416453420661,,5,108,logistic_deviance_improvement_age_linear_additive_to_joint_state,joint_state_n_lt_3;joint_state_n_lt_5;apparent_extreme_fraction_in_tiny_joint_state;age_model_newton_not_fully_converged,demographic|demographic|clinical signs,True,0.03896103896103896,1.0,0.4605046047979224
633,3_01173,3,age|chem_discordantly elevated bun|chem_hypophosphatemia,age|chem_discordantly_elevated_BUN|chem_hypophosphatemia,12.894204060451699,,4,108,logistic_deviance_improvement_age_linear_additive_to_joint_state,empty_joint_state;joint_state_n_lt_3;joint_state_n_lt_5;apparent_extreme_fraction_in_tiny_joint_state;age_model_newton_not_fully_converged,demographic|chemistry|chemistry,True,0.002997002997002997,1.0,0.4405157732543995
634,3_00066,3,age|folate_high|AUS_enlarged pancreas,age|folate_high|AUS_enlarged_pancreas,12.89334592062525,,4,90,logistic_deviance_improvement_age_linear_additive_to_joint_state,,demographic|GI panel|AUS,True,0.014985014985014986,1.0,0.4405157732543995
641,3_01033,3,age|CBC_lymphocytosis|chem_decreased alt,age|CBC_lymphocytosis|chem_decreased_ALT,12.88323052174735,,4,108,logistic_deviance_improvement_age_linear_additive_to_joint_state,empty_joint_state;joint_state_n_lt_3;joint_state_n_lt_5;apparent_extreme_fraction_in_tiny_joint_state;age_model_newton_not_fully_converged,demographic|CBC|chemistry,True,0.004995004995004995,1.0,0.4405157732543995
642,3_01157,3,age|chem_elevated total bilirubin|chem_discordantly elevated bun,age|chem_elevated_total_bilirubin|chem_discordantly_elevated_BUN,12.882333432708563,,4,108,logistic_deviance_improvement_age_linear_additive_to_joint_state,empty_joint_state;joint_state_n_lt_3;joint_state_n_lt_5;apparent_extreme_fraction_in_tiny_joint_state;age_model_newton_not_fully_converged,demographic|chemistry|chemistry,True,0.005994005994005994,1.0,0.4405157732543995
648,3_00522,3,age|clinical signs_constipation|AUS_enlarged pancreas,age|clinical_signs_constipation|AUS_enlarged_pancreas,12.861394689610705,,4,108,logistic_deviance_improvement_age_linear_additive_to_joint_state,empty_joint_state;joint_state_n_lt_3;joint_state_n_lt_5;apparent_extreme_fraction_in_tiny_joint_state;age_model_newton_not_fully_converged,demographic|clinical signs|AUS,True,0.004995004995004995,1.0,0.4405157732543995
651,3_00824,3,age|AUS_splenomegaly|chem_discordantly elevated bun,age|AUS_splenomegaly|chem_discordantly_elevated_BUN,12.84637259603302,,4,108,logistic_deviance_improvement_age_linear_additive_to_joint_state,joint_state_n_lt_3;joint_state_n_lt_5;apparent_extreme_fraction_in_tiny_joint_state;age_model_newton_not_fully_converged,demographic|AUS|chemistry,True,0.008991008991008992,1.0,0.4405157732543995
655,3_00781,3,age|AUS_enlarged pancreas|CBC_basophilia,age|AUS_enlarged_pancreas|CBC_basophilia,12.832977918801518,,4,108,logistic_deviance_improvement_age_linear_additive_to_joint_state,joint_state_n_lt_3;joint_state_n_lt_5;apparent_extreme_fraction_in_tiny_joint_state;age_model_newton_not_fully_converged,demographic|AUS|CBC,True,0.007992007992007992,1.0,0.4405157732543995
661,3_00760,3,age|AUS_chronic degenerative renal changes|chem_hyperproteinemia,age|AUS_chronic_degenerative_renal_changes|chem_hyperproteinemia,12.813197017424784,,4,108,logistic_deviance_improvement_age_linear_additive_to_joint_state,joint_state_n_lt_3;joint_state_n_lt_5;apparent_extreme_fraction_in_tiny_joint_state;age_model_newton_not_fully_converged,demographic|AUS|chemistry,True,0.017982017982017984,1.0,0.4405157732543995
671,3_00806,3,age|AUS_splenomegaly|CBC_neutropenia,age|AUS_splenomegaly|CBC_neutropenia,12.779072070453651,,4,108,logistic_deviance_improvement_age_linear_additive_to_joint_state,joint_state_n_lt_3;joint_state_n_lt_5;apparent_extreme_fraction_in_tiny_joint_state;age_model_newton_not_fully_converged,demographic|AUS|CBC,True,0.01098901098901099,1.0,0.4405157732543995
673,3_00358,3,age|clinical signs_diarrhea|clinical signs_weight loss,age|clinical_signs_diarrhea|clinical_signs_weight_loss,12.771298294294098,,4,108,logistic_deviance_improvement_age_linear_additive_to_joint_state,,demographic|clinical signs|clinical signs,True,0.014985014985014986,1.0,0.4405157732543995
680,3_01115,3,age|chem_hyperproteinemia|chem_hypercalcemia,age|chem_hyperproteinemia|chem_hypercalcemia,12.73481859433177,,4,108,logistic_deviance_improvement_age_linear_additive_to_joint_state,empty_joint_state;joint_state_n_lt_3;joint_state_n_lt_5;apparent_extreme_fraction_in_tiny_joint_state;age_model_newton_not_fully_converged,demographic|chemistry|chemistry,True,0.005994005994005994,1.0,0.4405157732543995
682,3_00885,3,age|CBC_no abnormalities|chem_hyperproteinemia,age|CBC_no_abnormalities|chem_hyperproteinemia,12.73455523875164,,4,108,logistic_deviance_improvement_age_linear_additive_to_joint_state,joint_state_n_lt_5;apparent_extreme_fraction_in_tiny_joint_state;age_model_newton_not_fully_converged,demographic|CBC|chemistry,True,0.02097902097902098,1.0,0.4405157732543995
685,3_00600,3,age|AUS_duodenum|chem_hyperproteinemia,age|AUS_duodenal_thickening|chem_hyperproteinemia,12.716383728380109,,4,108,logistic_deviance_improvement_age_linear_additive_to_joint_state,joint_state_n_lt_5;apparent_extreme_fraction_in_tiny_joint_state;age_model_newton_not_fully_converged,demographic|AUS|chemistry,True,0.017982017982017984,1.0,0.4405157732543995
686,3_00870,3,age|AUS_gall bladder sludge|chem_hyperproteinemia,age|AUS_gall_bladder_sludge|chem_hyperproteinemia,12.714630638794148,,4,108,logistic_deviance_improvement_age_linear_additive_to_joint_state,joint_state_n_lt_3;joint_state_n_lt_5;apparent_extreme_fraction_in_tiny_joint_state;age_model_newton_not_fully_converged,demographic|AUS|chemistry,True,0.01098901098901099,1.0,0.4405157732543995
688,3_00743,3,age|AUS_chronic degenerative renal changes|AUS_enlarged pancreas,age|AUS_chronic_degenerative_renal_changes|AUS_enlarged_pancreas,12.708817001424094,,4,108,logistic_deviance_improvement_age_linear_additive_to_joint_state,joint_state_n_lt_5;apparent_extreme_fraction_in_tiny_joint_state;age_model_newton_not_fully_converged,demographic|AUS|AUS,True,0.013986013986013986,1.0,0.4405157732543995
691,3_00705,3,age|AUS_colon|chem_azotemia,age|AUS_colonic_thickening|chem_azotemia,12.693516796553638,,4,108,logistic_deviance_improvement_age_linear_additive_to_joint_state,joint_state_n_lt_3;joint_state_n_lt_5;apparent_extreme_fraction_in_tiny_joint_state;age_model_newton_not_fully_converged,demographic|AUS|chemistry,True,0.012987012987012988,1.0,0.4405157732543995
702,3_00775,3,age|AUS_enlarged pancreas|AUS_gall bladder sludge,age|AUS_enlarged_pancreas|AUS_gall_bladder_sludge,12.652692921877488,,4,108,logistic_deviance_improvement_age_linear_additive_to_joint_state,joint_state_n_lt_5;apparent_extreme_fraction_in_tiny_joint_state;age_model_newton_not_fully_converged,demographic|AUS|AUS,True,0.01898101898101898,1.0,0.4405157732543995
706,3_00565,3,age|AUS_no abnormalities|chem_hyperproteinemia,age|AUS_no_abnormalities|chem_hyperproteinemia,12.62919207741895,,4,108,logistic_deviance_improvement_age_linear_additive_to_joint_state,empty_joint_state;joint_state_n_lt_5;age_model_newton_not_fully_converged,demographic|AUS|chemistry,True,0.004995004995004995,1.0,0.4405157732543995
713,3_00256,3,age|breed_group|CBC_eosinopenia,age|breed_group|CBC_eosinopenia,12.59294480324182,,5,108,logistic_deviance_improvement_age_linear_additive_to_joint_state,joint_state_n_lt_3;joint_state_n_lt_5;apparent_extreme_fraction_in_tiny_joint_state;age_model_newton_not_fully_converged,demographic|demographic|CBC,True,0.03396603396603397,1.0,0.4566918230284567
715,3_00285,3,age|clinical signs_none|AUS_enlarged pancreas,age|clinical_signs_none_reported|AUS_enlarged_pancreas,12.582123208439356,,4,108,logistic_deviance_improvement_age_linear_additive_to_joint_state,joint_state_n_lt_5;apparent_extreme_fraction_in_tiny_joint_state;age_model_newton_not_fully_converged,demographic|clinical signs|AUS,True,0.01098901098901099,1.0,0.4405157732543995
716,3_00682,3,age|AUS_colon|AUS_enlarged pancreas,age|AUS_colonic_thickening|AUS_enlarged_pancreas,12.581531093327513,,4,108,logistic_deviance_improvement_age_linear_additive_to_joint_state,joint_state_n_lt_3;joint_state_n_lt_5;apparent_extreme_fraction_in_tiny_joint_state;age_model_newton_not_fully_converged,demographic|AUS|AUS,True,0.008991008991008992,1.0,0.4405157732543995
717,3_00995,3,age|CBC_basophilia|chem_hyperproteinemia,age|CBC_basophilia|chem_hyperproteinemia,12.580297913525968,,4,108,logistic_deviance_improvement_age_linear_additive_to_joint_state,empty_joint_state;age_model_newton_not_fully_converged,demographic|CBC|chemistry,True,0.006993006993006993,1.0,0.4405157732543995
722,3_00801,3,age|AUS_enlarged pancreas|chem_hypophosphatemia,age|AUS_enlarged_pancreas|chem_hypophosphatemia,12.567674857301043,,4,108,logistic_deviance_improvement_age_linear_additive_to_joint_state,empty_joint_state;joint_state_n_lt_3;joint_state_n_lt_5;apparent_extreme_fraction_in_tiny_joint_state;age_model_newton_not_fully_converged,demographic|AUS|chemistry,True,0.002997002997002997,1.0,0.4405157732543995
728,3_00209,3,age|pli_abn|CBC_neutrophilia,age|pli_abn|CBC_neutrophilia,12.545100496846558,,4,86,logistic_deviance_improvement_age_linear_additive_to_joint_state,empty_joint_state;joint_state_n_lt_3;joint_state_n_lt_5;apparent_extreme_fraction_in_tiny_joint_state;age_model_newton_not_fully_converged,demographic|GI panel|CBC,True,0.008991008991008992,1.0,0.4405157732543995
729,3_00720,3,age|AUS_mesenteric lymphadenopathy|CBC_eosinophilia,age|AUS_mesenteric_lymphadenopathy|CBC_eosinophilia,12.544671617268932,,4,108,logistic_deviance_improvement_age_linear_additive_to_joint_state,joint_state_n_lt_3;joint_state_n_lt_5,demographic|AUS|CBC,True,0.01998001998001998,1.0,0.4405157732543995
731,3_01021,3,age|CBC_basocytosis|chem_discordantly elevated bun,age|CBC_basocytosis|chem_discordantly_elevated_BUN,12.541951849483567,,4,108,logistic_deviance_improvement_age_linear_additive_to_joint_state,empty_joint_state;joint_state_n_lt_3;joint_state_n_lt_5;apparent_extreme_fraction_in_tiny_joint_state;age_model_newton_not_fully_converged,demographic|CBC|chemistry,True,0.003996003996003996,1.0,0.4405157732543995
733,3_00502,3,age|clinical signs_hairball obstruction|chem_hyperproteinemia,age|clinical_signs_hairball_obstruction|chem_hyperproteinemia,12.508998243880072,,4,108,logistic_deviance_improvement_age_linear_additive_to_joint_state,empty_joint_state;joint_state_n_lt_5;apparent_extreme_fraction_in_tiny_joint_state;age_model_newton_not_fully_converged,demographic|clinical signs|chemistry,True,0.008991008991008992,1.0,0.4405157732543995
734,3_00118,3,age|folate_low|CBC_neutrophilia,age|folate_low|CBC_neutrophilia,12.506829749346139,,4,90,logistic_deviance_improvement_age_linear_additive_to_joint_state,empty_joint_state;joint_state_n_lt_3;joint_state_n_lt_5;apparent_extreme_fraction_in_tiny_joint_state;age_model_newton_not_fully_converged,demographic|GI panel|CBC,True,0.011988011988011988,1.0,0.4405157732543995
738,3_00239,3,age|breed_group|clinical signs_hairball obstruction,age|breed_group|clinical_signs_hairball_obstruction,12.494859670797013,,5,108,logistic_deviance_improvement_age_linear_additive_to_joint_state,joint_state_n_lt_5;apparent_extreme_fraction_in_tiny_joint_state,demographic|demographic|clinical signs,True,0.04095904095904096,1.0,0.4605046047979224
740,3_00731,3,age|AUS_mesenteric lymphadenopathy|chem_decreased alt,age|AUS_mesenteric_lymphadenopathy|chem_decreased_ALT,12.484315476496121,,4,108,logistic_deviance_improvement_age_linear_additive_to_joint_state,joint_state_n_lt_3;joint_state_n_lt_5;apparent_extreme_fraction_in_tiny_joint_state;age_model_newton_not_fully_converged,demographic|AUS|chemistry,True,0.00999000999000999,1.0,0.4405157732543995
748,3_00706,3,age|AUS_colon|chem_discordantly elevated bun,age|AUS_colonic_thickening|chem_discordantly_elevated_BUN,12.45545694441887,,4,108,logistic_deviance_improvement_age_linear_additive_to_joint_state,empty_joint_state;joint_state_n_lt_3;joint_state_n_lt_5;apparent_extreme_fraction_in_tiny_joint_state;age_model_newton_not_fully_converged,demographic|AUS|chemistry,True,0.008991008991008992,1.0,0.4405157732543995
750,3_00892,3,age|CBC_no abnormalities|chem_discordantly elevated bun,age|CBC_no_abnormalities|chem_discordantly_elevated_BUN,12.446688897832146,,4,108,logistic_deviance_improvement_age_linear_additive_to_joint_state,empty_joint_state;joint_state_n_lt_3;joint_state_n_lt_5;apparent_extreme_fraction_in_tiny_joint_state;age_model_newton_not_fully_converged,demographic|CBC|chemistry,True,0.008991008991008992,1.0,0.4405157732543995
754,3_00634,3,age|AUS_jejunum|chem_hyperproteinemia,age|AUS_jejunal_thickening|chem_hyperproteinemia,12.419097438455466,,4,108,logistic_deviance_improvement_age_linear_additive_to_joint_state,joint_state_n_lt_3;joint_state_n_lt_5;apparent_extreme_fraction_in_tiny_joint_state;age_model_newton_not_fully_converged,demographic|AUS|chemistry,True,0.023976023976023976,1.0,0.4405157732543995
755,3_01002,3,age|CBC_basophilia|chem_discordantly elevated bun,age|CBC_basophilia|chem_discordantly_elevated_BUN,12.416842158359344,,4,108,logistic_deviance_improvement_age_linear_additive_to_joint_state,empty_joint_state;joint_state_n_lt_3;joint_state_n_lt_5;apparent_extreme_fraction_in_tiny_joint_state;age_model_newton_not_fully_converged,demographic|CBC|chemistry,True,0.005994005994005994,1.0,0.4405157732543995
759,3_01036,3,age|CBC_lymphocytosis|chem_elevated alp,age|CBC_lymphocytosis|chem_elevated_ALP,12.409955473548322,,4,108,logistic_deviance_improvement_age_linear_additive_to_joint_state,empty_joint_state;joint_state_n_lt_3;joint_state_n_lt_5;apparent_extreme_fraction_in_tiny_joint_state;age_model_newton_not_fully_converged,demographic|CBC|chemistry,True,0.005994005994005994,1.0,0.4405157732543995
760,3_00351,3,age|clinical signs_vomiting|chem_discordantly elevated bun,age|clinical_signs_vomiting|chem_discordantly_elevated_BUN,12.409789741019196,,4,108,logistic_deviance_improvement_age_linear_additive_to_joint_state,empty_joint_state;joint_state_n_lt_3;joint_state_n_lt_5;apparent_extreme_fraction_in_tiny_joint_state;age_model_newton_not_fully_converged,demographic|clinical signs|chemistry,True,0.008991008991008992,1.0,0.4405157732543995
761,3_00736,3,age|AUS_mesenteric lymphadenopathy|chem_azotemia,age|AUS_mesenteric_lymphadenopathy|chem_azotemia,12.405502141749324,,4,108,logistic_deviance_improvement_age_linear_additive_to_joint_state,,demographic|AUS|chemistry,True,0.02197802197802198,1.0,0.4405157732543995
776,3_00270,3,age|breed_group|chem_elevated total bilirubin,age|breed_group|chem_elevated_total_bilirubin,12.382235250387893,,6,108,logistic_deviance_improvement_age_linear_additive_to_joint_state,joint_state_n_lt_3;joint_state_n_lt_5;apparent_extreme_fraction_in_tiny_joint_state;age_model_newton_not_fully_converged,demographic|demographic|chemistry,True,0.07592407592407592,1.0,0.5133245133245133
779,3_00147,3,age|tli_high|clinical signs_diarrhea,age|tli_high|clinical_signs_diarrhea,12.378649896397064,,4,87,logistic_deviance_improvement_age_linear_additive_to_joint_state,age_model_newton_not_fully_converged,demographic|GI panel|clinical signs,True,0.02097902097902098,1.0,0.4405157732543995
781,3_00264,3,age|breed_group|chem_hypoproteinemia,age|breed_group|chem_hypoproteinemia,12.373287271450891,,6,108,logistic_deviance_improvement_age_linear_additive_to_joint_state,joint_state_n_lt_3;joint_state_n_lt_5;apparent_extreme_fraction_in_tiny_joint_state,demographic|demographic|chemistry,True,0.07092907092907093,1.0,0.5067656882763986
786,3_01107,3,age|chem_hyperproteinemia|chem_elevated alt,age|chem_hyperproteinemia|chem_elevated_ALT,12.364091194972062,,4,108,logistic_deviance_improvement_age_linear_additive_to_joint_state,joint_state_n_lt_3;joint_state_n_lt_5;apparent_extreme_fraction_in_tiny_joint_state;age_model_newton_not_fully_converged,demographic|chemistry|chemistry,True,0.016983016983016984,1.0,0.4405157732543995
787,3_00158,3,age|tli_high|AUS_chronic degenerative renal changes,age|tli_high|AUS_chronic_degenerative_renal_changes,12.363953422186967,,4,87,logistic_deviance_improvement_age_linear_additive_to_joint_state,,demographic|GI panel|AUS,True,0.029970029970029972,1.0,0.45114030862249394
788,3_00245,3,age|breed_group|AUS_colon,age|breed_group|AUS_colonic_thickening,12.36381793378483,,7,108,logistic_deviance_improvement_age_linear_additive_to_joint_state,joint_state_n_lt_3;joint_state_n_lt_5;apparent_extreme_fraction_in_tiny_joint_state;age_model_newton_not_fully_converged,demographic|demographic|AUS,True,0.12087912087912088,1.0,0.5816638436228414
793,3_00818,3,age|AUS_splenomegaly|chem_decreased alt,age|AUS_splenomegaly|chem_decreased_ALT,12.357373000897951,,4,108,logistic_deviance_improvement_age_linear_additive_to_joint_state,empty_joint_state;joint_state_n_lt_3;joint_state_n_lt_5;apparent_extreme_fraction_in_tiny_joint_state;age_model_newton_not_fully_converged,demographic|AUS|chemistry,True,0.007992007992007992,1.0,0.4405157732543995
796,3_00429,3,age|clinical signs_hyporexia|chem_elevated alp,age|clinical_signs_hyporexia|chem_elevated_ALP,12.354310223047904,,4,108,logistic_deviance_improvement_age_linear_additive_to_joint_state,empty_joint_state;joint_state_n_lt_3;joint_state_n_lt_5;apparent_extreme_fraction_in_tiny_joint_state;age_model_newton_not_fully_converged,demographic|clinical signs|chemistry,True,0.01098901098901099,1.0,0.4405157732543995
803,3_01122,3,age|chem_decreased alt|chem_azotemia,age|chem_decreased_ALT|chem_azotemia,12.326663558035904,,4,108,logistic_deviance_improvement_age_linear_additive_to_joint_state,empty_joint_state;joint_state_n_lt_3;joint_state_n_lt_5;apparent_extreme_fraction_in_tiny_joint_state;age_model_newton_not_fully_converged,demographic|chemistry|chemistry,True,0.003996003996003996,1.0,0.4405157732543995
804,3_01086,3,age|CBC_anemia|chem_azotemia,age|CBC_anemia|chem_azotemia,12.323077035893647,,4,108,logistic_deviance_improvement_age_linear_additive_to_joint_state,joint_state_n_lt_3;joint_state_n_lt_5;apparent_extreme_fraction_in_tiny_joint_state;age_model_newton_not_fully_converged,demographic|CBC|chemistry,True,0.012987012987012988,1.0,0.4405157732543995
807,3_01151,3,age|chem_elevated alp|chem_hyperglycemia,age|chem_elevated_ALP|chem_hyperglycemia,12.32122195244743,,4,108,logistic_deviance_improvement_age_linear_additive_to_joint_state,empty_joint_state;joint_state_n_lt_3;joint_state_n_lt_5;apparent_extreme_fraction_in_tiny_joint_state;age_model_newton_not_fully_converged,demographic|chemistry|chemistry,True,0.003996003996003996,1.0,0.4405157732543995
813,3_01065,3,age|CBC_monocytosis|chem_hyperproteinemia,age|CBC_monocytosis|chem_hyperproteinemia,12.304342680634107,,4,108,logistic_deviance_improvement_age_linear_additive_to_joint_state,joint_state_n_lt_3;joint_state_n_lt_5;apparent_extreme_fraction_in_tiny_joint_state;age_model_newton_not_fully_converged,demographic|CBC|chemistry,True,0.025974025974025976,1.0,0.4405157732543995
820,3_00785,3,age|AUS_enlarged pancreas|CBC_monocytosis,age|AUS_enlarged_pancreas|CBC_monocytosis,12.286571109608587,,4,108,logistic_deviance_improvement_age_linear_additive_to_joint_state,joint_state_n_lt_5;apparent_extreme_fraction_in_tiny_joint_state;age_model_newton_not_fully_converged,demographic|AUS|CBC,True,0.014985014985014986,1.0,0.4405157732543995
826,3_00302,3,age|clinical signs_none|chem_hyperproteinemia,age|clinical_signs_none_reported|chem_hyperproteinemia,12.266185750902906,,4,108,logistic_deviance_improvement_age_linear_additive_to_joint_state,joint_state_n_lt_3;joint_state_n_lt_5;apparent_extreme_fraction_in_tiny_joint_state;age_model_newton_not_fully_converged,demographic|clinical signs|chemistry,True,0.016983016983016984,1.0,0.4405157732543995
828,3_01108,3,age|chem_hyperproteinemia|chem_elevated ast,age|chem_hyperproteinemia|chem_elevated_AST,12.264899190714416,,4,108,logistic_deviance_improvement_age_linear_additive_to_joint_state,empty_joint_state;joint_state_n_lt_3;joint_state_n_lt_5;apparent_extreme_fraction_in_tiny_joint_state;age_model_newton_not_fully_converged,demographic|chemistry|chemistry,True,0.006993006993006993,1.0,0.4405157732543995
829,3_00509,3,age|clinical signs_hairball obstruction|chem_discordantly elevated bun,age|clinical_signs_hairball_obstruction|chem_discordantly_elevated_BUN,12.263490998431934,,4,108,logistic_deviance_improvement_age_linear_additive_to_joint_state,empty_joint_state;joint_state_n_lt_3;joint_state_n_lt_5;apparent_extreme_fraction_in_tiny_joint_state;age_model_newton_not_fully_converged,demographic|clinical signs|chemistry,True,0.006993006993006993,1.0,0.4405157732543995
830,3_00668,3,age|AUS_ileum|chem_decreased alt,age|AUS_ileal_thickening|chem_decreased_ALT,12.262462566498073,,4,108,logistic_deviance_improvement_age_linear_additive_to_joint_state,empty_joint_state;joint_state_n_lt_3;joint_state_n_lt_5;apparent_extreme_fraction_in_tiny_joint_state;age_model_newton_not_fully_converged,demographic|AUS|chemistry,True,0.004995004995004995,1.0,0.4405157732543995
833,3_00845,3,age|AUS_ileus|chem_decreased alt,age|AUS_ileus|chem_decreased_ALT,12.253376188974983,,4,108,logistic_deviance_improvement_age_linear_additive_to_joint_state,empty_joint_state;joint_state_n_lt_3;joint_state_n_lt_5;apparent_extreme_fraction_in_tiny_joint_state;age_model_newton_not_fully_converged,demographic|AUS|chemistry,True,0.006993006993006993,1.0,0.4405157732543995
835,3_01116,3,age|chem_hyperproteinemia|chem_hypokalemia,age|chem_hyperproteinemia|chem_hypokalemia,12.248836707644301,,4,108,logistic_deviance_improvement_age_linear_additive_to_joint_state,joint_state_n_lt_3;joint_state_n_lt_5;apparent_extreme_fraction_in_tiny_joint_state;age_model_newton_not_fully_converged,demographic|chemistry|chemistry,True,0.015984015984015984,1.0,0.4405157732543995
839,3_01171,3,age|chem_discordantly elevated bun|chem_hypercalcemia,age|chem_discordantly_elevated_BUN|chem_hypercalcemia,12.24471531016546,,4,108,logistic_deviance_improvement_age_linear_additive_to_joint_state,empty_joint_state;joint_state_n_lt_3;joint_state_n_lt_5;apparent_extreme_fraction_in_tiny_joint_state;age_model_newton_not_fully_converged,demographic|chemistry|chemistry,True,0.006993006993006993,1.0,0.4405157732543995
840,3_00932,3,age|CBC_neutropenia|chem_hyperproteinemia,age|CBC_neutropenia|chem_hyperproteinemia,12.244105346129587,,4,108,logistic_deviance_improvement_age_linear_additive_to_joint_state,joint_state_n_lt_3;joint_state_n_lt_5;apparent_extreme_fraction_in_tiny_joint_state;age_model_newton_not_fully_converged,demographic|CBC|chemistry,True,0.016983016983016984,1.0,0.4405157732543995
845,3_00674,3,age|AUS_ileum|chem_discordantly elevated bun,age|AUS_ileal_thickening|chem_discordantly_elevated_BUN,12.23571485738745,,4,108,logistic_deviance_improvement_age_linear_additive_to_joint_state,empty_joint_state;joint_state_n_lt_3;joint_state_n_lt_5;apparent_extreme_fraction_in_tiny_joint_state;age_model_newton_not_fully_converged,demographic|AUS|chemistry,True,0.007992007992007992,1.0,0.4405157732543995
862,3_00419,3,age|clinical signs_hyporexia|CBC_lymphocytosis,age|clinical_signs_hyporexia|CBC_lymphocytosis,12.224699889976122,,4,108,logistic_deviance_improvement_age_linear_additive_to_joint_state,joint_state_n_lt_3;joint_state_n_lt_5;apparent_extreme_fraction_in_tiny_joint_state;age_model_newton_not_fully_converged,demographic|clinical signs|CBC,True,0.017982017982017984,1.0,0.4405157732543995
864,3_00567,3,age|AUS_no abnormalities|chem_elevated alt,age|AUS_no_abnormalities|chem_elevated_ALT,12.218772033219494,,4,108,logistic_deviance_improvement_age_linear_additive_to_joint_state,joint_state_n_lt_3;joint_state_n_lt_5;apparent_extreme_fraction_in_tiny_joint_state;age_model_newton_not_fully_converged,demographic|AUS|chemistry,True,0.011988011988011988,1.0,0.4405157732543995
869,3_01093,3,age|chem_hypoproteinemia|chem_hyperproteinemia,age|chem_hypoproteinemia|chem_hyperproteinemia,12.211127360847684,,4,108,logistic_deviance_improvement_age_linear_additive_to_joint_state,empty_joint_state;age_model_newton_not_fully_converged,demographic|chemistry|chemistry,True,0.008991008991008992,1.0,0.4405157732543995
870,3_00344,3,age|clinical signs_vomiting|chem_hyperproteinemia,age|clinical_signs_vomiting|chem_hyperproteinemia,12.200252129336107,,4,108,logistic_deviance_improvement_age_linear_additive_to_joint_state,joint_state_n_lt_3;joint_state_n_lt_5;apparent_extreme_fraction_in_tiny_joint_state;age_model_newton_not_fully_converged,demographic|clinical signs|chemistry,True,0.024975024975024976,1.0,0.4405157732543995
873,3_00788,3,age|AUS_enlarged pancreas|chem_hypoproteinemia,age|AUS_enlarged_pancreas|chem_hypoproteinemia,12.194572683403024,,4,108,logistic_deviance_improvement_age_linear_additive_to_joint_state,joint_state_n_lt_3;joint_state_n_lt_5;apparent_extreme_fraction_in_tiny_joint_state;age_model_newton_not_fully_converged,demographic|AUS|chemistry,True,0.014985014985014986,1.0,0.4405157732543995
877,3_00607,3,age|AUS_duodenum|chem_discordantly elevated bun,age|AUS_duodenal_thickening|chem_discordantly_elevated_BUN,12.181946675074215,,4,108,logistic_deviance_improvement_age_linear_additive_to_joint_state,empty_joint_state;joint_state_n_lt_3;joint_state_n_lt_5;apparent_extreme_fraction_in_tiny_joint_state;age_model_newton_not_fully_converged,demographic|AUS|chemistry,True,0.007992007992007992,1.0,0.4405157732543995
878,3_00792,3,age|AUS_enlarged pancreas|chem_elevated ast,age|AUS_enlarged_pancreas|chem_elevated_AST,12.181133117999849,,4,108,logistic_deviance_improvement_age_linear_additive_to_joint_state,empty_joint_state;joint_state_n_lt_3;joint_state_n_lt_5;apparent_extreme_fraction_in_tiny_joint_state,demographic|AUS|chemistry,True,0.006993006993006993,1.0,0.4405157732543995
884,3_00433,3,age|clinical signs_hyporexia|chem_hyperglycemia,age|clinical_signs_hyporexia|chem_hyperglycemia,12.164675088985362,,4,108,logistic_deviance_improvement_age_linear_additive_to_joint_state,empty_joint_state;joint_state_n_lt_3;joint_state_n_lt_5;apparent_extreme_fraction_in_tiny_joint_state;age_model_newton_not_fully_converged,demographic|clinical signs|chemistry,True,0.012987012987012988,1.0,0.4405157732543995
886,3_01049,3,age|CBC_lymphopenia|chem_hyperproteinemia,age|CBC_lymphopenia|chem_hyperproteinemia,12.160481284797712,,4,108,logistic_deviance_improvement_age_linear_additive_to_joint_state,empty_joint_state;age_model_newton_not_fully_converged,demographic|CBC|chemistry,True,0.007992007992007992,1.0,0.4405157732543995
887,3_01125,3,age|chem_decreased alt|chem_hypercholesterolemia,age|chem_decreased_ALT|chem_hypercholesterolemia,12.159679219678296,,4,108,logistic_deviance_improvement_age_linear_additive_to_joint_state,empty_joint_state;joint_state_n_lt_3;joint_state_n_lt_5;apparent_extreme_fraction_in_tiny_joint_state;age_model_newton_not_fully_converged,demographic|chemistry|chemistry,True,0.001998001998001998,1.0,0.4405157732543995
888,3_00715,3,age|AUS_mesenteric lymphadenopathy|AUS_ileus,age|AUS_mesenteric_lymphadenopathy|AUS_ileus,12.155491176509031,,4,108,logistic_deviance_improvement_age_linear_additive_to_joint_state,joint_state_n_lt_3;joint_state_n_lt_5;apparent_extreme_fraction_in_tiny_joint_state;age_model_newton_not_fully_converged,demographic|AUS|AUS,True,0.024975024975024976,1.0,0.4405157732543995
890,3_00780,3,age|AUS_enlarged pancreas|CBC_eosinopenia,age|AUS_enlarged_pancreas|CBC_eosinopenia,12.152949874259832,,4,108,logistic_deviance_improvement_age_linear_additive_to_joint_state,empty_joint_state;joint_state_n_lt_3;joint_state_n_lt_5;apparent_extreme_fraction_in_tiny_joint_state;age_model_newton_not_fully_converged,demographic|AUS|CBC,True,0.003996003996003996,1.0,0.4405157732543995
908,3_00385,3,age|clinical signs_diarrhea|chem_hyperproteinemia,age|clinical_signs_diarrhea|chem_hyperproteinemia,12.125004000142368,,4,108,logistic_deviance_improvement_age_linear_additive_to_joint_state,joint_state_n_lt_3;joint_state_n_lt_5;apparent_extreme_fraction_in_tiny_joint_state;age_model_newton_not_fully_converged,demographic|clinical signs|chemistry,True,0.017982017982017984,1.0,0.4405157732543995
909,3_00464,3,age|clinical signs_weight loss|chem_hyperproteinemia,age|clinical_signs_weight_loss|chem_hyperproteinemia,12.124358943031666,,4,108,logistic_deviance_improvement_age_linear_additive_to_joint_state,joint_state_n_lt_3;joint_state_n_lt_5;apparent_extreme_fraction_in_tiny_joint_state;age_model_newton_not_fully_converged,demographic|clinical signs|chemistry,True,0.026973026973026972,1.0,0.4405594405594406
910,3_01087,3,age|CBC_anemia|chem_discordantly elevated bun,age|CBC_anemia|chem_discordantly_elevated_BUN,12.122386453082342,,4,108,logistic_deviance_improvement_age_linear_additive_to_joint_state,empty_joint_state;joint_state_n_lt_3;joint_state_n_lt_5;apparent_extreme_fraction_in_tiny_joint_state;age_model_newton_not_fully_converged,demographic|CBC|chemistry,True,0.011988011988011988,1.0,0.4405157732543995
4,2_00037,2,age|chem_hyperproteinemia,age|chem_hyperproteinemia,12.12030881962005,,2,108,logistic_deviance_improvement_age_linear_additive_to_joint_state,age_model_newton_not_fully_converged,demographic|chemistry,True,0.002997002997002997,0.922077922077922,0.42977206279958574
911,3_01114,3,age|chem_hyperproteinemia|chem_hypercholesterolemia,age|chem_hyperproteinemia|chem_hypercholesterolemia,12.12030881870038,,4,108,logistic_deviance_improvement_age_linear_additive_to_joint_state,empty_joint_state;joint_state_n_lt_3;joint_state_n_lt_5;apparent_extreme_fraction_in_tiny_joint_state;age_model_newton_not_fully_converged,demographic|chemistry|chemistry,True,0.003996003996003996,1.0,0.4405157732543995
914,3_01030,3,age|CBC_lymphocytosis|chem_no abnormalities,age|CBC_lymphocytosis|chem_no_abnormalities,12.115571198299023,,4,108,logistic_deviance_improvement_age_linear_additive_to_joint_state,joint_state_n_lt_3;joint_state_n_lt_5;apparent_extreme_fraction_in_tiny_joint_state;age_model_newton_not_fully_converged,demographic|CBC|chemistry,True,0.007992007992007992,1.0,0.4405157732543995
929,3_00258,3,age|breed_group|CBC_basocytosis,age|breed_group|CBC_basocytosis,12.095477916765006,,5,108,logistic_deviance_improvement_age_linear_additive_to_joint_state,joint_state_n_lt_3;joint_state_n_lt_5;apparent_extreme_fraction_in_tiny_joint_state;age_model_newton_not_fully_converged,demographic|demographic|CBC,True,0.04595404595404595,1.0,0.47251396521272127
942,3_00540,3,age|clinical signs_constipation|chem_decreased alt,age|clinical_signs_constipation|chem_decreased_ALT,12.079178084358304,,4,108,logistic_deviance_improvement_age_linear_additive_to_joint_state,empty_joint_state;joint_state_n_lt_3;joint_state_n_lt_5;apparent_extreme_fraction_in_tiny_joint_state;age_model_newton_not_fully_converged,demographic|clinical signs|chemistry,True,0.005994005994005994,1.0,0.4405157732543995
947,3_00782,3,age|AUS_enlarged pancreas|CBC_basocytosis,age|AUS_enlarged_pancreas|CBC_basocytosis,12.064105965118785,,4,108,logistic_deviance_improvement_age_linear_additive_to_joint_state,empty_joint_state;joint_state_n_lt_3;joint_state_n_lt_5;apparent_extreme_fraction_in_tiny_joint_state;age_model_newton_not_fully_converged,demographic|AUS|CBC,True,0.005994005994005994,1.0,0.4405157732543995
948,3_00423,3,age|clinical signs_hyporexia|chem_no abnormalities,age|clinical_signs_hyporexia|chem_no_abnormalities,12.054028579099366,,4,108,logistic_deviance_improvement_age_linear_additive_to_joint_state,,demographic|clinical signs|chemistry,True,0.026973026973026972,1.0,0.4405594405594406
952,3_00877,3,age|AUS_gall bladder sludge|chem_discordantly elevated bun,age|AUS_gall_bladder_sludge|chem_discordantly_elevated_BUN,12.04999419691626,,4,108,logistic_deviance_improvement_age_linear_additive_to_joint_state,empty_joint_state;joint_state_n_lt_3;joint_state_n_lt_5;apparent_extreme_fraction_in_tiny_joint_state;age_model_newton_not_fully_converged,demographic|AUS|chemistry,True,0.008991008991008992,1.0,0.4405157732543995
957,3_01040,3,age|CBC_lymphocytosis|chem_hyperglycemia,age|CBC_lymphocytosis|chem_hyperglycemia,12.040665773251561,,4,108,logistic_deviance_improvement_age_linear_additive_to_joint_state,empty_joint_state;joint_state_n_lt_3;joint_state_n_lt_5;apparent_extreme_fraction_in_tiny_joint_state;age_model_newton_not_fully_converged,demographic|CBC|chemistry,True,0.004995004995004995,1.0,0.4405157732543995
958,3_00572,3,age|AUS_no abnormalities|chem_discordantly elevated bun,age|AUS_no_abnormalities|chem_discordantly_elevated_BUN,12.037482393740788,,4,108,logistic_deviance_improvement_age_linear_additive_to_joint_state,empty_joint_state;joint_state_n_lt_3;joint_state_n_lt_5;apparent_extreme_fraction_in_tiny_joint_state;age_model_newton_not_fully_converged,demographic|AUS|chemistry,True,0.008991008991008992,1.0,0.4405157732543995
960,3_00257,3,age|breed_group|CBC_basophilia,age|breed_group|CBC_basophilia,12.031531045672395,,6,108,logistic_deviance_improvement_age_linear_additive_to_joint_state,joint_state_n_lt_3;joint_state_n_lt_5;apparent_extreme_fraction_in_tiny_joint_state,demographic|demographic|CBC,True,0.0939060939060939,1.0,0.5441458876387252
964,3_00267,3,age|breed_group|chem_elevated alt,age|breed_group|chem_elevated_ALT,12.017370621307094,,7,108,logistic_deviance_improvement_age_linear_additive_to_joint_state,joint_state_n_lt_3;joint_state_n_lt_5;apparent_extreme_fraction_in_tiny_joint_state;age_model_newton_not_fully_converged,demographic|demographic|chemistry,True,0.13986013986013987,1.0,0.5917084232134693
968,3_00729,3,age|AUS_mesenteric lymphadenopathy|chem_hypoproteinemia,age|AUS_mesenteric_lymphadenopathy|chem_hypoproteinemia,12.011666104863096,,4,108,logistic_deviance_improvement_age_linear_additive_to_joint_state,joint_state_n_lt_3;joint_state_n_lt_5;apparent_extreme_fraction_in_tiny_joint_state;age_model_newton_not_fully_converged,demographic|AUS|chemistry,True,0.026973026973026972,1.0,0.4405594405594406
974,3_00254,3,age|breed_group|CBC_neutropenia,age|breed_group|CBC_neutropenia,11.998309364309122,,6,108,logistic_deviance_improvement_age_linear_additive_to_joint_state,joint_state_n_lt_3;joint_state_n_lt_5;apparent_extreme_fraction_in_tiny_joint_state;age_model_newton_not_fully_converged,demographic|demographic|CBC,True,0.09490509490509491,1.0,0.545611026409333
976,3_00282,3,age|clinical signs_none|AUS_colon,age|clinical_signs_none_reported|AUS_colonic_thickening,11.994132153216427,,4,108,logistic_deviance_improvement_age_linear_additive_to_joint_state,joint_state_n_lt_3;joint_state_n_lt_5;apparent_extreme_fraction_in_tiny_joint_state;age_model_newton_not_fully_converged,demographic|clinical signs|AUS,True,0.024975024975024976,1.0,0.4405157732543995
980,3_01072,3,age|CBC_monocytosis|chem_discordantly elevated bun,age|CBC_monocytosis|chem_discordantly_elevated_BUN,11.978330942508919,,4,108,logistic_deviance_improvement_age_linear_additive_to_joint_state,empty_joint_state;joint_state_n_lt_3;joint_state_n_lt_5;apparent_extreme_fraction_in_tiny_joint_state;age_model_newton_not_fully_converged,demographic|CBC|chemistry,True,0.006993006993006993,1.0,0.4405157732543995
990,3_00774,3,age|AUS_enlarged pancreas|AUS_ileus,age|AUS_enlarged_pancreas|AUS_ileus,11.950667608220158,,4,108,logistic_deviance_improvement_age_linear_additive_to_joint_state,empty_joint_state,demographic|AUS|AUS,True,0.008991008991008992,1.0,0.4405157732543995
991,3_00428,3,age|clinical signs_hyporexia|chem_elevated ast,age|clinical_signs_hyporexia|chem_elevated_AST,11.947272603146729,,4,108,logistic_deviance_improvement_age_linear_additive_to_joint_state,joint_state_n_lt_3;joint_state_n_lt_5;apparent_extreme_fraction_in_tiny_joint_state;age_model_newton_not_fully_converged,demographic|clinical signs|chemistry,True,0.015984015984015984,1.0,0.4405157732543995
995,3_00976,3,age|CBC_eosinopenia|chem_decreased alt,age|CBC_eosinopenia|chem_decreased_ALT,11.941051769215093,,4,108,logistic_deviance_improvement_age_linear_additive_to_joint_state,empty_joint_state;joint_state_n_lt_3;joint_state_n_lt_5;apparent_extreme_fraction_in_tiny_joint_state;age_model_newton_not_fully_converged,demographic|CBC|chemistry,True,0.001998001998001998,1.0,0.4405157732543995
996,3_01142,3,age|chem_elevated ast|chem_discordantly elevated bun,age|chem_elevated_AST|chem_discordantly_elevated_BUN,11.940575710396729,,4,108,logistic_deviance_improvement_age_linear_additive_to_joint_state,empty_joint_state;joint_state_n_lt_3;joint_state_n_lt_5;apparent_extreme_fraction_in_tiny_joint_state;age_model_newton_not_fully_converged,demographic|chemistry|chemistry,True,0.007992007992007992,1.0,0.4405157732543995
998,3_00823,3,age|AUS_splenomegaly|chem_azotemia,age|AUS_splenomegaly|chem_azotemia,11.933532813626215,,4,108,logistic_deviance_improvement_age_linear_additive_to_joint_state,joint_state_n_lt_5;apparent_extreme_fraction_in_tiny_joint_state,demographic|AUS|chemistry,True,0.028971028971028972,1.0,0.44419129257838935
1001,3_01149,3,age|chem_elevated alp|chem_azotemia,age|chem_elevated_ALP|chem_azotemia,11.930901641641384,,4,108,logistic_deviance_improvement_age_linear_additive_to_joint_state,empty_joint_state;joint_state_n_lt_3;joint_state_n_lt_5;apparent_extreme_fraction_in_tiny_joint_state;age_model_newton_not_fully_converged,demographic|chemistry|chemistry,True,0.008991008991008992,1.0,0.4405157732543995
1004,3_01100,3,age|chem_hypoproteinemia|chem_discordantly elevated bun,age|chem_hypoproteinemia|chem_discordantly_elevated_BUN,11.929539761050336,,4,108,logistic_deviance_improvement_age_linear_additive_to_joint_state,empty_joint_state;joint_state_n_lt_3;joint_state_n_lt_5;apparent_extreme_fraction_in_tiny_joint_state;age_model_newton_not_fully_converged,demographic|chemistry|chemistry,True,0.005994005994005994,1.0,0.4405157732543995
1018,3_00717,3,age|AUS_mesenteric lymphadenopathy|CBC_no abnormalities,age|AUS_mesenteric_lymphadenopathy|CBC_no_abnormalities,11.913017105158318,,4,108,logistic_deviance_improvement_age_linear_additive_to_joint_state,,demographic|AUS|CBC,True,0.022977022977022976,1.0,0.4405157732543995
1019,3_01133,3,age|chem_elevated alt|chem_discordantly elevated bun,age|chem_elevated_ALT|chem_discordantly_elevated_BUN,11.911849073707884,,4,108,logistic_deviance_improvement_age_linear_additive_to_joint_state,empty_joint_state;joint_state_n_lt_3;joint_state_n_lt_5;apparent_extreme_fraction_in_tiny_joint_state;age_model_newton_not_fully_converged,demographic|chemistry|chemistry,True,0.008991008991008992,1.0,0.4405157732543995
1030,3_01167,3,age|chem_azotemia|chem_hypokalemia,age|chem_azotemia|chem_hypokalemia,11.890163620115715,,4,108,logistic_deviance_improvement_age_linear_additive_to_joint_state,joint_state_n_lt_3;joint_state_n_lt_5;apparent_extreme_fraction_in_tiny_joint_state;age_model_newton_not_fully_converged,demographic|chemistry|chemistry,True,0.01998001998001998,1.0,0.4405157732543995
1032,3_00993,3,age|CBC_basophilia|chem_no abnormalities,age|CBC_basophilia|chem_no_abnormalities,11.888364727946893,,4,108,logistic_deviance_improvement_age_linear_additive_to_joint_state,joint_state_n_lt_3;joint_state_n_lt_5;apparent_extreme_fraction_in_tiny_joint_state;age_model_newton_not_fully_converged,demographic|CBC|chemistry,True,0.013986013986013986,1.0,0.4405157732543995
1033,3_00262,3,age|breed_group|CBC_anemia,age|breed_group|CBC_anemia,11.888298944699699,,5,108,logistic_deviance_improvement_age_linear_additive_to_joint_state,joint_state_n_lt_5,demographic|demographic|CBC,True,0.060939060939060936,1.0,0.49406116271787914
1042,3_01056,3,age|CBC_lymphopenia|chem_discordantly elevated bun,age|CBC_lymphopenia|chem_discordantly_elevated_BUN,11.841969281182628,,4,108,logistic_deviance_improvement_age_linear_additive_to_joint_state,empty_joint_state;joint_state_n_lt_3;joint_state_n_lt_5;apparent_extreme_fraction_in_tiny_joint_state;age_model_newton_not_fully_converged,demographic|CBC|chemistry,True,0.012987012987012988,1.0,0.4405157732543995
1046,3_01091,3,age|CBC_anemia|chem_hypokalemia,age|CBC_anemia|chem_hypokalemia,11.840223778210031,,4,108,logistic_deviance_improvement_age_linear_additive_to_joint_state,joint_state_n_lt_3;joint_state_n_lt_5;apparent_extreme_fraction_in_tiny_joint_state;age_model_newton_not_fully_converged,demographic|CBC|chemistry,True,0.01898101898101898,1.0,0.4405157732543995
1048,3_01041,3,age|CBC_lymphocytosis|chem_hypercholesterolemia,age|CBC_lymphocytosis|chem_hypercholesterolemia,11.837139954592658,,4,108,logistic_deviance_improvement_age_linear_additive_to_joint_state,empty_joint_state;joint_state_n_lt_3;joint_state_n_lt_5;apparent_extreme_fraction_in_tiny_joint_state;age_model_newton_not_fully_converged,demographic|CBC|chemistry,True,0.003996003996003996,1.0,0.4405157732543995
1049,3_00767,3,age|AUS_chronic degenerative renal changes|chem_discordantly elevated bun,age|AUS_chronic_degenerative_renal_changes|chem_discordantly_elevated_BUN,11.83712161946572,,4,108,logistic_deviance_improvement_age_linear_additive_to_joint_state,joint_state_n_lt_3;joint_state_n_lt_5;apparent_extreme_fraction_in_tiny_joint_state;age_model_newton_not_fully_converged,demographic|AUS|chemistry,True,0.014985014985014986,1.0,0.4405157732543995
1055,3_00309,3,age|clinical signs_none|chem_discordantly elevated bun,age|clinical_signs_none_reported|chem_discordantly_elevated_BUN,11.825665947680747,,4,108,logistic_deviance_improvement_age_linear_additive_to_joint_state,empty_joint_state;joint_state_n_lt_3;joint_state_n_lt_5;apparent_extreme_fraction_in_tiny_joint_state;age_model_newton_not_fully_converged,demographic|clinical signs|chemistry,True,0.007992007992007992,1.0,0.4405157732543995
1062,3_00177,3,age|tli_high|chem_decreased alt,age|tli_high|chem_decreased_ALT,11.818991057668981,,4,87,logistic_deviance_improvement_age_linear_additive_to_joint_state,empty_joint_state;joint_state_n_lt_3;joint_state_n_lt_5;apparent_extreme_fraction_in_tiny_joint_state;age_model_newton_not_fully_converged,demographic|GI panel|chemistry,True,0.01098901098901099,1.0,0.4405157732543995
1064,3_00238,3,age|breed_group|clinical signs_weight loss,age|breed_group|clinical_signs_weight_loss,11.817182297124475,,8,108,logistic_deviance_improvement_age_linear_additive_to_joint_state,joint_state_n_lt_5,demographic|demographic|clinical signs,True,0.24975024975024976,1.0,0.6779342873003639
1071,3_00357,3,age|clinical signs_diarrhea|clinical signs_hyporexia,age|clinical_signs_diarrhea|clinical_signs_hyporexia,11.81049432155092,,4,108,logistic_deviance_improvement_age_linear_additive_to_joint_state,joint_state_n_lt_3;joint_state_n_lt_5;apparent_extreme_fraction_in_tiny_joint_state,demographic|clinical signs|clinical signs,True,0.024975024975024976,1.0,0.4405157732543995
1075,3_00400,3,age|clinical signs_hyporexia|clinical signs_constipation,age|clinical_signs_hyporexia|clinical_signs_constipation,11.80198162846385,,4,108,logistic_deviance_improvement_age_linear_additive_to_joint_state,empty_joint_state;joint_state_n_lt_3;joint_state_n_lt_5;apparent_extreme_fraction_in_tiny_joint_state;age_model_newton_not_fully_converged,demographic|clinical signs|clinical signs,True,0.01098901098901099,1.0,0.4405157732543995
1082,3_01172,3,age|chem_discordantly elevated bun|chem_hypokalemia,age|chem_discordantly_elevated_BUN|chem_hypokalemia,11.7914535552339,,4,108,logistic_deviance_improvement_age_linear_additive_to_joint_state,empty_joint_state;joint_state_n_lt_3;joint_state_n_lt_5;apparent_extreme_fraction_in_tiny_joint_state;age_model_newton_not_fully_converged,demographic|chemistry|chemistry,True,0.008991008991008992,1.0,0.4405157732543995
1084,3_00275,3,age|breed_group|chem_hypercalcemia,age|breed_group|chem_hypercalcemia,11.784309025006138,,5,108,logistic_deviance_improvement_age_linear_additive_to_joint_state,joint_state_n_lt_3;joint_state_n_lt_5;apparent_extreme_fraction_in_tiny_joint_state;age_model_newton_not_fully_converged,demographic|demographic|chemistry,True,0.052947052947052944,1.0,0.4809504876394508
1085,3_01128,3,age|chem_decreased alt|chem_hypophosphatemia,age|chem_decreased_ALT|chem_hypophosphatemia,11.784224553313877,,4,108,logistic_deviance_improvement_age_linear_additive_to_joint_state,empty_joint_state;joint_state_n_lt_3;joint_state_n_lt_5;apparent_extreme_fraction_in_tiny_joint_state;age_model_newton_not_fully_converged,demographic|chemistry|chemistry,True,0.006993006993006993,1.0,0.4405157732543995
1091,3_01121,3,age|chem_decreased alt|chem_elevated total bilirubin,age|chem_decreased_ALT|chem_elevated_total_bilirubin,11.772287223612196,,4,108,logistic_deviance_improvement_age_linear_additive_to_joint_state,empty_joint_state;joint_state_n_lt_3;joint_state_n_lt_5;apparent_extreme_fraction_in_tiny_joint_state;age_model_newton_not_fully_converged,demographic|chemistry|chemistry,True,0.006993006993006993,1.0,0.4405157732543995
1104,3_00641,3,age|AUS_jejunum|chem_discordantly elevated bun,age|AUS_jejunal_thickening|chem_discordantly_elevated_BUN,11.760447391658147,,4,108,logistic_deviance_improvement_age_linear_additive_to_joint_state,empty_joint_state;joint_state_n_lt_3;joint_state_n_lt_5;apparent_extreme_fraction_in_tiny_joint_state;age_model_newton_not_fully_converged,demographic|AUS|chemistry,True,0.012987012987012988,1.0,0.4405157732543995
1111,3_00392,3,age|clinical signs_diarrhea|chem_discordantly elevated bun,age|clinical_signs_diarrhea|chem_discordantly_elevated_BUN,11.751108986448997,,4,108,logistic_deviance_improvement_age_linear_additive_to_joint_state,joint_state_n_lt_3;joint_state_n_lt_5;apparent_extreme_fraction_in_tiny_joint_state;age_model_newton_not_fully_converged,demographic|clinical signs|chemistry,True,0.012987012987012988,1.0,0.4405157732543995
1120,3_00471,3,age|clinical signs_weight loss|chem_discordantly elevated bun,age|clinical_signs_weight_loss|chem_discordantly_elevated_BUN,11.735783501339654,,4,108,logistic_deviance_improvement_age_linear_additive_to_joint_state,joint_state_n_lt_3;joint_state_n_lt_5;apparent_extreme_fraction_in_tiny_joint_state;age_model_newton_not_fully_converged,demographic|clinical signs|chemistry,True,0.013986013986013986,1.0,0.4405157732543995
1125,3_00799,3,age|AUS_enlarged pancreas|chem_hypercalcemia,age|AUS_enlarged_pancreas|chem_hypercalcemia,11.732572415594348,,4,108,logistic_deviance_improvement_age_linear_additive_to_joint_state,empty_joint_state;joint_state_n_lt_3;joint_state_n_lt_5;apparent_extreme_fraction_in_tiny_joint_state;age_model_newton_not_fully_converged,demographic|AUS|chemistry,True,0.006993006993006993,1.0,0.4405157732543995
1126,3_00533,3,age|clinical signs_constipation|CBC_lymphocytosis,age|clinical_signs_constipation|CBC_lymphocytosis,11.728371247075643,,4,108,logistic_deviance_improvement_age_linear_additive_to_joint_state,empty_joint_state;joint_state_n_lt_3;joint_state_n_lt_5;apparent_extreme_fraction_in_tiny_joint_state;age_model_newton_not_fully_converged,demographic|clinical signs|CBC,True,0.005994005994005994,1.0,0.4405157732543995
1127,3_00939,3,age|CBC_neutropenia|chem_discordantly elevated bun,age|CBC_neutropenia|chem_discordantly_elevated_BUN,11.725318599817655,,4,108,logistic_deviance_improvement_age_linear_additive_to_joint_state,empty_joint_state;joint_state_n_lt_3;joint_state_n_lt_5;apparent_extreme_fraction_in_tiny_joint_state;age_model_newton_not_fully_converged,demographic|CBC|chemistry,True,0.012987012987012988,1.0,0.4405157732543995
1128,3_00299,3,age|clinical signs_none|CBC_anemia,age|clinical_signs_none_reported|CBC_anemia,11.71911684351474,,4,108,logistic_deviance_improvement_age_linear_additive_to_joint_state,joint_state_n_lt_3;joint_state_n_lt_5;apparent_extreme_fraction_in_tiny_joint_state;age_model_newton_not_fully_converged,demographic|clinical signs|CBC,True,0.01898101898101898,1.0,0.4405157732543995
1129,3_00500,3,age|clinical signs_hairball obstruction|chem_no abnormalities,age|clinical_signs_hairball_obstruction|chem_no_abnormalities,11.716749647511918,,4,108,logistic_deviance_improvement_age_linear_additive_to_joint_state,joint_state_n_lt_3;joint_state_n_lt_5;apparent_extreme_fraction_in_tiny_joint_state;age_model_newton_not_fully_converged,demographic|clinical signs|chemistry,True,0.011988011988011988,1.0,0.4405157732543995
7,2_00044,2,age|chem_discordantly elevated bun,age|chem_discordantly_elevated_BUN,11.70754405151186,,2,108,logistic_deviance_improvement_age_linear_additive_to_joint_state,joint_state_n_lt_3;joint_state_n_lt_5;apparent_extreme_fraction_in_tiny_joint_state;age_model_newton_not_fully_converged,demographic|chemistry,True,0.001998001998001998,0.9530469530469531,0.42977206279958574
1142,3_00368,3,age|clinical signs_diarrhea|AUS_enlarged pancreas,age|clinical_signs_diarrhea|AUS_enlarged_pancreas,11.692255940333439,,4,108,logistic_deviance_improvement_age_linear_additive_to_joint_state,,demographic|clinical signs|AUS,True,0.016983016983016984,1.0,0.4405157732543995
1144,3_00724,3,age|AUS_mesenteric lymphadenopathy|CBC_lymphocytosis,age|AUS_mesenteric_lymphadenopathy|CBC_lymphocytosis,11.691250252573255,,4,108,logistic_deviance_improvement_age_linear_additive_to_joint_state,joint_state_n_lt_3;joint_state_n_lt_5;apparent_extreme_fraction_in_tiny_joint_state;age_model_newton_not_fully_converged,demographic|AUS|CBC,True,0.01998001998001998,1.0,0.4405157732543995
1149,3_01152,3,age|chem_elevated alp|chem_hypercholesterolemia,age|chem_elevated_ALP|chem_hypercholesterolemia,11.67912243465075,,4,108,logistic_deviance_improvement_age_linear_additive_to_joint_state,empty_joint_state;joint_state_n_lt_3;joint_state_n_lt_5;apparent_extreme_fraction_in_tiny_joint_state;age_model_newton_not_fully_converged,demographic|chemistry|chemistry,True,0.003996003996003996,1.0,0.4405157732543995
1157,3_00650,3,age|AUS_ileum|AUS_enlarged pancreas,age|AUS_ileal_thickening|AUS_enlarged_pancreas,11.664463130872107,,4,108,logistic_deviance_improvement_age_linear_additive_to_joint_state,,demographic|AUS|AUS,True,0.023976023976023976,1.0,0.4405157732543995
1159,3_01038,3,age|CBC_lymphocytosis|chem_azotemia,age|CBC_lymphocytosis|chem_azotemia,11.659777789558888,,4,108,logistic_deviance_improvement_age_linear_additive_to_joint_state,empty_joint_state;joint_state_n_lt_3;joint_state_n_lt_5;apparent_extreme_fraction_in_tiny_joint_state;age_model_newton_not_fully_converged,demographic|CBC|chemistry,True,0.008991008991008992,1.0,0.4405157732543995
1163,3_00821,3,age|AUS_splenomegaly|chem_elevated alp,age|AUS_splenomegaly|chem_elevated_ALP,11.654008715171912,,4,108,logistic_deviance_improvement_age_linear_additive_to_joint_state,empty_joint_state;joint_state_n_lt_3;joint_state_n_lt_5;apparent_extreme_fraction_in_tiny_joint_state;age_model_newton_not_fully_converged,demographic|AUS|chemistry,True,0.01098901098901099,1.0,0.4405157732543995
1179,3_00794,3,age|AUS_enlarged pancreas|chem_elevated total bilirubin,age|AUS_enlarged_pancreas|chem_elevated_total_bilirubin,11.633106045952275,,4,108,logistic_deviance_improvement_age_linear_additive_to_joint_state,empty_joint_state;joint_state_n_lt_3;joint_state_n_lt_5;apparent_extreme_fraction_in_tiny_joint_state;age_model_newton_not_fully_converged,demographic|AUS|chemistry,True,0.007992007992007992,1.0,0.4405157732543995
1181,3_01035,3,age|CBC_lymphocytosis|chem_elevated ast,age|CBC_lymphocytosis|chem_elevated_AST,11.629444465809101,,4,108,logistic_deviance_improvement_age_linear_additive_to_joint_state,joint_state_n_lt_3;joint_state_n_lt_5;apparent_extreme_fraction_in_tiny_joint_state;age_model_newton_not_fully_converged,demographic|CBC|chemistry,True,0.007992007992007992,1.0,0.4405157732543995
1183,3_00958,3,age|CBC_eosinophilia|chem_elevated alp,age|CBC_eosinophilia|chem_elevated_ALP,11.61365299930732,,4,108,logistic_deviance_improvement_age_linear_additive_to_joint_state,empty_joint_state;joint_state_n_lt_3;joint_state_n_lt_5;apparent_extreme_fraction_in_tiny_joint_state;age_model_newton_not_fully_converged,demographic|CBC|chemistry,True,0.01098901098901099,1.0,0.4405157732543995
1189,3_00409,3,age|clinical signs_hyporexia|AUS_splenomegaly,age|clinical_signs_hyporexia|AUS_splenomegaly,11.609969194462636,,4,108,logistic_deviance_improvement_age_linear_additive_to_joint_state,joint_state_n_lt_3;joint_state_n_lt_5;apparent_extreme_fraction_in_tiny_joint_state;age_model_newton_not_fully_converged,demographic|clinical signs|AUS,True,0.026973026973026972,1.0,0.4405594405594406
1200,3_00241,3,age|breed_group|AUS_no abnormalities,age|breed_group|AUS_no_abnormalities,11.596355998301036,,5,108,logistic_deviance_improvement_age_linear_additive_to_joint_state,joint_state_n_lt_5;apparent_extreme_fraction_in_tiny_joint_state,demographic|demographic|AUS,True,0.061938061938061936,1.0,0.49540026654035907
1203,3_00383,3,age|clinical signs_diarrhea|chem_no abnormalities,age|clinical_signs_diarrhea|chem_no_abnormalities,11.593353665612526,,4,108,logistic_deviance_improvement_age_linear_additive_to_joint_state,,demographic|clinical signs|chemistry,True,0.027972027972027972,1.0,0.44206500066849197
1210,3_00543,3,age|clinical signs_constipation|chem_elevated alp,age|clinical_signs_constipation|chem_elevated_ALP,11.583663669598607,,4,108,logistic_deviance_improvement_age_linear_additive_to_joint_state,empty_joint_state;joint_state_n_lt_3;joint_state_n_lt_5;apparent_extreme_fraction_in_tiny_joint_state;age_model_newton_not_fully_converged,demographic|clinical signs|chemistry,True,0.005994005994005994,1.0,0.4405157732543995
1215,3_00404,3,age|clinical signs_hyporexia|AUS_ileum,age|clinical_signs_hyporexia|AUS_ileal_thickening,11.552751597378204,,4,108,logistic_deviance_improvement_age_linear_additive_to_joint_state,joint_state_n_lt_3;joint_state_n_lt_5;apparent_extreme_fraction_in_tiny_joint_state;age_model_newton_not_fully_converged,demographic|clinical signs|AUS,True,0.03296703296703297,1.0,0.4566918230284567
1216,3_00172,3,age|tli_high|CBC_monocytosis,age|tli_high|CBC_monocytosis,11.551361431890982,,4,87,logistic_deviance_improvement_age_linear_additive_to_joint_state,age_model_newton_not_fully_converged,demographic|GI panel|CBC,True,0.025974025974025976,1.0,0.4405157732543995
1219,3_00962,3,age|CBC_eosinophilia|chem_hyperglycemia,age|CBC_eosinophilia|chem_hyperglycemia,11.542473624498527,,4,108,logistic_deviance_improvement_age_linear_additive_to_joint_state,empty_joint_state;joint_state_n_lt_3;joint_state_n_lt_5;apparent_extreme_fraction_in_tiny_joint_state;age_model_newton_not_fully_converged,demographic|CBC|chemistry,True,0.01098901098901099,1.0,0.4405157732543995
1220,3_00412,3,age|clinical signs_hyporexia|CBC_no abnormalities,age|clinical_signs_hyporexia|CBC_no_abnormalities,11.540280048784709,,4,108,logistic_deviance_improvement_age_linear_additive_to_joint_state,joint_state_n_lt_5;apparent_extreme_fraction_in_tiny_joint_state;age_model_newton_not_fully_converged,demographic|clinical signs|CBC,True,0.04195804195804196,1.0,0.46297521399088437
1230,3_00461,3,age|clinical signs_weight loss|CBC_anemia,age|clinical_signs_weight_loss|CBC_anemia,11.53108042364984,,4,108,logistic_deviance_improvement_age_linear_additive_to_joint_state,joint_state_n_lt_3;joint_state_n_lt_5;apparent_extreme_fraction_in_tiny_joint_state;age_model_newton_not_fully_converged,demographic|clinical signs|CBC,True,0.02097902097902098,1.0,0.4405157732543995
1258,3_00462,3,age|clinical signs_weight loss|chem_no abnormalities,age|clinical_signs_weight_loss|chem_no_abnormalities,11.504122923407536,,4,108,logistic_deviance_improvement_age_linear_additive_to_joint_state,,demographic|clinical signs|chemistry,True,0.01998001998001998,1.0,0.4405157732543995
1260,3_00757,3,age|AUS_chronic degenerative renal changes|CBC_anemia,age|AUS_chronic_degenerative_renal_changes|CBC_anemia,11.503167963938608,,4,108,logistic_deviance_improvement_age_linear_additive_to_joint_state,joint_state_n_lt_3;joint_state_n_lt_5;apparent_extreme_fraction_in_tiny_joint_state;age_model_newton_not_fully_converged,demographic|AUS|CBC,True,0.029970029970029972,1.0,0.45114030862249394
1264,3_00825,3,age|AUS_splenomegaly|chem_hyperglycemia,age|AUS_splenomegaly|chem_hyperglycemia,11.498085362823645,,4,108,logistic_deviance_improvement_age_linear_additive_to_joint_state,empty_joint_state;joint_state_n_lt_3;joint_state_n_lt_5;apparent_extreme_fraction_in_tiny_joint_state;age_model_newton_not_fully_converged,demographic|AUS|chemistry,True,0.00999000999000999,1.0,0.4405157732543995
1267,3_00848,3,age|AUS_ileus|chem_elevated alp,age|AUS_ileus|chem_elevated_ALP,11.49221710119265,,4,108,logistic_deviance_improvement_age_linear_additive_to_joint_state,empty_joint_state;joint_state_n_lt_3;joint_state_n_lt_5;apparent_extreme_fraction_in_tiny_joint_state;age_model_newton_not_fully_converged,demographic|AUS|chemistry,True,0.01098901098901099,1.0,0.4405157732543995
1287,3_01066,3,age|CBC_monocytosis|chem_decreased alt,age|CBC_monocytosis|chem_decreased_ALT,11.475449988615381,,4,108,logistic_deviance_improvement_age_linear_additive_to_joint_state,joint_state_n_lt_3;joint_state_n_lt_5;apparent_extreme_fraction_in_tiny_joint_state;age_model_newton_not_fully_converged,demographic|CBC|chemistry,True,0.01998001998001998,1.0,0.4405157732543995
1289,3_00776,3,age|AUS_enlarged pancreas|CBC_no abnormalities,age|AUS_enlarged_pancreas|CBC_no_abnormalities,11.471569351466982,,4,108,logistic_deviance_improvement_age_linear_additive_to_joint_state,,demographic|AUS|CBC,True,0.023976023976023976,1.0,0.4405157732543995
1290,3_00143,3,age|tli_high|pli_abn,age|tli_high|pli_abn,11.47067127042375,,4,86,logistic_deviance_improvement_age_linear_additive_to_joint_state,joint_state_n_lt_5;apparent_extreme_fraction_in_tiny_joint_state,demographic|GI panel|GI panel,True,0.028971028971028972,1.0,0.44419129257838935
1294,3_00734,3,age|AUS_mesenteric lymphadenopathy|chem_elevated alp,age|AUS_mesenteric_lymphadenopathy|chem_elevated_ALP,11.455121603316215,,4,108,logistic_deviance_improvement_age_linear_additive_to_joint_state,empty_joint_state;joint_state_n_lt_3;joint_state_n_lt_5;apparent_extreme_fraction_in_tiny_joint_state;age_model_newton_not_fully_converged,demographic|AUS|chemistry,True,0.00999000999000999,1.0,0.4405157732543995
1297,3_00137,3,age|folate_low|chem_discordantly elevated bun,age|folate_low|chem_discordantly_elevated_BUN,11.449617130584258,,4,90,logistic_deviance_improvement_age_linear_additive_to_joint_state,empty_joint_state;joint_state_n_lt_3;joint_state_n_lt_5;apparent_extreme_fraction_in_tiny_joint_state;age_model_newton_not_fully_converged,demographic|GI panel|chemistry,True,0.00999000999000999,1.0,0.4405157732543995
1302,3_00156,3,age|tli_high|AUS_colon,age|tli_high|AUS_colonic_thickening,11.428016129249329,,4,87,logistic_deviance_improvement_age_linear_additive_to_joint_state,joint_state_n_lt_3;joint_state_n_lt_5;apparent_extreme_fraction_in_tiny_joint_state;age_model_newton_not_fully_converged,demographic|GI panel|AUS,True,0.03496503496503497,1.0,0.4587682848552414
1303,3_00671,3,age|AUS_ileum|chem_elevated alp,age|AUS_ileal_thickening|chem_elevated_ALP,11.422794816161002,,4,108,logistic_deviance_improvement_age_linear_additive_to_joint_state,empty_joint_state;joint_state_n_lt_3;joint_state_n_lt_5;apparent_extreme_fraction_in_tiny_joint_state;age_model_newton_not_fully_converged,demographic|AUS|chemistry,True,0.01098901098901099,1.0,0.4405157732543995
1309,3_00857,3,age|AUS_gall bladder sludge|CBC_no abnormalities,age|AUS_gall_bladder_sludge|CBC_no_abnormalities,11.401052805256896,,4,108,logistic_deviance_improvement_age_linear_additive_to_joint_state,,demographic|AUS|CBC,True,0.03196803196803197,1.0,0.4559461543707605
1312,3_01015,3,age|CBC_basocytosis|chem_decreased alt,age|CBC_basocytosis|chem_decreased_ALT,11.395693074909289,,4,108,logistic_deviance_improvement_age_linear_additive_to_joint_state,empty_joint_state;joint_state_n_lt_3;joint_state_n_lt_5;apparent_extreme_fraction_in_tiny_joint_state;age_model_newton_not_fully_converged,demographic|CBC|chemistry,True,0.003996003996003996,1.0,0.4405157732543995
1315,3_00154,3,age|tli_high|AUS_jejunum,age|tli_high|AUS_jejunal_thickening,11.394572050297597,,4,87,logistic_deviance_improvement_age_linear_additive_to_joint_state,age_model_newton_not_fully_converged,demographic|GI panel|AUS,True,0.03296703296703297,1.0,0.4566918230284567
1316,3_00183,3,age|tli_high|chem_discordantly elevated bun,age|tli_high|chem_discordantly_elevated_BUN,11.39328827166699,,4,87,logistic_deviance_improvement_age_linear_additive_to_joint_state,empty_joint_state;joint_state_n_lt_3;joint_state_n_lt_5;apparent_extreme_fraction_in_tiny_joint_state;age_model_newton_not_fully_converged,demographic|GI panel|chemistry,True,0.00999000999000999,1.0,0.4405157732543995
1318,3_00405,3,age|clinical signs_hyporexia|AUS_colon,age|clinical_signs_hyporexia|AUS_colonic_thickening,11.390876483111796,,4,108,logistic_deviance_improvement_age_linear_additive_to_joint_state,empty_joint_state,demographic|clinical signs|AUS,True,0.015984015984015984,1.0,0.4405157732543995
1319,3_00170,3,age|tli_high|CBC_lymphocytosis,age|tli_high|CBC_lymphocytosis,11.389271440991394,,4,87,logistic_deviance_improvement_age_linear_additive_to_joint_state,empty_joint_state;joint_state_n_lt_3;joint_state_n_lt_5;apparent_extreme_fraction_in_tiny_joint_state;age_model_newton_not_fully_converged,demographic|GI panel|CBC,True,0.012987012987012988,1.0,0.4405157732543995
1320,3_00784,3,age|AUS_enlarged pancreas|CBC_lymphopenia,age|AUS_enlarged_pancreas|CBC_lymphopenia,11.388685708943669,,4,108,logistic_deviance_improvement_age_linear_additive_to_joint_state,joint_state_n_lt_3;joint_state_n_lt_5;apparent_extreme_fraction_in_tiny_joint_state;age_model_newton_not_fully_converged,demographic|AUS|CBC,True,0.01998001998001998,1.0,0.4405157732543995
1322,3_00437,3,age|clinical signs_hyporexia|chem_hypophosphatemia,age|clinical_signs_hyporexia|chem_hypophosphatemia,11.387079308701203,,4,108,logistic_deviance_improvement_age_linear_additive_to_joint_state,empty_joint_state;joint_state_n_lt_3;joint_state_n_lt_5;apparent_extreme_fraction_in_tiny_joint_state;age_model_newton_not_fully_converged,demographic|clinical signs|chemistry,True,0.014985014985014986,1.0,0.4405157732543995
1339,3_00950,3,age|CBC_eosinophilia|CBC_monocytosis,age|CBC_eosinophilia|CBC_monocytosis,11.347556438519774,,4,108,logistic_deviance_improvement_age_linear_additive_to_joint_state,joint_state_n_lt_5;apparent_extreme_fraction_in_tiny_joint_state,demographic|CBC|CBC,True,0.03596403596403597,1.0,0.46043653316380595
1341,3_01164,3,age|chem_azotemia|chem_hyperglycemia,age|chem_azotemia|chem_hyperglycemia,11.344776025432324,,4,108,logistic_deviance_improvement_age_linear_additive_to_joint_state,empty_joint_state;joint_state_n_lt_3;joint_state_n_lt_5;apparent_extreme_fraction_in_tiny_joint_state;age_model_newton_not_fully_converged,demographic|chemistry|chemistry,True,0.01098901098901099,1.0,0.4405157732543995
1343,3_00485,3,age|clinical signs_hairball obstruction|AUS_enlarged pancreas,age|clinical_signs_hairball_obstruction|AUS_enlarged_pancreas,11.337642009545036,,4,108,logistic_deviance_improvement_age_linear_additive_to_joint_state,empty_joint_state;joint_state_n_lt_5;apparent_extreme_fraction_in_tiny_joint_state,demographic|clinical signs|AUS,True,0.008991008991008992,1.0,0.4405157732543995
1351,3_00422,3,age|clinical signs_hyporexia|CBC_anemia,age|clinical_signs_hyporexia|CBC_anemia,11.32081323879099,,4,108,logistic_deviance_improvement_age_linear_additive_to_joint_state,joint_state_n_lt_3;joint_state_n_lt_5;apparent_extreme_fraction_in_tiny_joint_state;age_model_newton_not_fully_converged,demographic|clinical signs|CBC,True,0.024975024975024976,1.0,0.4405157732543995
1352,3_00778,3,age|AUS_enlarged pancreas|CBC_neutropenia,age|AUS_enlarged_pancreas|CBC_neutropenia,11.31911136108478,,4,108,logistic_deviance_improvement_age_linear_additive_to_joint_state,joint_state_n_lt_3;joint_state_n_lt_5;apparent_extreme_fraction_in_tiny_joint_state;age_model_newton_not_fully_converged,demographic|AUS|CBC,True,0.023976023976023976,1.0,0.4405157732543995
1353,3_00948,3,age|CBC_eosinophilia|CBC_lymphocytosis,age|CBC_eosinophilia|CBC_lymphocytosis,11.316407649165924,,4,108,logistic_deviance_improvement_age_linear_additive_to_joint_state,empty_joint_state;joint_state_n_lt_3;joint_state_n_lt_5;apparent_extreme_fraction_in_tiny_joint_state;age_model_newton_not_fully_converged,demographic|CBC|CBC,True,0.012987012987012988,1.0,0.4405157732543995
1362,3_01174,3,age|chem_hyperglycemia|chem_hypercholesterolemia,age|chem_hyperglycemia|chem_hypercholesterolemia,11.310501472917778,,4,108,logistic_deviance_improvement_age_linear_additive_to_joint_state,empty_joint_state;joint_state_n_lt_3;joint_state_n_lt_5;apparent_extreme_fraction_in_tiny_joint_state;age_model_newton_not_fully_converged,demographic|chemistry|chemistry,True,0.002997002997002997,1.0,0.4405157732543995
1364,3_00800,3,age|AUS_enlarged pancreas|chem_hypokalemia,age|AUS_enlarged_pancreas|chem_hypokalemia,11.309608379539014,,4,108,logistic_deviance_improvement_age_linear_additive_to_joint_state,joint_state_n_lt_3;joint_state_n_lt_5;apparent_extreme_fraction_in_tiny_joint_state;age_model_newton_not_fully_converged,demographic|AUS|chemistry,True,0.022977022977022976,1.0,0.4405157732543995
1366,3_00811,3,age|AUS_splenomegaly|CBC_lymphocytosis,age|AUS_splenomegaly|CBC_lymphocytosis,11.303320236041216,,4,108,logistic_deviance_improvement_age_linear_additive_to_joint_state,empty_joint_state;joint_state_n_lt_3;joint_state_n_lt_5;apparent_extreme_fraction_in_tiny_joint_state;age_model_newton_not_fully_converged,demographic|AUS|CBC,True,0.011988011988011988,1.0,0.4405157732543995
8,2_00005,2,age|breed_group,age|breed_group,11.30327398433785,,4,108,logistic_deviance_improvement_age_linear_additive_to_joint_state,,demographic|demographic,True,0.03496503496503497,0.97002997002997,0.42977206279958574
1387,3_00632,3,age|AUS_jejunum|chem_no abnormalities,age|AUS_jejunal_thickening|chem_no_abnormalities,11.258686972257635,,4,108,logistic_deviance_improvement_age_linear_additive_to_joint_state,,demographic|AUS|chemistry,True,0.03696303696303696,1.0,0.4605046047979224
1395,3_00700,3,age|AUS_colon|chem_decreased alt,age|AUS_colonic_thickening|chem_decreased_ALT,11.243944444034994,,4,108,logistic_deviance_improvement_age_linear_additive_to_joint_state,empty_joint_state;joint_state_n_lt_3;joint_state_n_lt_5;apparent_extreme_fraction_in_tiny_joint_state;age_model_newton_not_fully_converged,demographic|AUS|chemistry,True,0.014985014985014986,1.0,0.4405157732543995
1397,3_00547,3,age|clinical signs_constipation|chem_hyperglycemia,age|clinical_signs_constipation|chem_hyperglycemia,11.234529994412341,,4,108,logistic_deviance_improvement_age_linear_additive_to_joint_state,empty_joint_state;joint_state_n_lt_3;joint_state_n_lt_5;apparent_extreme_fraction_in_tiny_joint_state;age_model_newton_not_fully_converged,demographic|clinical signs|chemistry,True,0.005994005994005994,1.0,0.4405157732543995
1410,3_00838,3,age|AUS_ileus|CBC_lymphocytosis,age|AUS_ileus|CBC_lymphocytosis,11.203762464812698,,4,108,logistic_deviance_improvement_age_linear_additive_to_joint_state,empty_joint_state;joint_state_n_lt_3;joint_state_n_lt_5;apparent_extreme_fraction_in_tiny_joint_state;age_model_newton_not_fully_converged,demographic|AUS|CBC,True,0.013986013986013986,1.0,0.4405157732543995
1413,3_00415,3,age|clinical signs_hyporexia|CBC_eosinophilia,age|clinical_signs_hyporexia|CBC_eosinophilia,11.193231380385996,,4,108,logistic_deviance_improvement_age_linear_additive_to_joint_state,empty_joint_state,demographic|clinical signs|CBC,True,0.016983016983016984,1.0,0.4405157732543995
1416,3_00786,3,age|AUS_enlarged pancreas|CBC_anemia,age|AUS_enlarged_pancreas|CBC_anemia,11.186390267610463,,4,108,logistic_deviance_improvement_age_linear_additive_to_joint_state,empty_joint_state;joint_state_n_lt_5,demographic|AUS|CBC,True,0.00999000999000999,1.0,0.4405157732543995
1420,3_00503,3,age|clinical signs_hairball obstruction|chem_decreased alt,age|clinical_signs_hairball_obstruction|chem_decreased_ALT,11.182905069256606,,4,108,logistic_deviance_improvement_age_linear_additive_to_joint_state,empty_joint_state;joint_state_n_lt_3;joint_state_n_lt_5;apparent_extreme_fraction_in_tiny_joint_state;age_model_newton_not_fully_converged,demographic|clinical signs|chemistry,True,0.012987012987012988,1.0,0.4405157732543995
1422,3_00979,3,age|CBC_eosinopenia|chem_elevated alp,age|CBC_eosinopenia|chem_elevated_ALP,11.180775877483256,,4,108,logistic_deviance_improvement_age_linear_additive_to_joint_state,empty_joint_state;joint_state_n_lt_3;joint_state_n_lt_5;apparent_extreme_fraction_in_tiny_joint_state;age_model_newton_not_fully_converged,demographic|CBC|chemistry,True,0.004995004995004995,1.0,0.4405157732543995
1425,3_00447,3,age|clinical signs_weight loss|AUS_enlarged pancreas,age|clinical_signs_weight_loss|AUS_enlarged_pancreas,11.17683428994036,,4,108,logistic_deviance_improvement_age_linear_additive_to_joint_state,,demographic|clinical signs|AUS,True,0.03196803196803197,1.0,0.4559461543707605
1429,3_00983,3,age|CBC_eosinopenia|chem_hyperglycemia,age|CBC_eosinopenia|chem_hyperglycemia,11.168388871934283,,4,108,logistic_deviance_improvement_age_linear_additive_to_joint_state,empty_joint_state;joint_state_n_lt_3;joint_state_n_lt_5;apparent_extreme_fraction_in_tiny_joint_state;age_model_newton_not_fully_converged,demographic|CBC|chemistry,True,0.003996003996003996,1.0,0.4405157732543995
1431,3_01044,3,age|CBC_lymphocytosis|chem_hypophosphatemia,age|CBC_lymphocytosis|chem_hypophosphatemia,11.16743823785761,,4,108,logistic_deviance_improvement_age_linear_additive_to_joint_state,empty_joint_state;joint_state_n_lt_3;joint_state_n_lt_5;apparent_extreme_fraction_in_tiny_joint_state;age_model_newton_not_fully_converged,demographic|CBC|chemistry,True,0.006993006993006993,1.0,0.4405157732543995
1432,3_00804,3,age|AUS_splenomegaly|CBC_no abnormalities,age|AUS_splenomegaly|CBC_no_abnormalities,11.166234696797645,,4,108,logistic_deviance_improvement_age_linear_additive_to_joint_state,joint_state_n_lt_5;apparent_extreme_fraction_in_tiny_joint_state,demographic|AUS|CBC,True,0.04095904095904096,1.0,0.4605046047979224
1439,3_00470,3,age|clinical signs_weight loss|chem_azotemia,age|clinical_signs_weight_loss|chem_azotemia,11.15021444028865,,4,108,logistic_deviance_improvement_age_linear_additive_to_joint_state,,demographic|clinical signs|chemistry,True,0.03796203796203796,1.0,0.4605046047979224
1444,3_00227,3,age|pli_abn|chem_azotemia,age|pli_abn|chem_azotemia,11.134308764891841,,4,86,logistic_deviance_improvement_age_linear_additive_to_joint_state,,demographic|GI panel|chemistry,True,0.03396603396603397,1.0,0.4566918230284567
1446,3_01155,3,age|chem_elevated alp|chem_hypophosphatemia,age|chem_elevated_ALP|chem_hypophosphatemia,11.13252272490412,,4,108,logistic_deviance_improvement_age_linear_additive_to_joint_state,empty_joint_state;joint_state_n_lt_3;joint_state_n_lt_5;apparent_extreme_fraction_in_tiny_joint_state;age_model_newton_not_fully_converged,demographic|chemistry|chemistry,True,0.008991008991008992,1.0,0.4405157732543995
1450,3_00416,3,age|clinical signs_hyporexia|CBC_eosinopenia,age|clinical_signs_hyporexia|CBC_eosinopenia,11.128175299447221,,4,108,logistic_deviance_improvement_age_linear_additive_to_joint_state,empty_joint_state;joint_state_n_lt_3;joint_state_n_lt_5;apparent_extreme_fraction_in_tiny_joint_state;age_model_newton_not_fully_converged,demographic|clinical signs|CBC,True,0.011988011988011988,1.0,0.4405157732543995
1454,3_00630,3,age|AUS_jejunum|CBC_monocytosis,age|AUS_jejunal_thickening|CBC_monocytosis,11.12370840293859,,4,108,logistic_deviance_improvement_age_linear_additive_to_joint_state,joint_state_n_lt_5;apparent_extreme_fraction_in_tiny_joint_state,demographic|AUS|CBC,True,0.030969030969030968,1.0,0.4553621166150168
1457,3_00850,3,age|AUS_ileus|chem_azotemia,age|AUS_ileus|chem_azotemia,11.123265700078775,,4,108,logistic_deviance_improvement_age_linear_additive_to_joint_state,joint_state_n_lt_3;joint_state_n_lt_5;apparent_extreme_fraction_in_tiny_joint_state;age_model_newton_not_fully_converged,demographic|AUS|chemistry,True,0.028971028971028972,1.0,0.44419129257838935
1459,3_01126,3,age|chem_decreased alt|chem_hypercalcemia,age|chem_decreased_ALT|chem_hypercalcemia,11.1206221621769,,4,108,logistic_deviance_improvement_age_linear_additive_to_joint_state,empty_joint_state;joint_state_n_lt_3;joint_state_n_lt_5;apparent_extreme_fraction_in_tiny_joint_state;age_model_newton_not_fully_converged,demographic|chemistry|chemistry,True,0.007992007992007992,1.0,0.4405157732543995
1460,3_01148,3,age|chem_elevated alp|chem_elevated total bilirubin,age|chem_elevated_ALP|chem_elevated_total_bilirubin,11.120377974434376,,4,108,logistic_deviance_improvement_age_linear_additive_to_joint_state,empty_joint_state;joint_state_n_lt_3;joint_state_n_lt_5;apparent_extreme_fraction_in_tiny_joint_state;age_model_newton_not_fully_converged,demographic|chemistry|chemistry,True,0.007992007992007992,1.0,0.4405157732543995
1462,3_00583,3,age|AUS_duodenum|AUS_enlarged pancreas,age|AUS_duodenal_thickening|AUS_enlarged_pancreas,11.119231003552741,,4,108,logistic_deviance_improvement_age_linear_additive_to_joint_state,,demographic|AUS|AUS,True,0.03196803196803197,1.0,0.4559461543707605
1465,3_00174,3,age|tli_high|chem_no abnormalities,age|tli_high|chem_no_abnormalities,11.116913820800619,,4,87,logistic_deviance_improvement_age_linear_additive_to_joint_state,,demographic|GI panel|chemistry,True,0.03596403596403597,1.0,0.46043653316380595
1469,3_00563,3,age|AUS_no abnormalities|chem_no abnormalities,age|AUS_no_abnormalities|chem_no_abnormalities,11.110334672354,,4,108,logistic_deviance_improvement_age_linear_additive_to_joint_state,joint_state_n_lt_3;joint_state_n_lt_5;apparent_extreme_fraction_in_tiny_joint_state;age_model_newton_not_fully_converged,demographic|AUS|chemistry,True,0.023976023976023976,1.0,0.4405157732543995
1471,3_00960,3,age|CBC_eosinophilia|chem_azotemia,age|CBC_eosinophilia|chem_azotemia,11.100399907839588,,4,108,logistic_deviance_improvement_age_linear_additive_to_joint_state,empty_joint_state,demographic|CBC|chemistry,True,0.016983016983016984,1.0,0.4405157732543995
1478,3_01063,3,age|CBC_monocytosis|chem_no abnormalities,age|CBC_monocytosis|chem_no_abnormalities,11.085685608228829,,4,108,logistic_deviance_improvement_age_linear_additive_to_joint_state,,demographic|CBC|chemistry,True,0.023976023976023976,1.0,0.4405157732543995
1480,3_00738,3,age|AUS_mesenteric lymphadenopathy|chem_hyperglycemia,age|AUS_mesenteric_lymphadenopathy|chem_hyperglycemia,11.074666042165092,,4,108,logistic_deviance_improvement_age_linear_additive_to_joint_state,empty_joint_state;joint_state_n_lt_3;joint_state_n_lt_5;apparent_extreme_fraction_in_tiny_joint_state;age_model_newton_not_fully_converged,demographic|AUS|chemistry,True,0.014985014985014986,1.0,0.4405157732543995
1484,3_00601,3,age|AUS_duodenum|chem_decreased alt,age|AUS_duodenal_thickening|chem_decreased_ALT,11.068031773758378,,4,108,logistic_deviance_improvement_age_linear_additive_to_joint_state,empty_joint_state;joint_state_n_lt_3;joint_state_n_lt_5;apparent_extreme_fraction_in_tiny_joint_state;age_model_newton_not_fully_converged,demographic|AUS|chemistry,True,0.00999000999000999,1.0,0.4405157732543995
1494,3_00842,3,age|AUS_ileus|chem_no abnormalities,age|AUS_ileus|chem_no_abnormalities,11.050122160666135,,4,108,logistic_deviance_improvement_age_linear_additive_to_joint_state,joint_state_n_lt_5;apparent_extreme_fraction_in_tiny_joint_state,demographic|AUS|chemistry,True,0.03796203796203796,1.0,0.4605046047979224
1497,3_00402,3,age|clinical signs_hyporexia|AUS_duodenum,age|clinical_signs_hyporexia|AUS_duodenal_thickening,11.047653456515704,,4,108,logistic_deviance_improvement_age_linear_additive_to_joint_state,,demographic|clinical signs|AUS,True,0.04695304695304695,1.0,0.47482517482517483
1506,3_00952,3,age|CBC_eosinophilia|chem_no abnormalities,age|CBC_eosinophilia|chem_no_abnormalities,11.031589041176119,,4,108,logistic_deviance_improvement_age_linear_additive_to_joint_state,joint_state_n_lt_5;apparent_extreme_fraction_in_tiny_joint_state,demographic|CBC|chemistry,True,0.03596403596403597,1.0,0.46043653316380595
1507,3_00969,3,age|CBC_eosinopenia|CBC_lymphocytosis,age|CBC_eosinopenia|CBC_lymphocytosis,11.031351916576469,,4,108,logistic_deviance_improvement_age_linear_additive_to_joint_state,empty_joint_state;joint_state_n_lt_3;joint_state_n_lt_5;apparent_extreme_fraction_in_tiny_joint_state;age_model_newton_not_fully_converged,demographic|CBC|CBC,True,0.007992007992007992,1.0,0.4405157732543995
11,2_00020,2,age|AUS_enlarged pancreas,age|AUS_enlarged_pancreas,11.030934088842486,,2,108,logistic_deviance_improvement_age_linear_additive_to_joint_state,,demographic|AUS,True,0.002997002997002997,0.9820179820179821,0.42977206279958574
1512,3_00162,3,age|tli_high|AUS_gall bladder sludge,age|tli_high|AUS_gall_bladder_sludge,11.023220494831563,,4,87,logistic_deviance_improvement_age_linear_additive_to_joint_state,age_model_newton_not_fully_converged,demographic|GI panel|AUS,True,0.03796203796203796,1.0,0.4605046047979224
1514,3_00289,3,age|clinical signs_none|CBC_no abnormalities,age|clinical_signs_none_reported|CBC_no_abnormalities,11.022440209644316,,4,108,logistic_deviance_improvement_age_linear_additive_to_joint_state,joint_state_n_lt_3;joint_state_n_lt_5;apparent_extreme_fraction_in_tiny_joint_state;age_model_newton_not_fully_converged,demographic|clinical signs|CBC,True,0.03496503496503497,1.0,0.4587682848552414
1515,3_00537,3,age|clinical signs_constipation|chem_no abnormalities,age|clinical_signs_constipation|chem_no_abnormalities,11.013908782250482,,4,108,logistic_deviance_improvement_age_linear_additive_to_joint_state,empty_joint_state;joint_state_n_lt_3;joint_state_n_lt_5;apparent_extreme_fraction_in_tiny_joint_state;age_model_newton_not_fully_converged,demographic|clinical signs|chemistry,True,0.00999000999000999,1.0,0.4405157732543995
1517,3_00640,3,age|AUS_jejunum|chem_azotemia,age|AUS_jejunal_thickening|chem_azotemia,11.001882935806535,,4,108,logistic_deviance_improvement_age_linear_additive_to_joint_state,joint_state_n_lt_3;joint_state_n_lt_5;apparent_extreme_fraction_in_tiny_joint_state;age_model_newton_not_fully_converged,demographic|AUS|chemistry,True,0.03796203796203796,1.0,0.4605046047979224
1518,3_01177,3,age|chem_hyperglycemia|chem_hypophosphatemia,age|chem_hyperglycemia|chem_hypophosphatemia,10.996809460846535,,4,108,logistic_deviance_improvement_age_linear_additive_to_joint_state,empty_joint_state;joint_state_n_lt_3;joint_state_n_lt_5;apparent_extreme_fraction_in_tiny_joint_state;age_model_newton_not_fully_converged,demographic|chemistry|chemistry,True,0.007992007992007992,1.0,0.4405157732543995
1520,3_01165,3,age|chem_azotemia|chem_hypercholesterolemia,age|chem_azotemia|chem_hypercholesterolemia,10.989415421272781,,4,108,logistic_deviance_improvement_age_linear_additive_to_joint_state,empty_joint_state;joint_state_n_lt_3;joint_state_n_lt_5;apparent_extreme_fraction_in_tiny_joint_state;age_model_newton_not_fully_converged,demographic|chemistry|chemistry,True,0.00999000999000999,1.0,0.4405157732543995
1521,3_00411,3,age|clinical signs_hyporexia|AUS_gall bladder sludge,age|clinical_signs_hyporexia|AUS_gall_bladder_sludge,10.988245821574509,,4,108,logistic_deviance_improvement_age_linear_additive_to_joint_state,joint_state_n_lt_5;apparent_extreme_fraction_in_tiny_joint_state;age_model_newton_not_fully_converged,demographic|clinical signs|AUS,True,0.04995004995004995,1.0,0.4793792779658504
1522,3_00761,3,age|AUS_chronic degenerative renal changes|chem_decreased alt,age|AUS_chronic_degenerative_renal_changes|chem_decreased_ALT,10.986607572104845,,4,108,logistic_deviance_improvement_age_linear_additive_to_joint_state,empty_joint_state;joint_state_n_lt_3;joint_state_n_lt_5;apparent_extreme_fraction_in_tiny_joint_state;age_model_newton_not_fully_converged,demographic|AUS|chemistry,True,0.017982017982017984,1.0,0.4405157732543995
1524,3_00063,3,age|folate_high|AUS_colon,age|folate_high|AUS_colonic_thickening,10.985161595189126,,4,90,logistic_deviance_improvement_age_linear_additive_to_joint_state,joint_state_n_lt_5,demographic|GI panel|AUS,True,0.03396603396603397,1.0,0.4566918230284567
1525,3_01158,3,age|chem_elevated total bilirubin|chem_hyperglycemia,age|chem_elevated_total_bilirubin|chem_hyperglycemia,10.984872724976839,,4,108,logistic_deviance_improvement_age_linear_additive_to_joint_state,empty_joint_state;joint_state_n_lt_3;joint_state_n_lt_5;apparent_extreme_fraction_in_tiny_joint_state;age_model_newton_not_fully_converged,demographic|chemistry|chemistry,True,0.00999000999000999,1.0,0.4405157732543995
1527,3_01132,3,age|chem_elevated alt|chem_azotemia,age|chem_elevated_ALT|chem_azotemia,10.983409962806505,,4,108,logistic_deviance_improvement_age_linear_additive_to_joint_state,joint_state_n_lt_3;joint_state_n_lt_5;apparent_extreme_fraction_in_tiny_joint_state;age_model_newton_not_fully_converged,demographic|chemistry|chemistry,True,0.03796203796203796,1.0,0.4605046047979224
1537,3_00725,3,age|AUS_mesenteric lymphadenopathy|CBC_lymphopenia,age|AUS_mesenteric_lymphadenopathy|CBC_lymphopenia,10.970048247430924,,4,108,logistic_deviance_improvement_age_linear_additive_to_joint_state,joint_state_n_lt_3;joint_state_n_lt_5;apparent_extreme_fraction_in_tiny_joint_state;age_model_newton_not_fully_converged,demographic|AUS|CBC,True,0.04295704295704296,1.0,0.4648260106427437
1555,3_00548,3,age|clinical signs_constipation|chem_hypercholesterolemia,age|clinical_signs_constipation|chem_hypercholesterolemia,10.96070508802633,,4,108,logistic_deviance_improvement_age_linear_additive_to_joint_state,empty_joint_state;joint_state_n_lt_3;joint_state_n_lt_5;apparent_extreme_fraction_in_tiny_joint_state;age_model_newton_not_fully_converged,demographic|clinical signs|chemistry,True,0.005994005994005994,1.0,0.4405157732543995
1556,3_00418,3,age|clinical signs_hyporexia|CBC_basocytosis,age|clinical_signs_hyporexia|CBC_basocytosis,10.960451048933862,,4,108,logistic_deviance_improvement_age_linear_additive_to_joint_state,empty_joint_state;joint_state_n_lt_3;joint_state_n_lt_5;apparent_extreme_fraction_in_tiny_joint_state;age_model_newton_not_fully_converged,demographic|clinical signs|CBC,True,0.011988011988011988,1.0,0.4405157732543995
1558,3_01071,3,age|CBC_monocytosis|chem_azotemia,age|CBC_monocytosis|chem_azotemia,10.95556816733162,,4,108,logistic_deviance_improvement_age_linear_additive_to_joint_state,joint_state_n_lt_3;joint_state_n_lt_5;apparent_extreme_fraction_in_tiny_joint_state;age_model_newton_not_fully_converged,demographic|CBC|chemistry,True,0.03296703296703297,1.0,0.4566918230284567
1568,3_00606,3,age|AUS_duodenum|chem_azotemia,age|AUS_duodenal_thickening|chem_azotemia,10.935575269347169,,4,108,logistic_deviance_improvement_age_linear_additive_to_joint_state,,demographic|AUS|chemistry,True,0.03996003996003996,1.0,0.4605046047979224
1569,3_00350,3,age|clinical signs_vomiting|chem_azotemia,age|clinical_signs_vomiting|chem_azotemia,10.931951380912281,,4,108,logistic_deviance_improvement_age_linear_additive_to_joint_state,,demographic|clinical signs|chemistry,True,0.04495504495504495,1.0,0.47168063724355114
1570,3_00871,3,age|AUS_gall bladder sludge|chem_decreased alt,age|AUS_gall_bladder_sludge|chem_decreased_ALT,10.930796770528374,,4,108,logistic_deviance_improvement_age_linear_additive_to_joint_state,empty_joint_state;joint_state_n_lt_3;joint_state_n_lt_5;apparent_extreme_fraction_in_tiny_joint_state;age_model_newton_not_fully_converged,demographic|AUS|chemistry,True,0.007992007992007992,1.0,0.4405157732543995
1571,3_00834,3,age|AUS_ileus|CBC_eosinophilia,age|AUS_ileus|CBC_eosinophilia,10.929589212148699,,4,108,logistic_deviance_improvement_age_linear_additive_to_joint_state,joint_state_n_lt_3;joint_state_n_lt_5;apparent_extreme_fraction_in_tiny_joint_state;age_model_newton_not_fully_converged,demographic|AUS|CBC,True,0.03796203796203796,1.0,0.4605046047979224
1574,3_00657,3,age|AUS_ileum|CBC_eosinophilia,age|AUS_ileal_thickening|CBC_eosinophilia,10.925850681727184,,4,108,logistic_deviance_improvement_age_linear_additive_to_joint_state,joint_state_n_lt_3;joint_state_n_lt_5,demographic|AUS|CBC,True,0.04195804195804196,1.0,0.46297521399088437
1575,3_00973,3,age|CBC_eosinopenia|chem_no abnormalities,age|CBC_eosinopenia|chem_no_abnormalities,10.921896793538039,,4,108,logistic_deviance_improvement_age_linear_additive_to_joint_state,empty_joint_state;joint_state_n_lt_3;joint_state_n_lt_5;apparent_extreme_fraction_in_tiny_joint_state;age_model_newton_not_fully_converged,demographic|CBC|chemistry,True,0.004995004995004995,1.0,0.4405157732543995
1579,3_01081,3,age|CBC_anemia|chem_decreased alt,age|CBC_anemia|chem_decreased_ALT,10.914479113376728,,4,108,logistic_deviance_improvement_age_linear_additive_to_joint_state,empty_joint_state;joint_state_n_lt_3;joint_state_n_lt_5;apparent_extreme_fraction_in_tiny_joint_state;age_model_newton_not_fully_converged,demographic|CBC|chemistry,True,0.014985014985014986,1.0,0.4405157732543995
1587,3_00284,3,age|clinical signs_none|AUS_chronic degenerative renal changes,age|clinical_signs_none_reported|AUS_chronic_degenerative_renal_changes,10.903611167454542,,4,108,logistic_deviance_improvement_age_linear_additive_to_joint_state,joint_state_n_lt_3;joint_state_n_lt_5;apparent_extreme_fraction_in_tiny_joint_state;age_model_newton_not_fully_converged,demographic|clinical signs|AUS,True,0.03396603396603397,1.0,0.4566918230284567
1596,3_00175,3,age|tli_high|chem_hypoproteinemia,age|tli_high|chem_hypoproteinemia,10.883393292123245,,4,87,logistic_deviance_improvement_age_linear_additive_to_joint_state,joint_state_n_lt_3;joint_state_n_lt_5;apparent_extreme_fraction_in_tiny_joint_state;age_model_newton_not_fully_converged,demographic|GI panel|chemistry,True,0.030969030969030968,1.0,0.4553621166150168
1604,3_00891,3,age|CBC_no abnormalities|chem_azotemia,age|CBC_no_abnormalities|chem_azotemia,10.878986064004678,,4,108,logistic_deviance_improvement_age_linear_additive_to_joint_state,,demographic|CBC|chemistry,True,0.03496503496503497,1.0,0.4587682848552414
1607,3_00324,3,age|clinical signs_vomiting|AUS_colon,age|clinical_signs_vomiting|AUS_colonic_thickening,10.873915883923061,,4,108,logistic_deviance_improvement_age_linear_additive_to_joint_state,joint_state_n_lt_5;apparent_extreme_fraction_in_tiny_joint_state;age_model_newton_not_fully_converged,demographic|clinical signs|AUS,True,0.04195804195804196,1.0,0.46297521399088437
1608,3_00545,3,age|clinical signs_constipation|chem_azotemia,age|clinical_signs_constipation|chem_azotemia,10.872796842448665,,4,108,logistic_deviance_improvement_age_linear_additive_to_joint_state,empty_joint_state;joint_state_n_lt_3;joint_state_n_lt_5;apparent_extreme_fraction_in_tiny_joint_state;age_model_newton_not_fully_converged,demographic|clinical signs|chemistry,True,0.01098901098901099,1.0,0.4405157732543995
1609,3_00566,3,age|AUS_no abnormalities|chem_decreased alt,age|AUS_no_abnormalities|chem_decreased_ALT,10.87049818725636,,4,108,logistic_deviance_improvement_age_linear_additive_to_joint_state,empty_joint_state;joint_state_n_lt_3;joint_state_n_lt_5;apparent_extreme_fraction_in_tiny_joint_state;age_model_newton_not_fully_converged,demographic|AUS|chemistry,True,0.014985014985014986,1.0,0.4405157732543995
1610,3_00456,3,age|clinical signs_weight loss|CBC_basophilia,age|clinical_signs_weight_loss|CBC_basophilia,10.86988059344327,,4,108,logistic_deviance_improvement_age_linear_additive_to_joint_state,joint_state_n_lt_3;joint_state_n_lt_5;apparent_extreme_fraction_in_tiny_joint_state;age_model_newton_not_fully_converged,demographic|clinical signs|CBC,True,0.029970029970029972,1.0,0.45114030862249394
1611,3_00430,3,age|clinical signs_hyporexia|chem_elevated total bilirubin,age|clinical_signs_hyporexia|chem_elevated_total_bilirubin,10.867181725850315,,4,108,logistic_deviance_improvement_age_linear_additive_to_joint_state,joint_state_n_lt_3;joint_state_n_lt_5;apparent_extreme_fraction_in_tiny_joint_state;age_model_newton_not_fully_converged,demographic|clinical signs|chemistry,True,0.027972027972027972,1.0,0.44206500066849197
1618,3_00742,3,age|AUS_mesenteric lymphadenopathy|chem_hypophosphatemia,age|AUS_mesenteric_lymphadenopathy|chem_hypophosphatemia,10.844559647476913,,4,108,logistic_deviance_improvement_age_linear_additive_to_joint_state,empty_joint_state;joint_state_n_lt_3;joint_state_n_lt_5;apparent_extreme_fraction_in_tiny_joint_state;age_model_newton_not_fully_converged,demographic|AUS|chemistry,True,0.014985014985014986,1.0,0.4405157732543995
1621,3_00451,3,age|clinical signs_weight loss|CBC_no abnormalities,age|clinical_signs_weight_loss|CBC_no_abnormalities,10.838508843197644,,4,108,logistic_deviance_improvement_age_linear_additive_to_joint_state,,demographic|clinical signs|CBC,True,0.03996003996003996,1.0,0.4605046047979224
1624,3_00434,3,age|clinical signs_hyporexia|chem_hypercholesterolemia,age|clinical_signs_hyporexia|chem_hypercholesterolemia,10.835790608511715,,4,108,logistic_deviance_improvement_age_linear_additive_to_joint_state,empty_joint_state;joint_state_n_lt_3;joint_state_n_lt_5;apparent_extreme_fraction_in_tiny_joint_state;age_model_newton_not_fully_converged,demographic|clinical signs|chemistry,True,0.012987012987012988,1.0,0.4405157732543995
1625,3_00595,3,age|AUS_duodenum|CBC_lymphopenia,age|AUS_duodenal_thickening|CBC_lymphopenia,10.835090690777747,,4,108,logistic_deviance_improvement_age_linear_additive_to_joint_state,joint_state_n_lt_3;joint_state_n_lt_5;apparent_extreme_fraction_in_tiny_joint_state;age_model_newton_not_fully_converged,demographic|AUS|CBC,True,0.026973026973026972,1.0,0.4405594405594406
1627,3_00735,3,age|AUS_mesenteric lymphadenopathy|chem_elevated total bilirubin,age|AUS_mesenteric_lymphadenopathy|chem_elevated_total_bilirubin,10.827832428345275,,4,108,logistic_deviance_improvement_age_linear_additive_to_joint_state,empty_joint_state;joint_state_n_lt_3;joint_state_n_lt_5;apparent_extreme_fraction_in_tiny_joint_state;age_model_newton_not_fully_converged,demographic|AUS|chemistry,True,0.012987012987012988,1.0,0.4405157732543995
1629,3_00955,3,age|CBC_eosinophilia|chem_decreased alt,age|CBC_eosinophilia|chem_decreased_ALT,10.821213697419608,,4,108,logistic_deviance_improvement_age_linear_additive_to_joint_state,empty_joint_state;joint_state_n_lt_3;joint_state_n_lt_5;apparent_extreme_fraction_in_tiny_joint_state;age_model_newton_not_fully_converged,demographic|CBC|chemistry,True,0.016983016983016984,1.0,0.4405157732543995
1632,3_01008,3,age|CBC_basocytosis|CBC_lymphocytosis,age|CBC_basocytosis|CBC_lymphocytosis,10.817450017343134,,4,108,logistic_deviance_improvement_age_linear_additive_to_joint_state,empty_joint_state;joint_state_n_lt_3;joint_state_n_lt_5;apparent_extreme_fraction_in_tiny_joint_state;age_model_newton_not_fully_converged,demographic|CBC|CBC,True,0.00999000999000999,1.0,0.4405157732543995
1643,3_01119,3,age|chem_decreased alt|chem_elevated ast,age|chem_decreased_ALT|chem_elevated_AST,10.797182430669665,,4,108,logistic_deviance_improvement_age_linear_additive_to_joint_state,empty_joint_state;joint_state_n_lt_3;joint_state_n_lt_5;apparent_extreme_fraction_in_tiny_joint_state;age_model_newton_not_fully_converged,demographic|chemistry|chemistry,True,0.00999000999000999,1.0,0.4405157732543995
1656,3_01118,3,age|chem_decreased alt|chem_elevated alt,age|chem_decreased_ALT|chem_elevated_ALT,10.787230325784748,,4,108,logistic_deviance_improvement_age_linear_additive_to_joint_state,empty_joint_state;joint_state_n_lt_3;joint_state_n_lt_5;apparent_extreme_fraction_in_tiny_joint_state;age_model_newton_not_fully_converged,demographic|chemistry|chemistry,True,0.012987012987012988,1.0,0.4405157732543995
1658,3_00703,3,age|AUS_colon|chem_elevated alp,age|AUS_colonic_thickening|chem_elevated_ALP,10.782971800999121,,4,108,logistic_deviance_improvement_age_linear_additive_to_joint_state,empty_joint_state;joint_state_n_lt_3;joint_state_n_lt_5;apparent_extreme_fraction_in_tiny_joint_state;age_model_newton_not_fully_converged,demographic|AUS|chemistry,True,0.01998001998001998,1.0,0.4405157732543995
1660,3_01018,3,age|CBC_basocytosis|chem_elevated alp,age|CBC_basocytosis|chem_elevated_ALP,10.782024235869045,,4,108,logistic_deviance_improvement_age_linear_additive_to_joint_state,empty_joint_state;joint_state_n_lt_3;joint_state_n_lt_5;apparent_extreme_fraction_in_tiny_joint_state;age_model_newton_not_fully_converged,demographic|CBC|chemistry,True,0.006993006993006993,1.0,0.4405157732543995
1667,3_00219,3,age|pli_abn|chem_no abnormalities,age|pli_abn|chem_no_abnormalities,10.773295372418474,,4,86,logistic_deviance_improvement_age_linear_additive_to_joint_state,,demographic|GI panel|chemistry,True,0.04195804195804196,1.0,0.46297521399088437
1668,3_00802,3,age|AUS_splenomegaly|AUS_ileus,age|AUS_splenomegaly|AUS_ileus,10.771815680978364,,4,108,logistic_deviance_improvement_age_linear_additive_to_joint_state,empty_joint_state,demographic|AUS|AUS,True,0.02097902097902098,1.0,0.4405157732543995
1669,3_00739,3,age|AUS_mesenteric lymphadenopathy|chem_hypercholesterolemia,age|AUS_mesenteric_lymphadenopathy|chem_hypercholesterolemia,10.770546536259204,,4,108,logistic_deviance_improvement_age_linear_additive_to_joint_state,empty_joint_state;joint_state_n_lt_3;joint_state_n_lt_5;apparent_extreme_fraction_in_tiny_joint_state;age_model_newton_not_fully_converged,demographic|AUS|chemistry,True,0.011988011988011988,1.0,0.4405157732543995
1675,3_00465,3,age|clinical signs_weight loss|chem_decreased alt,age|clinical_signs_weight_loss|chem_decreased_ALT,10.762127237218479,,4,108,logistic_deviance_improvement_age_linear_additive_to_joint_state,empty_joint_state;joint_state_n_lt_3;joint_state_n_lt_5;apparent_extreme_fraction_in_tiny_joint_state;age_model_newton_not_fully_converged,demographic|clinical signs|chemistry,True,0.013986013986013986,1.0,0.4405157732543995
1686,3_00820,3,age|AUS_splenomegaly|chem_elevated ast,age|AUS_splenomegaly|chem_elevated_AST,10.749663683664608,,4,108,logistic_deviance_improvement_age_linear_additive_to_joint_state,joint_state_n_lt_3;joint_state_n_lt_5;apparent_extreme_fraction_in_tiny_joint_state;age_model_newton_not_fully_converged,demographic|AUS|chemistry,True,0.028971028971028972,1.0,0.44419129257838935
1737,3_00204,3,age|pli_abn|AUS_enlarged pancreas,age|pli_abn|AUS_enlarged_pancreas,10.697001520995457,,4,86,logistic_deviance_improvement_age_linear_additive_to_joint_state,,demographic|GI panel|AUS,True,0.029970029970029972,1.0,0.45114030862249394
1744,3_00727,3,age|AUS_mesenteric lymphadenopathy|CBC_anemia,age|AUS_mesenteric_lymphadenopathy|CBC_anemia,10.692948172876854,,4,108,logistic_deviance_improvement_age_linear_additive_to_joint_state,joint_state_n_lt_3;joint_state_n_lt_5;apparent_extreme_fraction_in_tiny_joint_state;age_model_newton_not_fully_converged,demographic|AUS|CBC,True,0.029970029970029972,1.0,0.45114030862249394
1751,3_00520,3,age|clinical signs_constipation|AUS_mesenteric lymphadenopathy,age|clinical_signs_constipation|AUS_mesenteric_lymphadenopathy,10.68099610080833,,4,108,logistic_deviance_improvement_age_linear_additive_to_joint_state,empty_joint_state;joint_state_n_lt_3;joint_state_n_lt_5;apparent_extreme_fraction_in_tiny_joint_state;age_model_newton_not_fully_converged,demographic|clinical signs|AUS,True,0.012987012987012988,1.0,0.4405157732543995
1752,3_01050,3,age|CBC_lymphopenia|chem_decreased alt,age|CBC_lymphopenia|chem_decreased_ALT,10.67989911179447,,4,108,logistic_deviance_improvement_age_linear_additive_to_joint_state,empty_joint_state;joint_state_n_lt_3;joint_state_n_lt_5;apparent_extreme_fraction_in_tiny_joint_state;age_model_newton_not_fully_converged,demographic|CBC|chemistry,True,0.016983016983016984,1.0,0.4405157732543995
1762,3_00159,3,age|tli_high|AUS_enlarged pancreas,age|tli_high|AUS_enlarged_pancreas,10.675212446818051,,4,87,logistic_deviance_improvement_age_linear_additive_to_joint_state,,demographic|GI panel|AUS,True,0.04195804195804196,1.0,0.46297521399088437
1768,3_00421,3,age|clinical signs_hyporexia|CBC_monocytosis,age|clinical_signs_hyporexia|CBC_monocytosis,10.66654908653527,,4,108,logistic_deviance_improvement_age_linear_additive_to_joint_state,joint_state_n_lt_3;joint_state_n_lt_5;apparent_extreme_fraction_in_tiny_joint_state;age_model_newton_not_fully_converged,demographic|clinical signs|CBC,True,0.03596403596403597,1.0,0.46043653316380595
1775,3_00719,3,age|AUS_mesenteric lymphadenopathy|CBC_neutropenia,age|AUS_mesenteric_lymphadenopathy|CBC_neutropenia,10.654171386769178,,4,108,logistic_deviance_improvement_age_linear_additive_to_joint_state,joint_state_n_lt_3;joint_state_n_lt_5;apparent_extreme_fraction_in_tiny_joint_state;age_model_newton_not_fully_converged,demographic|AUS|CBC,True,0.03696303696303696,1.0,0.4605046047979224
1777,3_00345,3,age|clinical signs_vomiting|chem_decreased alt,age|clinical_signs_vomiting|chem_decreased_ALT,10.651436100925181,,4,108,logistic_deviance_improvement_age_linear_additive_to_joint_state,empty_joint_state;joint_state_n_lt_3;joint_state_n_lt_5;apparent_extreme_fraction_in_tiny_joint_state;age_model_newton_not_fully_converged,demographic|clinical signs|chemistry,True,0.016983016983016984,1.0,0.4405157732543995
1779,3_00303,3,age|clinical signs_none|chem_decreased alt,age|clinical_signs_none_reported|chem_decreased_ALT,10.648203396939167,,4,108,logistic_deviance_improvement_age_linear_additive_to_joint_state,empty_joint_state;joint_state_n_lt_3;joint_state_n_lt_5;apparent_extreme_fraction_in_tiny_joint_state;age_model_newton_not_fully_converged,demographic|clinical signs|chemistry,True,0.012987012987012988,1.0,0.4405157732543995
1781,3_01156,3,age|chem_elevated total bilirubin|chem_azotemia,age|chem_elevated_total_bilirubin|chem_azotemia,10.645896385156561,,4,108,logistic_deviance_improvement_age_linear_additive_to_joint_state,joint_state_n_lt_3;joint_state_n_lt_5;apparent_extreme_fraction_in_tiny_joint_state;age_model_newton_not_fully_converged,demographic|chemistry|chemistry,True,0.025974025974025976,1.0,0.4405157732543995
1782,3_00888,3,age|CBC_no abnormalities|chem_elevated ast,age|CBC_no_abnormalities|chem_elevated_AST,10.645890642213246,,4,108,logistic_deviance_improvement_age_linear_additive_to_joint_state,joint_state_n_lt_3;joint_state_n_lt_5;apparent_extreme_fraction_in_tiny_joint_state;age_model_newton_not_fully_converged,demographic|CBC|chemistry,True,0.025974025974025976,1.0,0.4405157732543995
1794,3_00886,3,age|CBC_no abnormalities|chem_decreased alt,age|CBC_no_abnormalities|chem_decreased_ALT,10.638237732580379,,4,108,logistic_deviance_improvement_age_linear_additive_to_joint_state,empty_joint_state;joint_state_n_lt_3;joint_state_n_lt_5;apparent_extreme_fraction_in_tiny_joint_state;age_model_newton_not_fully_converged,demographic|CBC|chemistry,True,0.014985014985014986,1.0,0.4405157732543995
1797,3_01127,3,age|chem_decreased alt|chem_hypokalemia,age|chem_decreased_ALT|chem_hypokalemia,10.634796181370334,,4,108,logistic_deviance_improvement_age_linear_additive_to_joint_state,empty_joint_state;joint_state_n_lt_3;joint_state_n_lt_5;apparent_extreme_fraction_in_tiny_joint_state;age_model_newton_not_fully_converged,demographic|chemistry|chemistry,True,0.014985014985014986,1.0,0.4405157732543995
1798,3_00996,3,age|CBC_basophilia|chem_decreased alt,age|CBC_basophilia|chem_decreased_ALT,10.633074323686685,,4,108,logistic_deviance_improvement_age_linear_additive_to_joint_state,empty_joint_state;joint_state_n_lt_3;joint_state_n_lt_5;apparent_extreme_fraction_in_tiny_joint_state;age_model_newton_not_fully_converged,demographic|CBC|chemistry,True,0.007992007992007992,1.0,0.4405157732543995
1802,3_00386,3,age|clinical signs_diarrhea|chem_decreased alt,age|clinical_signs_diarrhea|chem_decreased_ALT,10.625693679517468,,4,108,logistic_deviance_improvement_age_linear_additive_to_joint_state,joint_state_n_lt_3;joint_state_n_lt_5;apparent_extreme_fraction_in_tiny_joint_state;age_model_newton_not_fully_converged,demographic|clinical signs|chemistry,True,0.023976023976023976,1.0,0.4405157732543995
1803,3_00435,3,age|clinical signs_hyporexia|chem_hypercalcemia,age|clinical_signs_hyporexia|chem_hypercalcemia,10.623611542722358,,4,108,logistic_deviance_improvement_age_linear_additive_to_joint_state,empty_joint_state;joint_state_n_lt_3;joint_state_n_lt_5;apparent_extreme_fraction_in_tiny_joint_state;age_model_newton_not_fully_converged,demographic|clinical signs|chemistry,True,0.017982017982017984,1.0,0.4405157732543995
1805,3_00635,3,age|AUS_jejunum|chem_decreased alt,age|AUS_jejunal_thickening|chem_decreased_ALT,10.61815027068242,,4,108,logistic_deviance_improvement_age_linear_additive_to_joint_state,empty_joint_state;joint_state_n_lt_3;joint_state_n_lt_5;apparent_extreme_fraction_in_tiny_joint_state;age_model_newton_not_fully_converged,demographic|AUS|chemistry,True,0.015984015984015984,1.0,0.4405157732543995
1807,3_00826,3,age|AUS_splenomegaly|chem_hypercholesterolemia,age|AUS_splenomegaly|chem_hypercholesterolemia,10.611055144319792,,4,108,logistic_deviance_improvement_age_linear_additive_to_joint_state,empty_joint_state;joint_state_n_lt_3;joint_state_n_lt_5;apparent_extreme_fraction_in_tiny_joint_state;age_model_newton_not_fully_converged,demographic|AUS|chemistry,True,0.01098901098901099,1.0,0.4405157732543995
1813,3_00963,3,age|CBC_eosinophilia|chem_hypercholesterolemia,age|CBC_eosinophilia|chem_hypercholesterolemia,10.608658138164472,,4,108,logistic_deviance_improvement_age_linear_additive_to_joint_state,empty_joint_state;joint_state_n_lt_3;joint_state_n_lt_5;apparent_extreme_fraction_in_tiny_joint_state;age_model_newton_not_fully_converged,demographic|CBC|chemistry,True,0.013986013986013986,1.0,0.4405157732543995
1816,3_00176,3,age|tli_high|chem_hyperproteinemia,age|tli_high|chem_hyperproteinemia,10.604414241451366,,4,87,logistic_deviance_improvement_age_linear_additive_to_joint_state,joint_state_n_lt_3;joint_state_n_lt_5;apparent_extreme_fraction_in_tiny_joint_state;age_model_newton_not_fully_converged,demographic|GI panel|chemistry,True,0.03396603396603397,1.0,0.4566918230284567
1828,3_00325,3,age|clinical signs_vomiting|AUS_mesenteric lymphadenopathy,age|clinical_signs_vomiting|AUS_mesenteric_lymphadenopathy,10.592642494870177,,4,108,logistic_deviance_improvement_age_linear_additive_to_joint_state,,demographic|clinical signs|AUS,True,0.04395604395604396,1.0,0.46870011648474913
1831,3_01094,3,age|chem_hypoproteinemia|chem_decreased alt,age|chem_hypoproteinemia|chem_decreased_ALT,10.588246989492973,,4,108,logistic_deviance_improvement_age_linear_additive_to_joint_state,joint_state_n_lt_3;joint_state_n_lt_5;apparent_extreme_fraction_in_tiny_joint_state;age_model_newton_not_fully_converged,demographic|chemistry|chemistry,True,0.017982017982017984,1.0,0.4405157732543995
1832,3_01022,3,age|CBC_basocytosis|chem_hyperglycemia,age|CBC_basocytosis|chem_hyperglycemia,10.58756813199166,,4,108,logistic_deviance_improvement_age_linear_additive_to_joint_state,empty_joint_state;joint_state_n_lt_3;joint_state_n_lt_5;apparent_extreme_fraction_in_tiny_joint_state;age_model_newton_not_fully_converged,demographic|CBC|chemistry,True,0.007992007992007992,1.0,0.4405157732543995
1834,3_00581,3,age|AUS_duodenum|AUS_mesenteric lymphadenopathy,age|AUS_duodenal_thickening|AUS_mesenteric_lymphadenopathy,10.581621690524784,,4,108,logistic_deviance_improvement_age_linear_additive_to_joint_state,,demographic|AUS|AUS,True,0.03496503496503497,1.0,0.4587682848552414
1842,3_00933,3,age|CBC_neutropenia|chem_decreased alt,age|CBC_neutropenia|chem_decreased_ALT,10.571318856296799,,4,108,logistic_deviance_improvement_age_linear_additive_to_joint_state,empty_joint_state;joint_state_n_lt_3;joint_state_n_lt_5;apparent_extreme_fraction_in_tiny_joint_state;age_model_newton_not_fully_converged,demographic|CBC|chemistry,True,0.01998001998001998,1.0,0.4405157732543995
1850,3_00722,3,age|AUS_mesenteric lymphadenopathy|CBC_basophilia,age|AUS_mesenteric_lymphadenopathy|CBC_basophilia,10.56969551910123,,4,108,logistic_deviance_improvement_age_linear_additive_to_joint_state,joint_state_n_lt_3;joint_state_n_lt_5;apparent_extreme_fraction_in_tiny_joint_state,demographic|AUS|CBC,True,0.03896103896103896,1.0,0.4605046047979224
17,2_00038,2,age|chem_decreased alt,age|chem_decreased_ALT,10.563002273101532,,2,108,logistic_deviance_improvement_age_linear_additive_to_joint_state,joint_state_n_lt_3;joint_state_n_lt_5;apparent_extreme_fraction_in_tiny_joint_state;age_model_newton_not_fully_converged,demographic|chemistry,True,0.004995004995004995,0.9920079920079921,0.42977206279958574
1851,3_01003,3,age|CBC_basophilia|chem_hyperglycemia,age|CBC_basophilia|chem_hyperglycemia,10.562726109274834,,4,108,logistic_deviance_improvement_age_linear_additive_to_joint_state,empty_joint_state;joint_state_n_lt_3;joint_state_n_lt_5;apparent_extreme_fraction_in_tiny_joint_state;age_model_newton_not_fully_converged,demographic|CBC|chemistry,True,0.008991008991008992,1.0,0.4405157732543995
1853,3_00584,3,age|AUS_duodenum|AUS_splenomegaly,age|AUS_duodenal_thickening|AUS_splenomegaly,10.562285199317174,,4,108,logistic_deviance_improvement_age_linear_additive_to_joint_state,joint_state_n_lt_5,demographic|AUS|AUS,True,0.04295704295704296,1.0,0.4648260106427437
1856,3_00999,3,age|CBC_basophilia|chem_elevated alp,age|CBC_basophilia|chem_elevated_ALP,10.558904360101707,,4,108,logistic_deviance_improvement_age_linear_additive_to_joint_state,empty_joint_state;joint_state_n_lt_3;joint_state_n_lt_5;apparent_extreme_fraction_in_tiny_joint_state;age_model_newton_not_fully_converged,demographic|CBC|chemistry,True,0.008991008991008992,1.0,0.4405157732543995
1862,3_00889,3,age|CBC_no abnormalities|chem_elevated alp,age|CBC_no_abnormalities|chem_elevated_ALP,10.552291251991079,,4,108,logistic_deviance_improvement_age_linear_additive_to_joint_state,empty_joint_state;joint_state_n_lt_3;joint_state_n_lt_5;apparent_extreme_fraction_in_tiny_joint_state;age_model_newton_not_fully_converged,demographic|CBC|chemistry,True,0.017982017982017984,1.0,0.4405157732543995
1863,3_00323,3,age|clinical signs_vomiting|AUS_ileum,age|clinical_signs_vomiting|AUS_ileal_thickening,10.551255770231094,,4,108,logistic_deviance_improvement_age_linear_additive_to_joint_state,,demographic|clinical signs|AUS,True,0.04295704295704296,1.0,0.4648260106427437
1879,3_00732,3,age|AUS_mesenteric lymphadenopathy|chem_elevated alt,age|AUS_mesenteric_lymphadenopathy|chem_elevated_ALT,10.52713915408819,,4,108,logistic_deviance_improvement_age_linear_additive_to_joint_state,joint_state_n_lt_3;joint_state_n_lt_5;apparent_extreme_fraction_in_tiny_joint_state;age_model_newton_not_fully_converged,demographic|AUS|chemistry,True,0.03396603396603397,1.0,0.4566918230284567
1883,3_00810,3,age|AUS_splenomegaly|CBC_basocytosis,age|AUS_splenomegaly|CBC_basocytosis,10.525448670065245,,4,108,logistic_deviance_improvement_age_linear_additive_to_joint_state,empty_joint_state;joint_state_n_lt_3;joint_state_n_lt_5;apparent_extreme_fraction_in_tiny_joint_state;age_model_newton_not_fully_converged,demographic|AUS|CBC,True,0.012987012987012988,1.0,0.4405157732543995
1889,3_00529,3,age|clinical signs_constipation|CBC_eosinophilia,age|clinical_signs_constipation|CBC_eosinophilia,10.5209152450265,,4,108,logistic_deviance_improvement_age_linear_additive_to_joint_state,empty_joint_state;joint_state_n_lt_3;joint_state_n_lt_5;apparent_extreme_fraction_in_tiny_joint_state;age_model_newton_not_fully_converged,demographic|clinical signs|CBC,True,0.014985014985014986,1.0,0.4405157732543995
1894,3_00523,3,age|clinical signs_constipation|AUS_splenomegaly,age|clinical_signs_constipation|AUS_splenomegaly,10.519721334683723,,4,108,logistic_deviance_improvement_age_linear_additive_to_joint_state,empty_joint_state;joint_state_n_lt_3;joint_state_n_lt_5;apparent_extreme_fraction_in_tiny_joint_state;age_model_newton_not_fully_converged,demographic|clinical signs|AUS,True,0.01098901098901099,1.0,0.4405157732543995
1896,3_00812,3,age|AUS_splenomegaly|CBC_lymphopenia,age|AUS_splenomegaly|CBC_lymphopenia,10.518225844480668,,4,108,logistic_deviance_improvement_age_linear_additive_to_joint_state,joint_state_n_lt_5;apparent_extreme_fraction_in_tiny_joint_state;age_model_newton_not_fully_converged,demographic|AUS|CBC,True,0.04895104895104895,1.0,0.4793792779658504
1899,3_00401,3,age|clinical signs_hyporexia|AUS_no abnormalities,age|clinical_signs_hyporexia|AUS_no_abnormalities,10.515958258383606,,4,108,logistic_deviance_improvement_age_linear_additive_to_joint_state,joint_state_n_lt_3;joint_state_n_lt_5;apparent_extreme_fraction_in_tiny_joint_state;age_model_newton_not_fully_converged,demographic|clinical signs|AUS,True,0.04095904095904096,1.0,0.4605046047979224
1903,3_00661,3,age|AUS_ileum|CBC_lymphocytosis,age|AUS_ileal_thickening|CBC_lymphocytosis,10.506942014892601,,4,108,logistic_deviance_improvement_age_linear_additive_to_joint_state,joint_state_n_lt_3;joint_state_n_lt_5;apparent_extreme_fraction_in_tiny_joint_state;age_model_newton_not_fully_converged,demographic|AUS|CBC,True,0.027972027972027972,1.0,0.44206500066849197
1908,3_00479,3,age|clinical signs_hairball obstruction|AUS_duodenum,age|clinical_signs_hairball_obstruction|AUS_duodenal_thickening,10.503920500695187,,4,108,logistic_deviance_improvement_age_linear_additive_to_joint_state,joint_state_n_lt_3;joint_state_n_lt_5;apparent_extreme_fraction_in_tiny_joint_state;age_model_newton_not_fully_converged,demographic|clinical signs|AUS,True,0.030969030969030968,1.0,0.4553621166150168
1912,3_00427,3,age|clinical signs_hyporexia|chem_elevated alt,age|clinical_signs_hyporexia|chem_elevated_ALT,10.500147447299241,,4,108,logistic_deviance_improvement_age_linear_additive_to_joint_state,joint_state_n_lt_3;joint_state_n_lt_5;apparent_extreme_fraction_in_tiny_joint_state;age_model_newton_not_fully_converged,demographic|clinical signs|chemistry,True,0.04995004995004995,1.0,0.4793792779658504
1920,3_00853,3,age|AUS_ileus|chem_hypercholesterolemia,age|AUS_ileus|chem_hypercholesterolemia,10.492756152190083,,4,108,logistic_deviance_improvement_age_linear_additive_to_joint_state,empty_joint_state;joint_state_n_lt_3;joint_state_n_lt_5;apparent_extreme_fraction_in_tiny_joint_state;age_model_newton_not_fully_converged,demographic|AUS|chemistry,True,0.016983016983016984,1.0,0.4405157732543995
1925,3_00680,3,age|AUS_colon|AUS_mesenteric lymphadenopathy,age|AUS_colonic_thickening|AUS_mesenteric_lymphadenopathy,10.484624795635227,,4,108,logistic_deviance_improvement_age_linear_additive_to_joint_state,,demographic|AUS|AUS,True,0.04495504495504495,1.0,0.47168063724355114
1927,3_00586,3,age|AUS_duodenum|AUS_gall bladder sludge,age|AUS_duodenal_thickening|AUS_gall_bladder_sludge,10.481761645229938,,4,108,logistic_deviance_improvement_age_linear_additive_to_joint_state,,demographic|AUS|AUS,True,0.03996003996003996,1.0,0.4605046047979224
1933,3_01153,3,age|chem_elevated alp|chem_hypercalcemia,age|chem_elevated_ALP|chem_hypercalcemia,10.471288842424244,,4,108,logistic_deviance_improvement_age_linear_additive_to_joint_state,empty_joint_state;joint_state_n_lt_3;joint_state_n_lt_5;apparent_extreme_fraction_in_tiny_joint_state;age_model_newton_not_fully_converged,demographic|chemistry|chemistry,True,0.007992007992007992,1.0,0.4405157732543995
1934,3_01042,3,age|CBC_lymphocytosis|chem_hypercalcemia,age|CBC_lymphocytosis|chem_hypercalcemia,10.469958837836572,,4,108,logistic_deviance_improvement_age_linear_additive_to_joint_state,empty_joint_state;joint_state_n_lt_3;joint_state_n_lt_5;apparent_extreme_fraction_in_tiny_joint_state;age_model_newton_not_fully_converged,demographic|CBC|chemistry,True,0.011988011988011988,1.0,0.4405157732543995
1935,3_00726,3,age|AUS_mesenteric lymphadenopathy|CBC_monocytosis,age|AUS_mesenteric_lymphadenopathy|CBC_monocytosis,10.465858451856036,,4,108,logistic_deviance_improvement_age_linear_additive_to_joint_state,joint_state_n_lt_5;apparent_extreme_fraction_in_tiny_joint_state,demographic|AUS|CBC,True,0.04495504495504495,1.0,0.47168063724355114
1938,3_00151,3,age|tli_high|clinical signs_constipation,age|tli_high|clinical_signs_constipation,10.459461748577198,,4,87,logistic_deviance_improvement_age_linear_additive_to_joint_state,empty_joint_state;joint_state_n_lt_3;joint_state_n_lt_5;apparent_extreme_fraction_in_tiny_joint_state;age_model_newton_not_fully_converged,demographic|GI panel|clinical signs,True,0.014985014985014986,1.0,0.4405157732543995
1946,3_00510,3,age|clinical signs_hairball obstruction|chem_hyperglycemia,age|clinical_signs_hairball_obstruction|chem_hyperglycemia,10.453383093797072,,4,108,logistic_deviance_improvement_age_linear_additive_to_joint_state,empty_joint_state;joint_state_n_lt_3;joint_state_n_lt_5;apparent_extreme_fraction_in_tiny_joint_state;age_model_newton_not_fully_converged,demographic|clinical signs|chemistry,True,0.008991008991008992,1.0,0.4405157732543995
1952,3_00691,3,age|AUS_colon|CBC_basophilia,age|AUS_colonic_thickening|CBC_basophilia,10.441785488994341,,4,108,logistic_deviance_improvement_age_linear_additive_to_joint_state,joint_state_n_lt_3;joint_state_n_lt_5;apparent_extreme_fraction_in_tiny_joint_state;age_model_newton_not_fully_converged,demographic|AUS|CBC,True,0.03896103896103896,1.0,0.4605046047979224
1961,3_00042,3,age|cobalamin_low|chem_azotemia,age|cobalamin_low|chem_azotemia,10.431227742435524,,4,90,logistic_deviance_improvement_age_linear_additive_to_joint_state,,demographic|GI panel|chemistry,True,0.052947052947052944,1.0,0.4809504876394508
1963,3_01037,3,age|CBC_lymphocytosis|chem_elevated total bilirubin,age|CBC_lymphocytosis|chem_elevated_total_bilirubin,10.431024040667836,,4,108,logistic_deviance_improvement_age_linear_additive_to_joint_state,joint_state_n_lt_3;joint_state_n_lt_5;apparent_extreme_fraction_in_tiny_joint_state;age_model_newton_not_fully_converged,demographic|CBC|chemistry,True,0.017982017982017984,1.0,0.4405157732543995
1968,3_00506,3,age|clinical signs_hairball obstruction|chem_elevated alp,age|clinical_signs_hairball_obstruction|chem_elevated_ALP,10.425529940722924,,4,108,logistic_deviance_improvement_age_linear_additive_to_joint_state,empty_joint_state;joint_state_n_lt_3;joint_state_n_lt_5;apparent_extreme_fraction_in_tiny_joint_state;age_model_newton_not_fully_converged,demographic|clinical signs|chemistry,True,0.013986013986013986,1.0,0.4405157732543995
1970,3_00587,3,age|AUS_duodenum|CBC_no abnormalities,age|AUS_duodenal_thickening|CBC_no_abnormalities,10.421224021007703,,4,108,logistic_deviance_improvement_age_linear_additive_to_joint_state,,demographic|AUS|CBC,True,0.04295704295704296,1.0,0.4648260106427437
1974,3_00647,3,age|AUS_ileum|AUS_colon,age|AUS_ileal_thickening|AUS_colonic_thickening,10.414726901102867,,4,108,logistic_deviance_improvement_age_linear_additive_to_joint_state,joint_state_n_lt_5;apparent_extreme_fraction_in_tiny_joint_state,demographic|AUS|AUS,True,0.04995004995004995,1.0,0.4793792779658504
1975,3_00707,3,age|AUS_colon|chem_hyperglycemia,age|AUS_colonic_thickening|chem_hyperglycemia,10.414377825836766,,4,108,logistic_deviance_improvement_age_linear_additive_to_joint_state,empty_joint_state;joint_state_n_lt_3;joint_state_n_lt_5;apparent_extreme_fraction_in_tiny_joint_state;age_model_newton_not_fully_converged,demographic|AUS|chemistry,True,0.01998001998001998,1.0,0.4405157732543995
1976,3_01140,3,age|chem_elevated ast|chem_elevated total bilirubin,age|chem_elevated_AST|chem_elevated_total_bilirubin,10.41208422321445,,4,108,logistic_deviance_improvement_age_linear_additive_to_joint_state,joint_state_n_lt_3;joint_state_n_lt_5;apparent_extreme_fraction_in_tiny_joint_state;age_model_newton_not_fully_converged,demographic|chemistry|chemistry,True,0.014985014985014986,1.0,0.4405157732543995
1980,3_00524,3,age|clinical signs_constipation|AUS_ileus,age|clinical_signs_constipation|AUS_ileus,10.405824166986235,,4,108,logistic_deviance_improvement_age_linear_additive_to_joint_state,empty_joint_state;joint_state_n_lt_3;joint_state_n_lt_5;apparent_extreme_fraction_in_tiny_joint_state;age_model_newton_not_fully_converged,demographic|clinical signs|AUS,True,0.017982017982017984,1.0,0.4405157732543995
1983,3_01180,3,age|chem_hypercholesterolemia|chem_hypophosphatemia,age|chem_hypercholesterolemia|chem_hypophosphatemia,10.399261069877554,,4,108,logistic_deviance_improvement_age_linear_additive_to_joint_state,empty_joint_state;joint_state_n_lt_3;joint_state_n_lt_5;apparent_extreme_fraction_in_tiny_joint_state;age_model_newton_not_fully_converged,demographic|chemistry|chemistry,True,0.01098901098901099,1.0,0.4405157732543995
1985,3_00559,3,age|AUS_no abnormalities|CBC_lymphocytosis,age|AUS_no_abnormalities|CBC_lymphocytosis,10.396605801869583,,4,108,logistic_deviance_improvement_age_linear_additive_to_joint_state,empty_joint_state;joint_state_n_lt_3;joint_state_n_lt_5;apparent_extreme_fraction_in_tiny_joint_state;age_model_newton_not_fully_converged,demographic|AUS|CBC,True,0.01998001998001998,1.0,0.4405157732543995
1987,3_00841,3,age|AUS_ileus|CBC_anemia,age|AUS_ileus|CBC_anemia,10.394607218871442,,4,108,logistic_deviance_improvement_age_linear_additive_to_joint_state,joint_state_n_lt_3;joint_state_n_lt_5;apparent_extreme_fraction_in_tiny_joint_state;age_model_newton_not_fully_converged,demographic|AUS|CBC,True,0.03996003996003996,1.0,0.4605046047979224
1991,3_00417,3,age|clinical signs_hyporexia|CBC_basophilia,age|clinical_signs_hyporexia|CBC_basophilia,10.391723471785511,,4,108,logistic_deviance_improvement_age_linear_additive_to_joint_state,empty_joint_state,demographic|clinical signs|CBC,True,0.025974025974025976,1.0,0.4405157732543995
1995,3_01159,3,age|chem_elevated total bilirubin|chem_hypercholesterolemia,age|chem_elevated_total_bilirubin|chem_hypercholesterolemia,10.3865133790231,,4,108,logistic_deviance_improvement_age_linear_additive_to_joint_state,empty_joint_state;joint_state_n_lt_3;joint_state_n_lt_5;apparent_extreme_fraction_in_tiny_joint_state;age_model_newton_not_fully_converged,demographic|chemistry|chemistry,True,0.011988011988011988,1.0,0.4405157732543995
1996,3_00764,3,age|AUS_chronic degenerative renal changes|chem_elevated alp,age|AUS_chronic_degenerative_renal_changes|chem_elevated_ALP,10.386218818682906,,4,108,logistic_deviance_improvement_age_linear_additive_to_joint_state,empty_joint_state;joint_state_n_lt_3;joint_state_n_lt_5;apparent_extreme_fraction_in_tiny_joint_state;age_model_newton_not_fully_converged,demographic|AUS|chemistry,True,0.01898101898101898,1.0,0.4405157732543995
1997,3_01028,3,age|CBC_lymphocytosis|CBC_monocytosis,age|CBC_lymphocytosis|CBC_monocytosis,10.385507032340897,,4,108,logistic_deviance_improvement_age_linear_additive_to_joint_state,empty_joint_state;joint_state_n_lt_3;joint_state_n_lt_5;apparent_extreme_fraction_in_tiny_joint_state;age_model_newton_not_fully_converged,demographic|CBC|CBC,True,0.016983016983016984,1.0,0.4405157732543995
2005,3_00693,3,age|AUS_colon|CBC_lymphocytosis,age|AUS_colonic_thickening|CBC_lymphocytosis,10.361995435163152,,4,108,logistic_deviance_improvement_age_linear_additive_to_joint_state,joint_state_n_lt_3;joint_state_n_lt_5;apparent_extreme_fraction_in_tiny_joint_state;age_model_newton_not_fully_converged,demographic|AUS|CBC,True,0.03596403596403597,1.0,0.46043653316380595
2006,3_00694,3,age|AUS_colon|CBC_lymphopenia,age|AUS_colonic_thickening|CBC_lymphopenia,10.358935830990092,,4,108,logistic_deviance_improvement_age_linear_additive_to_joint_state,joint_state_n_lt_3;joint_state_n_lt_5;apparent_extreme_fraction_in_tiny_joint_state;age_model_newton_not_fully_converged,demographic|AUS|CBC,True,0.03596403596403597,1.0,0.46043653316380595
2008,3_00893,3,age|CBC_no abnormalities|chem_hyperglycemia,age|CBC_no_abnormalities|chem_hyperglycemia,10.357724241420996,,4,108,logistic_deviance_improvement_age_linear_additive_to_joint_state,empty_joint_state;joint_state_n_lt_3;joint_state_n_lt_5;apparent_extreme_fraction_in_tiny_joint_state;age_model_newton_not_fully_converged,demographic|CBC|chemistry,True,0.01998001998001998,1.0,0.4405157732543995
2010,3_00989,3,age|CBC_basophilia|CBC_lymphocytosis,age|CBC_basophilia|CBC_lymphocytosis,10.3552727520225,,4,108,logistic_deviance_improvement_age_linear_additive_to_joint_state,empty_joint_state;joint_state_n_lt_3;joint_state_n_lt_5;apparent_extreme_fraction_in_tiny_joint_state;age_model_newton_not_fully_converged,demographic|CBC|CBC,True,0.016983016983016984,1.0,0.4405157732543995
2012,3_00347,3,age|clinical signs_vomiting|chem_elevated ast,age|clinical_signs_vomiting|chem_elevated_AST,10.351457811248395,,4,108,logistic_deviance_improvement_age_linear_additive_to_joint_state,joint_state_n_lt_3;joint_state_n_lt_5;apparent_extreme_fraction_in_tiny_joint_state;age_model_newton_not_fully_converged,demographic|clinical signs|chemistry,True,0.03396603396603397,1.0,0.4566918230284567
2020,3_00399,3,age|clinical signs_hyporexia|clinical signs_hairball obstruction,age|clinical_signs_hyporexia|clinical_signs_hairball_obstruction,10.33664938113067,,4,108,logistic_deviance_improvement_age_linear_additive_to_joint_state,empty_joint_state;joint_state_n_lt_5;apparent_extreme_fraction_in_tiny_joint_state,demographic|clinical signs|clinical signs,True,0.027972027972027972,1.0,0.44206500066849197
2023,3_01084,3,age|CBC_anemia|chem_elevated alp,age|CBC_anemia|chem_elevated_ALP,10.33480270540322,,4,108,logistic_deviance_improvement_age_linear_additive_to_joint_state,empty_joint_state;joint_state_n_lt_3;joint_state_n_lt_5;apparent_extreme_fraction_in_tiny_joint_state;age_model_newton_not_fully_converged,demographic|CBC|chemistry,True,0.013986013986013986,1.0,0.4405157732543995
2026,3_00874,3,age|AUS_gall bladder sludge|chem_elevated alp,age|AUS_gall_bladder_sludge|chem_elevated_ALP,10.32902678733879,,4,108,logistic_deviance_improvement_age_linear_additive_to_joint_state,empty_joint_state;joint_state_n_lt_3;joint_state_n_lt_5;apparent_extreme_fraction_in_tiny_joint_state;age_model_newton_not_fully_converged,demographic|AUS|chemistry,True,0.012987012987012988,1.0,0.4405157732543995
2027,3_00697,3,age|AUS_colon|chem_no abnormalities,age|AUS_colonic_thickening|chem_no_abnormalities,10.326769999274106,,4,108,logistic_deviance_improvement_age_linear_additive_to_joint_state,joint_state_n_lt_5,demographic|AUS|chemistry,True,0.05194805194805195,1.0,0.4803678811460913
2028,3_00424,3,age|clinical signs_hyporexia|chem_hypoproteinemia,age|clinical_signs_hyporexia|chem_hypoproteinemia,10.325549218277885,,4,108,logistic_deviance_improvement_age_linear_additive_to_joint_state,joint_state_n_lt_3;joint_state_n_lt_5;apparent_extreme_fraction_in_tiny_joint_state;age_model_newton_not_fully_converged,demographic|clinical signs|chemistry,True,0.04495504495504495,1.0,0.47168063724355114
2033,3_01175,3,age|chem_hyperglycemia|chem_hypercalcemia,age|chem_hyperglycemia|chem_hypercalcemia,10.323616619678631,,4,108,logistic_deviance_improvement_age_linear_additive_to_joint_state,empty_joint_state;joint_state_n_lt_3;joint_state_n_lt_5;apparent_extreme_fraction_in_tiny_joint_state;age_model_newton_not_fully_converged,demographic|chemistry|chemistry,True,0.01098901098901099,1.0,0.4405157732543995
2034,3_00414,3,age|clinical signs_hyporexia|CBC_neutropenia,age|clinical_signs_hyporexia|CBC_neutropenia,10.32088400983352,,4,108,logistic_deviance_improvement_age_linear_additive_to_joint_state,joint_state_n_lt_3;joint_state_n_lt_5;apparent_extreme_fraction_in_tiny_joint_state;age_model_newton_not_fully_converged,demographic|clinical signs|CBC,True,0.04295704295704296,1.0,0.4648260106427437
2037,3_00690,3,age|AUS_colon|CBC_eosinopenia,age|AUS_colonic_thickening|CBC_eosinopenia,10.314432000931504,,4,108,logistic_deviance_improvement_age_linear_additive_to_joint_state,empty_joint_state;joint_state_n_lt_3;joint_state_n_lt_5;apparent_extreme_fraction_in_tiny_joint_state;age_model_newton_not_fully_converged,demographic|AUS|CBC,True,0.017982017982017984,1.0,0.4405157732543995
2041,3_00708,3,age|AUS_colon|chem_hypercholesterolemia,age|AUS_colonic_thickening|chem_hypercholesterolemia,10.307954093935024,,4,108,logistic_deviance_improvement_age_linear_additive_to_joint_state,empty_joint_state;joint_state_n_lt_3;joint_state_n_lt_5;apparent_extreme_fraction_in_tiny_joint_state;age_model_newton_not_fully_converged,demographic|AUS|chemistry,True,0.022977022977022976,1.0,0.4405157732543995
2042,3_00981,3,age|CBC_eosinopenia|chem_azotemia,age|CBC_eosinopenia|chem_azotemia,10.307235040496323,,4,108,logistic_deviance_improvement_age_linear_additive_to_joint_state,empty_joint_state;joint_state_n_lt_3;joint_state_n_lt_5;apparent_extreme_fraction_in_tiny_joint_state;age_model_newton_not_fully_converged,demographic|CBC|chemistry,True,0.015984015984015984,1.0,0.4405157732543995
2043,3_00551,3,age|clinical signs_constipation|chem_hypophosphatemia,age|clinical_signs_constipation|chem_hypophosphatemia,10.306970250236162,,4,108,logistic_deviance_improvement_age_linear_additive_to_joint_state,empty_joint_state;joint_state_n_lt_3;joint_state_n_lt_5;apparent_extreme_fraction_in_tiny_joint_state;age_model_newton_not_fully_converged,demographic|clinical signs|chemistry,True,0.00999000999000999,1.0,0.4405157732543995
2046,3_00945,3,age|CBC_eosinophilia|CBC_eosinopenia,age|CBC_eosinophilia|CBC_eosinopenia,10.301792607523282,,4,108,logistic_deviance_improvement_age_linear_additive_to_joint_state,empty_joint_state;joint_state_n_lt_3;joint_state_n_lt_5;apparent_extreme_fraction_in_tiny_joint_state;age_model_newton_not_fully_converged,demographic|CBC|CBC,True,0.01898101898101898,1.0,0.4405157732543995
2048,3_00569,3,age|AUS_no abnormalities|chem_elevated alp,age|AUS_no_abnormalities|chem_elevated_ALP,10.297108158705697,,4,108,logistic_deviance_improvement_age_linear_additive_to_joint_state,empty_joint_state;joint_state_n_lt_3;joint_state_n_lt_5;apparent_extreme_fraction_in_tiny_joint_state;age_model_newton_not_fully_converged,demographic|AUS|chemistry,True,0.01898101898101898,1.0,0.4405157732543995
2052,3_00544,3,age|clinical signs_constipation|chem_elevated total bilirubin,age|clinical_signs_constipation|chem_elevated_total_bilirubin,10.29421083753806,,4,108,logistic_deviance_improvement_age_linear_additive_to_joint_state,empty_joint_state;joint_state_n_lt_3;joint_state_n_lt_5;apparent_extreme_fraction_in_tiny_joint_state;age_model_newton_not_fully_converged,demographic|clinical signs|chemistry,True,0.012987012987012988,1.0,0.4405157732543995
2053,3_00984,3,age|CBC_eosinopenia|chem_hypercholesterolemia,age|CBC_eosinopenia|chem_hypercholesterolemia,10.290669261686432,,4,108,logistic_deviance_improvement_age_linear_additive_to_joint_state,empty_joint_state;joint_state_n_lt_3;joint_state_n_lt_5;apparent_extreme_fraction_in_tiny_joint_state;age_model_newton_not_fully_converged,demographic|CBC|chemistry,True,0.005994005994005994,1.0,0.4405157732543995
2059,3_01029,3,age|CBC_lymphocytosis|CBC_anemia,age|CBC_lymphocytosis|CBC_anemia,10.281787792611112,,4,108,logistic_deviance_improvement_age_linear_additive_to_joint_state,empty_joint_state;joint_state_n_lt_3;joint_state_n_lt_5;apparent_extreme_fraction_in_tiny_joint_state;age_model_newton_not_fully_converged,demographic|CBC|CBC,True,0.01998001998001998,1.0,0.4405157732543995
2065,3_00676,3,age|AUS_ileum|chem_hypercholesterolemia,age|AUS_ileal_thickening|chem_hypercholesterolemia,10.271746593280696,,4,108,logistic_deviance_improvement_age_linear_additive_to_joint_state,empty_joint_state;joint_state_n_lt_3;joint_state_n_lt_5;apparent_extreme_fraction_in_tiny_joint_state;age_model_newton_not_fully_converged,demographic|AUS|chemistry,True,0.015984015984015984,1.0,0.4405157732543995
2089,3_00496,3,age|clinical signs_hairball obstruction|CBC_lymphocytosis,age|clinical_signs_hairball_obstruction|CBC_lymphocytosis,10.268556295892878,,4,108,logistic_deviance_improvement_age_linear_additive_to_joint_state,empty_joint_state;joint_state_n_lt_3;joint_state_n_lt_5;apparent_extreme_fraction_in_tiny_joint_state;age_model_newton_not_fully_converged,demographic|clinical signs|CBC,True,0.016983016983016984,1.0,0.4405157732543995
2092,3_00604,3,age|AUS_duodenum|chem_elevated alp,age|AUS_duodenal_thickening|chem_elevated_ALP,10.263663575960578,,4,108,logistic_deviance_improvement_age_linear_additive_to_joint_state,empty_joint_state;joint_state_n_lt_3;joint_state_n_lt_5;apparent_extreme_fraction_in_tiny_joint_state;age_model_newton_not_fully_converged,demographic|AUS|chemistry,True,0.014985014985014986,1.0,0.4405157732543995
2100,3_00228,3,age|pli_abn|chem_discordantly elevated bun,age|pli_abn|chem_discordantly_elevated_BUN,10.260468106990146,,4,86,logistic_deviance_improvement_age_linear_additive_to_joint_state,empty_joint_state;joint_state_n_lt_3;joint_state_n_lt_5;apparent_extreme_fraction_in_tiny_joint_state;age_model_newton_not_fully_converged,demographic|GI panel|chemistry,True,0.014985014985014986,1.0,0.4405157732543995
2102,3_00166,3,age|tli_high|CBC_eosinophilia,age|tli_high|CBC_eosinophilia,10.256037130192354,,4,87,logistic_deviance_improvement_age_linear_additive_to_joint_state,joint_state_n_lt_3;joint_state_n_lt_5;apparent_extreme_fraction_in_tiny_joint_state;age_model_newton_not_fully_converged,demographic|GI panel|CBC,True,0.052947052947052944,1.0,0.4809504876394508
2106,3_00716,3,age|AUS_mesenteric lymphadenopathy|AUS_gall bladder sludge,age|AUS_mesenteric_lymphadenopathy|AUS_gall_bladder_sludge,10.250164000139563,,4,108,logistic_deviance_improvement_age_linear_additive_to_joint_state,,demographic|AUS|AUS,True,0.058941058941058944,1.0,0.4906249617282893
2108,3_01069,3,age|CBC_monocytosis|chem_elevated alp,age|CBC_monocytosis|chem_elevated_ALP,10.246773005196715,,4,108,logistic_deviance_improvement_age_linear_additive_to_joint_state,empty_joint_state;joint_state_n_lt_3;joint_state_n_lt_5;apparent_extreme_fraction_in_tiny_joint_state;age_model_newton_not_fully_converged,demographic|CBC|chemistry,True,0.01898101898101898,1.0,0.4405157732543995
2109,3_00754,3,age|AUS_chronic degenerative renal changes|CBC_lymphocytosis,age|AUS_chronic_degenerative_renal_changes|CBC_lymphocytosis,10.244135877771896,,4,108,logistic_deviance_improvement_age_linear_additive_to_joint_state,empty_joint_state;joint_state_n_lt_3;joint_state_n_lt_5;apparent_extreme_fraction_in_tiny_joint_state;age_model_newton_not_fully_converged,demographic|AUS|CBC,True,0.01898101898101898,1.0,0.4405157732543995
2117,3_00642,3,age|AUS_jejunum|chem_hyperglycemia,age|AUS_jejunal_thickening|chem_hyperglycemia,10.235770618589171,,4,108,logistic_deviance_improvement_age_linear_additive_to_joint_state,empty_joint_state;joint_state_n_lt_3;joint_state_n_lt_5;apparent_extreme_fraction_in_tiny_joint_state;age_model_newton_not_fully_converged,demographic|AUS|chemistry,True,0.02097902097902098,1.0,0.4405157732543995
2122,3_01012,3,age|CBC_basocytosis|chem_no abnormalities,age|CBC_basocytosis|chem_no_abnormalities,10.230150168879277,,4,108,logistic_deviance_improvement_age_linear_additive_to_joint_state,empty_joint_state;joint_state_n_lt_3;joint_state_n_lt_5;apparent_extreme_fraction_in_tiny_joint_state;age_model_newton_not_fully_converged,demographic|CBC|chemistry,True,0.00999000999000999,1.0,0.4405157732543995
2138,3_00721,3,age|AUS_mesenteric lymphadenopathy|CBC_eosinopenia,age|AUS_mesenteric_lymphadenopathy|CBC_eosinopenia,10.219690249532434,,4,108,logistic_deviance_improvement_age_linear_additive_to_joint_state,empty_joint_state;joint_state_n_lt_3;joint_state_n_lt_5;apparent_extreme_fraction_in_tiny_joint_state;age_model_newton_not_fully_converged,demographic|AUS|CBC,True,0.01898101898101898,1.0,0.4405157732543995
2143,3_00665,3,age|AUS_ileum|chem_no abnormalities,age|AUS_ileal_thickening|chem_no_abnormalities,10.213360624650633,,4,108,logistic_deviance_improvement_age_linear_additive_to_joint_state,,demographic|AUS|chemistry,True,0.04495504495504495,1.0,0.47168063724355114
2146,3_00675,3,age|AUS_ileum|chem_hyperglycemia,age|AUS_ileal_thickening|chem_hyperglycemia,10.209693008124901,,4,108,logistic_deviance_improvement_age_linear_additive_to_joint_state,empty_joint_state;joint_state_n_lt_3;joint_state_n_lt_5;apparent_extreme_fraction_in_tiny_joint_state;age_model_newton_not_fully_converged,demographic|AUS|chemistry,True,0.02097902097902098,1.0,0.4405157732543995
2149,3_00530,3,age|clinical signs_constipation|CBC_eosinopenia,age|clinical_signs_constipation|CBC_eosinopenia,10.20501363319967,,4,108,logistic_deviance_improvement_age_linear_additive_to_joint_state,empty_joint_state;joint_state_n_lt_3;joint_state_n_lt_5;apparent_extreme_fraction_in_tiny_joint_state;age_model_newton_not_fully_converged,demographic|clinical signs|CBC,True,0.006993006993006993,1.0,0.4405157732543995
2151,3_00749,3,age|AUS_chronic degenerative renal changes|CBC_neutropenia,age|AUS_chronic_degenerative_renal_changes|CBC_neutropenia,10.20027813239642,,4,108,logistic_deviance_improvement_age_linear_additive_to_joint_state,joint_state_n_lt_3;joint_state_n_lt_5;apparent_extreme_fraction_in_tiny_joint_state;age_model_newton_not_fully_converged,demographic|AUS|CBC,True,0.053946053946053944,1.0,0.48173902189872125
2153,3_00519,3,age|clinical signs_constipation|AUS_colon,age|clinical_signs_constipation|AUS_colonic_thickening,10.196280662261302,,4,108,logistic_deviance_improvement_age_linear_additive_to_joint_state,empty_joint_state;joint_state_n_lt_3;joint_state_n_lt_5;apparent_extreme_fraction_in_tiny_joint_state;age_model_newton_not_fully_converged,demographic|clinical signs|AUS,True,0.02097902097902098,1.0,0.4405157732543995
2155,3_00835,3,age|AUS_ileus|CBC_eosinopenia,age|AUS_ileus|CBC_eosinopenia,10.194470507642308,,4,108,logistic_deviance_improvement_age_linear_additive_to_joint_state,empty_joint_state;joint_state_n_lt_3;joint_state_n_lt_5;apparent_extreme_fraction_in_tiny_joint_state;age_model_newton_not_fully_converged,demographic|AUS|CBC,True,0.017982017982017984,1.0,0.4405157732543995
2156,3_00420,3,age|clinical signs_hyporexia|CBC_lymphopenia,age|clinical_signs_hyporexia|CBC_lymphopenia,10.192864895000625,,4,108,logistic_deviance_improvement_age_linear_additive_to_joint_state,joint_state_n_lt_3;joint_state_n_lt_5;apparent_extreme_fraction_in_tiny_joint_state;age_model_newton_not_fully_converged,demographic|clinical signs|CBC,True,0.04295704295704296,1.0,0.4648260106427437
2158,3_00398,3,age|clinical signs_hyporexia|clinical signs_weight loss,age|clinical_signs_hyporexia|clinical_signs_weight_loss,10.186162156984878,,4,108,logistic_deviance_improvement_age_linear_additive_to_joint_state,,demographic|clinical signs|clinical signs,True,0.059940059940059943,1.0,0.4922593605099005
2164,3_01168,3,age|chem_azotemia|chem_hypophosphatemia,age|chem_azotemia|chem_hypophosphatemia,10.182547368326254,,4,108,logistic_deviance_improvement_age_linear_additive_to_joint_state,empty_joint_state;joint_state_n_lt_3;joint_state_n_lt_5;apparent_extreme_fraction_in_tiny_joint_state;age_model_newton_not_fully_converged,demographic|chemistry|chemistry,True,0.016983016983016984,1.0,0.4405157732543995
2177,3_01130,3,age|chem_elevated alt|chem_elevated alp,age|chem_elevated_ALT|chem_elevated_ALP,10.161315028815551,,4,108,logistic_deviance_improvement_age_linear_additive_to_joint_state,empty_joint_state;joint_state_n_lt_3;joint_state_n_lt_5;apparent_extreme_fraction_in_tiny_joint_state;age_model_newton_not_fully_converged,demographic|chemistry|chemistry,True,0.01998001998001998,1.0,0.4405157732543995
2186,3_00059,3,age|folate_high|AUS_no abnormalities,age|folate_high|AUS_no_abnormalities,10.149764631558597,,4,90,logistic_deviance_improvement_age_linear_additive_to_joint_state,joint_state_n_lt_3;joint_state_n_lt_5;apparent_extreme_fraction_in_tiny_joint_state;age_model_newton_not_fully_converged,demographic|GI panel|AUS,True,0.03496503496503497,1.0,0.4587682848552414
2188,3_00803,3,age|AUS_splenomegaly|AUS_gall bladder sludge,age|AUS_splenomegaly|AUS_gall_bladder_sludge,10.146561616228496,,4,108,logistic_deviance_improvement_age_linear_additive_to_joint_state,joint_state_n_lt_5;apparent_extreme_fraction_in_tiny_joint_state,demographic|AUS|AUS,True,0.060939060939060936,1.0,0.49406116271787914
2189,3_00878,3,age|AUS_gall bladder sludge|chem_hyperglycemia,age|AUS_gall_bladder_sludge|chem_hyperglycemia,10.144415577525294,,4,108,logistic_deviance_improvement_age_linear_additive_to_joint_state,empty_joint_state;joint_state_n_lt_3;joint_state_n_lt_5;apparent_extreme_fraction_in_tiny_joint_state;age_model_newton_not_fully_converged,demographic|AUS|chemistry,True,0.01898101898101898,1.0,0.4405157732543995
2190,3_00342,3,age|clinical signs_vomiting|chem_no abnormalities,age|clinical_signs_vomiting|chem_no_abnormalities,10.142668318670687,,4,108,logistic_deviance_improvement_age_linear_additive_to_joint_state,,demographic|clinical signs|chemistry,True,0.04195804195804196,1.0,0.46297521399088437
2191,3_01139,3,age|chem_elevated ast|chem_elevated alp,age|chem_elevated_AST|chem_elevated_ALP,10.140368290709532,,4,108,logistic_deviance_improvement_age_linear_additive_to_joint_state,empty_joint_state;joint_state_n_lt_3;joint_state_n_lt_5;apparent_extreme_fraction_in_tiny_joint_state;age_model_newton_not_fully_converged,demographic|chemistry|chemistry,True,0.00999000999000999,1.0,0.4405157732543995
2198,3_00966,3,age|CBC_eosinophilia|chem_hypophosphatemia,age|CBC_eosinophilia|chem_hypophosphatemia,10.136880204301036,,4,108,logistic_deviance_improvement_age_linear_additive_to_joint_state,empty_joint_state;joint_state_n_lt_3;joint_state_n_lt_5;apparent_extreme_fraction_in_tiny_joint_state;age_model_newton_not_fully_converged,demographic|CBC|chemistry,True,0.025974025974025976,1.0,0.4405157732543995
2199,3_00683,3,age|AUS_colon|AUS_splenomegaly,age|AUS_colonic_thickening|AUS_splenomegaly,10.135088598267316,,4,108,logistic_deviance_improvement_age_linear_additive_to_joint_state,joint_state_n_lt_3;joint_state_n_lt_5;apparent_extreme_fraction_in_tiny_joint_state,demographic|AUS|AUS,True,0.04295704295704296,1.0,0.4648260106427437
2202,3_00768,3,age|AUS_chronic degenerative renal changes|chem_hyperglycemia,age|AUS_chronic_degenerative_renal_changes|chem_hyperglycemia,10.130795191586145,,4,108,logistic_deviance_improvement_age_linear_additive_to_joint_state,empty_joint_state;joint_state_n_lt_3;joint_state_n_lt_5;apparent_extreme_fraction_in_tiny_joint_state;age_model_newton_not_fully_converged,demographic|AUS|chemistry,True,0.01898101898101898,1.0,0.4405157732543995
2203,3_00213,3,age|pli_abn|CBC_basophilia,age|pli_abn|CBC_basophilia,10.13078234490888,,4,86,logistic_deviance_improvement_age_linear_additive_to_joint_state,joint_state_n_lt_3;joint_state_n_lt_5;apparent_extreme_fraction_in_tiny_joint_state;age_model_newton_not_fully_converged,demographic|GI panel|CBC,True,0.04695304695304695,1.0,0.47482517482517483
2204,3_00852,3,age|AUS_ileus|chem_hyperglycemia,age|AUS_ileus|chem_hyperglycemia,10.130713941236948,,4,108,logistic_deviance_improvement_age_linear_additive_to_joint_state,empty_joint_state;joint_state_n_lt_3;joint_state_n_lt_5;apparent_extreme_fraction_in_tiny_joint_state;age_model_newton_not_fully_converged,demographic|AUS|chemistry,True,0.02197802197802198,1.0,0.4405157732543995
2206,3_01097,3,age|chem_hypoproteinemia|chem_elevated alp,age|chem_hypoproteinemia|chem_elevated_ALP,10.129305951920728,,4,108,logistic_deviance_improvement_age_linear_additive_to_joint_state,empty_joint_state;joint_state_n_lt_3;joint_state_n_lt_5;apparent_extreme_fraction_in_tiny_joint_state;age_model_newton_not_fully_converged,demographic|chemistry|chemistry,True,0.015984015984015984,1.0,0.4405157732543995
2207,3_00959,3,age|CBC_eosinophilia|chem_elevated total bilirubin,age|CBC_eosinophilia|chem_elevated_total_bilirubin,10.125176341530974,,4,108,logistic_deviance_improvement_age_linear_additive_to_joint_state,empty_joint_state;joint_state_n_lt_3;joint_state_n_lt_5;apparent_extreme_fraction_in_tiny_joint_state;age_model_newton_not_fully_converged,demographic|CBC|chemistry,True,0.03196803196803197,1.0,0.4559461543707605
2215,3_01166,3,age|chem_azotemia|chem_hypercalcemia,age|chem_azotemia|chem_hypercalcemia,10.10880668618968,,4,108,logistic_deviance_improvement_age_linear_additive_to_joint_state,empty_joint_state;joint_state_n_lt_3;joint_state_n_lt_5;apparent_extreme_fraction_in_tiny_joint_state;age_model_newton_not_fully_converged,demographic|chemistry|chemistry,True,0.01898101898101898,1.0,0.4405157732543995
2216,3_00403,3,age|clinical signs_hyporexia|AUS_jejunum,age|clinical_signs_hyporexia|AUS_jejunal_thickening,10.107526131904379,,4,108,logistic_deviance_improvement_age_linear_additive_to_joint_state,,demographic|clinical signs|AUS,True,0.06693306693306693,1.0,0.5017577604990192
2217,3_00316,3,age|clinical signs_vomiting|clinical signs_hyporexia,age|clinical_signs_vomiting|clinical_signs_hyporexia,10.10564321313933,,4,108,logistic_deviance_improvement_age_linear_additive_to_joint_state,,demographic|clinical signs|clinical signs,True,0.061938061938061936,1.0,0.49540026654035907
2234,3_00829,3,age|AUS_splenomegaly|chem_hypophosphatemia,age|AUS_splenomegaly|chem_hypophosphatemia,10.087036411804547,,4,108,logistic_deviance_improvement_age_linear_additive_to_joint_state,empty_joint_state;joint_state_n_lt_3;joint_state_n_lt_5;apparent_extreme_fraction_in_tiny_joint_state;age_model_newton_not_fully_converged,demographic|AUS|chemistry,True,0.016983016983016984,1.0,0.4405157732543995
2242,3_00866,3,age|AUS_gall bladder sludge|CBC_monocytosis,age|AUS_gall_bladder_sludge|CBC_monocytosis,10.078775148455534,,4,108,logistic_deviance_improvement_age_linear_additive_to_joint_state,joint_state_n_lt_3;joint_state_n_lt_5;apparent_extreme_fraction_in_tiny_joint_state,demographic|AUS|CBC,True,0.04695304695304695,1.0,0.47482517482517483
2243,3_00822,3,age|AUS_splenomegaly|chem_elevated total bilirubin,age|AUS_splenomegaly|chem_elevated_total_bilirubin,10.07564029486771,,4,108,logistic_deviance_improvement_age_linear_additive_to_joint_state,empty_joint_state;joint_state_n_lt_3;joint_state_n_lt_5;apparent_extreme_fraction_in_tiny_joint_state;age_model_newton_not_fully_converged,demographic|AUS|chemistry,True,0.01998001998001998,1.0,0.4405157732543995
2246,3_00864,3,age|AUS_gall bladder sludge|CBC_lymphocytosis,age|AUS_gall_bladder_sludge|CBC_lymphocytosis,10.073405218020639,,4,108,logistic_deviance_improvement_age_linear_additive_to_joint_state,joint_state_n_lt_3;joint_state_n_lt_5;apparent_extreme_fraction_in_tiny_joint_state;age_model_newton_not_fully_converged,demographic|AUS|CBC,True,0.03296703296703297,1.0,0.4566918230284567
2247,3_01088,3,age|CBC_anemia|chem_hyperglycemia,age|CBC_anemia|chem_hyperglycemia,10.070370093341694,,4,108,logistic_deviance_improvement_age_linear_additive_to_joint_state,empty_joint_state;joint_state_n_lt_3;joint_state_n_lt_5;apparent_extreme_fraction_in_tiny_joint_state;age_model_newton_not_fully_converged,demographic|CBC|chemistry,True,0.01998001998001998,1.0,0.4405157732543995
2250,3_00037,3,age|cobalamin_low|chem_decreased alt,age|cobalamin_low|chem_decreased_ALT,10.06692408264658,,4,90,logistic_deviance_improvement_age_linear_additive_to_joint_state,joint_state_n_lt_3;joint_state_n_lt_5;apparent_extreme_fraction_in_tiny_joint_state;age_model_newton_not_fully_converged,demographic|GI panel|chemistry,True,0.023976023976023976,1.0,0.4405157732543995
2261,3_01023,3,age|CBC_basocytosis|chem_hypercholesterolemia,age|CBC_basocytosis|chem_hypercholesterolemia,10.055090939916866,,4,108,logistic_deviance_improvement_age_linear_additive_to_joint_state,empty_joint_state;joint_state_n_lt_3;joint_state_n_lt_5;apparent_extreme_fraction_in_tiny_joint_state;age_model_newton_not_fully_converged,demographic|CBC|chemistry,True,0.006993006993006993,1.0,0.4405157732543995
2263,3_00573,3,age|AUS_no abnormalities|chem_hyperglycemia,age|AUS_no_abnormalities|chem_hyperglycemia,10.053698934300726,,4,108,logistic_deviance_improvement_age_linear_additive_to_joint_state,empty_joint_state;joint_state_n_lt_3;joint_state_n_lt_5;apparent_extreme_fraction_in_tiny_joint_state;age_model_newton_not_fully_converged,demographic|AUS|chemistry,True,0.026973026973026972,1.0,0.4405594405594406
2278,3_01031,3,age|CBC_lymphocytosis|chem_hypoproteinemia,age|CBC_lymphocytosis|chem_hypoproteinemia,10.050011216905062,,4,108,logistic_deviance_improvement_age_linear_additive_to_joint_state,empty_joint_state;joint_state_n_lt_3;joint_state_n_lt_5;apparent_extreme_fraction_in_tiny_joint_state;age_model_newton_not_fully_converged,demographic|CBC|chemistry,True,0.015984015984015984,1.0,0.4405157732543995
2279,3_00365,3,age|clinical signs_diarrhea|AUS_colon,age|clinical_signs_diarrhea|AUS_colonic_thickening,10.047119510778202,,4,108,logistic_deviance_improvement_age_linear_additive_to_joint_state,joint_state_n_lt_3;joint_state_n_lt_5;apparent_extreme_fraction_in_tiny_joint_state,demographic|clinical signs|AUS,True,0.057942057942057944,1.0,0.4885119315274526
2281,3_00389,3,age|clinical signs_diarrhea|chem_elevated alp,age|clinical_signs_diarrhea|chem_elevated_ALP,10.044605664926252,,4,108,logistic_deviance_improvement_age_linear_additive_to_joint_state,empty_joint_state;joint_state_n_lt_3;joint_state_n_lt_5;apparent_extreme_fraction_in_tiny_joint_state;age_model_newton_not_fully_converged,demographic|clinical signs|chemistry,True,0.02097902097902098,1.0,0.4405157732543995
2282,3_01053,3,age|CBC_lymphopenia|chem_elevated alp,age|CBC_lymphopenia|chem_elevated_ALP,10.044193496700487,,4,108,logistic_deviance_improvement_age_linear_additive_to_joint_state,empty_joint_state;joint_state_n_lt_3;joint_state_n_lt_5;apparent_extreme_fraction_in_tiny_joint_state;age_model_newton_not_fully_converged,demographic|CBC|chemistry,True,0.017982017982017984,1.0,0.4405157732543995
2284,3_00200,3,age|pli_abn|AUS_ileum,age|pli_abn|AUS_ileal_thickening,10.042008788314575,,4,86,logistic_deviance_improvement_age_linear_additive_to_joint_state,,demographic|GI panel|AUS,True,0.060939060939060936,1.0,0.49406116271787914
2288,3_01073,3,age|CBC_monocytosis|chem_hyperglycemia,age|CBC_monocytosis|chem_hyperglycemia,10.039483786115724,,4,108,logistic_deviance_improvement_age_linear_additive_to_joint_state,empty_joint_state;joint_state_n_lt_3;joint_state_n_lt_5;apparent_extreme_fraction_in_tiny_joint_state;age_model_newton_not_fully_converged,demographic|CBC|chemistry,True,0.022977022977022976,1.0,0.4405157732543995
2295,3_00856,3,age|AUS_ileus|chem_hypophosphatemia,age|AUS_ileus|chem_hypophosphatemia,10.032763116552658,,4,108,logistic_deviance_improvement_age_linear_additive_to_joint_state,empty_joint_state;joint_state_n_lt_3;joint_state_n_lt_5;apparent_extreme_fraction_in_tiny_joint_state;age_model_newton_not_fully_converged,demographic|AUS|chemistry,True,0.029970029970029972,1.0,0.45114030862249394
2296,3_00306,3,age|clinical signs_none|chem_elevated alp,age|clinical_signs_none_reported|chem_elevated_ALP,10.032742858150385,,4,108,logistic_deviance_improvement_age_linear_additive_to_joint_state,empty_joint_state;joint_state_n_lt_3;joint_state_n_lt_5;apparent_extreme_fraction_in_tiny_joint_state;age_model_newton_not_fully_converged,demographic|clinical signs|chemistry,True,0.012987012987012988,1.0,0.4405157732543995
2297,3_00638,3,age|AUS_jejunum|chem_elevated alp,age|AUS_jejunal_thickening|chem_elevated_ALP,10.032603588093778,,4,108,logistic_deviance_improvement_age_linear_additive_to_joint_state,empty_joint_state;joint_state_n_lt_3;joint_state_n_lt_5;apparent_extreme_fraction_in_tiny_joint_state;age_model_newton_not_fully_converged,demographic|AUS|chemistry,True,0.01998001998001998,1.0,0.4405157732543995
2303,3_01034,3,age|CBC_lymphocytosis|chem_elevated alt,age|CBC_lymphocytosis|chem_elevated_ALT,10.027287470594771,,4,108,logistic_deviance_improvement_age_linear_additive_to_joint_state,joint_state_n_lt_3;joint_state_n_lt_5;apparent_extreme_fraction_in_tiny_joint_state;age_model_newton_not_fully_converged,demographic|CBC|chemistry,True,0.04395604395604396,1.0,0.46870011648474913
2307,3_00849,3,age|AUS_ileus|chem_elevated total bilirubin,age|AUS_ileus|chem_elevated_total_bilirubin,10.021006735339185,,4,108,logistic_deviance_improvement_age_linear_additive_to_joint_state,empty_joint_state;joint_state_n_lt_3;joint_state_n_lt_5;apparent_extreme_fraction_in_tiny_joint_state;age_model_newton_not_fully_converged,demographic|AUS|chemistry,True,0.028971028971028972,1.0,0.44419129257838935
2308,3_00348,3,age|clinical signs_vomiting|chem_elevated alp,age|clinical_signs_vomiting|chem_elevated_ALP,10.02050978798475,,4,108,logistic_deviance_improvement_age_linear_additive_to_joint_state,empty_joint_state;joint_state_n_lt_3;joint_state_n_lt_5;apparent_extreme_fraction_in_tiny_joint_state;age_model_newton_not_fully_converged,demographic|clinical signs|chemistry,True,0.01998001998001998,1.0,0.4405157732543995
2314,3_00393,3,age|clinical signs_diarrhea|chem_hyperglycemia,age|clinical_signs_diarrhea|chem_hyperglycemia,10.01585976103867,,4,108,logistic_deviance_improvement_age_linear_additive_to_joint_state,empty_joint_state;joint_state_n_lt_3;joint_state_n_lt_5;apparent_extreme_fraction_in_tiny_joint_state;age_model_newton_not_fully_converged,demographic|clinical signs|chemistry,True,0.017982017982017984,1.0,0.4405157732543995
2317,3_01047,3,age|CBC_lymphopenia|chem_no abnormalities,age|CBC_lymphopenia|chem_no_abnormalities,10.006589406523815,,4,108,logistic_deviance_improvement_age_linear_additive_to_joint_state,joint_state_n_lt_3;joint_state_n_lt_5;apparent_extreme_fraction_in_tiny_joint_state,demographic|CBC|chemistry,True,0.058941058941058944,1.0,0.4906249617282893
2322,3_00379,3,age|clinical signs_diarrhea|CBC_lymphocytosis,age|clinical_signs_diarrhea|CBC_lymphocytosis,10.002701046584718,,4,108,logistic_deviance_improvement_age_linear_additive_to_joint_state,joint_state_n_lt_3;joint_state_n_lt_5;apparent_extreme_fraction_in_tiny_joint_state;age_model_newton_not_fully_converged,demographic|clinical signs|CBC,True,0.028971028971028972,1.0,0.44419129257838935
2324,3_00628,3,age|AUS_jejunum|CBC_lymphocytosis,age|AUS_jejunal_thickening|CBC_lymphocytosis,10.001664626464475,,4,108,logistic_deviance_improvement_age_linear_additive_to_joint_state,joint_state_n_lt_3;joint_state_n_lt_5;apparent_extreme_fraction_in_tiny_joint_state;age_model_newton_not_fully_converged,demographic|AUS|CBC,True,0.03996003996003996,1.0,0.4605046047979224
2326,3_00827,3,age|AUS_splenomegaly|chem_hypercalcemia,age|AUS_splenomegaly|chem_hypercalcemia,9.998569137216748,,4,108,logistic_deviance_improvement_age_linear_additive_to_joint_state,empty_joint_state;joint_state_n_lt_3;joint_state_n_lt_5;apparent_extreme_fraction_in_tiny_joint_state;age_model_newton_not_fully_converged,demographic|AUS|chemistry,True,0.023976023976023976,1.0,0.4405157732543995
2327,3_00448,3,age|clinical signs_weight loss|AUS_splenomegaly,age|clinical_signs_weight_loss|AUS_splenomegaly,9.997980332577356,,4,108,logistic_deviance_improvement_age_linear_additive_to_joint_state,,demographic|clinical signs|AUS,True,0.055944055944055944,1.0,0.48455963171225136
2328,3_00436,3,age|clinical signs_hyporexia|chem_hypokalemia,age|clinical_signs_hyporexia|chem_hypokalemia,9.996826221057859,,4,108,logistic_deviance_improvement_age_linear_additive_to_joint_state,empty_joint_state,demographic|clinical signs|chemistry,True,0.03196803196803197,1.0,0.4559461543707605
2329,3_01154,3,age|chem_elevated alp|chem_hypokalemia,age|chem_elevated_ALP|chem_hypokalemia,9.996725984609512,,4,108,logistic_deviance_improvement_age_linear_additive_to_joint_state,empty_joint_state;joint_state_n_lt_3;joint_state_n_lt_5;apparent_extreme_fraction_in_tiny_joint_state;age_model_newton_not_fully_converged,demographic|chemistry|chemistry,True,0.01898101898101898,1.0,0.4405157732543995
2333,3_01134,3,age|chem_elevated alt|chem_hyperglycemia,age|chem_elevated_ALT|chem_hyperglycemia,9.993410134650802,,4,108,logistic_deviance_improvement_age_linear_additive_to_joint_state,empty_joint_state;joint_state_n_lt_3;joint_state_n_lt_5;apparent_extreme_fraction_in_tiny_joint_state;age_model_newton_not_fully_converged,demographic|chemistry|chemistry,True,0.017982017982017984,1.0,0.4405157732543995
18,2_00009,2,age|clinical signs_hyporexia,age|clinical_signs_hyporexia,9.990333682109522,,2,108,logistic_deviance_improvement_age_linear_additive_to_joint_state,,demographic|clinical signs,True,0.013986013986013986,0.997002997002997,0.42977206279958574
2344,3_00594,3,age|AUS_duodenum|CBC_lymphocytosis,age|AUS_duodenal_thickening|CBC_lymphocytosis,9.987257264773007,,4,108,logistic_deviance_improvement_age_linear_additive_to_joint_state,empty_joint_state;joint_state_n_lt_3;joint_state_n_lt_5;apparent_extreme_fraction_in_tiny_joint_state;age_model_newton_not_fully_converged,demographic|AUS|CBC,True,0.02097902097902098,1.0,0.4405157732543995
2345,3_01143,3,age|chem_elevated ast|chem_hyperglycemia,age|chem_elevated_AST|chem_hyperglycemia,9.985463392625107,,4,108,logistic_deviance_improvement_age_linear_additive_to_joint_state,empty_joint_state;joint_state_n_lt_3;joint_state_n_lt_5;apparent_extreme_fraction_in_tiny_joint_state;age_model_newton_not_fully_converged,demographic|chemistry|chemistry,True,0.014985014985014986,1.0,0.4405157732543995
2357,3_01027,3,age|CBC_lymphocytosis|CBC_lymphopenia,age|CBC_lymphocytosis|CBC_lymphopenia,9.975386305248534,,4,108,logistic_deviance_improvement_age_linear_additive_to_joint_state,empty_joint_state;joint_state_n_lt_3;joint_state_n_lt_5;apparent_extreme_fraction_in_tiny_joint_state;age_model_newton_not_fully_converged,demographic|CBC|CBC,True,0.024975024975024976,1.0,0.4405157732543995
2359,3_00338,3,age|clinical signs_vomiting|CBC_lymphocytosis,age|clinical_signs_vomiting|CBC_lymphocytosis,9.974374873118592,,4,108,logistic_deviance_improvement_age_linear_additive_to_joint_state,joint_state_n_lt_3;joint_state_n_lt_5;apparent_extreme_fraction_in_tiny_joint_state;age_model_newton_not_fully_converged,demographic|clinical signs|CBC,True,0.03996003996003996,1.0,0.4605046047979224
2360,3_00080,3,age|folate_high|CBC_anemia,age|folate_high|CBC_anemia,9.973779453698953,,4,90,logistic_deviance_improvement_age_linear_additive_to_joint_state,empty_joint_state;joint_state_n_lt_3;joint_state_n_lt_5;apparent_extreme_fraction_in_tiny_joint_state;age_model_newton_not_fully_converged,demographic|GI panel|CBC,True,0.02097902097902098,1.0,0.4405157732543995
2362,3_00296,3,age|clinical signs_none|CBC_lymphocytosis,age|clinical_signs_none_reported|CBC_lymphocytosis,9.972602675196384,,4,108,logistic_deviance_improvement_age_linear_additive_to_joint_state,empty_joint_state;joint_state_n_lt_3;joint_state_n_lt_5;apparent_extreme_fraction_in_tiny_joint_state;age_model_newton_not_fully_converged,demographic|clinical signs|CBC,True,0.022977022977022976,1.0,0.4405157732543995
2363,3_00155,3,age|tli_high|AUS_ileum,age|tli_high|AUS_ileal_thickening,9.970237181109539,,4,87,logistic_deviance_improvement_age_linear_additive_to_joint_state,,demographic|GI panel|AUS,True,0.06293706293706294,1.0,0.49794400356198115
2364,3_01129,3,age|chem_elevated alt|chem_elevated ast,age|chem_elevated_ALT|chem_elevated_AST,9.969482667909546,,4,108,logistic_deviance_improvement_age_linear_additive_to_joint_state,joint_state_n_lt_3;joint_state_n_lt_5;apparent_extreme_fraction_in_tiny_joint_state;age_model_newton_not_fully_converged,demographic|chemistry|chemistry,True,0.04195804195804196,1.0,0.46297521399088437
2367,3_00458,3,age|clinical signs_weight loss|CBC_lymphocytosis,age|clinical_signs_weight_loss|CBC_lymphocytosis,9.964155967812005,,4,108,logistic_deviance_improvement_age_linear_additive_to_joint_state,empty_joint_state;joint_state_n_lt_3;joint_state_n_lt_5;apparent_extreme_fraction_in_tiny_joint_state;age_model_newton_not_fully_converged,demographic|clinical signs|CBC,True,0.02197802197802198,1.0,0.4405157732543995
2369,3_00167,3,age|tli_high|CBC_eosinopenia,age|tli_high|CBC_eosinopenia,9.963410687091823,,4,87,logistic_deviance_improvement_age_linear_additive_to_joint_state,empty_joint_state;joint_state_n_lt_3;joint_state_n_lt_5;apparent_extreme_fraction_in_tiny_joint_state;age_model_newton_not_fully_converged,demographic|GI panel|CBC,True,0.017982017982017984,1.0,0.4405157732543995
2373,3_00157,3,age|tli_high|AUS_mesenteric lymphadenopathy,age|tli_high|AUS_mesenteric_lymphadenopathy,9.961713855567822,,4,87,logistic_deviance_improvement_age_linear_additive_to_joint_state,,demographic|GI panel|AUS,True,0.06793206793206794,1.0,0.5017577604990192
2375,3_00532,3,age|clinical signs_constipation|CBC_basocytosis,age|clinical_signs_constipation|CBC_basocytosis,9.95929217871307,,4,108,logistic_deviance_improvement_age_linear_additive_to_joint_state,empty_joint_state;joint_state_n_lt_3;joint_state_n_lt_5;apparent_extreme_fraction_in_tiny_joint_state;age_model_newton_not_fully_converged,demographic|clinical signs|CBC,True,0.006993006993006993,1.0,0.4405157732543995
2385,3_00723,3,age|AUS_mesenteric lymphadenopathy|CBC_basocytosis,age|AUS_mesenteric_lymphadenopathy|CBC_basocytosis,9.952777750466112,,4,108,logistic_deviance_improvement_age_linear_additive_to_joint_state,empty_joint_state;joint_state_n_lt_3;joint_state_n_lt_5;apparent_extreme_fraction_in_tiny_joint_state;age_model_newton_not_fully_converged,demographic|AUS|CBC,True,0.01998001998001998,1.0,0.4405157732543995
2417,3_00064,3,age|folate_high|AUS_mesenteric lymphadenopathy,age|folate_high|AUS_mesenteric_lymphadenopathy,9.946543298957252,,4,90,logistic_deviance_improvement_age_linear_additive_to_joint_state,,demographic|GI panel|AUS,True,0.059940059940059943,1.0,0.4922593605099005
2419,3_00936,3,age|CBC_neutropenia|chem_elevated alp,age|CBC_neutropenia|chem_elevated_ALP,9.941687029371565,,4,108,logistic_deviance_improvement_age_linear_additive_to_joint_state,empty_joint_state;joint_state_n_lt_3;joint_state_n_lt_5;apparent_extreme_fraction_in_tiny_joint_state;age_model_newton_not_fully_converged,demographic|CBC|chemistry,True,0.01898101898101898,1.0,0.4405157732543995
2422,3_01043,3,age|CBC_lymphocytosis|chem_hypokalemia,age|CBC_lymphocytosis|chem_hypokalemia,9.937896379790686,,4,108,logistic_deviance_improvement_age_linear_additive_to_joint_state,empty_joint_state;joint_state_n_lt_3;joint_state_n_lt_5;apparent_extreme_fraction_in_tiny_joint_state;age_model_newton_not_fully_converged,demographic|CBC|chemistry,True,0.02097902097902098,1.0,0.4405157732543995
2427,3_00468,3,age|clinical signs_weight loss|chem_elevated alp,age|clinical_signs_weight_loss|chem_elevated_ALP,9.932171862030742,,4,108,logistic_deviance_improvement_age_linear_additive_to_joint_state,empty_joint_state;joint_state_n_lt_3;joint_state_n_lt_5;apparent_extreme_fraction_in_tiny_joint_state;age_model_newton_not_fully_converged,demographic|clinical signs|chemistry,True,0.01898101898101898,1.0,0.4405157732543995
2430,3_00883,3,age|CBC_no abnormalities|chem_no abnormalities,age|CBC_no_abnormalities|chem_no_abnormalities,9.928194379499857,,4,108,logistic_deviance_improvement_age_linear_additive_to_joint_state,,demographic|CBC|chemistry,True,0.055944055944055944,1.0,0.48455963171225136
2432,3_01020,3,age|CBC_basocytosis|chem_azotemia,age|CBC_basocytosis|chem_azotemia,9.927392437159497,,4,108,logistic_deviance_improvement_age_linear_additive_to_joint_state,empty_joint_state;joint_state_n_lt_3;joint_state_n_lt_5;apparent_extreme_fraction_in_tiny_joint_state;age_model_newton_not_fully_converged,demographic|CBC|chemistry,True,0.015984015984015984,1.0,0.4405157732543995
23,2_00041,2,age|chem_elevated alp,age|chem_elevated_ALP,9.926895072634593,,2,108,logistic_deviance_improvement_age_linear_additive_to_joint_state,joint_state_n_lt_3;joint_state_n_lt_5;apparent_extreme_fraction_in_tiny_joint_state;age_model_newton_not_fully_converged,demographic|chemistry,True,0.005994005994005994,0.997002997002997,0.42977206279958574
2440,3_00930,3,age|CBC_neutropenia|chem_no abnormalities,age|CBC_neutropenia|chem_no_abnormalities,9.923631605673151,,4,108,logistic_deviance_improvement_age_linear_additive_to_joint_state,joint_state_n_lt_3;joint_state_n_lt_5;apparent_extreme_fraction_in_tiny_joint_state;age_model_newton_not_fully_converged,demographic|CBC|chemistry,True,0.04795204795204795,1.0,0.47781149667942124
2441,3_01101,3,age|chem_hypoproteinemia|chem_hyperglycemia,age|chem_hypoproteinemia|chem_hyperglycemia,9.9236083041434,,4,108,logistic_deviance_improvement_age_linear_additive_to_joint_state,empty_joint_state;joint_state_n_lt_3;joint_state_n_lt_5;apparent_extreme_fraction_in_tiny_joint_state;age_model_newton_not_fully_converged,demographic|chemistry|chemistry,True,0.02197802197802198,1.0,0.4405157732543995
2452,3_00926,3,age|CBC_neutropenia|CBC_lymphocytosis,age|CBC_neutropenia|CBC_lymphocytosis,9.908532396738181,,4,108,logistic_deviance_improvement_age_linear_additive_to_joint_state,empty_joint_state;joint_state_n_lt_3;joint_state_n_lt_5;apparent_extreme_fraction_in_tiny_joint_state;age_model_newton_not_fully_converged,demographic|CBC|CBC,True,0.025974025974025976,1.0,0.4405157732543995
25,2_00031,2,age|CBC_lymphocytosis,age|CBC_lymphocytosis,9.901722070028256,,2,108,logistic_deviance_improvement_age_linear_additive_to_joint_state,joint_state_n_lt_3;joint_state_n_lt_5;apparent_extreme_fraction_in_tiny_joint_state;age_model_newton_not_fully_converged,demographic|CBC,True,0.008991008991008992,0.998001998001998,0.42977206279958574
2457,3_00648,3,age|AUS_ileum|AUS_mesenteric lymphadenopathy,age|AUS_ileal_thickening|AUS_mesenteric_lymphadenopathy,9.900264446495854,,4,108,logistic_deviance_improvement_age_linear_additive_to_joint_state,,demographic|AUS|AUS,True,0.059940059940059943,1.0,0.4922593605099005
2460,3_01162,3,age|chem_elevated total bilirubin|chem_hypophosphatemia,age|chem_elevated_total_bilirubin|chem_hypophosphatemia,9.899263118840295,,4,108,logistic_deviance_improvement_age_linear_additive_to_joint_state,empty_joint_state;joint_state_n_lt_3;joint_state_n_lt_5;apparent_extreme_fraction_in_tiny_joint_state;age_model_newton_not_fully_converged,demographic|chemistry|chemistry,True,0.017982017982017984,1.0,0.4405157732543995
2462,3_00876,3,age|AUS_gall bladder sludge|chem_azotemia,age|AUS_gall_bladder_sludge|chem_azotemia,9.89636104633621,,4,108,logistic_deviance_improvement_age_linear_additive_to_joint_state,joint_state_n_lt_5;apparent_extreme_fraction_in_tiny_joint_state,demographic|AUS|chemistry,True,0.04995004995004995,1.0,0.4793792779658504
2474,3_00388,3,age|clinical signs_diarrhea|chem_elevated ast,age|clinical_signs_diarrhea|chem_elevated_AST,9.88280304109729,,4,108,logistic_deviance_improvement_age_linear_additive_to_joint_state,joint_state_n_lt_3;joint_state_n_lt_5;apparent_extreme_fraction_in_tiny_joint_state;age_model_newton_not_fully_converged,demographic|clinical signs|chemistry,True,0.03396603396603397,1.0,0.4566918230284567
2480,3_00178,3,age|tli_high|chem_elevated alt,age|tli_high|chem_elevated_ALT,9.879185773829704,,4,87,logistic_deviance_improvement_age_linear_additive_to_joint_state,joint_state_n_lt_5;apparent_extreme_fraction_in_tiny_joint_state;age_model_newton_not_fully_converged,demographic|GI panel|chemistry,True,0.060939060939060936,1.0,0.49406116271787914
2486,3_00352,3,age|clinical signs_vomiting|chem_hyperglycemia,age|clinical_signs_vomiting|chem_hyperglycemia,9.875388733199173,,4,108,logistic_deviance_improvement_age_linear_additive_to_joint_state,empty_joint_state;joint_state_n_lt_3;joint_state_n_lt_5;apparent_extreme_fraction_in_tiny_joint_state;age_model_newton_not_fully_converged,demographic|clinical signs|chemistry,True,0.02197802197802198,1.0,0.4405157732543995
2489,3_00987,3,age|CBC_eosinopenia|chem_hypophosphatemia,age|CBC_eosinopenia|chem_hypophosphatemia,9.866176565370083,,4,108,logistic_deviance_improvement_age_linear_additive_to_joint_state,empty_joint_state;joint_state_n_lt_3;joint_state_n_lt_5;apparent_extreme_fraction_in_tiny_joint_state;age_model_newton_not_fully_converged,demographic|CBC|chemistry,True,0.011988011988011988,1.0,0.4405157732543995
2493,3_00184,3,age|tli_high|chem_hyperglycemia,age|tli_high|chem_hyperglycemia,9.865465361878734,,4,87,logistic_deviance_improvement_age_linear_additive_to_joint_state,empty_joint_state;joint_state_n_lt_3;joint_state_n_lt_5;apparent_extreme_fraction_in_tiny_joint_state;age_model_newton_not_fully_converged,demographic|GI panel|chemistry,True,0.01998001998001998,1.0,0.4405157732543995
2496,3_01057,3,age|CBC_lymphopenia|chem_hyperglycemia,age|CBC_lymphopenia|chem_hyperglycemia,9.858350336344841,,4,108,logistic_deviance_improvement_age_linear_additive_to_joint_state,empty_joint_state;joint_state_n_lt_3;joint_state_n_lt_5;apparent_extreme_fraction_in_tiny_joint_state;age_model_newton_not_fully_converged,demographic|CBC|chemistry,True,0.022977022977022976,1.0,0.4405157732543995
2498,3_00980,3,age|CBC_eosinopenia|chem_elevated total bilirubin,age|CBC_eosinopenia|chem_elevated_total_bilirubin,9.853875243108448,,4,108,logistic_deviance_improvement_age_linear_additive_to_joint_state,empty_joint_state;joint_state_n_lt_3;joint_state_n_lt_5;apparent_extreme_fraction_in_tiny_joint_state;age_model_newton_not_fully_converged,demographic|CBC|chemistry,True,0.013986013986013986,1.0,0.4405157732543995
2499,3_00148,3,age|tli_high|clinical signs_hyporexia,age|tli_high|clinical_signs_hyporexia,9.853638710428712,,4,87,logistic_deviance_improvement_age_linear_additive_to_joint_state,joint_state_n_lt_5;apparent_extreme_fraction_in_tiny_joint_state;age_model_newton_not_fully_converged,demographic|GI panel|clinical signs,True,0.06693306693306693,1.0,0.5017577604990192
2501,3_00086,3,age|folate_high|chem_elevated ast,age|folate_high|chem_elevated_AST,9.852715950910408,,4,90,logistic_deviance_improvement_age_linear_additive_to_joint_state,joint_state_n_lt_3;joint_state_n_lt_5;apparent_extreme_fraction_in_tiny_joint_state;age_model_newton_not_fully_converged,demographic|GI panel|chemistry,True,0.03696303696303696,1.0,0.4605046047979224
2512,3_00201,3,age|pli_abn|AUS_colon,age|pli_abn|AUS_colonic_thickening,9.843519086623829,,4,86,logistic_deviance_improvement_age_linear_additive_to_joint_state,joint_state_n_lt_3;joint_state_n_lt_5;apparent_extreme_fraction_in_tiny_joint_state;age_model_newton_not_fully_converged,demographic|GI panel|AUS,True,0.055944055944055944,1.0,0.48455963171225136
2526,3_00608,3,age|AUS_duodenum|chem_hyperglycemia,age|AUS_duodenal_thickening|chem_hyperglycemia,9.824322970500361,,4,108,logistic_deviance_improvement_age_linear_additive_to_joint_state,empty_joint_state;joint_state_n_lt_3;joint_state_n_lt_5;apparent_extreme_fraction_in_tiny_joint_state;age_model_newton_not_fully_converged,demographic|AUS|chemistry,True,0.022977022977022976,1.0,0.4405157732543995
2530,3_00310,3,age|clinical signs_none|chem_hyperglycemia,age|clinical_signs_none_reported|chem_hyperglycemia,9.820853153634701,,4,108,logistic_deviance_improvement_age_linear_additive_to_joint_state,empty_joint_state;joint_state_n_lt_3;joint_state_n_lt_5;apparent_extreme_fraction_in_tiny_joint_state;age_model_newton_not_fully_converged,demographic|clinical signs|chemistry,True,0.02097902097902098,1.0,0.4405157732543995
2532,3_00222,3,age|pli_abn|chem_decreased alt,age|pli_abn|chem_decreased_ALT,9.820673157332052,,4,86,logistic_deviance_improvement_age_linear_additive_to_joint_state,joint_state_n_lt_3;joint_state_n_lt_5;apparent_extreme_fraction_in_tiny_joint_state;age_model_newton_not_fully_converged,demographic|GI panel|chemistry,True,0.03396603396603397,1.0,0.4566918230284567
2538,3_01099,3,age|chem_hypoproteinemia|chem_azotemia,age|chem_hypoproteinemia|chem_azotemia,9.814103109840474,,4,108,logistic_deviance_improvement_age_linear_additive_to_joint_state,joint_state_n_lt_3;joint_state_n_lt_5;apparent_extreme_fraction_in_tiny_joint_state,demographic|chemistry|chemistry,True,0.059940059940059943,1.0,0.4922593605099005
2561,3_01176,3,age|chem_hyperglycemia|chem_hypokalemia,age|chem_hyperglycemia|chem_hypokalemia,9.802094689764658,,4,108,logistic_deviance_improvement_age_linear_additive_to_joint_state,joint_state_n_lt_3;joint_state_n_lt_5;apparent_extreme_fraction_in_tiny_joint_state;age_model_newton_not_fully_converged,demographic|chemistry|chemistry,True,0.03696303696303696,1.0,0.4605046047979224
2562,3_00686,3,age|AUS_colon|CBC_no abnormalities,age|AUS_colonic_thickening|CBC_no_abnormalities,9.801227254843084,,4,108,logistic_deviance_improvement_age_linear_additive_to_joint_state,joint_state_n_lt_5;apparent_extreme_fraction_in_tiny_joint_state,demographic|AUS|CBC,True,0.06893106893106893,1.0,0.5034642652775576
2574,3_00712,3,age|AUS_mesenteric lymphadenopathy|AUS_chronic degenerative renal changes,age|AUS_mesenteric_lymphadenopathy|AUS_chronic_degenerative_renal_changes,9.794188938872068,,4,108,logistic_deviance_improvement_age_linear_additive_to_joint_state,,demographic|AUS|AUS,True,0.06993006993006994,1.0,0.5045580605352902
2581,3_00188,3,age|tli_high|chem_hypophosphatemia,age|tli_high|chem_hypophosphatemia,9.78815184800375,,4,87,logistic_deviance_improvement_age_linear_additive_to_joint_state,joint_state_n_lt_3;joint_state_n_lt_5;apparent_extreme_fraction_in_tiny_joint_state;age_model_newton_not_fully_converged,demographic|GI panel|chemistry,True,0.03896103896103896,1.0,0.4605046047979224
2584,3_00947,3,age|CBC_eosinophilia|CBC_basocytosis,age|CBC_eosinophilia|CBC_basocytosis,9.783303752217577,,4,108,logistic_deviance_improvement_age_linear_additive_to_joint_state,empty_joint_state;joint_state_n_lt_3;joint_state_n_lt_5;apparent_extreme_fraction_in_tiny_joint_state;age_model_newton_not_fully_converged,demographic|CBC|CBC,True,0.025974025974025976,1.0,0.4405157732543995
2591,3_00662,3,age|AUS_ileum|CBC_lymphopenia,age|AUS_ileal_thickening|CBC_lymphopenia,9.774862548537527,,4,108,logistic_deviance_improvement_age_linear_additive_to_joint_state,joint_state_n_lt_3;joint_state_n_lt_5;apparent_extreme_fraction_in_tiny_joint_state;age_model_newton_not_fully_converged,demographic|AUS|CBC,True,0.04595404595404595,1.0,0.47251396521272127
2593,3_01001,3,age|CBC_basophilia|chem_azotemia,age|CBC_basophilia|chem_azotemia,9.76863386825579,,4,108,logistic_deviance_improvement_age_linear_additive_to_joint_state,empty_joint_state,demographic|CBC|chemistry,True,0.024975024975024976,1.0,0.4405157732543995
2603,3_00868,3,age|AUS_gall bladder sludge|chem_no abnormalities,age|AUS_gall_bladder_sludge|chem_no_abnormalities,9.75981132533201,,4,108,logistic_deviance_improvement_age_linear_additive_to_joint_state,joint_state_n_lt_5,demographic|AUS|chemistry,True,0.060939060939060936,1.0,0.49406116271787914
2605,3_00940,3,age|CBC_neutropenia|chem_hyperglycemia,age|CBC_neutropenia|chem_hyperglycemia,9.757491712281038,,4,108,logistic_deviance_improvement_age_linear_additive_to_joint_state,empty_joint_state;joint_state_n_lt_3;joint_state_n_lt_5;apparent_extreme_fraction_in_tiny_joint_state;age_model_newton_not_fully_converged,demographic|CBC|chemistry,True,0.02197802197802198,1.0,0.4405157732543995
2607,3_00472,3,age|clinical signs_weight loss|chem_hyperglycemia,age|clinical_signs_weight_loss|chem_hyperglycemia,9.7532677920275,,4,108,logistic_deviance_improvement_age_linear_additive_to_joint_state,empty_joint_state;joint_state_n_lt_3;joint_state_n_lt_5;apparent_extreme_fraction_in_tiny_joint_state;age_model_newton_not_fully_converged,demographic|clinical signs|chemistry,True,0.02097902097902098,1.0,0.4405157732543995
26,2_00045,2,age|chem_hyperglycemia,age|chem_hyperglycemia,9.753164707207489,,2,108,logistic_deviance_improvement_age_linear_additive_to_joint_state,joint_state_n_lt_3;joint_state_n_lt_5;apparent_extreme_fraction_in_tiny_joint_state;age_model_newton_not_fully_converged,demographic|chemistry,True,0.005994005994005994,0.998001998001998,0.42977206279958574
2608,3_00614,3,age|AUS_jejunum|AUS_colon,age|AUS_jejunal_thickening|AUS_colonic_thickening,9.751339537138492,,4,108,logistic_deviance_improvement_age_linear_additive_to_joint_state,joint_state_n_lt_5;apparent_extreme_fraction_in_tiny_joint_state,demographic|AUS|AUS,True,0.07492507492507493,1.0,0.5133245133245133
2609,3_00084,3,age|folate_high|chem_decreased alt,age|folate_high|chem_decreased_ALT,9.750495458288384,,4,90,logistic_deviance_improvement_age_linear_additive_to_joint_state,empty_joint_state;joint_state_n_lt_3;joint_state_n_lt_5;apparent_extreme_fraction_in_tiny_joint_state;age_model_newton_not_fully_converged,demographic|GI panel|chemistry,True,0.02197802197802198,1.0,0.4405157732543995
2614,3_00741,3,age|AUS_mesenteric lymphadenopathy|chem_hypokalemia,age|AUS_mesenteric_lymphadenopathy|chem_hypokalemia,9.735722191534691,,4,108,logistic_deviance_improvement_age_linear_additive_to_joint_state,joint_state_n_lt_3;joint_state_n_lt_5;apparent_extreme_fraction_in_tiny_joint_state;age_model_newton_not_fully_converged,demographic|AUS|chemistry,True,0.055944055944055944,1.0,0.48455963171225136
2629,3_00145,3,age|tli_high|clinical signs_none,age|tli_high|clinical_signs_none_reported,9.72538761256665,,4,87,logistic_deviance_improvement_age_linear_additive_to_joint_state,joint_state_n_lt_5,demographic|GI panel|clinical signs,True,0.06693306693306693,1.0,0.5017577604990192
2631,3_00049,3,age|folate_high|tli_high,age|folate_high|tli_high,9.72470490296186,,4,87,logistic_deviance_improvement_age_linear_additive_to_joint_state,,demographic|GI panel|GI panel,True,0.07292707292707293,1.0,0.5123760201365523
2640,3_00658,3,age|AUS_ileum|CBC_eosinopenia,age|AUS_ileal_thickening|CBC_eosinopenia,9.715114857629999,,4,108,logistic_deviance_improvement_age_linear_additive_to_joint_state,empty_joint_state;joint_state_n_lt_3;joint_state_n_lt_5;apparent_extreme_fraction_in_tiny_joint_state;age_model_newton_not_fully_converged,demographic|AUS|CBC,True,0.017982017982017984,1.0,0.4405157732543995
2642,3_00033,3,age|cobalamin_low|CBC_anemia,age|cobalamin_low|CBC_anemia,9.711668135230312,,4,90,logistic_deviance_improvement_age_linear_additive_to_joint_state,empty_joint_state;joint_state_n_lt_3;joint_state_n_lt_5;apparent_extreme_fraction_in_tiny_joint_state;age_model_newton_not_fully_converged,demographic|GI panel|CBC,True,0.02197802197802198,1.0,0.4405157732543995
2643,3_01178,3,age|chem_hypercholesterolemia|chem_hypercalcemia,age|chem_hypercholesterolemia|chem_hypercalcemia,9.710591309724947,,4,108,logistic_deviance_improvement_age_linear_additive_to_joint_state,empty_joint_state;joint_state_n_lt_3;joint_state_n_lt_5;apparent_extreme_fraction_in_tiny_joint_state;age_model_newton_not_fully_converged,demographic|chemistry|chemistry,True,0.012987012987012988,1.0,0.4405157732543995
2644,3_00879,3,age|AUS_gall bladder sludge|chem_hypercholesterolemia,age|AUS_gall_bladder_sludge|chem_hypercholesterolemia,9.710378915626862,,4,108,logistic_deviance_improvement_age_linear_additive_to_joint_state,empty_joint_state;joint_state_n_lt_3;joint_state_n_lt_5;apparent_extreme_fraction_in_tiny_joint_state;age_model_newton_not_fully_converged,demographic|AUS|chemistry,True,0.016983016983016984,1.0,0.4405157732543995
2647,3_00598,3,age|AUS_duodenum|chem_no abnormalities,age|AUS_duodenal_thickening|chem_no_abnormalities,9.70975285159382,,4,108,logistic_deviance_improvement_age_linear_additive_to_joint_state,,demographic|AUS|chemistry,True,0.059940059940059943,1.0,0.4922593605099005
2649,3_00218,3,age|pli_abn|CBC_anemia,age|pli_abn|CBC_anemia,9.706793060159967,,4,86,logistic_deviance_improvement_age_linear_additive_to_joint_state,empty_joint_state;joint_state_n_lt_3;joint_state_n_lt_5;apparent_extreme_fraction_in_tiny_joint_state;age_model_newton_not_fully_converged,demographic|GI panel|CBC,True,0.01898101898101898,1.0,0.4405157732543995
2656,3_00169,3,age|tli_high|CBC_basocytosis,age|tli_high|CBC_basocytosis,9.699982243322154,,4,87,logistic_deviance_improvement_age_linear_additive_to_joint_state,empty_joint_state;joint_state_n_lt_3;joint_state_n_lt_5;apparent_extreme_fraction_in_tiny_joint_state;age_model_newton_not_fully_converged,demographic|GI panel|CBC,True,0.01998001998001998,1.0,0.4405157732543995
2658,3_00758,3,age|AUS_chronic degenerative renal changes|chem_no abnormalities,age|AUS_chronic_degenerative_renal_changes|chem_no_abnormalities,9.698040221971183,,4,108,logistic_deviance_improvement_age_linear_additive_to_joint_state,joint_state_n_lt_5,demographic|AUS|chemistry,True,0.06593406593406594,1.0,0.501014572957019
2665,3_00740,3,age|AUS_mesenteric lymphadenopathy|chem_hypercalcemia,age|AUS_mesenteric_lymphadenopathy|chem_hypercalcemia,9.68666153459877,,4,108,logistic_deviance_improvement_age_linear_additive_to_joint_state,empty_joint_state;joint_state_n_lt_3;joint_state_n_lt_5;apparent_extreme_fraction_in_tiny_joint_state;age_model_newton_not_fully_converged,demographic|AUS|chemistry,True,0.024975024975024976,1.0,0.4405157732543995
2669,3_00651,3,age|AUS_ileum|AUS_splenomegaly,age|AUS_ileal_thickening|AUS_splenomegaly,9.68155044990256,,4,108,logistic_deviance_improvement_age_linear_additive_to_joint_state,joint_state_n_lt_3;joint_state_n_lt_5;apparent_extreme_fraction_in_tiny_joint_state,demographic|AUS|AUS,True,0.04795204795204795,1.0,0.47781149667942124
2670,3_00808,3,age|AUS_splenomegaly|CBC_eosinopenia,age|AUS_splenomegaly|CBC_eosinopenia,9.680663064560193,,4,108,logistic_deviance_improvement_age_linear_additive_to_joint_state,empty_joint_state;joint_state_n_lt_3;joint_state_n_lt_5;apparent_extreme_fraction_in_tiny_joint_state;age_model_newton_not_fully_converged,demographic|AUS|CBC,True,0.016983016983016984,1.0,0.4405157732543995
2678,3_00146,3,age|tli_high|clinical signs_vomiting,age|tli_high|clinical_signs_vomiting,9.675403912194767,,4,87,logistic_deviance_improvement_age_linear_additive_to_joint_state,,demographic|GI panel|clinical signs,True,0.07192807192807193,1.0,0.5096893415939261
2680,3_00837,3,age|AUS_ileus|CBC_basocytosis,age|AUS_ileus|CBC_basocytosis,9.674277946200377,,4,108,logistic_deviance_improvement_age_linear_additive_to_joint_state,empty_joint_state;joint_state_n_lt_3;joint_state_n_lt_5;apparent_extreme_fraction_in_tiny_joint_state;age_model_newton_not_fully_converged,demographic|AUS|CBC,True,0.022977022977022976,1.0,0.4405157732543995
2698,3_00165,3,age|tli_high|CBC_neutropenia,age|tli_high|CBC_neutropenia,9.663297774995712,,4,87,logistic_deviance_improvement_age_linear_additive_to_joint_state,joint_state_n_lt_3;joint_state_n_lt_5;apparent_extreme_fraction_in_tiny_joint_state;age_model_newton_not_fully_converged,demographic|GI panel|CBC,True,0.04095904095904096,1.0,0.4605046047979224
2700,3_00077,3,age|folate_high|CBC_lymphocytosis,age|folate_high|CBC_lymphocytosis,9.662048978700284,,4,90,logistic_deviance_improvement_age_linear_additive_to_joint_state,empty_joint_state;joint_state_n_lt_3;joint_state_n_lt_5;apparent_extreme_fraction_in_tiny_joint_state;age_model_newton_not_fully_converged,demographic|GI panel|CBC,True,0.022977022977022976,1.0,0.4405157732543995
2701,3_00695,3,age|AUS_colon|CBC_monocytosis,age|AUS_colonic_thickening|CBC_monocytosis,9.660379895062619,,4,108,logistic_deviance_improvement_age_linear_additive_to_joint_state,joint_state_n_lt_3;joint_state_n_lt_5;apparent_extreme_fraction_in_tiny_joint_state;age_model_newton_not_fully_converged,demographic|AUS|CBC,True,0.07392607392607392,1.0,0.5133245133245133
2703,3_00016,3,age|cobalamin_low|AUS_colon,age|cobalamin_low|AUS_colonic_thickening,9.65547293658085,,4,90,logistic_deviance_improvement_age_linear_additive_to_joint_state,joint_state_n_lt_3;joint_state_n_lt_5;apparent_extreme_fraction_in_tiny_joint_state;age_model_newton_not_fully_converged,demographic|GI panel|AUS,True,0.060939060939060936,1.0,0.49406116271787914
2705,3_01078,3,age|CBC_anemia|chem_no abnormalities,age|CBC_anemia|chem_no_abnormalities,9.65272694714102,,4,108,logistic_deviance_improvement_age_linear_additive_to_joint_state,empty_joint_state;joint_state_n_lt_5,demographic|CBC|chemistry,True,0.026973026973026972,1.0,0.4405594405594406
2709,3_00069,3,age|folate_high|AUS_gall bladder sludge,age|folate_high|AUS_gall_bladder_sludge,9.648445504033262,,4,90,logistic_deviance_improvement_age_linear_additive_to_joint_state,joint_state_n_lt_5;apparent_extreme_fraction_in_tiny_joint_state;age_model_newton_not_fully_converged,demographic|GI panel|AUS,True,0.06393606393606394,1.0,0.49920018379977316
2742,3_00574,3,age|AUS_no abnormalities|chem_hypercholesterolemia,age|AUS_no_abnormalities|chem_hypercholesterolemia,9.62614959676371,,4,108,logistic_deviance_improvement_age_linear_additive_to_joint_state,empty_joint_state;joint_state_n_lt_3;joint_state_n_lt_5;apparent_extreme_fraction_in_tiny_joint_state;age_model_newton_not_fully_converged,demographic|AUS|chemistry,True,0.023976023976023976,1.0,0.4405157732543995
2743,3_01004,3,age|CBC_basophilia|chem_hypercholesterolemia,age|CBC_basophilia|chem_hypercholesterolemia,9.62421051187711,,4,108,logistic_deviance_improvement_age_linear_additive_to_joint_state,empty_joint_state;joint_state_n_lt_3;joint_state_n_lt_5;apparent_extreme_fraction_in_tiny_joint_state;age_model_newton_not_fully_converged,demographic|CBC|chemistry,True,0.017982017982017984,1.0,0.4405157732543995
2746,3_00711,3,age|AUS_colon|chem_hypophosphatemia,age|AUS_colonic_thickening|chem_hypophosphatemia,9.621935302311044,,4,108,logistic_deviance_improvement_age_linear_additive_to_joint_state,empty_joint_state;joint_state_n_lt_3;joint_state_n_lt_5;apparent_extreme_fraction_in_tiny_joint_state;age_model_newton_not_fully_converged,demographic|AUS|chemistry,True,0.028971028971028972,1.0,0.44419129257838935
2747,3_00549,3,age|clinical signs_constipation|chem_hypercalcemia,age|clinical_signs_constipation|chem_hypercalcemia,9.617775855950967,,4,108,logistic_deviance_improvement_age_linear_additive_to_joint_state,empty_joint_state;joint_state_n_lt_3;joint_state_n_lt_5;apparent_extreme_fraction_in_tiny_joint_state;age_model_newton_not_fully_converged,demographic|clinical signs|chemistry,True,0.012987012987012988,1.0,0.4405157732543995
2767,3_00861,3,age|AUS_gall bladder sludge|CBC_eosinopenia,age|AUS_gall_bladder_sludge|CBC_eosinopenia,9.61561044515281,,4,108,logistic_deviance_improvement_age_linear_additive_to_joint_state,empty_joint_state;joint_state_n_lt_3;joint_state_n_lt_5;apparent_extreme_fraction_in_tiny_joint_state;age_model_newton_not_fully_converged,demographic|AUS|CBC,True,0.015984015984015984,1.0,0.4405157732543995
2768,3_00525,3,age|clinical signs_constipation|AUS_gall bladder sludge,age|clinical_signs_constipation|AUS_gall_bladder_sludge,9.614005242346082,,4,108,logistic_deviance_improvement_age_linear_additive_to_joint_state,empty_joint_state;joint_state_n_lt_3;joint_state_n_lt_5;apparent_extreme_fraction_in_tiny_joint_state;age_model_newton_not_fully_converged,demographic|clinical signs|AUS,True,0.016983016983016984,1.0,0.4405157732543995
2769,3_00836,3,age|AUS_ileus|CBC_basophilia,age|AUS_ileus|CBC_basophilia,9.613751050441522,,4,108,logistic_deviance_improvement_age_linear_additive_to_joint_state,empty_joint_state,demographic|AUS|CBC,True,0.03596403596403597,1.0,0.46043653316380595
2771,3_00518,3,age|clinical signs_constipation|AUS_ileum,age|clinical_signs_constipation|AUS_ileal_thickening,9.610341831802998,,4,108,logistic_deviance_improvement_age_linear_additive_to_joint_state,empty_joint_state;joint_state_n_lt_3;joint_state_n_lt_5;apparent_extreme_fraction_in_tiny_joint_state;age_model_newton_not_fully_converged,demographic|clinical signs|AUS,True,0.023976023976023976,1.0,0.4405157732543995
2773,3_00704,3,age|AUS_colon|chem_elevated total bilirubin,age|AUS_colonic_thickening|chem_elevated_total_bilirubin,9.60856106328491,,4,108,logistic_deviance_improvement_age_linear_additive_to_joint_state,empty_joint_state;joint_state_n_lt_3;joint_state_n_lt_5;apparent_extreme_fraction_in_tiny_joint_state;age_model_newton_not_fully_converged,demographic|AUS|chemistry,True,0.03196803196803197,1.0,0.4559461543707605
2789,3_01074,3,age|CBC_monocytosis|chem_hypercholesterolemia,age|CBC_monocytosis|chem_hypercholesterolemia,9.601509170724512,,4,108,logistic_deviance_improvement_age_linear_additive_to_joint_state,empty_joint_state;joint_state_n_lt_3;joint_state_n_lt_5;apparent_extreme_fraction_in_tiny_joint_state;age_model_newton_not_fully_converged,demographic|CBC|chemistry,True,0.01898101898101898,1.0,0.4405157732543995
2798,3_00160,3,age|tli_high|AUS_splenomegaly,age|tli_high|AUS_splenomegaly,9.599720554477429,,4,87,logistic_deviance_improvement_age_linear_additive_to_joint_state,joint_state_n_lt_5,demographic|GI panel|AUS,True,0.06593406593406594,1.0,0.501014572957019
2806,3_00508,3,age|clinical signs_hairball obstruction|chem_azotemia,age|clinical_signs_hairball_obstruction|chem_azotemia,9.59542305397268,,4,108,logistic_deviance_improvement_age_linear_additive_to_joint_state,empty_joint_state;joint_state_n_lt_5;apparent_extreme_fraction_in_tiny_joint_state,demographic|clinical signs|chemistry,True,0.030969030969030968,1.0,0.4553621166150168
2809,3_00207,3,age|pli_abn|AUS_gall bladder sludge,age|pli_abn|AUS_gall_bladder_sludge,9.588924502088531,,4,86,logistic_deviance_improvement_age_linear_additive_to_joint_state,joint_state_n_lt_3;joint_state_n_lt_5;apparent_extreme_fraction_in_tiny_joint_state;age_model_newton_not_fully_converged,demographic|GI panel|AUS,True,0.06593406593406594,1.0,0.501014572957019
2814,3_00019,3,age|cobalamin_low|AUS_enlarged pancreas,age|cobalamin_low|AUS_enlarged_pancreas,9.587264446171218,,4,90,logistic_deviance_improvement_age_linear_additive_to_joint_state,,demographic|GI panel|AUS,True,0.053946053946053944,1.0,0.48173902189872125
2845,3_00492,3,age|clinical signs_hairball obstruction|CBC_eosinophilia,age|clinical_signs_hairball_obstruction|CBC_eosinophilia,9.556882422167874,,4,108,logistic_deviance_improvement_age_linear_additive_to_joint_state,empty_joint_state;joint_state_n_lt_5;apparent_extreme_fraction_in_tiny_joint_state,demographic|clinical signs|CBC,True,0.03696303696303696,1.0,0.4605046047979224
2850,3_00894,3,age|CBC_no abnormalities|chem_hypercholesterolemia,age|CBC_no_abnormalities|chem_hypercholesterolemia,9.553155525911492,,4,108,logistic_deviance_improvement_age_linear_additive_to_joint_state,empty_joint_state;joint_state_n_lt_3;joint_state_n_lt_5;apparent_extreme_fraction_in_tiny_joint_state;age_model_newton_not_fully_converged,demographic|CBC|chemistry,True,0.023976023976023976,1.0,0.4405157732543995
2863,3_00486,3,age|clinical signs_hairball obstruction|AUS_splenomegaly,age|clinical_signs_hairball_obstruction|AUS_splenomegaly,9.545655080937678,,4,108,logistic_deviance_improvement_age_linear_additive_to_joint_state,empty_joint_state;joint_state_n_lt_5;apparent_extreme_fraction_in_tiny_joint_state,demographic|clinical signs|AUS,True,0.026973026973026972,1.0,0.4405594405594406
2865,3_01089,3,age|CBC_anemia|chem_hypercholesterolemia,age|CBC_anemia|chem_hypercholesterolemia,9.544154854971566,,4,108,logistic_deviance_improvement_age_linear_additive_to_joint_state,empty_joint_state;joint_state_n_lt_3;joint_state_n_lt_5;apparent_extreme_fraction_in_tiny_joint_state;age_model_newton_not_fully_converged,demographic|CBC|chemistry,True,0.025974025974025976,1.0,0.4405157732543995
2866,3_00300,3,age|clinical signs_none|chem_no abnormalities,age|clinical_signs_none_reported|chem_no_abnormalities,9.540749346022295,,4,108,logistic_deviance_improvement_age_linear_additive_to_joint_state,empty_joint_state,demographic|clinical signs|chemistry,True,0.026973026973026972,1.0,0.4405594405594406
2867,3_00684,3,age|AUS_colon|AUS_ileus,age|AUS_colonic_thickening|AUS_ileus,9.540618370394029,,4,108,logistic_deviance_improvement_age_linear_additive_to_joint_state,empty_joint_state,demographic|AUS|AUS,True,0.04895104895104895,1.0,0.4793792779658504
2869,3_00531,3,age|clinical signs_constipation|CBC_basophilia,age|clinical_signs_constipation|CBC_basophilia,9.538595456622971,,4,108,logistic_deviance_improvement_age_linear_additive_to_joint_state,empty_joint_state;joint_state_n_lt_3;joint_state_n_lt_5;apparent_extreme_fraction_in_tiny_joint_state;age_model_newton_not_fully_converged,demographic|clinical signs|CBC,True,0.022977022977022976,1.0,0.4405157732543995
2871,3_00609,3,age|AUS_duodenum|chem_hypercholesterolemia,age|AUS_duodenal_thickening|chem_hypercholesterolemia,9.535030408695548,,4,108,logistic_deviance_improvement_age_linear_additive_to_joint_state,empty_joint_state;joint_state_n_lt_3;joint_state_n_lt_5;apparent_extreme_fraction_in_tiny_joint_state;age_model_newton_not_fully_converged,demographic|AUS|chemistry,True,0.02197802197802198,1.0,0.4405157732543995
2876,3_00511,3,age|clinical signs_hairball obstruction|chem_hypercholesterolemia,age|clinical_signs_hairball_obstruction|chem_hypercholesterolemia,9.530465952475382,,4,108,logistic_deviance_improvement_age_linear_additive_to_joint_state,empty_joint_state;joint_state_n_lt_3;joint_state_n_lt_5;apparent_extreme_fraction_in_tiny_joint_state;age_model_newton_not_fully_converged,demographic|clinical signs|chemistry,True,0.03296703296703297,1.0,0.4566918230284567
2882,3_00515,3,age|clinical signs_constipation|AUS_no abnormalities,age|clinical_signs_constipation|AUS_no_abnormalities,9.526269080109145,,4,108,logistic_deviance_improvement_age_linear_additive_to_joint_state,empty_joint_state;joint_state_n_lt_3;joint_state_n_lt_5;apparent_extreme_fraction_in_tiny_joint_state;age_model_newton_not_fully_converged,demographic|clinical signs|AUS,True,0.02197802197802198,1.0,0.4405157732543995
2885,3_00366,3,age|clinical signs_diarrhea|AUS_mesenteric lymphadenopathy,age|clinical_signs_diarrhea|AUS_mesenteric_lymphadenopathy,9.525556211228064,,4,108,logistic_deviance_improvement_age_linear_additive_to_joint_state,,demographic|clinical signs|AUS,True,0.06893106893106893,1.0,0.5034642652775576
2886,3_00672,3,age|AUS_ileum|chem_elevated total bilirubin,age|AUS_ileal_thickening|chem_elevated_total_bilirubin,9.525513119250888,,4,108,logistic_deviance_improvement_age_linear_additive_to_joint_state,empty_joint_state;joint_state_n_lt_3;joint_state_n_lt_5;apparent_extreme_fraction_in_tiny_joint_state;age_model_newton_not_fully_converged,demographic|AUS|chemistry,True,0.027972027972027972,1.0,0.44206500066849197
2887,3_00181,3,age|tli_high|chem_elevated total bilirubin,age|tli_high|chem_elevated_total_bilirubin,9.525334968793615,,4,87,logistic_deviance_improvement_age_linear_additive_to_joint_state,empty_joint_state;joint_state_n_lt_3;joint_state_n_lt_5;apparent_extreme_fraction_in_tiny_joint_state;age_model_newton_not_fully_converged,demographic|GI panel|chemistry,True,0.02097902097902098,1.0,0.4405157732543995
2892,3_01026,3,age|CBC_basocytosis|chem_hypophosphatemia,age|CBC_basocytosis|chem_hypophosphatemia,9.523149653578429,,4,108,logistic_deviance_improvement_age_linear_additive_to_joint_state,empty_joint_state;joint_state_n_lt_3;joint_state_n_lt_5;apparent_extreme_fraction_in_tiny_joint_state;age_model_newton_not_fully_converged,demographic|CBC|chemistry,True,0.015984015984015984,1.0,0.4405157732543995
2893,3_00769,3,age|AUS_chronic degenerative renal changes|chem_hypercholesterolemia,age|AUS_chronic_degenerative_renal_changes|chem_hypercholesterolemia,9.52111011687444,,4,108,logistic_deviance_improvement_age_linear_additive_to_joint_state,empty_joint_state;joint_state_n_lt_3;joint_state_n_lt_5;apparent_extreme_fraction_in_tiny_joint_state;age_model_newton_not_fully_converged,demographic|AUS|chemistry,True,0.02197802197802198,1.0,0.4405157732543995
33,2_00035,2,age|chem_no abnormalities,age|chem_no_abnormalities,9.516204881422297,,2,108,logistic_deviance_improvement_age_linear_additive_to_joint_state,,demographic|chemistry,True,0.007992007992007992,0.999000999000999,0.42977206279958574
2899,3_00618,3,age|AUS_jejunum|AUS_splenomegaly,age|AUS_jejunal_thickening|AUS_splenomegaly,9.516088109131005,,4,108,logistic_deviance_improvement_age_linear_additive_to_joint_state,joint_state_n_lt_5;apparent_extreme_fraction_in_tiny_joint_state,demographic|AUS|AUS,True,0.06593406593406594,1.0,0.501014572957019
2901,3_00127,3,age|folate_low|CBC_anemia,age|folate_low|CBC_anemia,9.514251055901525,,4,90,logistic_deviance_improvement_age_linear_additive_to_joint_state,empty_joint_state;joint_state_n_lt_3;joint_state_n_lt_5;apparent_extreme_fraction_in_tiny_joint_state;age_model_newton_not_fully_converged,demographic|GI panel|CBC,True,0.01998001998001998,1.0,0.4405157732543995
2902,3_00090,3,age|folate_high|chem_discordantly elevated bun,age|folate_high|chem_discordantly_elevated_BUN,9.513169513140213,,4,90,logistic_deviance_improvement_age_linear_additive_to_joint_state,empty_joint_state;joint_state_n_lt_3;joint_state_n_lt_5;apparent_extreme_fraction_in_tiny_joint_state;age_model_newton_not_fully_converged,demographic|GI panel|chemistry,True,0.023976023976023976,1.0,0.4405157732543995
2903,3_01019,3,age|CBC_basocytosis|chem_elevated total bilirubin,age|CBC_basocytosis|chem_elevated_total_bilirubin,9.510398259697013,,4,108,logistic_deviance_improvement_age_linear_additive_to_joint_state,empty_joint_state;joint_state_n_lt_3;joint_state_n_lt_5;apparent_extreme_fraction_in_tiny_joint_state;age_model_newton_not_fully_converged,demographic|CBC|chemistry,True,0.013986013986013986,1.0,0.4405157732543995
2909,3_00535,3,age|clinical signs_constipation|CBC_monocytosis,age|clinical_signs_constipation|CBC_monocytosis,9.503819599151228,,4,108,logistic_deviance_improvement_age_linear_additive_to_joint_state,empty_joint_state;joint_state_n_lt_3;joint_state_n_lt_5;apparent_extreme_fraction_in_tiny_joint_state;age_model_newton_not_fully_converged,demographic|clinical signs|CBC,True,0.01998001998001998,1.0,0.4405157732543995
2916,3_00964,3,age|CBC_eosinophilia|chem_hypercalcemia,age|CBC_eosinophilia|chem_hypercalcemia,9.49443567274156,,4,108,logistic_deviance_improvement_age_linear_additive_to_joint_state,empty_joint_state;joint_state_n_lt_3;joint_state_n_lt_5;apparent_extreme_fraction_in_tiny_joint_state;age_model_newton_not_fully_converged,demographic|CBC|chemistry,True,0.03196803196803197,1.0,0.4559461543707605
2919,3_00750,3,age|AUS_chronic degenerative renal changes|CBC_eosinophilia,age|AUS_chronic_degenerative_renal_changes|CBC_eosinophilia,9.492817783794749,,4,108,logistic_deviance_improvement_age_linear_additive_to_joint_state,empty_joint_state,demographic|AUS|CBC,True,0.04095904095904096,1.0,0.4605046047979224
2931,3_00968,3,age|CBC_eosinopenia|CBC_basocytosis,age|CBC_eosinopenia|CBC_basocytosis,9.478905823060927,,4,108,logistic_deviance_improvement_age_linear_additive_to_joint_state,empty_joint_state;joint_state_n_lt_3;joint_state_n_lt_5;apparent_extreme_fraction_in_tiny_joint_state;age_model_newton_not_fully_converged,demographic|CBC|CBC,True,0.00999000999000999,1.0,0.4405157732543995
2939,3_00619,3,age|AUS_jejunum|AUS_ileus,age|AUS_jejunal_thickening|AUS_ileus,9.475050471469999,,4,108,logistic_deviance_improvement_age_linear_additive_to_joint_state,joint_state_n_lt_3;joint_state_n_lt_5,demographic|AUS|AUS,True,0.06893106893106893,1.0,0.5034642652775576
2952,3_01135,3,age|chem_elevated alt|chem_hypercholesterolemia,age|chem_elevated_ALT|chem_hypercholesterolemia,9.46193727982434,,4,108,logistic_deviance_improvement_age_linear_additive_to_joint_state,empty_joint_state;joint_state_n_lt_3;joint_state_n_lt_5;apparent_extreme_fraction_in_tiny_joint_state;age_model_newton_not_fully_converged,demographic|chemistry|chemistry,True,0.022977022977022976,1.0,0.4405157732543995
2955,3_00526,3,age|clinical signs_constipation|CBC_no abnormalities,age|clinical_signs_constipation|CBC_no_abnormalities,9.459577145079095,,4,108,logistic_deviance_improvement_age_linear_additive_to_joint_state,empty_joint_state;joint_state_n_lt_3;joint_state_n_lt_5;apparent_extreme_fraction_in_tiny_joint_state;age_model_newton_not_fully_converged,demographic|clinical signs|CBC,True,0.022977022977022976,1.0,0.4405157732543995
2956,3_00590,3,age|AUS_duodenum|CBC_eosinophilia,age|AUS_duodenal_thickening|CBC_eosinophilia,9.459041567926235,,4,108,logistic_deviance_improvement_age_linear_additive_to_joint_state,joint_state_n_lt_3;joint_state_n_lt_5,demographic|AUS|CBC,True,0.07092907092907093,1.0,0.5067656882763986
2961,3_00571,3,age|AUS_no abnormalities|chem_azotemia,age|AUS_no_abnormalities|chem_azotemia,9.456438604771051,,4,108,logistic_deviance_improvement_age_linear_additive_to_joint_state,empty_joint_state;joint_state_n_lt_5;apparent_extreme_fraction_in_tiny_joint_state,demographic|AUS|chemistry,True,0.03496503496503497,1.0,0.4587682848552414
2964,3_00578,3,age|AUS_duodenum|AUS_jejunum,age|AUS_duodenal_thickening|AUS_jejunal_thickening,9.454927238447993,,4,108,logistic_deviance_improvement_age_linear_additive_to_joint_state,,demographic|AUS|AUS,True,0.06293706293706294,1.0,0.49794400356198115
2967,3_00643,3,age|AUS_jejunum|chem_hypercholesterolemia,age|AUS_jejunal_thickening|chem_hypercholesterolemia,9.451601223516107,,4,108,logistic_deviance_improvement_age_linear_additive_to_joint_state,empty_joint_state;joint_state_n_lt_3;joint_state_n_lt_5;apparent_extreme_fraction_in_tiny_joint_state;age_model_newton_not_fully_converged,demographic|AUS|chemistry,True,0.027972027972027972,1.0,0.44206500066849197
2969,3_00929,3,age|CBC_neutropenia|CBC_anemia,age|CBC_neutropenia|CBC_anemia,9.447125961386874,,4,108,logistic_deviance_improvement_age_linear_additive_to_joint_state,joint_state_n_lt_3;joint_state_n_lt_5;apparent_extreme_fraction_in_tiny_joint_state;age_model_newton_not_fully_converged,demographic|CBC|CBC,True,0.055944055944055944,1.0,0.48455963171225136
2972,3_01055,3,age|CBC_lymphopenia|chem_azotemia,age|CBC_lymphopenia|chem_azotemia,9.44506952711491,,4,108,logistic_deviance_improvement_age_linear_additive_to_joint_state,joint_state_n_lt_3;joint_state_n_lt_5;apparent_extreme_fraction_in_tiny_joint_state,demographic|CBC|chemistry,True,0.06493506493506493,1.0,0.5000184101034648
2974,3_00536,3,age|clinical signs_constipation|CBC_anemia,age|clinical_signs_constipation|CBC_anemia,9.44476956893638,,4,108,logistic_deviance_improvement_age_linear_additive_to_joint_state,empty_joint_state;joint_state_n_lt_3;joint_state_n_lt_5;apparent_extreme_fraction_in_tiny_joint_state;age_model_newton_not_fully_converged,demographic|clinical signs|CBC,True,0.024975024975024976,1.0,0.4405157732543995
2975,3_00477,3,age|clinical signs_hairball obstruction|clinical signs_constipation,age|clinical_signs_hairball_obstruction|clinical_signs_constipation,9.443590792526123,,4,108,logistic_deviance_improvement_age_linear_additive_to_joint_state,empty_joint_state;joint_state_n_lt_3;joint_state_n_lt_5;apparent_extreme_fraction_in_tiny_joint_state;age_model_newton_not_fully_converged,demographic|clinical signs|clinical signs,True,0.022977022977022976,1.0,0.4405157732543995
2979,3_00483,3,age|clinical signs_hairball obstruction|AUS_mesenteric lymphadenopathy,age|clinical_signs_hairball_obstruction|AUS_mesenteric_lymphadenopathy,9.441996733320579,,4,108,logistic_deviance_improvement_age_linear_additive_to_joint_state,empty_joint_state;joint_state_n_lt_5;apparent_extreme_fraction_in_tiny_joint_state,demographic|clinical signs|AUS,True,0.030969030969030968,1.0,0.4553621166150168
2980,3_00855,3,age|AUS_ileus|chem_hypokalemia,age|AUS_ileus|chem_hypokalemia,9.441555718522608,,4,108,logistic_deviance_improvement_age_linear_additive_to_joint_state,joint_state_n_lt_3;joint_state_n_lt_5;apparent_extreme_fraction_in_tiny_joint_state;age_model_newton_not_fully_converged,demographic|AUS|chemistry,True,0.061938061938061936,1.0,0.49540026654035907
2981,3_00516,3,age|clinical signs_constipation|AUS_duodenum,age|clinical_signs_constipation|AUS_duodenal_thickening,9.4389067238006,,4,108,logistic_deviance_improvement_age_linear_additive_to_joint_state,empty_joint_state;joint_state_n_lt_3;joint_state_n_lt_5;apparent_extreme_fraction_in_tiny_joint_state;age_model_newton_not_fully_converged,demographic|clinical signs|AUS,True,0.017982017982017984,1.0,0.4405157732543995
2983,3_00659,3,age|AUS_ileum|CBC_basophilia,age|AUS_ileal_thickening|CBC_basophilia,9.43722676858917,,4,108,logistic_deviance_improvement_age_linear_additive_to_joint_state,joint_state_n_lt_3;joint_state_n_lt_5;apparent_extreme_fraction_in_tiny_joint_state,demographic|AUS|CBC,True,0.07592407592407592,1.0,0.5133245133245133
2994,3_00521,3,age|clinical signs_constipation|AUS_chronic degenerative renal changes,age|clinical_signs_constipation|AUS_chronic_degenerative_renal_changes,9.423248021911945,,4,108,logistic_deviance_improvement_age_linear_additive_to_joint_state,empty_joint_state;joint_state_n_lt_3;joint_state_n_lt_5;apparent_extreme_fraction_in_tiny_joint_state;age_model_newton_not_fully_converged,demographic|clinical signs|AUS,True,0.023976023976023976,1.0,0.4405157732543995
2995,3_00654,3,age|AUS_ileum|CBC_no abnormalities,age|AUS_ileal_thickening|CBC_no_abnormalities,9.422605978307416,,4,108,logistic_deviance_improvement_age_linear_additive_to_joint_state,,demographic|AUS|CBC,True,0.07692307692307693,1.0,0.5138656143575329
2996,3_00814,3,age|AUS_splenomegaly|CBC_anemia,age|AUS_splenomegaly|CBC_anemia,9.421646745825214,,4,108,logistic_deviance_improvement_age_linear_additive_to_joint_state,empty_joint_state;joint_state_n_lt_5,demographic|AUS|CBC,True,0.028971028971028972,1.0,0.44419129257838935
3000,3_00113,3,age|folate_low|AUS_enlarged pancreas,age|folate_low|AUS_enlarged_pancreas,9.420387837040764,,4,90,logistic_deviance_improvement_age_linear_additive_to_joint_state,joint_state_n_lt_3;joint_state_n_lt_5;apparent_extreme_fraction_in_tiny_joint_state;age_model_newton_not_fully_converged,demographic|GI panel|AUS,True,0.04995004995004995,1.0,0.4793792779658504
3003,3_00308,3,age|clinical signs_none|chem_azotemia,age|clinical_signs_none_reported|chem_azotemia,9.415653698309455,,4,108,logistic_deviance_improvement_age_linear_additive_to_joint_state,joint_state_n_lt_3;joint_state_n_lt_5;apparent_extreme_fraction_in_tiny_joint_state,demographic|clinical signs|chemistry,True,0.06993006993006994,1.0,0.5045580605352902
3004,3_00131,3,age|folate_low|chem_decreased alt,age|folate_low|chem_decreased_ALT,9.414191553456135,,4,90,logistic_deviance_improvement_age_linear_additive_to_joint_state,empty_joint_state;joint_state_n_lt_3;joint_state_n_lt_5;apparent_extreme_fraction_in_tiny_joint_state;age_model_newton_not_fully_converged,demographic|GI panel|chemistry,True,0.022977022977022976,1.0,0.4405157732543995
3008,3_01062,3,age|CBC_monocytosis|CBC_anemia,age|CBC_monocytosis|CBC_anemia,9.41238941304593,,4,108,logistic_deviance_improvement_age_linear_additive_to_joint_state,joint_state_n_lt_3;joint_state_n_lt_5;apparent_extreme_fraction_in_tiny_joint_state;age_model_newton_not_fully_converged,demographic|CBC|CBC,True,0.056943056943056944,1.0,0.48612545963241965
3020,3_00149,3,age|tli_high|clinical signs_weight loss,age|tli_high|clinical_signs_weight_loss,9.404204345461011,,4,87,logistic_deviance_improvement_age_linear_additive_to_joint_state,,demographic|GI panel|clinical signs,True,0.06393606393606394,1.0,0.49920018379977316
3028,3_00353,3,age|clinical signs_vomiting|chem_hypercholesterolemia,age|clinical_signs_vomiting|chem_hypercholesterolemia,9.39125985807209,,4,108,logistic_deviance_improvement_age_linear_additive_to_joint_state,empty_joint_state;joint_state_n_lt_3;joint_state_n_lt_5;apparent_extreme_fraction_in_tiny_joint_state;age_model_newton_not_fully_converged,demographic|clinical signs|chemistry,True,0.023976023976023976,1.0,0.4405157732543995
3029,3_00887,3,age|CBC_no abnormalities|chem_elevated alt,age|CBC_no_abnormalities|chem_elevated_ALT,9.390359608132854,,4,108,logistic_deviance_improvement_age_linear_additive_to_joint_state,joint_state_n_lt_3;joint_state_n_lt_5;apparent_extreme_fraction_in_tiny_joint_state;age_model_newton_not_fully_converged,demographic|CBC|chemistry,True,0.06493506493506493,1.0,0.5000184101034648
3033,3_01141,3,age|chem_elevated ast|chem_azotemia,age|chem_elevated_AST|chem_azotemia,9.386850289578163,,4,108,logistic_deviance_improvement_age_linear_additive_to_joint_state,empty_joint_state;joint_state_n_lt_3;joint_state_n_lt_5;apparent_extreme_fraction_in_tiny_joint_state,demographic|chemistry|chemistry,True,0.026973026973026972,1.0,0.4405594405594406
3034,3_00854,3,age|AUS_ileus|chem_hypercalcemia,age|AUS_ileus|chem_hypercalcemia,9.386836746331724,,4,108,logistic_deviance_improvement_age_linear_additive_to_joint_state,empty_joint_state;joint_state_n_lt_3;joint_state_n_lt_5;apparent_extreme_fraction_in_tiny_joint_state;age_model_newton_not_fully_converged,demographic|AUS|chemistry,True,0.028971028971028972,1.0,0.44419129257838935
3040,3_00951,3,age|CBC_eosinophilia|CBC_anemia,age|CBC_eosinophilia|CBC_anemia,9.380700761796604,,4,108,logistic_deviance_improvement_age_linear_additive_to_joint_state,empty_joint_state;joint_state_n_lt_5,demographic|CBC|CBC,True,0.03996003996003996,1.0,0.4605046047979224
3041,3_00329,3,age|clinical signs_vomiting|AUS_ileus,age|clinical_signs_vomiting|AUS_ileus,9.378163753746676,,4,108,logistic_deviance_improvement_age_linear_additive_to_joint_state,joint_state_n_lt_5;apparent_extreme_fraction_in_tiny_joint_state,demographic|clinical signs|AUS,True,0.08091908091908091,1.0,0.5197410697410697
3043,3_00927,3,age|CBC_neutropenia|CBC_lymphopenia,age|CBC_neutropenia|CBC_lymphopenia,9.375827664575013,,4,108,logistic_deviance_improvement_age_linear_additive_to_joint_state,joint_state_n_lt_3;joint_state_n_lt_5;apparent_extreme_fraction_in_tiny_joint_state;age_model_newton_not_fully_converged,demographic|CBC|CBC,True,0.07992007992007992,1.0,0.518934617295273
3050,3_00541,3,age|clinical signs_constipation|chem_elevated alt,age|clinical_signs_constipation|chem_elevated_ALT,9.367492439870816,,4,108,logistic_deviance_improvement_age_linear_additive_to_joint_state,empty_joint_state;joint_state_n_lt_3;joint_state_n_lt_5;apparent_extreme_fraction_in_tiny_joint_state;age_model_newton_not_fully_converged,demographic|clinical signs|chemistry,True,0.024975024975024976,1.0,0.4405157732543995
3054,3_00766,3,age|AUS_chronic degenerative renal changes|chem_azotemia,age|AUS_chronic_degenerative_renal_changes|chem_azotemia,9.363707926005887,,4,108,logistic_deviance_improvement_age_linear_additive_to_joint_state,,demographic|AUS|chemistry,True,0.06993006993006994,1.0,0.5045580605352902
3055,3_00745,3,age|AUS_chronic degenerative renal changes|AUS_ileus,age|AUS_chronic_degenerative_renal_changes|AUS_ileus,9.362672191531914,,4,108,logistic_deviance_improvement_age_linear_additive_to_joint_state,empty_joint_state,demographic|AUS|AUS,True,0.04495504495504495,1.0,0.47168063724355114
3056,3_00744,3,age|AUS_chronic degenerative renal changes|AUS_splenomegaly,age|AUS_chronic_degenerative_renal_changes|AUS_splenomegaly,9.361148255876927,,4,108,logistic_deviance_improvement_age_linear_additive_to_joint_state,joint_state_n_lt_3;joint_state_n_lt_5;apparent_extreme_fraction_in_tiny_joint_state,demographic|AUS|AUS,True,0.07792207792207792,1.0,0.5149303251493033
3058,3_00517,3,age|clinical signs_constipation|AUS_jejunum,age|clinical_signs_constipation|AUS_jejunal_thickening,9.350846388755556,,4,108,logistic_deviance_improvement_age_linear_additive_to_joint_state,empty_joint_state;joint_state_n_lt_3;joint_state_n_lt_5;apparent_extreme_fraction_in_tiny_joint_state;age_model_newton_not_fully_converged,demographic|clinical signs|AUS,True,0.023976023976023976,1.0,0.4405157732543995
3062,3_00445,3,age|clinical signs_weight loss|AUS_mesenteric lymphadenopathy,age|clinical_signs_weight_loss|AUS_mesenteric_lymphadenopathy,9.345310866742281,,4,108,logistic_deviance_improvement_age_linear_additive_to_joint_state,,demographic|clinical signs|AUS,True,0.07592407592407592,1.0,0.5133245133245133
3065,3_00991,3,age|CBC_basophilia|CBC_monocytosis,age|CBC_basophilia|CBC_monocytosis,9.337654137109155,,4,108,logistic_deviance_improvement_age_linear_additive_to_joint_state,joint_state_n_lt_3;joint_state_n_lt_5;apparent_extreme_fraction_in_tiny_joint_state,demographic|CBC|CBC,True,0.06393606393606394,1.0,0.49920018379977316
3069,3_00831,3,age|AUS_ileus|CBC_no abnormalities,age|AUS_ileus|CBC_no_abnormalities,9.333096381462127,,4,108,logistic_deviance_improvement_age_linear_additive_to_joint_state,joint_state_n_lt_3;joint_state_n_lt_5,demographic|AUS|CBC,True,0.07592407592407592,1.0,0.5133245133245133
3081,3_01183,3,age|chem_hypokalemia|chem_hypophosphatemia,age|chem_hypokalemia|chem_hypophosphatemia,9.331603232388957,,4,108,logistic_deviance_improvement_age_linear_additive_to_joint_state,empty_joint_state;joint_state_n_lt_3;joint_state_n_lt_5;apparent_extreme_fraction_in_tiny_joint_state;age_model_newton_not_fully_converged,demographic|chemistry|chemistry,True,0.03396603396603397,1.0,0.4566918230284567
3085,3_00733,3,age|AUS_mesenteric lymphadenopathy|chem_elevated ast,age|AUS_mesenteric_lymphadenopathy|chem_elevated_AST,9.3269223616944,,4,108,logistic_deviance_improvement_age_linear_additive_to_joint_state,empty_joint_state;joint_state_n_lt_3;joint_state_n_lt_5;apparent_extreme_fraction_in_tiny_joint_state,demographic|AUS|chemistry,True,0.03196803196803197,1.0,0.4559461543707605
3091,3_01144,3,age|chem_elevated ast|chem_hypercholesterolemia,age|chem_elevated_AST|chem_hypercholesterolemia,9.321234560796867,,4,108,logistic_deviance_improvement_age_linear_additive_to_joint_state,empty_joint_state;joint_state_n_lt_3;joint_state_n_lt_5;apparent_extreme_fraction_in_tiny_joint_state;age_model_newton_not_fully_converged,demographic|chemistry|chemistry,True,0.014985014985014986,1.0,0.4405157732543995
3093,3_00681,3,age|AUS_colon|AUS_chronic degenerative renal changes,age|AUS_colonic_thickening|AUS_chronic_degenerative_renal_changes,9.313905454611344,,4,108,logistic_deviance_improvement_age_linear_additive_to_joint_state,joint_state_n_lt_3;joint_state_n_lt_5;apparent_extreme_fraction_in_tiny_joint_state;age_model_newton_not_fully_converged,demographic|AUS|AUS,True,0.06593406593406594,1.0,0.501014572957019
3095,3_00679,3,age|AUS_ileum|chem_hypophosphatemia,age|AUS_ileal_thickening|chem_hypophosphatemia,9.311465017633097,,4,108,logistic_deviance_improvement_age_linear_additive_to_joint_state,joint_state_n_lt_3;joint_state_n_lt_5;apparent_extreme_fraction_in_tiny_joint_state;age_model_newton_not_fully_converged,demographic|AUS|chemistry,True,0.052947052947052944,1.0,0.4809504876394508
3096,3_00652,3,age|AUS_ileum|AUS_ileus,age|AUS_ileal_thickening|AUS_ileus,9.311104558869502,,4,108,logistic_deviance_improvement_age_linear_additive_to_joint_state,empty_joint_state,demographic|AUS|AUS,True,0.03496503496503497,1.0,0.4587682848552414
3097,3_01102,3,age|chem_hypoproteinemia|chem_hypercholesterolemia,age|chem_hypoproteinemia|chem_hypercholesterolemia,9.310966593540499,,4,108,logistic_deviance_improvement_age_linear_additive_to_joint_state,empty_joint_state;joint_state_n_lt_3;joint_state_n_lt_5;apparent_extreme_fraction_in_tiny_joint_state;age_model_newton_not_fully_converged,demographic|chemistry|chemistry,True,0.023976023976023976,1.0,0.4405157732543995
3099,3_00967,3,age|CBC_eosinopenia|CBC_basophilia,age|CBC_eosinopenia|CBC_basophilia,9.309904189170936,,4,108,logistic_deviance_improvement_age_linear_additive_to_joint_state,empty_joint_state;joint_state_n_lt_3;joint_state_n_lt_5;apparent_extreme_fraction_in_tiny_joint_state;age_model_newton_not_fully_converged,demographic|CBC|CBC,True,0.016983016983016984,1.0,0.4405157732543995
3101,3_00453,3,age|clinical signs_weight loss|CBC_neutropenia,age|clinical_signs_weight_loss|CBC_neutropenia,9.308936573316203,,4,108,logistic_deviance_improvement_age_linear_additive_to_joint_state,joint_state_n_lt_3;joint_state_n_lt_5;apparent_extreme_fraction_in_tiny_joint_state;age_model_newton_not_fully_converged,demographic|clinical signs|CBC,True,0.06493506493506493,1.0,0.5000184101034648
3110,3_00319,3,age|clinical signs_vomiting|clinical signs_constipation,age|clinical_signs_vomiting|clinical_signs_constipation,9.298047362410443,,4,108,logistic_deviance_improvement_age_linear_additive_to_joint_state,empty_joint_state;joint_state_n_lt_3;joint_state_n_lt_5;apparent_extreme_fraction_in_tiny_joint_state;age_model_newton_not_fully_converged,demographic|clinical signs|clinical signs,True,0.027972027972027972,1.0,0.44206500066849197
3113,3_00081,3,age|folate_high|chem_no abnormalities,age|folate_high|chem_no_abnormalities,9.295261380034887,,4,90,logistic_deviance_improvement_age_linear_additive_to_joint_state,,demographic|GI panel|chemistry,True,0.07792207792207792,1.0,0.5149303251493033
3120,3_00030,3,age|cobalamin_low|CBC_lymphocytosis,age|cobalamin_low|CBC_lymphocytosis,9.289051293078856,,4,90,logistic_deviance_improvement_age_linear_additive_to_joint_state,empty_joint_state;joint_state_n_lt_3;joint_state_n_lt_5;apparent_extreme_fraction_in_tiny_joint_state;age_model_newton_not_fully_converged,demographic|GI panel|CBC,True,0.025974025974025976,1.0,0.4405157732543995
3124,3_00043,3,age|cobalamin_low|chem_discordantly elevated bun,age|cobalamin_low|chem_discordantly_elevated_BUN,9.279232693996164,,4,90,logistic_deviance_improvement_age_linear_additive_to_joint_state,empty_joint_state;joint_state_n_lt_3;joint_state_n_lt_5;apparent_extreme_fraction_in_tiny_joint_state;age_model_newton_not_fully_converged,demographic|GI panel|chemistry,True,0.02197802197802198,1.0,0.4405157732543995
3131,3_00283,3,age|clinical signs_none|AUS_mesenteric lymphadenopathy,age|clinical_signs_none_reported|AUS_mesenteric_lymphadenopathy,9.271454048411385,,4,108,logistic_deviance_improvement_age_linear_additive_to_joint_state,empty_joint_state,demographic|clinical signs|AUS,True,0.03496503496503497,1.0,0.4587682848552414
3132,3_00860,3,age|AUS_gall bladder sludge|CBC_eosinophilia,age|AUS_gall_bladder_sludge|CBC_eosinophilia,9.271045724173561,,4,108,logistic_deviance_improvement_age_linear_additive_to_joint_state,empty_joint_state,demographic|AUS|CBC,True,0.03596403596403597,1.0,0.46043653316380595
36,2_00018,2,age|AUS_mesenteric lymphadenopathy,age|AUS_mesenteric_lymphadenopathy,9.269950037152412,,2,108,logistic_deviance_improvement_age_linear_additive_to_joint_state,,demographic|AUS,True,0.013986013986013986,1.0,0.42977206279958574
3137,3_00555,3,age|AUS_no abnormalities|CBC_eosinophilia,age|AUS_no_abnormalities|CBC_eosinophilia,9.267512433074529,,4,108,logistic_deviance_improvement_age_linear_additive_to_joint_state,empty_joint_state;joint_state_n_lt_5;apparent_extreme_fraction_in_tiny_joint_state,demographic|AUS|CBC,True,0.04495504495504495,1.0,0.47168063724355114
3141,3_00692,3,age|AUS_colon|CBC_basocytosis,age|AUS_colonic_thickening|CBC_basocytosis,9.26106432579597,,4,108,logistic_deviance_improvement_age_linear_additive_to_joint_state,empty_joint_state;joint_state_n_lt_3;joint_state_n_lt_5;apparent_extreme_fraction_in_tiny_joint_state;age_model_newton_not_fully_converged,demographic|AUS|CBC,True,0.030969030969030968,1.0,0.4553621166150168
3148,3_00187,3,age|tli_high|chem_hypokalemia,age|tli_high|chem_hypokalemia,9.246735619164696,,4,87,logistic_deviance_improvement_age_linear_additive_to_joint_state,joint_state_n_lt_3;joint_state_n_lt_5;apparent_extreme_fraction_in_tiny_joint_state,demographic|GI panel|chemistry,True,0.06893106893106893,1.0,0.5034642652775576
3151,3_00171,3,age|tli_high|CBC_lymphopenia,age|tli_high|CBC_lymphopenia,9.242713456722356,,4,87,logistic_deviance_improvement_age_linear_additive_to_joint_state,joint_state_n_lt_3;joint_state_n_lt_5;apparent_extreme_fraction_in_tiny_joint_state;age_model_newton_not_fully_converged,demographic|GI panel|CBC,True,0.07492507492507493,1.0,0.5133245133245133
3165,3_01058,3,age|CBC_lymphopenia|chem_hypercholesterolemia,age|CBC_lymphopenia|chem_hypercholesterolemia,9.23236109130724,,4,108,logistic_deviance_improvement_age_linear_additive_to_joint_state,empty_joint_state;joint_state_n_lt_3;joint_state_n_lt_5;apparent_extreme_fraction_in_tiny_joint_state;age_model_newton_not_fully_converged,demographic|CBC|chemistry,True,0.023976023976023976,1.0,0.4405157732543995
3167,3_00311,3,age|clinical signs_none|chem_hypercholesterolemia,age|clinical_signs_none_reported|chem_hypercholesterolemia,9.230624873958547,,4,108,logistic_deviance_improvement_age_linear_additive_to_joint_state,empty_joint_state;joint_state_n_lt_3;joint_state_n_lt_5;apparent_extreme_fraction_in_tiny_joint_state;age_model_newton_not_fully_converged,demographic|clinical signs|chemistry,True,0.01998001998001998,1.0,0.4405157732543995
3173,3_00542,3,age|clinical signs_constipation|chem_elevated ast,age|clinical_signs_constipation|chem_elevated_AST,9.228250663483621,,4,108,logistic_deviance_improvement_age_linear_additive_to_joint_state,empty_joint_state;joint_state_n_lt_3;joint_state_n_lt_5;apparent_extreme_fraction_in_tiny_joint_state;age_model_newton_not_fully_converged,demographic|clinical signs|chemistry,True,0.014985014985014986,1.0,0.4405157732543995
3175,3_00816,3,age|AUS_splenomegaly|chem_hypoproteinemia,age|AUS_splenomegaly|chem_hypoproteinemia,9.226720621407793,,4,108,logistic_deviance_improvement_age_linear_additive_to_joint_state,empty_joint_state,demographic|AUS|chemistry,True,0.03196803196803197,1.0,0.4559461543707605
3187,3_00538,3,age|clinical signs_constipation|chem_hypoproteinemia,age|clinical_signs_constipation|chem_hypoproteinemia,9.215464434165668,,4,108,logistic_deviance_improvement_age_linear_additive_to_joint_state,empty_joint_state;joint_state_n_lt_3;joint_state_n_lt_5;apparent_extreme_fraction_in_tiny_joint_state;age_model_newton_not_fully_converged,demographic|clinical signs|chemistry,True,0.022977022977022976,1.0,0.4405157732543995
3192,3_00994,3,age|CBC_basophilia|chem_hypoproteinemia,age|CBC_basophilia|chem_hypoproteinemia,9.212603279448032,,4,108,logistic_deviance_improvement_age_linear_additive_to_joint_state,joint_state_n_lt_3;joint_state_n_lt_5;apparent_extreme_fraction_in_tiny_joint_state;age_model_newton_not_fully_converged,demographic|CBC|chemistry,True,0.06293706293706294,1.0,0.49794400356198115
3193,3_00890,3,age|CBC_no abnormalities|chem_elevated total bilirubin,age|CBC_no_abnormalities|chem_elevated_total_bilirubin,9.21245530183792,,4,108,logistic_deviance_improvement_age_linear_additive_to_joint_state,joint_state_n_lt_3;joint_state_n_lt_5;apparent_extreme_fraction_in_tiny_joint_state;age_model_newton_not_fully_converged,demographic|CBC|chemistry,True,0.059940059940059943,1.0,0.4922593605099005
3194,3_01182,3,age|chem_hypercalcemia|chem_hypophosphatemia,age|chem_hypercalcemia|chem_hypophosphatemia,9.211887456729784,,4,108,logistic_deviance_improvement_age_linear_additive_to_joint_state,empty_joint_state;joint_state_n_lt_3;joint_state_n_lt_5;apparent_extreme_fraction_in_tiny_joint_state;age_model_newton_not_fully_converged,demographic|chemistry|chemistry,True,0.01898101898101898,1.0,0.4405157732543995
3197,3_00957,3,age|CBC_eosinophilia|chem_elevated ast,age|CBC_eosinophilia|chem_elevated_AST,9.20804480881084,,4,108,logistic_deviance_improvement_age_linear_additive_to_joint_state,empty_joint_state;joint_state_n_lt_3;joint_state_n_lt_5,demographic|CBC|chemistry,True,0.03596403596403597,1.0,0.46043653316380595
3205,3_00087,3,age|folate_high|chem_elevated alp,age|folate_high|chem_elevated_ALP,9.19994668824583,,4,90,logistic_deviance_improvement_age_linear_additive_to_joint_state,empty_joint_state;joint_state_n_lt_3;joint_state_n_lt_5;apparent_extreme_fraction_in_tiny_joint_state;age_model_newton_not_fully_converged,demographic|GI panel|chemistry,True,0.027972027972027972,1.0,0.44206500066849197
3207,3_01160,3,age|chem_elevated total bilirubin|chem_hypercalcemia,age|chem_elevated_total_bilirubin|chem_hypercalcemia,9.199185846068119,,4,108,logistic_deviance_improvement_age_linear_additive_to_joint_state,empty_joint_state;joint_state_n_lt_3;joint_state_n_lt_5;apparent_extreme_fraction_in_tiny_joint_state;age_model_newton_not_fully_converged,demographic|chemistry|chemistry,True,0.017982017982017984,1.0,0.4405157732543995
3209,3_00215,3,age|pli_abn|CBC_lymphocytosis,age|pli_abn|CBC_lymphocytosis,9.195604461897616,,4,86,logistic_deviance_improvement_age_linear_additive_to_joint_state,empty_joint_state;joint_state_n_lt_3;joint_state_n_lt_5;apparent_extreme_fraction_in_tiny_joint_state;age_model_newton_not_fully_converged,demographic|GI panel|CBC,True,0.03496503496503497,1.0,0.4587682848552414
3210,3_01007,3,age|CBC_basophilia|chem_hypophosphatemia,age|CBC_basophilia|chem_hypophosphatemia,9.195261835447582,,4,108,logistic_deviance_improvement_age_linear_additive_to_joint_state,empty_joint_state;joint_state_n_lt_3;joint_state_n_lt_5;apparent_extreme_fraction_in_tiny_joint_state;age_model_newton_not_fully_converged,demographic|CBC|chemistry,True,0.027972027972027972,1.0,0.44206500066849197
3222,3_01179,3,age|chem_hypercholesterolemia|chem_hypokalemia,age|chem_hypercholesterolemia|chem_hypokalemia,9.192384489422537,,4,108,logistic_deviance_improvement_age_linear_additive_to_joint_state,empty_joint_state;joint_state_n_lt_3;joint_state_n_lt_5;apparent_extreme_fraction_in_tiny_joint_state;age_model_newton_not_fully_converged,demographic|chemistry|chemistry,True,0.025974025974025976,1.0,0.4405157732543995
3227,3_00985,3,age|CBC_eosinopenia|chem_hypercalcemia,age|CBC_eosinopenia|chem_hypercalcemia,9.188958854144573,,4,108,logistic_deviance_improvement_age_linear_additive_to_joint_state,empty_joint_state;joint_state_n_lt_3;joint_state_n_lt_5;apparent_extreme_fraction_in_tiny_joint_state;age_model_newton_not_fully_converged,demographic|CBC|chemistry,True,0.015984015984015984,1.0,0.4405157732543995
3228,3_00444,3,age|clinical signs_weight loss|AUS_colon,age|clinical_signs_weight_loss|AUS_colonic_thickening,9.188730113375584,,4,108,logistic_deviance_improvement_age_linear_additive_to_joint_state,,demographic|clinical signs|AUS,True,0.08591408591408592,1.0,0.5292931307189246
3230,3_01000,3,age|CBC_basophilia|chem_elevated total bilirubin,age|CBC_basophilia|chem_elevated_total_bilirubin,9.183161852239891,,4,108,logistic_deviance_improvement_age_linear_additive_to_joint_state,empty_joint_state;joint_state_n_lt_3;joint_state_n_lt_5;apparent_extreme_fraction_in_tiny_joint_state;age_model_newton_not_fully_converged,demographic|CBC|chemistry,True,0.026973026973026972,1.0,0.4405594405594406
3233,3_00473,3,age|clinical signs_weight loss|chem_hypercholesterolemia,age|clinical_signs_weight_loss|chem_hypercholesterolemia,9.180889932852097,,4,108,logistic_deviance_improvement_age_linear_additive_to_joint_state,empty_joint_state;joint_state_n_lt_3;joint_state_n_lt_5;apparent_extreme_fraction_in_tiny_joint_state;age_model_newton_not_fully_converged,demographic|clinical signs|chemistry,True,0.023976023976023976,1.0,0.4405157732543995
3236,3_00875,3,age|AUS_gall bladder sludge|chem_elevated total bilirubin,age|AUS_gall_bladder_sludge|chem_elevated_total_bilirubin,9.179294211631529,,4,108,logistic_deviance_improvement_age_linear_additive_to_joint_state,empty_joint_state;joint_state_n_lt_3;joint_state_n_lt_5;apparent_extreme_fraction_in_tiny_joint_state;age_model_newton_not_fully_converged,demographic|AUS|chemistry,True,0.03196803196803197,1.0,0.4559461543707605
3245,3_00493,3,age|clinical signs_hairball obstruction|CBC_eosinopenia,age|clinical_signs_hairball_obstruction|CBC_eosinopenia,9.174984042795884,,4,108,logistic_deviance_improvement_age_linear_additive_to_joint_state,empty_joint_state;joint_state_n_lt_3;joint_state_n_lt_5;apparent_extreme_fraction_in_tiny_joint_state;age_model_newton_not_fully_converged,demographic|clinical signs|CBC,True,0.026973026973026972,1.0,0.4405594405594406
3252,3_00830,3,age|AUS_ileus|AUS_gall bladder sludge,age|AUS_ileus|AUS_gall_bladder_sludge,9.1701141197358,,4,108,logistic_deviance_improvement_age_linear_additive_to_joint_state,empty_joint_state,demographic|AUS|AUS,True,0.03896103896103896,1.0,0.4605046047979224
3254,3_00660,3,age|AUS_ileum|CBC_basocytosis,age|AUS_ileal_thickening|CBC_basocytosis,9.168839286762093,,4,108,logistic_deviance_improvement_age_linear_additive_to_joint_state,empty_joint_state;joint_state_n_lt_3;joint_state_n_lt_5;apparent_extreme_fraction_in_tiny_joint_state;age_model_newton_not_fully_converged,demographic|AUS|CBC,True,0.023976023976023976,1.0,0.4405157732543995
3256,3_00624,3,age|AUS_jejunum|CBC_eosinophilia,age|AUS_jejunal_thickening|CBC_eosinophilia,9.166834181987753,,4,108,logistic_deviance_improvement_age_linear_additive_to_joint_state,joint_state_n_lt_3;joint_state_n_lt_5,demographic|AUS|CBC,True,0.07092907092907093,1.0,0.5067656882763986
3267,3_00941,3,age|CBC_neutropenia|chem_hypercholesterolemia,age|CBC_neutropenia|chem_hypercholesterolemia,9.158982777681786,,4,108,logistic_deviance_improvement_age_linear_additive_to_joint_state,empty_joint_state;joint_state_n_lt_3;joint_state_n_lt_5;apparent_extreme_fraction_in_tiny_joint_state;age_model_newton_not_fully_converged,demographic|CBC|chemistry,True,0.026973026973026972,1.0,0.4405594405594406
3274,3_00394,3,age|clinical signs_diarrhea|chem_hypercholesterolemia,age|clinical_signs_diarrhea|chem_hypercholesterolemia,9.15551695312331,,4,108,logistic_deviance_improvement_age_linear_additive_to_joint_state,empty_joint_state;joint_state_n_lt_3;joint_state_n_lt_5;apparent_extreme_fraction_in_tiny_joint_state;age_model_newton_not_fully_converged,demographic|clinical signs|chemistry,True,0.025974025974025976,1.0,0.4405157732543995
41,2_00046,2,age|chem_hypercholesterolemia,age|chem_hypercholesterolemia,9.149809359023706,,2,108,logistic_deviance_improvement_age_linear_additive_to_joint_state,joint_state_n_lt_3;joint_state_n_lt_5;apparent_extreme_fraction_in_tiny_joint_state;age_model_newton_not_fully_converged,demographic|chemistry,True,0.006993006993006993,1.0,0.42977206279958574
3278,3_00956,3,age|CBC_eosinophilia|chem_elevated alt,age|CBC_eosinophilia|chem_elevated_ALT,9.1485994951462,,4,108,logistic_deviance_improvement_age_linear_additive_to_joint_state,empty_joint_state,demographic|CBC|chemistry,True,0.04695304695304695,1.0,0.47482517482517483
3290,3_00370,3,age|clinical signs_diarrhea|AUS_ileus,age|clinical_signs_diarrhea|AUS_ileus,9.13907342432428,,4,108,logistic_deviance_improvement_age_linear_additive_to_joint_state,empty_joint_state,demographic|clinical signs|AUS,True,0.04095904095904096,1.0,0.4605046047979224
3293,3_00534,3,age|clinical signs_constipation|CBC_lymphopenia,age|clinical_signs_constipation|CBC_lymphopenia,9.13784817330604,,4,108,logistic_deviance_improvement_age_linear_additive_to_joint_state,empty_joint_state;joint_state_n_lt_3;joint_state_n_lt_5;apparent_extreme_fraction_in_tiny_joint_state;age_model_newton_not_fully_converged,demographic|clinical signs|CBC,True,0.02097902097902098,1.0,0.4405157732543995
3304,3_00611,3,age|AUS_duodenum|chem_hypokalemia,age|AUS_duodenal_thickening|chem_hypokalemia,9.122489042091615,,4,108,logistic_deviance_improvement_age_linear_additive_to_joint_state,joint_state_n_lt_3;joint_state_n_lt_5;apparent_extreme_fraction_in_tiny_joint_state;age_model_newton_not_fully_converged,demographic|AUS|chemistry,True,0.07492507492507493,1.0,0.5133245133245133
42,2_00043,2,age|chem_azotemia,age|chem_azotemia,9.121863173280715,,2,108,logistic_deviance_improvement_age_linear_additive_to_joint_state,,demographic|chemistry,True,0.014985014985014986,1.0,0.42977206279958574
3305,3_00096,3,age|folate_low|tli_high,age|folate_low|tli_high,9.121092563906458,,4,87,logistic_deviance_improvement_age_linear_additive_to_joint_state,joint_state_n_lt_3;joint_state_n_lt_5;apparent_extreme_fraction_in_tiny_joint_state;age_model_newton_not_fully_converged,demographic|GI panel|GI panel,True,0.07092907092907093,1.0,0.5067656882763986
3307,3_00286,3,age|clinical signs_none|AUS_splenomegaly,age|clinical_signs_none_reported|AUS_splenomegaly,9.114593169011144,,4,108,logistic_deviance_improvement_age_linear_additive_to_joint_state,empty_joint_state,demographic|clinical signs|AUS,True,0.028971028971028972,1.0,0.44419129257838935
3314,3_00579,3,age|AUS_duodenum|AUS_ileum,age|AUS_duodenal_thickening|AUS_ileal_thickening,9.108880258191846,,4,108,logistic_deviance_improvement_age_linear_additive_to_joint_state,joint_state_n_lt_5;apparent_extreme_fraction_in_tiny_joint_state,demographic|AUS|AUS,True,0.08191808191808192,1.0,0.5210527177740293
3315,3_00949,3,age|CBC_eosinophilia|CBC_lymphopenia,age|CBC_eosinophilia|CBC_lymphopenia,9.108086911661715,,4,108,logistic_deviance_improvement_age_linear_additive_to_joint_state,empty_joint_state,demographic|CBC|CBC,True,0.04395604395604396,1.0,0.46870011648474913
3321,3_00819,3,age|AUS_splenomegaly|chem_elevated alt,age|AUS_splenomegaly|chem_elevated_ALT,9.104002452786233,,4,108,logistic_deviance_improvement_age_linear_additive_to_joint_state,empty_joint_state,demographic|AUS|chemistry,True,0.03496503496503497,1.0,0.4587682848552414
3324,3_00840,3,age|AUS_ileus|CBC_monocytosis,age|AUS_ileus|CBC_monocytosis,9.099820710004678,,4,108,logistic_deviance_improvement_age_linear_additive_to_joint_state,empty_joint_state,demographic|AUS|CBC,True,0.03896103896103896,1.0,0.4605046047979224
3330,3_00550,3,age|clinical signs_constipation|chem_hypokalemia,age|clinical_signs_constipation|chem_hypokalemia,9.098059116080108,,4,108,logistic_deviance_improvement_age_linear_additive_to_joint_state,empty_joint_state;joint_state_n_lt_3;joint_state_n_lt_5;apparent_extreme_fraction_in_tiny_joint_state;age_model_newton_not_fully_converged,demographic|clinical signs|chemistry,True,0.023976023976023976,1.0,0.4405157732543995
3333,3_00847,3,age|AUS_ileus|chem_elevated ast,age|AUS_ileus|chem_elevated_AST,9.094073194738456,,4,108,logistic_deviance_improvement_age_linear_additive_to_joint_state,empty_joint_state;joint_state_n_lt_3;joint_state_n_lt_5,demographic|AUS|chemistry,True,0.03896103896103896,1.0,0.4605046047979224
3334,3_00514,3,age|clinical signs_hairball obstruction|chem_hypophosphatemia,age|clinical_signs_hairball_obstruction|chem_hypophosphatemia,9.09155234096022,,4,108,logistic_deviance_improvement_age_linear_additive_to_joint_state,empty_joint_state;joint_state_n_lt_3;joint_state_n_lt_5;apparent_extreme_fraction_in_tiny_joint_state;age_model_newton_not_fully_converged,demographic|clinical signs|chemistry,True,0.028971028971028972,1.0,0.44419129257838935
3336,3_00375,3,age|clinical signs_diarrhea|CBC_eosinophilia,age|clinical_signs_diarrhea|CBC_eosinophilia,9.089132817485137,,4,108,logistic_deviance_improvement_age_linear_additive_to_joint_state,joint_state_n_lt_5;apparent_extreme_fraction_in_tiny_joint_state,demographic|clinical signs|CBC,True,0.08591408591408592,1.0,0.5292931307189246
3337,3_00292,3,age|clinical signs_none|CBC_eosinophilia,age|clinical_signs_none_reported|CBC_eosinophilia,9.088186677066858,,4,108,logistic_deviance_improvement_age_linear_additive_to_joint_state,empty_joint_state,demographic|clinical signs|CBC,True,0.04395604395604396,1.0,0.46870011648474913
3338,3_00055,3,age|folate_high|clinical signs_hyporexia,age|folate_high|clinical_signs_hyporexia,9.0881865523707,,4,90,logistic_deviance_improvement_age_linear_additive_to_joint_state,joint_state_n_lt_5;apparent_extreme_fraction_in_tiny_joint_state;age_model_newton_not_fully_converged,demographic|GI panel|clinical signs,True,0.08591408591408592,1.0,0.5292931307189246
3339,3_00439,3,age|clinical signs_weight loss|clinical signs_constipation,age|clinical_signs_weight_loss|clinical_signs_constipation,9.087621960731227,,4,108,logistic_deviance_improvement_age_linear_additive_to_joint_state,empty_joint_state;joint_state_n_lt_3;joint_state_n_lt_5;apparent_extreme_fraction_in_tiny_joint_state;age_model_newton_not_fully_converged,demographic|clinical signs|clinical signs,True,0.022977022977022976,1.0,0.4405157732543995
3350,3_00507,3,age|clinical signs_hairball obstruction|chem_elevated total bilirubin,age|clinical_signs_hairball_obstruction|chem_elevated_total_bilirubin,9.07930682207396,,4,108,logistic_deviance_improvement_age_linear_additive_to_joint_state,empty_joint_state;joint_state_n_lt_3;joint_state_n_lt_5;apparent_extreme_fraction_in_tiny_joint_state;age_model_newton_not_fully_converged,demographic|clinical signs|chemistry,True,0.022977022977022976,1.0,0.4405157732543995
3352,3_00843,3,age|AUS_ileus|chem_hypoproteinemia,age|AUS_ileus|chem_hypoproteinemia,9.07790251543625,,4,108,logistic_deviance_improvement_age_linear_additive_to_joint_state,empty_joint_state,demographic|AUS|chemistry,True,0.03296703296703297,1.0,0.4566918230284567
3363,3_00828,3,age|AUS_splenomegaly|chem_hypokalemia,age|AUS_splenomegaly|chem_hypokalemia,9.06583560339071,,4,108,logistic_deviance_improvement_age_linear_additive_to_joint_state,empty_joint_state,demographic|AUS|chemistry,True,0.03696303696303696,1.0,0.4605046047979224
3364,3_00528,3,age|clinical signs_constipation|CBC_neutropenia,age|clinical_signs_constipation|CBC_neutropenia,9.06423391124413,,4,108,logistic_deviance_improvement_age_linear_additive_to_joint_state,empty_joint_state;joint_state_n_lt_3;joint_state_n_lt_5;apparent_extreme_fraction_in_tiny_joint_state;age_model_newton_not_fully_converged,demographic|clinical signs|CBC,True,0.025974025974025976,1.0,0.4405157732543995
3365,3_00360,3,age|clinical signs_diarrhea|clinical signs_constipation,age|clinical_signs_diarrhea|clinical_signs_constipation,9.06310916067747,,4,108,logistic_deviance_improvement_age_linear_additive_to_joint_state,empty_joint_state;joint_state_n_lt_3;joint_state_n_lt_5;apparent_extreme_fraction_in_tiny_joint_state;age_model_newton_not_fully_converged,demographic|clinical signs|clinical signs,True,0.022977022977022976,1.0,0.4405157732543995
3367,3_00057,3,age|folate_high|clinical signs_hairball obstruction,age|folate_high|clinical_signs_hairball_obstruction,9.06258811117057,,4,90,logistic_deviance_improvement_age_linear_additive_to_joint_state,joint_state_n_lt_3;joint_state_n_lt_5;apparent_extreme_fraction_in_tiny_joint_state;age_model_newton_not_fully_converged,demographic|GI panel|clinical signs,True,0.054945054945054944,1.0,0.48227857092123017
3368,3_01077,3,age|CBC_monocytosis|chem_hypophosphatemia,age|CBC_monocytosis|chem_hypophosphatemia,9.061074008673785,,4,108,logistic_deviance_improvement_age_linear_additive_to_joint_state,empty_joint_state;joint_state_n_lt_3;joint_state_n_lt_5;apparent_extreme_fraction_in_tiny_joint_state;age_model_newton_not_fully_converged,demographic|CBC|chemistry,True,0.029970029970029972,1.0,0.45114030862249394
3377,3_00384,3,age|clinical signs_diarrhea|chem_hypoproteinemia,age|clinical_signs_diarrhea|chem_hypoproteinemia,9.056696674328194,,4,108,logistic_deviance_improvement_age_linear_additive_to_joint_state,joint_state_n_lt_3;joint_state_n_lt_5;apparent_extreme_fraction_in_tiny_joint_state;age_model_newton_not_fully_converged,demographic|clinical signs|chemistry,True,0.06793206793206794,1.0,0.5017577604990192
43,2_00012,2,age|clinical signs_constipation,age|clinical_signs_constipation,9.055622497439202,,2,108,logistic_deviance_improvement_age_linear_additive_to_joint_state,joint_state_n_lt_3;joint_state_n_lt_5;apparent_extreme_fraction_in_tiny_joint_state;age_model_newton_not_fully_converged,demographic|clinical signs,True,0.006993006993006993,1.0,0.42977206279958574
3380,3_00965,3,age|CBC_eosinophilia|chem_hypokalemia,age|CBC_eosinophilia|chem_hypokalemia,9.055601075664285,,4,108,logistic_deviance_improvement_age_linear_additive_to_joint_state,empty_joint_state,demographic|CBC|chemistry,True,0.04695304695304695,1.0,0.47482517482517483
3384,3_00280,3,age|clinical signs_none|AUS_jejunum,age|clinical_signs_none_reported|AUS_jejunal_thickening,9.05245707913565,,4,108,logistic_deviance_improvement_age_linear_additive_to_joint_state,joint_state_n_lt_3;joint_state_n_lt_5;apparent_extreme_fraction_in_tiny_joint_state;age_model_newton_not_fully_converged,demographic|clinical signs|AUS,True,0.06993006993006994,1.0,0.5045580605352902
3386,3_00186,3,age|tli_high|chem_hypercalcemia,age|tli_high|chem_hypercalcemia,9.051292505180612,,4,87,logistic_deviance_improvement_age_linear_additive_to_joint_state,empty_joint_state;joint_state_n_lt_3;joint_state_n_lt_5;apparent_extreme_fraction_in_tiny_joint_state;age_model_newton_not_fully_converged,demographic|GI panel|chemistry,True,0.030969030969030968,1.0,0.4553621166150168
3391,3_01070,3,age|CBC_monocytosis|chem_elevated total bilirubin,age|CBC_monocytosis|chem_elevated_total_bilirubin,9.047926106900732,,4,108,logistic_deviance_improvement_age_linear_additive_to_joint_state,empty_joint_state;joint_state_n_lt_3;joint_state_n_lt_5;apparent_extreme_fraction_in_tiny_joint_state;age_model_newton_not_fully_converged,demographic|CBC|chemistry,True,0.029970029970029972,1.0,0.45114030862249394
3398,3_00846,3,age|AUS_ileus|chem_elevated alt,age|AUS_ileus|chem_elevated_ALT,9.043483664050655,,4,108,logistic_deviance_improvement_age_linear_additive_to_joint_state,empty_joint_state,demographic|AUS|chemistry,True,0.03796203796203796,1.0,0.4605046047979224
3400,3_00570,3,age|AUS_no abnormalities|chem_elevated total bilirubin,age|AUS_no_abnormalities|chem_elevated_total_bilirubin,9.04018866186425,,4,108,logistic_deviance_improvement_age_linear_additive_to_joint_state,empty_joint_state;joint_state_n_lt_3;joint_state_n_lt_5;apparent_extreme_fraction_in_tiny_joint_state;age_model_newton_not_fully_converged,demographic|AUS|chemistry,True,0.030969030969030968,1.0,0.4553621166150168
3411,3_00946,3,age|CBC_eosinophilia|CBC_basophilia,age|CBC_eosinophilia|CBC_basophilia,9.03224028752976,,4,108,logistic_deviance_improvement_age_linear_additive_to_joint_state,joint_state_n_lt_3;joint_state_n_lt_5;apparent_extreme_fraction_in_tiny_joint_state,demographic|CBC|CBC,True,0.09290709290709291,1.0,0.542824108896635
3434,3_00163,3,age|tli_high|CBC_no abnormalities,age|tli_high|CBC_no_abnormalities,9.011251327179451,,4,87,logistic_deviance_improvement_age_linear_additive_to_joint_state,,demographic|GI panel|CBC,True,0.09290709290709291,1.0,0.542824108896635
3436,3_00897,3,age|CBC_no abnormalities|chem_hypophosphatemia,age|CBC_no_abnormalities|chem_hypophosphatemia,9.010022126519928,,4,108,logistic_deviance_improvement_age_linear_additive_to_joint_state,empty_joint_state;joint_state_n_lt_3;joint_state_n_lt_5;apparent_extreme_fraction_in_tiny_joint_state;age_model_newton_not_fully_converged,demographic|CBC|chemistry,True,0.03396603396603397,1.0,0.4566918230284567
3445,3_00751,3,age|AUS_chronic degenerative renal changes|CBC_eosinopenia,age|AUS_chronic_degenerative_renal_changes|CBC_eosinopenia,9.002802467684006,,4,108,logistic_deviance_improvement_age_linear_additive_to_joint_state,empty_joint_state;joint_state_n_lt_3;joint_state_n_lt_5;apparent_extreme_fraction_in_tiny_joint_state;age_model_newton_not_fully_converged,demographic|AUS|CBC,True,0.022977022977022976,1.0,0.4405157732543995
3446,3_00953,3,age|CBC_eosinophilia|chem_hypoproteinemia,age|CBC_eosinophilia|chem_hypoproteinemia,9.002523191605391,,4,108,logistic_deviance_improvement_age_linear_additive_to_joint_state,joint_state_n_lt_3;joint_state_n_lt_5;apparent_extreme_fraction_in_tiny_joint_state,demographic|CBC|chemistry,True,0.0979020979020979,1.0,0.5490603791488747
3448,3_00335,3,age|clinical signs_vomiting|CBC_eosinopenia,age|clinical_signs_vomiting|CBC_eosinopenia,8.998436424426814,,4,108,logistic_deviance_improvement_age_linear_additive_to_joint_state,empty_joint_state;joint_state_n_lt_3;joint_state_n_lt_5;apparent_extreme_fraction_in_tiny_joint_state;age_model_newton_not_fully_converged,demographic|clinical signs|CBC,True,0.03196803196803197,1.0,0.4559461543707605
3452,3_00334,3,age|clinical signs_vomiting|CBC_eosinophilia,age|clinical_signs_vomiting|CBC_eosinophilia,8.992614492326311,,4,108,logistic_deviance_improvement_age_linear_additive_to_joint_state,empty_joint_state,demographic|clinical signs|CBC,True,0.04495504495504495,1.0,0.47168063724355114
3455,3_00839,3,age|AUS_ileus|CBC_lymphopenia,age|AUS_ileus|CBC_lymphopenia,8.991418902087005,,4,108,logistic_deviance_improvement_age_linear_additive_to_joint_state,empty_joint_state,demographic|AUS|CBC,True,0.04495504495504495,1.0,0.47168063724355114
3456,3_01064,3,age|CBC_monocytosis|chem_hypoproteinemia,age|CBC_monocytosis|chem_hypoproteinemia,8.989181335810343,,4,108,logistic_deviance_improvement_age_linear_additive_to_joint_state,joint_state_n_lt_3;joint_state_n_lt_5;apparent_extreme_fraction_in_tiny_joint_state;age_model_newton_not_fully_converged,demographic|CBC|chemistry,True,0.07192807192807193,1.0,0.5096893415939261
3459,3_00882,3,age|AUS_gall bladder sludge|chem_hypophosphatemia,age|AUS_gall_bladder_sludge|chem_hypophosphatemia,8.987920095250544,,4,108,logistic_deviance_improvement_age_linear_additive_to_joint_state,joint_state_n_lt_3;joint_state_n_lt_5;apparent_extreme_fraction_in_tiny_joint_state;age_model_newton_not_fully_converged,demographic|AUS|chemistry,True,0.04995004995004995,1.0,0.4793792779658504
3464,3_00040,3,age|cobalamin_low|chem_elevated alp,age|cobalamin_low|chem_elevated_ALP,8.985488929115917,,4,90,logistic_deviance_improvement_age_linear_additive_to_joint_state,empty_joint_state;joint_state_n_lt_3;joint_state_n_lt_5;apparent_extreme_fraction_in_tiny_joint_state;age_model_newton_not_fully_converged,demographic|GI panel|chemistry,True,0.026973026973026972,1.0,0.4405594405594406
3470,3_00922,3,age|CBC_neutropenia|CBC_eosinophilia,age|CBC_neutropenia|CBC_eosinophilia,8.981544455163728,,4,108,logistic_deviance_improvement_age_linear_additive_to_joint_state,empty_joint_state;joint_state_n_lt_5;apparent_extreme_fraction_in_tiny_joint_state,demographic|CBC|CBC,True,0.057942057942057944,1.0,0.4885119315274526
3471,3_00083,3,age|folate_high|chem_hyperproteinemia,age|folate_high|chem_hyperproteinemia,8.98105548210718,,4,90,logistic_deviance_improvement_age_linear_additive_to_joint_state,joint_state_n_lt_3;joint_state_n_lt_5;apparent_extreme_fraction_in_tiny_joint_state;age_model_newton_not_fully_converged,demographic|GI panel|chemistry,True,0.07392607392607392,1.0,0.5133245133245133
3474,3_00003,3,age|cobalamin_low|pli_abn,age|cobalamin_low|pli_abn,8.976066162430627,,4,86,logistic_deviance_improvement_age_linear_additive_to_joint_state,,demographic|GI panel|GI panel,True,0.0959040959040959,1.0,0.5459067878229555
3476,3_00556,3,age|AUS_no abnormalities|CBC_eosinopenia,age|AUS_no_abnormalities|CBC_eosinopenia,8.974567911439337,,4,108,logistic_deviance_improvement_age_linear_additive_to_joint_state,empty_joint_state;joint_state_n_lt_3;joint_state_n_lt_5;apparent_extreme_fraction_in_tiny_joint_state;age_model_newton_not_fully_converged,demographic|AUS|CBC,True,0.025974025974025976,1.0,0.4405157732543995
3477,3_00369,3,age|clinical signs_diarrhea|AUS_splenomegaly,age|clinical_signs_diarrhea|AUS_splenomegaly,8.973237312811293,,4,108,logistic_deviance_improvement_age_linear_additive_to_joint_state,,demographic|clinical signs|AUS,True,0.07492507492507493,1.0,0.5133245133245133
3478,3_00082,3,age|folate_high|chem_hypoproteinemia,age|folate_high|chem_hypoproteinemia,8.971030234809916,,4,90,logistic_deviance_improvement_age_linear_additive_to_joint_state,joint_state_n_lt_3;joint_state_n_lt_5;apparent_extreme_fraction_in_tiny_joint_state;age_model_newton_not_fully_converged,demographic|GI panel|chemistry,True,0.08491508491508491,1.0,0.5284470030787544
3480,3_00287,3,age|clinical signs_none|AUS_ileus,age|clinical_signs_none_reported|AUS_ileus,8.969564755486886,,4,108,logistic_deviance_improvement_age_linear_additive_to_joint_state,empty_joint_state,demographic|clinical signs|AUS,True,0.04295704295704296,1.0,0.4648260106427437
3481,3_00591,3,age|AUS_duodenum|CBC_eosinopenia,age|AUS_duodenal_thickening|CBC_eosinopenia,8.969433504048666,,4,108,logistic_deviance_improvement_age_linear_additive_to_joint_state,empty_joint_state;joint_state_n_lt_3;joint_state_n_lt_5;apparent_extreme_fraction_in_tiny_joint_state;age_model_newton_not_fully_converged,demographic|AUS|CBC,True,0.022977022977022976,1.0,0.4405157732543995
3484,3_00972,3,age|CBC_eosinopenia|CBC_anemia,age|CBC_eosinopenia|CBC_anemia,8.967032058258937,,4,108,logistic_deviance_improvement_age_linear_additive_to_joint_state,empty_joint_state;joint_state_n_lt_3;joint_state_n_lt_5;apparent_extreme_fraction_in_tiny_joint_state;age_model_newton_not_fully_converged,demographic|CBC|CBC,True,0.027972027972027972,1.0,0.44206500066849197
44,2_00027,2,age|CBC_eosinophilia,age|CBC_eosinophilia,8.96173548812078,,2,108,logistic_deviance_improvement_age_linear_additive_to_joint_state,,demographic|CBC,True,0.01998001998001998,1.0,0.42977206279958574
3488,3_01092,3,age|CBC_anemia|chem_hypophosphatemia,age|CBC_anemia|chem_hypophosphatemia,8.958340056465218,,4,108,logistic_deviance_improvement_age_linear_additive_to_joint_state,empty_joint_state;joint_state_n_lt_3;joint_state_n_lt_5;apparent_extreme_fraction_in_tiny_joint_state;age_model_newton_not_fully_converged,demographic|CBC|chemistry,True,0.03196803196803197,1.0,0.4559461543707605
3490,3_00971,3,age|CBC_eosinopenia|CBC_monocytosis,age|CBC_eosinopenia|CBC_monocytosis,8.955513288925943,,4,108,logistic_deviance_improvement_age_linear_additive_to_joint_state,empty_joint_state;joint_state_n_lt_3;joint_state_n_lt_5;apparent_extreme_fraction_in_tiny_joint_state;age_model_newton_not_fully_converged,demographic|CBC|CBC,True,0.022977022977022976,1.0,0.4405157732543995
3491,3_01138,3,age|chem_elevated alt|chem_hypophosphatemia,age|chem_elevated_ALT|chem_hypophosphatemia,8.953491576770816,,4,108,logistic_deviance_improvement_age_linear_additive_to_joint_state,empty_joint_state;joint_state_n_lt_3;joint_state_n_lt_5;apparent_extreme_fraction_in_tiny_joint_state;age_model_newton_not_fully_converged,demographic|chemistry|chemistry,True,0.03496503496503497,1.0,0.4587682848552414
45,2_00021,2,age|AUS_splenomegaly,age|AUS_splenomegaly,8.949061875427063,,2,108,logistic_deviance_improvement_age_linear_additive_to_joint_state,,demographic|AUS,True,0.013986013986013986,1.0,0.42977206279958574
3503,3_01085,3,age|CBC_anemia|chem_elevated total bilirubin,age|CBC_anemia|chem_elevated_total_bilirubin,8.946072261175559,,4,108,logistic_deviance_improvement_age_linear_additive_to_joint_state,empty_joint_state;joint_state_n_lt_3;joint_state_n_lt_5;apparent_extreme_fraction_in_tiny_joint_state;age_model_newton_not_fully_converged,demographic|CBC|chemistry,True,0.029970029970029972,1.0,0.45114030862249394
3507,3_00772,3,age|AUS_chronic degenerative renal changes|chem_hypophosphatemia,age|AUS_chronic_degenerative_renal_changes|chem_hypophosphatemia,8.94381992988778,,4,108,logistic_deviance_improvement_age_linear_additive_to_joint_state,empty_joint_state;joint_state_n_lt_3;joint_state_n_lt_5;apparent_extreme_fraction_in_tiny_joint_state;age_model_newton_not_fully_converged,demographic|AUS|chemistry,True,0.03996003996003996,1.0,0.4605046047979224
3515,3_00625,3,age|AUS_jejunum|CBC_eosinopenia,age|AUS_jejunal_thickening|CBC_eosinopenia,8.940028536068226,,4,108,logistic_deviance_improvement_age_linear_additive_to_joint_state,empty_joint_state;joint_state_n_lt_3;joint_state_n_lt_5;apparent_extreme_fraction_in_tiny_joint_state;age_model_newton_not_fully_converged,demographic|AUS|CBC,True,0.03196803196803197,1.0,0.4559461543707605
3521,3_00765,3,age|AUS_chronic degenerative renal changes|chem_elevated total bilirubin,age|AUS_chronic_degenerative_renal_changes|chem_elevated_total_bilirubin,8.93181900918509,,4,108,logistic_deviance_improvement_age_linear_additive_to_joint_state,empty_joint_state;joint_state_n_lt_3;joint_state_n_lt_5;apparent_extreme_fraction_in_tiny_joint_state;age_model_newton_not_fully_converged,demographic|AUS|chemistry,True,0.04195804195804196,1.0,0.46297521399088437
3530,3_00612,3,age|AUS_duodenum|chem_hypophosphatemia,age|AUS_duodenal_thickening|chem_hypophosphatemia,8.920385019537363,,4,108,logistic_deviance_improvement_age_linear_additive_to_joint_state,joint_state_n_lt_3;joint_state_n_lt_5;apparent_extreme_fraction_in_tiny_joint_state;age_model_newton_not_fully_converged,demographic|AUS|chemistry,True,0.053946053946053944,1.0,0.48173902189872125
3551,3_00161,3,age|tli_high|AUS_ileus,age|tli_high|AUS_ileus,8.908288386365072,,4,87,logistic_deviance_improvement_age_linear_additive_to_joint_state,empty_joint_state;joint_state_n_lt_5;apparent_extreme_fraction_in_tiny_joint_state,demographic|GI panel|AUS,True,0.04595404595404595,1.0,0.47251396521272127
3555,3_00709,3,age|AUS_colon|chem_hypercalcemia,age|AUS_colonic_thickening|chem_hypercalcemia,8.904298895076266,,4,108,logistic_deviance_improvement_age_linear_additive_to_joint_state,empty_joint_state;joint_state_n_lt_3;joint_state_n_lt_5;apparent_extreme_fraction_in_tiny_joint_state;age_model_newton_not_fully_converged,demographic|AUS|chemistry,True,0.03896103896103896,1.0,0.4605046047979224
3557,3_00449,3,age|clinical signs_weight loss|AUS_ileus,age|clinical_signs_weight_loss|AUS_ileus,8.904106276594618,,4,108,logistic_deviance_improvement_age_linear_additive_to_joint_state,joint_state_n_lt_5;apparent_extreme_fraction_in_tiny_joint_state,demographic|clinical signs|AUS,True,0.08891108891108891,1.0,0.5369687491669702
3563,3_00613,3,age|AUS_jejunum|AUS_ileum,age|AUS_jejunal_thickening|AUS_ileal_thickening,8.901102775185194,,4,108,logistic_deviance_improvement_age_linear_additive_to_joint_state,joint_state_n_lt_5;apparent_extreme_fraction_in_tiny_joint_state,demographic|AUS|AUS,True,0.0959040959040959,1.0,0.5459067878229555
3573,3_00013,3,age|cobalamin_low|AUS_duodenum,age|cobalamin_low|AUS_duodenal_thickening,8.892650912171476,,4,90,logistic_deviance_improvement_age_linear_additive_to_joint_state,,demographic|GI panel|AUS,True,0.08291708291708291,1.0,0.5235534973163668
3575,3_00314,3,age|clinical signs_none|chem_hypophosphatemia,age|clinical_signs_none_reported|chem_hypophosphatemia,8.89031463129271,,4,108,logistic_deviance_improvement_age_linear_additive_to_joint_state,joint_state_n_lt_3;joint_state_n_lt_5;apparent_extreme_fraction_in_tiny_joint_state;age_model_newton_not_fully_converged,demographic|clinical signs|chemistry,True,0.059940059940059943,1.0,0.4922593605099005
3577,3_00315,3,age|clinical signs_vomiting|clinical signs_diarrhea,age|clinical_signs_vomiting|clinical_signs_diarrhea,8.886747935511224,,4,108,logistic_deviance_improvement_age_linear_additive_to_joint_state,,demographic|clinical signs|clinical signs,True,0.08491508491508491,1.0,0.5284470030787544
3578,3_00977,3,age|CBC_eosinopenia|chem_elevated alt,age|CBC_eosinopenia|chem_elevated_ALT,8.882842131031907,,4,108,logistic_deviance_improvement_age_linear_additive_to_joint_state,empty_joint_state;joint_state_n_lt_3;joint_state_n_lt_5;apparent_extreme_fraction_in_tiny_joint_state;age_model_newton_not_fully_converged,demographic|CBC|chemistry,True,0.024975024975024976,1.0,0.4405157732543995
3590,3_00639,3,age|AUS_jejunum|chem_elevated total bilirubin,age|AUS_jejunal_thickening|chem_elevated_total_bilirubin,8.875986364498658,,4,108,logistic_deviance_improvement_age_linear_additive_to_joint_state,empty_joint_state;joint_state_n_lt_3;joint_state_n_lt_5;apparent_extreme_fraction_in_tiny_joint_state;age_model_newton_not_fully_converged,demographic|AUS|chemistry,True,0.03496503496503497,1.0,0.4587682848552414
3591,3_00179,3,age|tli_high|chem_elevated ast,age|tli_high|chem_elevated_AST,8.875378978000711,,4,87,logistic_deviance_improvement_age_linear_additive_to_joint_state,empty_joint_state;joint_state_n_lt_3;joint_state_n_lt_5;apparent_extreme_fraction_in_tiny_joint_state,demographic|GI panel|chemistry,True,0.04095904095904096,1.0,0.4605046047979224
3593,3_00755,3,age|AUS_chronic degenerative renal changes|CBC_lymphopenia,age|AUS_chronic_degenerative_renal_changes|CBC_lymphopenia,8.870564993037675,,4,108,logistic_deviance_improvement_age_linear_additive_to_joint_state,joint_state_n_lt_3;joint_state_n_lt_5;apparent_extreme_fraction_in_tiny_joint_state;age_model_newton_not_fully_converged,demographic|AUS|CBC,True,0.06793206793206794,1.0,0.5017577604990192
3595,3_00833,3,age|AUS_ileus|CBC_neutropenia,age|AUS_ileus|CBC_neutropenia,8.867948945297286,,4,108,logistic_deviance_improvement_age_linear_additive_to_joint_state,empty_joint_state;joint_state_n_lt_5;apparent_extreme_fraction_in_tiny_joint_state,demographic|AUS|CBC,True,0.05194805194805195,1.0,0.4803678811460913
3598,3_00487,3,age|clinical signs_hairball obstruction|AUS_ileus,age|clinical_signs_hairball_obstruction|AUS_ileus,8.860824613882784,,4,108,logistic_deviance_improvement_age_linear_additive_to_joint_state,empty_joint_state;joint_state_n_lt_5;apparent_extreme_fraction_in_tiny_joint_state,demographic|clinical signs|AUS,True,0.04395604395604396,1.0,0.46870011648474913
3606,3_00281,3,age|clinical signs_none|AUS_ileum,age|clinical_signs_none_reported|AUS_ileal_thickening,8.85278010524408,,4,108,logistic_deviance_improvement_age_linear_additive_to_joint_state,joint_state_n_lt_3;joint_state_n_lt_5;apparent_extreme_fraction_in_tiny_joint_state;age_model_newton_not_fully_converged,demographic|clinical signs|AUS,True,0.07692307692307693,1.0,0.5138656143575329
3608,3_00446,3,age|clinical signs_weight loss|AUS_chronic degenerative renal changes,age|clinical_signs_weight_loss|AUS_chronic_degenerative_renal_changes,8.851869757748887,,4,108,logistic_deviance_improvement_age_linear_additive_to_joint_state,,demographic|clinical signs|AUS,True,0.09290709290709291,1.0,0.542824108896635
48,2_00022,2,age|AUS_ileus,age|AUS_ileus,8.850268677922543,,2,108,logistic_deviance_improvement_age_linear_additive_to_joint_state,,demographic|AUS,True,0.02097902097902098,1.0,0.42977206279958574
3613,3_00221,3,age|pli_abn|chem_hyperproteinemia,age|pli_abn|chem_hyperproteinemia,8.84702812008905,,4,86,logistic_deviance_improvement_age_linear_additive_to_joint_state,joint_state_n_lt_3;joint_state_n_lt_5;apparent_extreme_fraction_in_tiny_joint_state;age_model_newton_not_fully_converged,demographic|GI panel|chemistry,True,0.07292707292707293,1.0,0.5123760201365523
3618,3_00307,3,age|clinical signs_none|chem_elevated total bilirubin,age|clinical_signs_none_reported|chem_elevated_total_bilirubin,8.842660049678187,,4,108,logistic_deviance_improvement_age_linear_additive_to_joint_state,joint_state_n_lt_3;joint_state_n_lt_5;apparent_extreme_fraction_in_tiny_joint_state;age_model_newton_not_fully_converged,demographic|clinical signs|chemistry,True,0.06793206793206794,1.0,0.5017577604990192
3619,3_00152,3,age|tli_high|AUS_no abnormalities,age|tli_high|AUS_no_abnormalities,8.84230384967097,,4,87,logistic_deviance_improvement_age_linear_additive_to_joint_state,empty_joint_state;joint_state_n_lt_5,demographic|GI panel|AUS,True,0.04795204795204795,1.0,0.47781149667942124
3622,3_00978,3,age|CBC_eosinopenia|chem_elevated ast,age|CBC_eosinopenia|chem_elevated_AST,8.834880967886178,,4,108,logistic_deviance_improvement_age_linear_additive_to_joint_state,empty_joint_state;joint_state_n_lt_3;joint_state_n_lt_5;apparent_extreme_fraction_in_tiny_joint_state;age_model_newton_not_fully_converged,demographic|CBC|chemistry,True,0.012987012987012988,1.0,0.4405157732543995
3627,3_01024,3,age|CBC_basocytosis|chem_hypercalcemia,age|CBC_basocytosis|chem_hypercalcemia,8.831409559008037,,4,108,logistic_deviance_improvement_age_linear_additive_to_joint_state,empty_joint_state;joint_state_n_lt_3;joint_state_n_lt_5;apparent_extreme_fraction_in_tiny_joint_state;age_model_newton_not_fully_converged,demographic|CBC|chemistry,True,0.01998001998001998,1.0,0.4405157732543995
3645,3_00022,3,age|cobalamin_low|AUS_gall bladder sludge,age|cobalamin_low|AUS_gall_bladder_sludge,8.817230511256312,,4,90,logistic_deviance_improvement_age_linear_additive_to_joint_state,joint_state_n_lt_5,demographic|GI panel|AUS,True,0.09490509490509491,1.0,0.545611026409333
3647,3_00988,3,age|CBC_basophilia|CBC_basocytosis,age|CBC_basophilia|CBC_basocytosis,8.815803404371437,,4,108,logistic_deviance_improvement_age_linear_additive_to_joint_state,empty_joint_state;joint_state_n_lt_3;joint_state_n_lt_5;apparent_extreme_fraction_in_tiny_joint_state;age_model_newton_not_fully_converged,demographic|CBC|CBC,True,0.023976023976023976,1.0,0.4405157732543995
3660,3_01147,3,age|chem_elevated ast|chem_hypophosphatemia,age|chem_elevated_AST|chem_hypophosphatemia,8.810897467025782,,4,108,logistic_deviance_improvement_age_linear_additive_to_joint_state,empty_joint_state;joint_state_n_lt_3;joint_state_n_lt_5;apparent_extreme_fraction_in_tiny_joint_state;age_model_newton_not_fully_converged,demographic|chemistry|chemistry,True,0.024975024975024976,1.0,0.4405157732543995
3663,3_00678,3,age|AUS_ileum|chem_hypokalemia,age|AUS_ileal_thickening|chem_hypokalemia,8.808534459501047,,4,108,logistic_deviance_improvement_age_linear_additive_to_joint_state,joint_state_n_lt_3;joint_state_n_lt_5;apparent_extreme_fraction_in_tiny_joint_state;age_model_newton_not_fully_converged,demographic|AUS|chemistry,True,0.07092907092907093,1.0,0.5067656882763986
3668,3_00356,3,age|clinical signs_vomiting|chem_hypophosphatemia,age|clinical_signs_vomiting|chem_hypophosphatemia,8.803618080935095,,4,108,logistic_deviance_improvement_age_linear_additive_to_joint_state,joint_state_n_lt_3;joint_state_n_lt_5;apparent_extreme_fraction_in_tiny_joint_state;age_model_newton_not_fully_converged,demographic|clinical signs|chemistry,True,0.06393606393606394,1.0,0.49920018379977316
3669,3_00349,3,age|clinical signs_vomiting|chem_elevated total bilirubin,age|clinical_signs_vomiting|chem_elevated_total_bilirubin,8.802932513146459,,4,108,logistic_deviance_improvement_age_linear_additive_to_joint_state,joint_state_n_lt_3;joint_state_n_lt_5;apparent_extreme_fraction_in_tiny_joint_state;age_model_newton_not_fully_converged,demographic|clinical signs|chemistry,True,0.058941058941058944,1.0,0.4906249617282893
3673,3_00466,3,age|clinical signs_weight loss|chem_elevated alt,age|clinical_signs_weight_loss|chem_elevated_ALT,8.801444246716102,,4,108,logistic_deviance_improvement_age_linear_additive_to_joint_state,joint_state_n_lt_3;joint_state_n_lt_5;apparent_extreme_fraction_in_tiny_joint_state;age_model_newton_not_fully_converged,demographic|clinical signs|chemistry,True,0.08191808191808192,1.0,0.5210527177740293
3674,3_00460,3,age|clinical signs_weight loss|CBC_monocytosis,age|clinical_signs_weight_loss|CBC_monocytosis,8.801331865715682,,4,108,logistic_deviance_improvement_age_linear_additive_to_joint_state,,demographic|clinical signs|CBC,True,0.08091908091908091,1.0,0.5197410697410697
3680,3_00677,3,age|AUS_ileum|chem_hypercalcemia,age|AUS_ileal_thickening|chem_hypercalcemia,8.795080723631557,,4,108,logistic_deviance_improvement_age_linear_additive_to_joint_state,empty_joint_state;joint_state_n_lt_3;joint_state_n_lt_5;apparent_extreme_fraction_in_tiny_joint_state;age_model_newton_not_fully_converged,demographic|AUS|chemistry,True,0.03696303696303696,1.0,0.4605046047979224
3681,3_00863,3,age|AUS_gall bladder sludge|CBC_basocytosis,age|AUS_gall_bladder_sludge|CBC_basocytosis,8.794721566488676,,4,108,logistic_deviance_improvement_age_linear_additive_to_joint_state,empty_joint_state;joint_state_n_lt_3;joint_state_n_lt_5;apparent_extreme_fraction_in_tiny_joint_state;age_model_newton_not_fully_converged,demographic|AUS|CBC,True,0.03196803196803197,1.0,0.4559461543707605
3682,3_00974,3,age|CBC_eosinopenia|chem_hypoproteinemia,age|CBC_eosinopenia|chem_hypoproteinemia,8.792382498628015,,4,108,logistic_deviance_improvement_age_linear_additive_to_joint_state,empty_joint_state;joint_state_n_lt_3;joint_state_n_lt_5;apparent_extreme_fraction_in_tiny_joint_state;age_model_newton_not_fully_converged,demographic|CBC|chemistry,True,0.025974025974025976,1.0,0.4405157732543995
3690,3_00194,3,age|pli_abn|clinical signs_weight loss,age|pli_abn|clinical_signs_weight_loss,8.786548513884242,,4,86,logistic_deviance_improvement_age_linear_additive_to_joint_state,,demographic|GI panel|clinical signs,True,0.0999000999000999,1.0,0.5522828436466122
3694,3_00605,3,age|AUS_duodenum|chem_elevated total bilirubin,age|AUS_duodenal_thickening|chem_elevated_total_bilirubin,8.784890746237252,,4,108,logistic_deviance_improvement_age_linear_additive_to_joint_state,empty_joint_state;joint_state_n_lt_3;joint_state_n_lt_5;apparent_extreme_fraction_in_tiny_joint_state;age_model_newton_not_fully_converged,demographic|AUS|chemistry,True,0.03296703296703297,1.0,0.4566918230284567
3697,3_00577,3,age|AUS_no abnormalities|chem_hypophosphatemia,age|AUS_no_abnormalities|chem_hypophosphatemia,8.78213189884626,,4,108,logistic_deviance_improvement_age_linear_additive_to_joint_state,joint_state_n_lt_3;joint_state_n_lt_5;apparent_extreme_fraction_in_tiny_joint_state;age_model_newton_not_fully_converged,demographic|AUS|chemistry,True,0.057942057942057944,1.0,0.4885119315274526
3702,3_00646,3,age|AUS_jejunum|chem_hypophosphatemia,age|AUS_jejunal_thickening|chem_hypophosphatemia,8.780856377663653,,4,108,logistic_deviance_improvement_age_linear_additive_to_joint_state,joint_state_n_lt_3;joint_state_n_lt_5;apparent_extreme_fraction_in_tiny_joint_state;age_model_newton_not_fully_converged,demographic|AUS|chemistry,True,0.057942057942057944,1.0,0.4885119315274526
3704,3_00685,3,age|AUS_colon|AUS_gall bladder sludge,age|AUS_colonic_thickening|AUS_gall_bladder_sludge,8.778808409700261,,4,108,logistic_deviance_improvement_age_linear_additive_to_joint_state,joint_state_n_lt_5,demographic|AUS|AUS,True,0.0899100899100899,1.0,0.5375379337643489
3706,3_00153,3,age|tli_high|AUS_duodenum,age|tli_high|AUS_duodenal_thickening,8.777182375093716,,4,87,logistic_deviance_improvement_age_linear_additive_to_joint_state,,demographic|GI panel|AUS,True,0.08891108891108891,1.0,0.5369687491669702
3709,3_01105,3,age|chem_hypoproteinemia|chem_hypophosphatemia,age|chem_hypoproteinemia|chem_hypophosphatemia,8.76871489814637,,4,108,logistic_deviance_improvement_age_linear_additive_to_joint_state,empty_joint_state;joint_state_n_lt_3;joint_state_n_lt_5;apparent_extreme_fraction_in_tiny_joint_state;age_model_newton_not_fully_converged,demographic|chemistry|chemistry,True,0.04095904095904096,1.0,0.4605046047979224
3714,3_00596,3,age|AUS_duodenum|CBC_monocytosis,age|AUS_duodenal_thickening|CBC_monocytosis,8.760913785207364,,4,108,logistic_deviance_improvement_age_linear_additive_to_joint_state,,demographic|AUS|CBC,True,0.0899100899100899,1.0,0.5375379337643489
3715,3_00150,3,age|tli_high|clinical signs_hairball obstruction,age|tli_high|clinical_signs_hairball_obstruction,8.757835665230019,,4,87,logistic_deviance_improvement_age_linear_additive_to_joint_state,empty_joint_state;joint_state_n_lt_3;joint_state_n_lt_5;apparent_extreme_fraction_in_tiny_joint_state,demographic|GI panel|clinical signs,True,0.03996003996003996,1.0,0.4605046047979224
3716,3_00002,3,age|cobalamin_low|tli_high,age|cobalamin_low|tli_high,8.75705390315133,,4,87,logistic_deviance_improvement_age_linear_additive_to_joint_state,,demographic|GI panel|GI panel,True,0.09090909090909091,1.0,0.5401136363636364
3717,3_01098,3,age|chem_hypoproteinemia|chem_elevated total bilirubin,age|chem_hypoproteinemia|chem_elevated_total_bilirubin,8.756400220526217,,4,108,logistic_deviance_improvement_age_linear_additive_to_joint_state,empty_joint_state;joint_state_n_lt_3;joint_state_n_lt_5;apparent_extreme_fraction_in_tiny_joint_state;age_model_newton_not_fully_converged,demographic|chemistry|chemistry,True,0.03996003996003996,1.0,0.4605046047979224
3732,3_00134,3,age|folate_low|chem_elevated alp,age|folate_low|chem_elevated_ALP,8.743226306965312,,4,90,logistic_deviance_improvement_age_linear_additive_to_joint_state,empty_joint_state;joint_state_n_lt_3;joint_state_n_lt_5;apparent_extreme_fraction_in_tiny_joint_state;age_model_newton_not_fully_converged,demographic|GI panel|chemistry,True,0.029970029970029972,1.0,0.45114030862249394
3738,3_00653,3,age|AUS_ileum|AUS_gall bladder sludge,age|AUS_ileal_thickening|AUS_gall_bladder_sludge,8.741403829476738,,4,108,logistic_deviance_improvement_age_linear_additive_to_joint_state,,demographic|AUS|AUS,True,0.08291708291708291,1.0,0.5235534973163668
52,2_00003,2,age|tli_high,age|tli_high,8.740057641074245,,2,87,logistic_deviance_improvement_age_linear_additive_to_joint_state,,demographic|GI panel,True,0.016983016983016984,1.0,0.42977206279958574
3740,3_00185,3,age|tli_high|chem_hypercholesterolemia,age|tli_high|chem_hypercholesterolemia,8.740057641074245,,4,87,logistic_deviance_improvement_age_linear_additive_to_joint_state,empty_joint_state,demographic|GI panel|chemistry,True,0.016983016983016984,1.0,0.4405157732543995
3739,3_00180,3,age|tli_high|chem_elevated alp,age|tli_high|chem_elevated_ALP,8.740057641074245,,4,87,logistic_deviance_improvement_age_linear_additive_to_joint_state,empty_joint_state,demographic|GI panel|chemistry,True,0.016983016983016984,1.0,0.4405157732543995
3742,3_00008,3,age|cobalamin_low|clinical signs_hyporexia,age|cobalamin_low|clinical_signs_hyporexia,8.738706268328997,,4,90,logistic_deviance_improvement_age_linear_additive_to_joint_state,joint_state_n_lt_5,demographic|GI panel|clinical signs,True,0.0899100899100899,1.0,0.5375379337643489
3743,3_00592,3,age|AUS_duodenum|CBC_basophilia,age|AUS_duodenal_thickening|CBC_basophilia,8.738148871670589,,4,108,logistic_deviance_improvement_age_linear_additive_to_joint_state,joint_state_n_lt_3;joint_state_n_lt_5;apparent_extreme_fraction_in_tiny_joint_state,demographic|AUS|CBC,True,0.09090909090909091,1.0,0.5401136363636364
3746,3_01009,3,age|CBC_basocytosis|CBC_lymphopenia,age|CBC_basocytosis|CBC_lymphopenia,8.734491221822111,,4,108,logistic_deviance_improvement_age_linear_additive_to_joint_state,empty_joint_state;joint_state_n_lt_3;joint_state_n_lt_5;apparent_extreme_fraction_in_tiny_joint_state;age_model_newton_not_fully_converged,demographic|CBC|CBC,True,0.022977022977022976,1.0,0.4405157732543995
3757,3_00756,3,age|AUS_chronic degenerative renal changes|CBC_monocytosis,age|AUS_chronic_degenerative_renal_changes|CBC_monocytosis,8.716975413613966,,4,108,logistic_deviance_improvement_age_linear_additive_to_joint_state,joint_state_n_lt_3;joint_state_n_lt_5;apparent_extreme_fraction_in_tiny_joint_state;age_model_newton_not_fully_converged,demographic|AUS|CBC,True,0.07692307692307693,1.0,0.5138656143575329
3765,3_00495,3,age|clinical signs_hairball obstruction|CBC_basocytosis,age|clinical_signs_hairball_obstruction|CBC_basocytosis,8.70974863061926,,4,108,logistic_deviance_improvement_age_linear_additive_to_joint_state,empty_joint_state;joint_state_n_lt_3;joint_state_n_lt_5;apparent_extreme_fraction_in_tiny_joint_state;age_model_newton_not_fully_converged,demographic|clinical signs|CBC,True,0.03696303696303696,1.0,0.4605046047979224
3769,3_01061,3,age|CBC_lymphopenia|chem_hypophosphatemia,age|CBC_lymphopenia|chem_hypophosphatemia,8.703554024419603,,4,108,logistic_deviance_improvement_age_linear_additive_to_joint_state,empty_joint_state;joint_state_n_lt_3;joint_state_n_lt_5;apparent_extreme_fraction_in_tiny_joint_state;age_model_newton_not_fully_converged,demographic|CBC|chemistry,True,0.03996003996003996,1.0,0.4605046047979224
3773,3_00079,3,age|folate_high|CBC_monocytosis,age|folate_high|CBC_monocytosis,8.696551584447135,,4,90,logistic_deviance_improvement_age_linear_additive_to_joint_state,joint_state_n_lt_5;apparent_extreme_fraction_in_tiny_joint_state;age_model_newton_not_fully_converged,demographic|GI panel|CBC,True,0.0969030969030969,1.0,0.5466829905999046
3774,3_00293,3,age|clinical signs_none|CBC_eosinopenia,age|clinical_signs_none_reported|CBC_eosinopenia,8.696161936734342,,4,108,logistic_deviance_improvement_age_linear_additive_to_joint_state,empty_joint_state;joint_state_n_lt_3;joint_state_n_lt_5;apparent_extreme_fraction_in_tiny_joint_state;age_model_newton_not_fully_converged,demographic|clinical signs|CBC,True,0.026973026973026972,1.0,0.4405594405594406
3775,3_00455,3,age|clinical signs_weight loss|CBC_eosinopenia,age|clinical_signs_weight_loss|CBC_eosinopenia,8.695522632824108,,4,108,logistic_deviance_improvement_age_linear_additive_to_joint_state,empty_joint_state;joint_state_n_lt_3;joint_state_n_lt_5;apparent_extreme_fraction_in_tiny_joint_state;age_model_newton_not_fully_converged,demographic|clinical signs|CBC,True,0.03196803196803197,1.0,0.4559461543707605
3776,3_00476,3,age|clinical signs_weight loss|chem_hypophosphatemia,age|clinical_signs_weight_loss|chem_hypophosphatemia,8.69540682714198,,4,108,logistic_deviance_improvement_age_linear_additive_to_joint_state,empty_joint_state;joint_state_n_lt_3;joint_state_n_lt_5;apparent_extreme_fraction_in_tiny_joint_state;age_model_newton_not_fully_converged,demographic|clinical signs|chemistry,True,0.027972027972027972,1.0,0.44206500066849197
3784,3_01054,3,age|CBC_lymphopenia|chem_elevated total bilirubin,age|CBC_lymphopenia|chem_elevated_total_bilirubin,8.691166058663327,,4,108,logistic_deviance_improvement_age_linear_additive_to_joint_state,empty_joint_state;joint_state_n_lt_3;joint_state_n_lt_5;apparent_extreme_fraction_in_tiny_joint_state;age_model_newton_not_fully_converged,demographic|CBC|chemistry,True,0.04995004995004995,1.0,0.4793792779658504
3789,3_00558,3,age|AUS_no abnormalities|CBC_basocytosis,age|AUS_no_abnormalities|CBC_basocytosis,8.684527617291494,,4,108,logistic_deviance_improvement_age_linear_additive_to_joint_state,empty_joint_state;joint_state_n_lt_3;joint_state_n_lt_5;apparent_extreme_fraction_in_tiny_joint_state;age_model_newton_not_fully_converged,demographic|AUS|CBC,True,0.028971028971028972,1.0,0.44419129257838935
3793,3_00469,3,age|clinical signs_weight loss|chem_elevated total bilirubin,age|clinical_signs_weight_loss|chem_elevated_total_bilirubin,8.682134997983667,,4,108,logistic_deviance_improvement_age_linear_additive_to_joint_state,empty_joint_state;joint_state_n_lt_3;joint_state_n_lt_5;apparent_extreme_fraction_in_tiny_joint_state;age_model_newton_not_fully_converged,demographic|clinical signs|chemistry,True,0.03496503496503497,1.0,0.4587682848552414
3795,3_00986,3,age|CBC_eosinopenia|chem_hypokalemia,age|CBC_eosinopenia|chem_hypokalemia,8.679848222397212,,4,108,logistic_deviance_improvement_age_linear_additive_to_joint_state,empty_joint_state;joint_state_n_lt_3;joint_state_n_lt_5;apparent_extreme_fraction_in_tiny_joint_state;age_model_newton_not_fully_converged,demographic|CBC|chemistry,True,0.027972027972027972,1.0,0.44206500066849197
3796,3_01010,3,age|CBC_basocytosis|CBC_monocytosis,age|CBC_basocytosis|CBC_monocytosis,8.676214408542776,,4,108,logistic_deviance_improvement_age_linear_additive_to_joint_state,empty_joint_state;joint_state_n_lt_3;joint_state_n_lt_5;apparent_extreme_fraction_in_tiny_joint_state;age_model_newton_not_fully_converged,demographic|CBC|CBC,True,0.024975024975024976,1.0,0.4405157732543995
3803,3_00696,3,age|AUS_colon|CBC_anemia,age|AUS_colonic_thickening|CBC_anemia,8.671115715308858,,4,108,logistic_deviance_improvement_age_linear_additive_to_joint_state,empty_joint_state;joint_state_n_lt_5;apparent_extreme_fraction_in_tiny_joint_state,demographic|AUS|CBC,True,0.04895104895104895,1.0,0.4793792779658504
3808,3_00110,3,age|folate_low|AUS_colon,age|folate_low|AUS_colonic_thickening,8.6661693034374,,4,90,logistic_deviance_improvement_age_linear_additive_to_joint_state,empty_joint_state,demographic|GI panel|AUS,True,0.053946053946053944,1.0,0.48173902189872125
3809,3_00380,3,age|clinical signs_diarrhea|CBC_lymphopenia,age|clinical_signs_diarrhea|CBC_lymphopenia,8.665896575116037,,4,108,logistic_deviance_improvement_age_linear_additive_to_joint_state,joint_state_n_lt_3;joint_state_n_lt_5;apparent_extreme_fraction_in_tiny_joint_state;age_model_newton_not_fully_converged,demographic|clinical signs|CBC,True,0.07992007992007992,1.0,0.518934617295273
3810,3_00669,3,age|AUS_ileum|chem_elevated alt,age|AUS_ileal_thickening|chem_elevated_ALT,8.665352936242769,,4,108,logistic_deviance_improvement_age_linear_additive_to_joint_state,empty_joint_state,demographic|AUS|chemistry,True,0.04595404595404595,1.0,0.47251396521272127
3821,3_00397,3,age|clinical signs_diarrhea|chem_hypophosphatemia,age|clinical_signs_diarrhea|chem_hypophosphatemia,8.659996591152847,,4,108,logistic_deviance_improvement_age_linear_additive_to_joint_state,empty_joint_state;joint_state_n_lt_3;joint_state_n_lt_5;apparent_extreme_fraction_in_tiny_joint_state;age_model_newton_not_fully_converged,demographic|clinical signs|chemistry,True,0.03996003996003996,1.0,0.4605046047979224
3823,3_00482,3,age|clinical signs_hairball obstruction|AUS_colon,age|clinical_signs_hairball_obstruction|AUS_colonic_thickening,8.65581997379347,,4,108,logistic_deviance_improvement_age_linear_additive_to_joint_state,empty_joint_state;joint_state_n_lt_5;apparent_extreme_fraction_in_tiny_joint_state,demographic|clinical signs|AUS,True,0.054945054945054944,1.0,0.48227857092123017
3824,3_01161,3,age|chem_elevated total bilirubin|chem_hypokalemia,age|chem_elevated_total_bilirubin|chem_hypokalemia,8.65504669761701,,4,108,logistic_deviance_improvement_age_linear_additive_to_joint_state,empty_joint_state;joint_state_n_lt_3;joint_state_n_lt_5;apparent_extreme_fraction_in_tiny_joint_state;age_model_newton_not_fully_converged,demographic|chemistry|chemistry,True,0.05094905094905095,1.0,0.4803678811460913
3830,3_00970,3,age|CBC_eosinopenia|CBC_lymphopenia,age|CBC_eosinopenia|CBC_lymphopenia,8.649629307468672,,4,108,logistic_deviance_improvement_age_linear_additive_to_joint_state,empty_joint_state;joint_state_n_lt_3;joint_state_n_lt_5;apparent_extreme_fraction_in_tiny_joint_state;age_model_newton_not_fully_converged,demographic|CBC|CBC,True,0.02197802197802198,1.0,0.4405157732543995
3836,3_00390,3,age|clinical signs_diarrhea|chem_elevated total bilirubin,age|clinical_signs_diarrhea|chem_elevated_total_bilirubin,8.647757305412355,,4,108,logistic_deviance_improvement_age_linear_additive_to_joint_state,empty_joint_state;joint_state_n_lt_3;joint_state_n_lt_5;apparent_extreme_fraction_in_tiny_joint_state;age_model_newton_not_fully_converged,demographic|clinical signs|chemistry,True,0.03296703296703297,1.0,0.4566918230284567
3841,3_00376,3,age|clinical signs_diarrhea|CBC_eosinopenia,age|clinical_signs_diarrhea|CBC_eosinopenia,8.643536931665054,,4,108,logistic_deviance_improvement_age_linear_additive_to_joint_state,empty_joint_state;joint_state_n_lt_3;joint_state_n_lt_5;apparent_extreme_fraction_in_tiny_joint_state;age_model_newton_not_fully_converged,demographic|clinical signs|CBC,True,0.030969030969030968,1.0,0.4553621166150168
3842,3_01131,3,age|chem_elevated alt|chem_elevated total bilirubin,age|chem_elevated_ALT|chem_elevated_total_bilirubin,8.641125188533337,,4,108,logistic_deviance_improvement_age_linear_additive_to_joint_state,empty_joint_state;joint_state_n_lt_3;joint_state_n_lt_5;apparent_extreme_fraction_in_tiny_joint_state;age_model_newton_not_fully_converged,demographic|chemistry|chemistry,True,0.03796203796203796,1.0,0.4605046047979224
3851,3_00944,3,age|CBC_neutropenia|chem_hypophosphatemia,age|CBC_neutropenia|chem_hypophosphatemia,8.633136459636447,,4,108,logistic_deviance_improvement_age_linear_additive_to_joint_state,empty_joint_state;joint_state_n_lt_3;joint_state_n_lt_5;apparent_extreme_fraction_in_tiny_joint_state;age_model_newton_not_fully_converged,demographic|CBC|chemistry,True,0.04195804195804196,1.0,0.46297521399088437
55,2_00049,2,age|chem_hypophosphatemia,age|chem_hypophosphatemia,8.630321343028626,,2,108,logistic_deviance_improvement_age_linear_additive_to_joint_state,joint_state_n_lt_3;joint_state_n_lt_5;apparent_extreme_fraction_in_tiny_joint_state;age_model_newton_not_fully_converged,demographic|chemistry,True,0.01098901098901099,1.0,0.42977206279958574
3854,3_00923,3,age|CBC_neutropenia|CBC_eosinopenia,age|CBC_neutropenia|CBC_eosinopenia,8.628816853784187,,4,108,logistic_deviance_improvement_age_linear_additive_to_joint_state,empty_joint_state;joint_state_n_lt_3;joint_state_n_lt_5;apparent_extreme_fraction_in_tiny_joint_state;age_model_newton_not_fully_converged,demographic|CBC|CBC,True,0.026973026973026972,1.0,0.4405594405594406
56,2_00028,2,age|CBC_eosinopenia,age|CBC_eosinopenia,8.622783079666235,,2,108,logistic_deviance_improvement_age_linear_additive_to_joint_state,joint_state_n_lt_3;joint_state_n_lt_5;apparent_extreme_fraction_in_tiny_joint_state;age_model_newton_not_fully_converged,demographic|CBC,True,0.006993006993006993,1.0,0.42977206279958574
3861,3_00036,3,age|cobalamin_low|chem_hyperproteinemia,age|cobalamin_low|chem_hyperproteinemia,8.622447827045306,,4,90,logistic_deviance_improvement_age_linear_additive_to_joint_state,joint_state_n_lt_3;joint_state_n_lt_5;apparent_extreme_fraction_in_tiny_joint_state;age_model_newton_not_fully_converged,demographic|GI panel|chemistry,True,0.07992007992007992,1.0,0.518934617295273
3863,3_00937,3,age|CBC_neutropenia|chem_elevated total bilirubin,age|CBC_neutropenia|chem_elevated_total_bilirubin,8.620607617278765,,4,108,logistic_deviance_improvement_age_linear_additive_to_joint_state,empty_joint_state;joint_state_n_lt_3;joint_state_n_lt_5;apparent_extreme_fraction_in_tiny_joint_state;age_model_newton_not_fully_converged,demographic|CBC|chemistry,True,0.04195804195804196,1.0,0.46297521399088437
57,2_00042,2,age|chem_elevated total bilirubin,age|chem_elevated_total_bilirubin,8.617764697468203,,2,108,logistic_deviance_improvement_age_linear_additive_to_joint_state,joint_state_n_lt_3;joint_state_n_lt_5;apparent_extreme_fraction_in_tiny_joint_state;age_model_newton_not_fully_converged,demographic|chemistry,True,0.01098901098901099,1.0,0.42977206279958574
3871,3_00124,3,age|folate_low|CBC_lymphocytosis,age|folate_low|CBC_lymphocytosis,8.615146233785893,,4,90,logistic_deviance_improvement_age_linear_additive_to_joint_state,joint_state_n_lt_3;joint_state_n_lt_5;apparent_extreme_fraction_in_tiny_joint_state;age_model_newton_not_fully_converged,demographic|GI panel|CBC,True,0.057942057942057944,1.0,0.4885119315274526
3877,3_01011,3,age|CBC_basocytosis|CBC_anemia,age|CBC_basocytosis|CBC_anemia,8.612365831937893,,4,108,logistic_deviance_improvement_age_linear_additive_to_joint_state,empty_joint_state;joint_state_n_lt_3;joint_state_n_lt_5;apparent_extreme_fraction_in_tiny_joint_state;age_model_newton_not_fully_converged,demographic|CBC|CBC,True,0.029970029970029972,1.0,0.45114030862249394
3886,3_00513,3,age|clinical signs_hairball obstruction|chem_hypokalemia,age|clinical_signs_hairball_obstruction|chem_hypokalemia,8.60875654275327,,4,108,logistic_deviance_improvement_age_linear_additive_to_joint_state,joint_state_n_lt_3;joint_state_n_lt_5;apparent_extreme_fraction_in_tiny_joint_state;age_model_newton_not_fully_converged,demographic|clinical signs|chemistry,True,0.08091908091908091,1.0,0.5197410697410697
3894,3_00753,3,age|AUS_chronic degenerative renal changes|CBC_basocytosis,age|AUS_chronic_degenerative_renal_changes|CBC_basocytosis,8.604968492906494,,4,108,logistic_deviance_improvement_age_linear_additive_to_joint_state,empty_joint_state;joint_state_n_lt_3;joint_state_n_lt_5;apparent_extreme_fraction_in_tiny_joint_state;age_model_newton_not_fully_converged,demographic|AUS|CBC,True,0.03396603396603397,1.0,0.4566918230284567
3899,3_00128,3,age|folate_low|chem_no abnormalities,age|folate_low|chem_no_abnormalities,8.603047713331875,,4,90,logistic_deviance_improvement_age_linear_additive_to_joint_state,joint_state_n_lt_3;joint_state_n_lt_5;apparent_extreme_fraction_in_tiny_joint_state;age_model_newton_not_fully_converged,demographic|GI panel|chemistry,True,0.0919080919080919,1.0,0.5419840705200506
3903,3_00133,3,age|folate_low|chem_elevated ast,age|folate_low|chem_elevated_AST,8.599835132437718,,4,90,logistic_deviance_improvement_age_linear_additive_to_joint_state,joint_state_n_lt_3;joint_state_n_lt_5;apparent_extreme_fraction_in_tiny_joint_state;age_model_newton_not_fully_converged,demographic|GI panel|chemistry,True,0.054945054945054944,1.0,0.48227857092123017
3913,3_00746,3,age|AUS_chronic degenerative renal changes|AUS_gall bladder sludge,age|AUS_chronic_degenerative_renal_changes|AUS_gall_bladder_sludge,8.592621598161216,,4,108,logistic_deviance_improvement_age_linear_additive_to_joint_state,joint_state_n_lt_3;joint_state_n_lt_5;apparent_extreme_fraction_in_tiny_joint_state;age_model_newton_not_fully_converged,demographic|AUS|AUS,True,0.08191808191808192,1.0,0.5210527177740293
3934,3_00015,3,age|cobalamin_low|AUS_ileum,age|cobalamin_low|AUS_ileal_thickening,8.573881236962293,,4,90,logistic_deviance_improvement_age_linear_additive_to_joint_state,,demographic|GI panel|AUS,True,0.0959040959040959,1.0,0.5459067878229555
3942,3_00202,3,age|pli_abn|AUS_mesenteric lymphadenopathy,age|pli_abn|AUS_mesenteric_lymphadenopathy,8.567754674591782,,4,86,logistic_deviance_improvement_age_linear_additive_to_joint_state,,demographic|GI panel|AUS,True,0.11388611388611389,1.0,0.5694904779597046
3944,3_01016,3,age|CBC_basocytosis|chem_elevated alt,age|CBC_basocytosis|chem_elevated_ALT,8.566053152130507,,4,108,logistic_deviance_improvement_age_linear_additive_to_joint_state,empty_joint_state;joint_state_n_lt_3;joint_state_n_lt_5;apparent_extreme_fraction_in_tiny_joint_state;age_model_newton_not_fully_converged,demographic|CBC|chemistry,True,0.03496503496503497,1.0,0.4587682848552414
3945,3_00666,3,age|AUS_ileum|chem_hypoproteinemia,age|AUS_ileal_thickening|chem_hypoproteinemia,8.565432243379135,,4,108,logistic_deviance_improvement_age_linear_additive_to_joint_state,joint_state_n_lt_3;joint_state_n_lt_5;apparent_extreme_fraction_in_tiny_joint_state,demographic|AUS|chemistry,True,0.08791208791208792,1.0,0.5339886950110593
3952,3_00895,3,age|CBC_no abnormalities|chem_hypercalcemia,age|CBC_no_abnormalities|chem_hypercalcemia,8.56070309951194,,4,108,logistic_deviance_improvement_age_linear_additive_to_joint_state,empty_joint_state;joint_state_n_lt_3;joint_state_n_lt_5;apparent_extreme_fraction_in_tiny_joint_state;age_model_newton_not_fully_converged,demographic|CBC|chemistry,True,0.04195804195804196,1.0,0.46297521399088437
3954,3_00770,3,age|AUS_chronic degenerative renal changes|chem_hypercalcemia,age|AUS_chronic_degenerative_renal_changes|chem_hypercalcemia,8.55907449552069,,4,108,logistic_deviance_improvement_age_linear_additive_to_joint_state,empty_joint_state;joint_state_n_lt_3;joint_state_n_lt_5;apparent_extreme_fraction_in_tiny_joint_state;age_model_newton_not_fully_converged,demographic|AUS|chemistry,True,0.03796203796203796,1.0,0.4605046047979224
3955,3_00288,3,age|clinical signs_none|AUS_gall bladder sludge,age|clinical_signs_none_reported|AUS_gall_bladder_sludge,8.556663681102108,,4,108,logistic_deviance_improvement_age_linear_additive_to_joint_state,joint_state_n_lt_3;joint_state_n_lt_5;apparent_extreme_fraction_in_tiny_joint_state;age_model_newton_not_fully_converged,demographic|clinical signs|AUS,True,0.07792207792207792,1.0,0.5149303251493033
3961,3_00111,3,age|folate_low|AUS_mesenteric lymphadenopathy,age|folate_low|AUS_mesenteric_lymphadenopathy,8.55291447928633,,4,90,logistic_deviance_improvement_age_linear_additive_to_joint_state,joint_state_n_lt_3;joint_state_n_lt_5;apparent_extreme_fraction_in_tiny_joint_state;age_model_newton_not_fully_converged,demographic|GI panel|AUS,True,0.08891108891108891,1.0,0.5369687491669702
3966,3_00494,3,age|clinical signs_hairball obstruction|CBC_basophilia,age|clinical_signs_hairball_obstruction|CBC_basophilia,8.550455441337604,,4,108,logistic_deviance_improvement_age_linear_additive_to_joint_state,empty_joint_state;joint_state_n_lt_5;apparent_extreme_fraction_in_tiny_joint_state,demographic|clinical signs|CBC,True,0.04895104895104895,1.0,0.4793792779658504
3978,3_00463,3,age|clinical signs_weight loss|chem_hypoproteinemia,age|clinical_signs_weight_loss|chem_hypoproteinemia,8.53960500099349,,4,108,logistic_deviance_improvement_age_linear_additive_to_joint_state,joint_state_n_lt_3;joint_state_n_lt_5;apparent_extreme_fraction_in_tiny_joint_state;age_model_newton_not_fully_converged,demographic|clinical signs|chemistry,True,0.07892107892107893,1.0,0.5170391290308589
4019,3_00881,3,age|AUS_gall bladder sludge|chem_hypokalemia,age|AUS_gall_bladder_sludge|chem_hypokalemia,8.533663086312103,,4,108,logistic_deviance_improvement_age_linear_additive_to_joint_state,joint_state_n_lt_3;joint_state_n_lt_5;apparent_extreme_fraction_in_tiny_joint_state;age_model_newton_not_fully_converged,demographic|AUS|chemistry,True,0.08791208791208792,1.0,0.5339886950110593
4024,3_01005,3,age|CBC_basophilia|chem_hypercalcemia,age|CBC_basophilia|chem_hypercalcemia,8.528827333427586,,4,108,logistic_deviance_improvement_age_linear_additive_to_joint_state,empty_joint_state;joint_state_n_lt_3;joint_state_n_lt_5;apparent_extreme_fraction_in_tiny_joint_state;age_model_newton_not_fully_converged,demographic|CBC|chemistry,True,0.03296703296703297,1.0,0.4566918230284567
4051,3_00664,3,age|AUS_ileum|CBC_anemia,age|AUS_ileal_thickening|CBC_anemia,8.514394827912454,,4,108,logistic_deviance_improvement_age_linear_additive_to_joint_state,empty_joint_state;joint_state_n_lt_5;apparent_extreme_fraction_in_tiny_joint_state,demographic|AUS|CBC,True,0.04295704295704296,1.0,0.4648260106427437
4059,3_00631,3,age|AUS_jejunum|CBC_anemia,age|AUS_jejunal_thickening|CBC_anemia,8.507457830124707,,4,108,logistic_deviance_improvement_age_linear_additive_to_joint_state,joint_state_n_lt_3;joint_state_n_lt_5;apparent_extreme_fraction_in_tiny_joint_state;age_model_newton_not_fully_converged,demographic|AUS|CBC,True,0.08491508491508491,1.0,0.5284470030787544
4064,3_00085,3,age|folate_high|chem_elevated alt,age|folate_high|chem_elevated_ALT,8.502768378984229,,4,90,logistic_deviance_improvement_age_linear_additive_to_joint_state,joint_state_n_lt_3;joint_state_n_lt_5;apparent_extreme_fraction_in_tiny_joint_state;age_model_newton_not_fully_converged,demographic|GI panel|chemistry,True,0.08091908091908091,1.0,0.5197410697410697
4072,3_00627,3,age|AUS_jejunum|CBC_basocytosis,age|AUS_jejunal_thickening|CBC_basocytosis,8.498197640869463,,4,108,logistic_deviance_improvement_age_linear_additive_to_joint_state,empty_joint_state;joint_state_n_lt_3;joint_state_n_lt_5;apparent_extreme_fraction_in_tiny_joint_state;age_model_newton_not_fully_converged,demographic|AUS|CBC,True,0.03896103896103896,1.0,0.4605046047979224
4073,3_00896,3,age|CBC_no abnormalities|chem_hypokalemia,age|CBC_no_abnormalities|chem_hypokalemia,8.497598392255952,,4,108,logistic_deviance_improvement_age_linear_additive_to_joint_state,joint_state_n_lt_3;joint_state_n_lt_5;apparent_extreme_fraction_in_tiny_joint_state,demographic|CBC|chemistry,True,0.0989010989010989,1.0,0.5501192780303371
4090,3_00580,3,age|AUS_duodenum|AUS_colon,age|AUS_duodenal_thickening|AUS_colonic_thickening,8.486308311409672,,4,108,logistic_deviance_improvement_age_linear_additive_to_joint_state,joint_state_n_lt_5,demographic|AUS|AUS,True,0.1038961038961039,1.0,0.5556322720879684
4095,3_00364,3,age|clinical signs_diarrhea|AUS_ileum,age|clinical_signs_diarrhea|AUS_ileal_thickening,8.48497908773109,,4,108,logistic_deviance_improvement_age_linear_additive_to_joint_state,,demographic|clinical signs|AUS,True,0.09490509490509491,1.0,0.545611026409333
4097,3_00747,3,age|AUS_chronic degenerative renal changes|CBC_no abnormalities,age|AUS_chronic_degenerative_renal_changes|CBC_no_abnormalities,8.483443896439283,,4,108,logistic_deviance_improvement_age_linear_additive_to_joint_state,joint_state_n_lt_5;apparent_extreme_fraction_in_tiny_joint_state,demographic|AUS|CBC,True,0.10789210789210789,1.0,0.5595321209069163
4100,3_00663,3,age|AUS_ileum|CBC_monocytosis,age|AUS_ileal_thickening|CBC_monocytosis,8.4817958941764,,4,108,logistic_deviance_improvement_age_linear_additive_to_joint_state,joint_state_n_lt_5;apparent_extreme_fraction_in_tiny_joint_state,demographic|AUS|CBC,True,0.1068931068931069,1.0,0.5592327320450601
4101,3_00481,3,age|clinical signs_hairball obstruction|AUS_ileum,age|clinical_signs_hairball_obstruction|AUS_ileal_thickening,8.481742493237832,,4,108,logistic_deviance_improvement_age_linear_additive_to_joint_state,empty_joint_state;joint_state_n_lt_5;apparent_extreme_fraction_in_tiny_joint_state,demographic|clinical signs|AUS,True,0.05094905094905095,1.0,0.4803678811460913
4109,3_00196,3,age|pli_abn|clinical signs_constipation,age|pli_abn|clinical_signs_constipation,8.470402655900486,,4,86,logistic_deviance_improvement_age_linear_additive_to_joint_state,empty_joint_state;joint_state_n_lt_3;joint_state_n_lt_5;apparent_extreme_fraction_in_tiny_joint_state;age_model_newton_not_fully_converged,demographic|GI panel|clinical signs,True,0.03896103896103896,1.0,0.4605046047979224
4110,3_00880,3,age|AUS_gall bladder sludge|chem_hypercalcemia,age|AUS_gall_bladder_sludge|chem_hypercalcemia,8.469867008692987,,4,108,logistic_deviance_improvement_age_linear_additive_to_joint_state,empty_joint_state;joint_state_n_lt_3;joint_state_n_lt_5;apparent_extreme_fraction_in_tiny_joint_state;age_model_newton_not_fully_converged,demographic|AUS|chemistry,True,0.04695304695304695,1.0,0.47482517482517483
4116,3_00702,3,age|AUS_colon|chem_elevated ast,age|AUS_colonic_thickening|chem_elevated_AST,8.46568356101588,,4,108,logistic_deviance_improvement_age_linear_additive_to_joint_state,empty_joint_state;joint_state_n_lt_3;joint_state_n_lt_5;apparent_extreme_fraction_in_tiny_joint_state,demographic|AUS|chemistry,True,0.04495504495504495,1.0,0.47168063724355114
4135,3_00387,3,age|clinical signs_diarrhea|chem_elevated alt,age|clinical_signs_diarrhea|chem_elevated_ALT,8.44845602115214,,4,108,logistic_deviance_improvement_age_linear_additive_to_joint_state,joint_state_n_lt_3;joint_state_n_lt_5;apparent_extreme_fraction_in_tiny_joint_state;age_model_newton_not_fully_converged,demographic|clinical signs|chemistry,True,0.09290709290709291,1.0,0.542824108896635
4144,3_01017,3,age|CBC_basocytosis|chem_elevated ast,age|CBC_basocytosis|chem_elevated_AST,8.44343057821213,,4,108,logistic_deviance_improvement_age_linear_additive_to_joint_state,empty_joint_state;joint_state_n_lt_3;joint_state_n_lt_5;apparent_extreme_fraction_in_tiny_joint_state;age_model_newton_not_fully_converged,demographic|CBC|chemistry,True,0.02197802197802198,1.0,0.4405157732543995
4146,3_00698,3,age|AUS_colon|chem_hypoproteinemia,age|AUS_colonic_thickening|chem_hypoproteinemia,8.442022091058945,,4,108,logistic_deviance_improvement_age_linear_additive_to_joint_state,empty_joint_state,demographic|AUS|chemistry,True,0.052947052947052944,1.0,0.4809504876394508
4153,3_00593,3,age|AUS_duodenum|CBC_basocytosis,age|AUS_duodenal_thickening|CBC_basocytosis,8.436665110458208,,4,108,logistic_deviance_improvement_age_linear_additive_to_joint_state,empty_joint_state;joint_state_n_lt_3;joint_state_n_lt_5;apparent_extreme_fraction_in_tiny_joint_state;age_model_newton_not_fully_converged,demographic|AUS|CBC,True,0.027972027972027972,1.0,0.44206500066849197
4160,3_00489,3,age|clinical signs_hairball obstruction|CBC_no abnormalities,age|clinical_signs_hairball_obstruction|CBC_no_abnormalities,8.42822153028196,,4,108,logistic_deviance_improvement_age_linear_additive_to_joint_state,empty_joint_state;joint_state_n_lt_5;apparent_extreme_fraction_in_tiny_joint_state,demographic|clinical signs|CBC,True,0.054945054945054944,1.0,0.48227857092123017
4165,3_00626,3,age|AUS_jejunum|CBC_basophilia,age|AUS_jejunal_thickening|CBC_basophilia,8.42617955254785,,4,108,logistic_deviance_improvement_age_linear_additive_to_joint_state,joint_state_n_lt_3;joint_state_n_lt_5;apparent_extreme_fraction_in_tiny_joint_state,demographic|AUS|CBC,True,0.1028971028971029,1.0,0.5545010545010545
4176,3_00512,3,age|clinical signs_hairball obstruction|chem_hypercalcemia,age|clinical_signs_hairball_obstruction|chem_hypercalcemia,8.41845871230106,,4,108,logistic_deviance_improvement_age_linear_additive_to_joint_state,empty_joint_state;joint_state_n_lt_3;joint_state_n_lt_5;apparent_extreme_fraction_in_tiny_joint_state;age_model_newton_not_fully_converged,demographic|clinical signs|chemistry,True,0.04295704295704296,1.0,0.4648260106427437
4178,3_00649,3,age|AUS_ileum|AUS_chronic degenerative renal changes,age|AUS_ileal_thickening|AUS_chronic_degenerative_renal_changes,8.415321215044202,,4,108,logistic_deviance_improvement_age_linear_additive_to_joint_state,empty_joint_state,demographic|AUS|AUS,True,0.04695304695304695,1.0,0.47482517482517483
4186,3_01013,3,age|CBC_basocytosis|chem_hypoproteinemia,age|CBC_basocytosis|chem_hypoproteinemia,8.411827483121769,,4,108,logistic_deviance_improvement_age_linear_additive_to_joint_state,empty_joint_state;joint_state_n_lt_3;joint_state_n_lt_5;apparent_extreme_fraction_in_tiny_joint_state;age_model_newton_not_fully_converged,demographic|CBC|chemistry,True,0.03596403596403597,1.0,0.46043653316380595
4191,3_00000,3,age|cobalamin_low|folate_high,age|cobalamin_low|folate_high,8.408626823664548,,4,90,logistic_deviance_improvement_age_linear_additive_to_joint_state,,demographic|GI panel|GI panel,True,0.0989010989010989,1.0,0.5501192780303371
4210,3_00075,3,age|folate_high|CBC_basophilia,age|folate_high|CBC_basophilia,8.40058886519941,,4,90,logistic_deviance_improvement_age_linear_additive_to_joint_state,joint_state_n_lt_3;joint_state_n_lt_5;apparent_extreme_fraction_in_tiny_joint_state;age_model_newton_not_fully_converged,demographic|GI panel|CBC,True,0.08091908091908091,1.0,0.5197410697410697
4216,3_00752,3,age|AUS_chronic degenerative renal changes|CBC_basophilia,age|AUS_chronic_degenerative_renal_changes|CBC_basophilia,8.393687393245159,,4,108,logistic_deviance_improvement_age_linear_additive_to_joint_state,empty_joint_state,demographic|AUS|CBC,True,0.05094905094905095,1.0,0.4803678811460913
4222,3_00576,3,age|AUS_no abnormalities|chem_hypokalemia,age|AUS_no_abnormalities|chem_hypokalemia,8.384551078713486,,4,108,logistic_deviance_improvement_age_linear_additive_to_joint_state,joint_state_n_lt_3;joint_state_n_lt_5;apparent_extreme_fraction_in_tiny_joint_state;age_model_newton_not_fully_converged,demographic|AUS|chemistry,True,0.1038961038961039,1.0,0.5556322720879684
4238,3_00337,3,age|clinical signs_vomiting|CBC_basocytosis,age|clinical_signs_vomiting|CBC_basocytosis,8.369963393249321,,4,108,logistic_deviance_improvement_age_linear_additive_to_joint_state,empty_joint_state;joint_state_n_lt_3;joint_state_n_lt_5;apparent_extreme_fraction_in_tiny_joint_state;age_model_newton_not_fully_converged,demographic|clinical signs|CBC,True,0.03796203796203796,1.0,0.4605046047979224
4239,3_00943,3,age|CBC_neutropenia|chem_hypokalemia,age|CBC_neutropenia|chem_hypokalemia,8.369850993464325,,4,108,logistic_deviance_improvement_age_linear_additive_to_joint_state,joint_state_n_lt_3;joint_state_n_lt_5;apparent_extreme_fraction_in_tiny_joint_state;age_model_newton_not_fully_converged,demographic|CBC|chemistry,True,0.10589410589410589,1.0,0.5586178527354998
4246,3_00862,3,age|AUS_gall bladder sludge|CBC_basophilia,age|AUS_gall_bladder_sludge|CBC_basophilia,8.366283094159641,,4,108,logistic_deviance_improvement_age_linear_additive_to_joint_state,empty_joint_state,demographic|AUS|CBC,True,0.054945054945054944,1.0,0.48227857092123017
4247,3_00304,3,age|clinical signs_none|chem_elevated alt,age|clinical_signs_none_reported|chem_elevated_ALT,8.365333857815045,,4,108,logistic_deviance_improvement_age_linear_additive_to_joint_state,joint_state_n_lt_3;joint_state_n_lt_5;apparent_extreme_fraction_in_tiny_joint_state,demographic|clinical signs|chemistry,True,0.12187812187812187,1.0,0.5827834137693293
4256,3_00884,3,age|CBC_no abnormalities|chem_hypoproteinemia,age|CBC_no_abnormalities|chem_hypoproteinemia,8.36059457535788,,4,108,logistic_deviance_improvement_age_linear_additive_to_joint_state,joint_state_n_lt_5,demographic|CBC|chemistry,True,0.11988011988011989,1.0,0.5802344295215985
4263,3_00575,3,age|AUS_no abnormalities|chem_hypercalcemia,age|AUS_no_abnormalities|chem_hypercalcemia,8.357082717893803,,4,108,logistic_deviance_improvement_age_linear_additive_to_joint_state,empty_joint_state;joint_state_n_lt_3;joint_state_n_lt_5;apparent_extreme_fraction_in_tiny_joint_state;age_model_newton_not_fully_converged,demographic|AUS|chemistry,True,0.03196803196803197,1.0,0.4559461543707605
4269,3_00011,3,age|cobalamin_low|clinical signs_constipation,age|cobalamin_low|clinical_signs_constipation,8.353291924545232,,4,90,logistic_deviance_improvement_age_linear_additive_to_joint_state,empty_joint_state;joint_state_n_lt_3;joint_state_n_lt_5;apparent_extreme_fraction_in_tiny_joint_state;age_model_newton_not_fully_converged,demographic|GI panel|clinical signs,True,0.03396603396603397,1.0,0.4566918230284567
4270,3_00771,3,age|AUS_chronic degenerative renal changes|chem_hypokalemia,age|AUS_chronic_degenerative_renal_changes|chem_hypokalemia,8.353025962057544,,4,108,logistic_deviance_improvement_age_linear_additive_to_joint_state,joint_state_n_lt_3;joint_state_n_lt_5;apparent_extreme_fraction_in_tiny_joint_state,demographic|AUS|chemistry,True,0.11688311688311688,1.0,0.5761425507342023
4271,3_00450,3,age|clinical signs_weight loss|AUS_gall bladder sludge,age|clinical_signs_weight_loss|AUS_gall_bladder_sludge,8.35218699041505,,4,108,logistic_deviance_improvement_age_linear_additive_to_joint_state,,demographic|clinical signs|AUS,True,0.10589410589410589,1.0,0.5586178527354998
4275,3_00443,3,age|clinical signs_weight loss|AUS_ileum,age|clinical_signs_weight_loss|AUS_ileal_thickening,8.350170339663904,,4,108,logistic_deviance_improvement_age_linear_additive_to_joint_state,,demographic|clinical signs|AUS,True,0.1038961038961039,1.0,0.5556322720879684
4278,3_00710,3,age|AUS_colon|chem_hypokalemia,age|AUS_colonic_thickening|chem_hypokalemia,8.343661340341825,,4,108,logistic_deviance_improvement_age_linear_additive_to_joint_state,empty_joint_state,demographic|AUS|chemistry,True,0.057942057942057944,1.0,0.4885119315274526
4279,3_00130,3,age|folate_low|chem_hyperproteinemia,age|folate_low|chem_hyperproteinemia,8.342129061613889,,4,90,logistic_deviance_improvement_age_linear_additive_to_joint_state,empty_joint_state;joint_state_n_lt_5;apparent_extreme_fraction_in_tiny_joint_state;age_model_newton_not_fully_converged,demographic|GI panel|chemistry,True,0.04595404595404595,1.0,0.47251396521272127
4282,3_00928,3,age|CBC_neutropenia|CBC_monocytosis,age|CBC_neutropenia|CBC_monocytosis,8.33670795729212,,4,108,logistic_deviance_improvement_age_linear_additive_to_joint_state,joint_state_n_lt_3;joint_state_n_lt_5;apparent_extreme_fraction_in_tiny_joint_state;age_model_newton_not_fully_converged,demographic|CBC|CBC,True,0.0969030969030969,1.0,0.5466829905999046
4284,3_00992,3,age|CBC_basophilia|CBC_anemia,age|CBC_basophilia|CBC_anemia,8.334309964495134,,4,108,logistic_deviance_improvement_age_linear_additive_to_joint_state,empty_joint_state;joint_state_n_lt_5,demographic|CBC|CBC,True,0.052947052947052944,1.0,0.4809504876394508
4286,3_00759,3,age|AUS_chronic degenerative renal changes|chem_hypoproteinemia,age|AUS_chronic_degenerative_renal_changes|chem_hypoproteinemia,8.332388786994187,,4,108,logistic_deviance_improvement_age_linear_additive_to_joint_state,joint_state_n_lt_3;joint_state_n_lt_5;apparent_extreme_fraction_in_tiny_joint_state,demographic|AUS|chemistry,True,0.1008991008991009,1.0,0.552503947665238
4288,3_00621,3,age|AUS_jejunum|CBC_no abnormalities,age|AUS_jejunal_thickening|CBC_no_abnormalities,8.33151560849005,,4,108,logistic_deviance_improvement_age_linear_additive_to_joint_state,,demographic|AUS|CBC,True,0.1068931068931069,1.0,0.5592327320450601
4292,3_00295,3,age|clinical signs_none|CBC_basocytosis,age|clinical_signs_none_reported|CBC_basocytosis,8.326457256997685,,4,108,logistic_deviance_improvement_age_linear_additive_to_joint_state,empty_joint_state;joint_state_n_lt_3;joint_state_n_lt_5;apparent_extreme_fraction_in_tiny_joint_state;age_model_newton_not_fully_converged,demographic|clinical signs|CBC,True,0.03696303696303696,1.0,0.4605046047979224
4294,3_00688,3,age|AUS_colon|CBC_neutropenia,age|AUS_colonic_thickening|CBC_neutropenia,8.322791081356769,,4,108,logistic_deviance_improvement_age_linear_additive_to_joint_state,empty_joint_state;joint_state_n_lt_5;apparent_extreme_fraction_in_tiny_joint_state,demographic|AUS|CBC,True,0.052947052947052944,1.0,0.4809504876394508
59,2_00017,2,age|AUS_colon,age|AUS_colonic_thickening,8.31983375287966,,2,108,logistic_deviance_improvement_age_linear_additive_to_joint_state,,demographic|AUS,True,0.028971028971028972,1.0,0.42977206279958574
4305,3_00670,3,age|AUS_ileum|chem_elevated ast,age|AUS_ileal_thickening|chem_elevated_AST,8.314791475663043,,4,108,logistic_deviance_improvement_age_linear_additive_to_joint_state,empty_joint_state;joint_state_n_lt_3;joint_state_n_lt_5;apparent_extreme_fraction_in_tiny_joint_state,demographic|AUS|chemistry,True,0.05094905094905095,1.0,0.4803678811460913
4322,3_00557,3,age|AUS_no abnormalities|CBC_basophilia,age|AUS_no_abnormalities|CBC_basophilia,8.305147724762747,,4,108,logistic_deviance_improvement_age_linear_additive_to_joint_state,empty_joint_state;joint_state_n_lt_5;apparent_extreme_fraction_in_tiny_joint_state,demographic|AUS|CBC,True,0.052947052947052944,1.0,0.4809504876394508
4331,3_01025,3,age|CBC_basocytosis|chem_hypokalemia,age|CBC_basocytosis|chem_hypokalemia,8.30247200429902,,4,108,logistic_deviance_improvement_age_linear_additive_to_joint_state,empty_joint_state;joint_state_n_lt_3;joint_state_n_lt_5;apparent_extreme_fraction_in_tiny_joint_state;age_model_newton_not_fully_converged,demographic|CBC|chemistry,True,0.04295704295704296,1.0,0.4648260106427437
4332,3_01051,3,age|CBC_lymphopenia|chem_elevated alt,age|CBC_lymphopenia|chem_elevated_ALT,8.301877981899977,,4,108,logistic_deviance_improvement_age_linear_additive_to_joint_state,joint_state_n_lt_3;joint_state_n_lt_5;apparent_extreme_fraction_in_tiny_joint_state;age_model_newton_not_fully_converged,demographic|CBC|chemistry,True,0.08891108891108891,1.0,0.5369687491669702
4343,3_01090,3,age|CBC_anemia|chem_hypercalcemia,age|CBC_anemia|chem_hypercalcemia,8.292155728764001,,4,108,logistic_deviance_improvement_age_linear_additive_to_joint_state,empty_joint_state;joint_state_n_lt_3;joint_state_n_lt_5;apparent_extreme_fraction_in_tiny_joint_state;age_model_newton_not_fully_converged,demographic|CBC|chemistry,True,0.04195804195804196,1.0,0.46297521399088437
4344,3_00378,3,age|clinical signs_diarrhea|CBC_basocytosis,age|clinical_signs_diarrhea|CBC_basocytosis,8.292017422039336,,4,108,logistic_deviance_improvement_age_linear_additive_to_joint_state,empty_joint_state;joint_state_n_lt_3;joint_state_n_lt_5;apparent_extreme_fraction_in_tiny_joint_state;age_model_newton_not_fully_converged,demographic|clinical signs|CBC,True,0.03596403596403597,1.0,0.46043653316380595
4370,3_00488,3,age|clinical signs_hairball obstruction|AUS_gall bladder sludge,age|clinical_signs_hairball_obstruction|AUS_gall_bladder_sludge,8.28098202391594,,4,108,logistic_deviance_improvement_age_linear_additive_to_joint_state,empty_joint_state;joint_state_n_lt_5;apparent_extreme_fraction_in_tiny_joint_state,demographic|clinical signs|AUS,True,0.056943056943056944,1.0,0.48612545963241965
4371,3_00010,3,age|cobalamin_low|clinical signs_hairball obstruction,age|cobalamin_low|clinical_signs_hairball_obstruction,8.279179445107445,,4,90,logistic_deviance_improvement_age_linear_additive_to_joint_state,joint_state_n_lt_3;joint_state_n_lt_5;apparent_extreme_fraction_in_tiny_joint_state;age_model_newton_not_fully_converged,demographic|GI panel|clinical signs,True,0.06593406593406594,1.0,0.501014572957019
4378,3_00326,3,age|clinical signs_vomiting|AUS_chronic degenerative renal changes,age|clinical_signs_vomiting|AUS_chronic_degenerative_renal_changes,8.270848557665985,,4,108,logistic_deviance_improvement_age_linear_additive_to_joint_state,,demographic|clinical signs|AUS,True,0.12087912087912088,1.0,0.5816638436228414
4382,3_00925,3,age|CBC_neutropenia|CBC_basocytosis,age|CBC_neutropenia|CBC_basocytosis,8.26506655197224,,4,108,logistic_deviance_improvement_age_linear_additive_to_joint_state,empty_joint_state;joint_state_n_lt_3;joint_state_n_lt_5;apparent_extreme_fraction_in_tiny_joint_state;age_model_newton_not_fully_converged,demographic|CBC|CBC,True,0.03896103896103896,1.0,0.4605046047979224
4384,3_00331,3,age|clinical signs_vomiting|CBC_no abnormalities,age|clinical_signs_vomiting|CBC_no_abnormalities,8.263908364119231,,4,108,logistic_deviance_improvement_age_linear_additive_to_joint_state,,demographic|clinical signs|CBC,True,0.10589410589410589,1.0,0.5586178527354998
4387,3_00457,3,age|clinical signs_weight loss|CBC_basocytosis,age|clinical_signs_weight_loss|CBC_basocytosis,8.260579572500006,,4,108,logistic_deviance_improvement_age_linear_additive_to_joint_state,empty_joint_state;joint_state_n_lt_3;joint_state_n_lt_5;apparent_extreme_fraction_in_tiny_joint_state;age_model_newton_not_fully_converged,demographic|clinical signs|CBC,True,0.03896103896103896,1.0,0.4605046047979224
61,2_00030,2,age|CBC_basocytosis,age|CBC_basocytosis,8.259868352362048,,2,108,logistic_deviance_improvement_age_linear_additive_to_joint_state,joint_state_n_lt_3;joint_state_n_lt_5;apparent_extreme_fraction_in_tiny_joint_state;age_model_newton_not_fully_converged,demographic|CBC,True,0.007992007992007992,1.0,0.42977206279958574
4388,3_00068,3,age|folate_high|AUS_ileus,age|folate_high|AUS_ileus,8.259608775921961,,4,90,logistic_deviance_improvement_age_linear_additive_to_joint_state,joint_state_n_lt_3;joint_state_n_lt_5;apparent_extreme_fraction_in_tiny_joint_state;age_model_newton_not_fully_converged,demographic|GI panel|AUS,True,0.09490509490509491,1.0,0.545611026409333
4390,3_00872,3,age|AUS_gall bladder sludge|chem_elevated alt,age|AUS_gall_bladder_sludge|chem_elevated_ALT,8.258466230197982,,4,108,logistic_deviance_improvement_age_linear_additive_to_joint_state,empty_joint_state,demographic|AUS|chemistry,True,0.056943056943056944,1.0,0.48612545963241965
4392,3_00091,3,age|folate_high|chem_hyperglycemia,age|folate_high|chem_hyperglycemia,8.257247430415333,,4,90,logistic_deviance_improvement_age_linear_additive_to_joint_state,empty_joint_state;joint_state_n_lt_3;joint_state_n_lt_5;apparent_extreme_fraction_in_tiny_joint_state;age_model_newton_not_fully_converged,demographic|GI panel|chemistry,True,0.03996003996003996,1.0,0.4605046047979224
4393,3_00330,3,age|clinical signs_vomiting|AUS_gall bladder sludge,age|clinical_signs_vomiting|AUS_gall_bladder_sludge,8.25684192601463,,4,108,logistic_deviance_improvement_age_linear_additive_to_joint_state,,demographic|clinical signs|AUS,True,0.10789210789210789,1.0,0.5595321209069163
4395,3_00212,3,age|pli_abn|CBC_eosinopenia,age|pli_abn|CBC_eosinopenia,8.256628952581451,,4,86,logistic_deviance_improvement_age_linear_additive_to_joint_state,empty_joint_state;joint_state_n_lt_3;joint_state_n_lt_5;apparent_extreme_fraction_in_tiny_joint_state;age_model_newton_not_fully_converged,demographic|GI panel|CBC,True,0.03896103896103896,1.0,0.4605046047979224
4401,3_00484,3,age|clinical signs_hairball obstruction|AUS_chronic degenerative renal changes,age|clinical_signs_hairball_obstruction|AUS_chronic_degenerative_renal_changes,8.253673790733032,,4,108,logistic_deviance_improvement_age_linear_additive_to_joint_state,empty_joint_state;joint_state_n_lt_5;apparent_extreme_fraction_in_tiny_joint_state,demographic|clinical signs|AUS,True,0.04895104895104895,1.0,0.4793792779658504
4406,3_00279,3,age|clinical signs_none|AUS_duodenum,age|clinical_signs_none_reported|AUS_duodenal_thickening,8.252268730538674,,4,108,logistic_deviance_improvement_age_linear_additive_to_joint_state,joint_state_n_lt_3;joint_state_n_lt_5;apparent_extreme_fraction_in_tiny_joint_state,demographic|clinical signs|AUS,True,0.0959040959040959,1.0,0.5459067878229555
4412,3_01136,3,age|chem_elevated alt|chem_hypercalcemia,age|chem_elevated_ALT|chem_hypercalcemia,8.248948392472002,,4,108,logistic_deviance_improvement_age_linear_additive_to_joint_state,empty_joint_state;joint_state_n_lt_3;joint_state_n_lt_5;apparent_extreme_fraction_in_tiny_joint_state;age_model_newton_not_fully_converged,demographic|chemistry|chemistry,True,0.04095904095904096,1.0,0.4605046047979224
4413,3_00442,3,age|clinical signs_weight loss|AUS_jejunum,age|clinical_signs_weight_loss|AUS_jejunal_thickening,8.243461657148117,,4,108,logistic_deviance_improvement_age_linear_additive_to_joint_state,,demographic|clinical signs|AUS,True,0.1028971028971029,1.0,0.5545010545010545
4420,3_00480,3,age|clinical signs_hairball obstruction|AUS_jejunum,age|clinical_signs_hairball_obstruction|AUS_jejunal_thickening,8.237106872542356,,4,108,logistic_deviance_improvement_age_linear_additive_to_joint_state,empty_joint_state;joint_state_n_lt_5;apparent_extreme_fraction_in_tiny_joint_state,demographic|clinical signs|AUS,True,0.053946053946053944,1.0,0.48173902189872125
4427,3_00561,3,age|AUS_no abnormalities|CBC_monocytosis,age|AUS_no_abnormalities|CBC_monocytosis,8.230194843670787,,4,108,logistic_deviance_improvement_age_linear_additive_to_joint_state,empty_joint_state;joint_state_n_lt_5;apparent_extreme_fraction_in_tiny_joint_state,demographic|AUS|CBC,True,0.04295704295704296,1.0,0.4648260106427437
4432,3_00333,3,age|clinical signs_vomiting|CBC_neutropenia,age|clinical_signs_vomiting|CBC_neutropenia,8.225407507365261,,4,108,logistic_deviance_improvement_age_linear_additive_to_joint_state,joint_state_n_lt_3;joint_state_n_lt_5;apparent_extreme_fraction_in_tiny_joint_state;age_model_newton_not_fully_converged,demographic|clinical signs|CBC,True,0.0899100899100899,1.0,0.5375379337643489
4437,3_00602,3,age|AUS_duodenum|chem_elevated alt,age|AUS_duodenal_thickening|chem_elevated_ALT,8.220533489819559,,4,108,logistic_deviance_improvement_age_linear_additive_to_joint_state,joint_state_n_lt_3;joint_state_n_lt_5;apparent_extreme_fraction_in_tiny_joint_state,demographic|AUS|chemistry,True,0.08291708291708291,1.0,0.5235534973163668
4439,3_00058,3,age|folate_high|clinical signs_constipation,age|folate_high|clinical_signs_constipation,8.21984031805168,,4,90,logistic_deviance_improvement_age_linear_additive_to_joint_state,empty_joint_state;joint_state_n_lt_3;joint_state_n_lt_5;apparent_extreme_fraction_in_tiny_joint_state;age_model_newton_not_fully_converged,demographic|GI panel|clinical signs,True,0.03696303696303696,1.0,0.4605046047979224
4441,3_00095,3,age|folate_high|chem_hypophosphatemia,age|folate_high|chem_hypophosphatemia,8.21507483815816,,4,90,logistic_deviance_improvement_age_linear_additive_to_joint_state,empty_joint_state;joint_state_n_lt_3;joint_state_n_lt_5;apparent_extreme_fraction_in_tiny_joint_state;age_model_newton_not_fully_converged,demographic|GI panel|chemistry,True,0.04195804195804196,1.0,0.46297521399088437
4446,3_00322,3,age|clinical signs_vomiting|AUS_jejunum,age|clinical_signs_vomiting|AUS_jejunal_thickening,8.213397142065404,,4,108,logistic_deviance_improvement_age_linear_additive_to_joint_state,,demographic|clinical signs|AUS,True,0.1048951048951049,1.0,0.55690190847968
4448,3_00197,3,age|pli_abn|AUS_no abnormalities,age|pli_abn|AUS_no_abnormalities,8.213039280618673,,4,86,logistic_deviance_improvement_age_linear_additive_to_joint_state,empty_joint_state;joint_state_n_lt_3;joint_state_n_lt_5;apparent_extreme_fraction_in_tiny_joint_state;age_model_newton_not_fully_converged,demographic|GI panel|AUS,True,0.05194805194805195,1.0,0.4803678811460913
4451,3_00499,3,age|clinical signs_hairball obstruction|CBC_anemia,age|clinical_signs_hairball_obstruction|CBC_anemia,8.210943922705283,,4,108,logistic_deviance_improvement_age_linear_additive_to_joint_state,empty_joint_state;joint_state_n_lt_5;apparent_extreme_fraction_in_tiny_joint_state,demographic|clinical signs|CBC,True,0.06993006993006994,1.0,0.5045580605352902
4455,3_00997,3,age|CBC_basophilia|chem_elevated alt,age|CBC_basophilia|chem_elevated_ALT,8.207577638084217,,4,108,logistic_deviance_improvement_age_linear_additive_to_joint_state,empty_joint_state,demographic|CBC|chemistry,True,0.057942057942057944,1.0,0.4885119315274526
4457,3_00478,3,age|clinical signs_hairball obstruction|AUS_no abnormalities,age|clinical_signs_hairball_obstruction|AUS_no_abnormalities,8.206051696869025,,4,108,logistic_deviance_improvement_age_linear_additive_to_joint_state,empty_joint_state;joint_state_n_lt_5;apparent_extreme_fraction_in_tiny_joint_state,demographic|clinical signs|AUS,True,0.054945054945054944,1.0,0.48227857092123017
4465,3_00998,3,age|CBC_basophilia|chem_elevated ast,age|CBC_basophilia|chem_elevated_AST,8.1966005704558,,4,108,logistic_deviance_improvement_age_linear_additive_to_joint_state,empty_joint_state;joint_state_n_lt_3;joint_state_n_lt_5,demographic|CBC|chemistry,True,0.053946053946053944,1.0,0.48173902189872125
4481,3_00656,3,age|AUS_ileum|CBC_neutropenia,age|AUS_ileal_thickening|CBC_neutropenia,8.191616319226682,,4,108,logistic_deviance_improvement_age_linear_additive_to_joint_state,empty_joint_state;joint_state_n_lt_5;apparent_extreme_fraction_in_tiny_joint_state,demographic|AUS|CBC,True,0.059940059940059943,1.0,0.4922593605099005
63,2_00016,2,age|AUS_ileum,age|AUS_ileal_thickening,8.191110288529842,,2,108,logistic_deviance_improvement_age_linear_additive_to_joint_state,,demographic|AUS,True,0.022977022977022976,1.0,0.42977206279958574
4490,3_01137,3,age|chem_elevated alt|chem_hypokalemia,age|chem_elevated_ALT|chem_hypokalemia,8.186468090026679,,4,108,logistic_deviance_improvement_age_linear_additive_to_joint_state,joint_state_n_lt_3;joint_state_n_lt_5;apparent_extreme_fraction_in_tiny_joint_state;age_model_newton_not_fully_converged,demographic|chemistry|chemistry,True,0.0969030969030969,1.0,0.5466829905999046
4491,3_00475,3,age|clinical signs_weight loss|chem_hypokalemia,age|clinical_signs_weight_loss|chem_hypokalemia,8.185103345938671,,4,108,logistic_deviance_improvement_age_linear_additive_to_joint_state,joint_state_n_lt_3;joint_state_n_lt_5;apparent_extreme_fraction_in_tiny_joint_state;age_model_newton_not_fully_converged,demographic|clinical signs|chemistry,True,0.1048951048951049,1.0,0.55690190847968
4509,3_00589,3,age|AUS_duodenum|CBC_neutropenia,age|AUS_duodenal_thickening|CBC_neutropenia,8.181158246415592,,4,108,logistic_deviance_improvement_age_linear_additive_to_joint_state,joint_state_n_lt_3;joint_state_n_lt_5;apparent_extreme_fraction_in_tiny_joint_state;age_model_newton_not_fully_converged,demographic|AUS|CBC,True,0.09490509490509491,1.0,0.545611026409333
4510,3_00498,3,age|clinical signs_hairball obstruction|CBC_monocytosis,age|clinical_signs_hairball_obstruction|CBC_monocytosis,8.180857495088148,,4,108,logistic_deviance_improvement_age_linear_additive_to_joint_state,empty_joint_state;joint_state_n_lt_5;apparent_extreme_fraction_in_tiny_joint_state,demographic|clinical signs|CBC,True,0.054945054945054944,1.0,0.48227857092123017
4511,3_00867,3,age|AUS_gall bladder sludge|CBC_anemia,age|AUS_gall_bladder_sludge|CBC_anemia,8.179487584942734,,4,108,logistic_deviance_improvement_age_linear_additive_to_joint_state,empty_joint_state;joint_state_n_lt_5;apparent_extreme_fraction_in_tiny_joint_state,demographic|AUS|CBC,True,0.061938061938061936,1.0,0.49540026654035907
4515,3_01075,3,age|CBC_monocytosis|chem_hypercalcemia,age|CBC_monocytosis|chem_hypercalcemia,8.1760054629909,,4,108,logistic_deviance_improvement_age_linear_additive_to_joint_state,empty_joint_state;joint_state_n_lt_3;joint_state_n_lt_5;apparent_extreme_fraction_in_tiny_joint_state;age_model_newton_not_fully_converged,demographic|CBC|chemistry,True,0.04595404595404595,1.0,0.47251396521272127
4520,3_00552,3,age|AUS_no abnormalities|CBC_no abnormalities,age|AUS_no_abnormalities|CBC_no_abnormalities,8.172641729349436,,4,108,logistic_deviance_improvement_age_linear_additive_to_joint_state,empty_joint_state;joint_state_n_lt_5;apparent_extreme_fraction_in_tiny_joint_state,demographic|AUS|CBC,True,0.055944055944055944,1.0,0.48455963171225136
4528,3_00644,3,age|AUS_jejunum|chem_hypercalcemia,age|AUS_jejunal_thickening|chem_hypercalcemia,8.1640218011959,,4,108,logistic_deviance_improvement_age_linear_additive_to_joint_state,empty_joint_state;joint_state_n_lt_3;joint_state_n_lt_5;apparent_extreme_fraction_in_tiny_joint_state;age_model_newton_not_fully_converged,demographic|AUS|chemistry,True,0.04595404595404595,1.0,0.47251396521272127
4543,3_00009,3,age|cobalamin_low|clinical signs_weight loss,age|cobalamin_low|clinical_signs_weight_loss,8.155451444186554,,4,90,logistic_deviance_improvement_age_linear_additive_to_joint_state,,demographic|GI panel|clinical signs,True,0.0939060939060939,1.0,0.5441458876387252
4545,3_00623,3,age|AUS_jejunum|CBC_neutropenia,age|AUS_jejunal_thickening|CBC_neutropenia,8.1539073228886,,4,108,logistic_deviance_improvement_age_linear_additive_to_joint_state,joint_state_n_lt_3;joint_state_n_lt_5;apparent_extreme_fraction_in_tiny_joint_state;age_model_newton_not_fully_converged,demographic|AUS|CBC,True,0.1028971028971029,1.0,0.5545010545010545
4549,3_00343,3,age|clinical signs_vomiting|chem_hypoproteinemia,age|clinical_signs_vomiting|chem_hypoproteinemia,8.151271872555029,,4,108,logistic_deviance_improvement_age_linear_additive_to_joint_state,joint_state_n_lt_3;joint_state_n_lt_5;apparent_extreme_fraction_in_tiny_joint_state;age_model_newton_not_fully_converged,demographic|clinical signs|chemistry,True,0.0969030969030969,1.0,0.5466829905999046
4557,3_00610,3,age|AUS_duodenum|chem_hypercalcemia,age|AUS_duodenal_thickening|chem_hypercalcemia,8.14813290598768,,4,108,logistic_deviance_improvement_age_linear_additive_to_joint_state,empty_joint_state;joint_state_n_lt_3;joint_state_n_lt_5;apparent_extreme_fraction_in_tiny_joint_state;age_model_newton_not_fully_converged,demographic|AUS|chemistry,True,0.03896103896103896,1.0,0.4605046047979224
4561,3_00050,3,age|folate_high|pli_abn,age|folate_high|pli_abn,8.146634322469225,,4,86,logistic_deviance_improvement_age_linear_additive_to_joint_state,,demographic|GI panel|GI panel,True,0.11288711288711288,1.0,0.5677803677803678
4570,3_00034,3,age|cobalamin_low|chem_no abnormalities,age|cobalamin_low|chem_no_abnormalities,8.144038488828116,,4,90,logistic_deviance_improvement_age_linear_additive_to_joint_state,,demographic|GI panel|chemistry,True,0.10789210789210789,1.0,0.5595321209069163
4571,3_00562,3,age|AUS_no abnormalities|CBC_anemia,age|AUS_no_abnormalities|CBC_anemia,8.141050496282645,,4,108,logistic_deviance_improvement_age_linear_additive_to_joint_state,empty_joint_state;joint_state_n_lt_5;apparent_extreme_fraction_in_tiny_joint_state,demographic|AUS|CBC,True,0.04895104895104895,1.0,0.4793792779658504
4582,3_01145,3,age|chem_elevated ast|chem_hypercalcemia,age|chem_elevated_AST|chem_hypercalcemia,8.135541934982697,,4,108,logistic_deviance_improvement_age_linear_additive_to_joint_state,empty_joint_state;joint_state_n_lt_3;joint_state_n_lt_5;apparent_extreme_fraction_in_tiny_joint_state;age_model_newton_not_fully_converged,demographic|chemistry|chemistry,True,0.03296703296703297,1.0,0.4566918230284567
4594,3_00229,3,age|pli_abn|chem_hyperglycemia,age|pli_abn|chem_hyperglycemia,8.121990435799546,,4,86,logistic_deviance_improvement_age_linear_additive_to_joint_state,empty_joint_state;joint_state_n_lt_3;joint_state_n_lt_5;apparent_extreme_fraction_in_tiny_joint_state;age_model_newton_not_fully_converged,demographic|GI panel|chemistry,True,0.04095904095904096,1.0,0.4605046047979224
4595,3_01067,3,age|CBC_monocytosis|chem_elevated alt,age|CBC_monocytosis|chem_elevated_ALT,8.119759598120382,,4,108,logistic_deviance_improvement_age_linear_additive_to_joint_state,empty_joint_state,demographic|CBC|chemistry,True,0.05194805194805195,1.0,0.4803678811460913
4599,3_00371,3,age|clinical signs_diarrhea|AUS_gall bladder sludge,age|clinical_signs_diarrhea|AUS_gall_bladder_sludge,8.117039181499834,,4,108,logistic_deviance_improvement_age_linear_additive_to_joint_state,,demographic|clinical signs|AUS,True,0.12387612387612387,1.0,0.5849808413146714
4601,3_00117,3,age|folate_low|CBC_no abnormalities,age|folate_low|CBC_no_abnormalities,8.114564871943045,,4,90,logistic_deviance_improvement_age_linear_additive_to_joint_state,joint_state_n_lt_3;joint_state_n_lt_5;apparent_extreme_fraction_in_tiny_joint_state;age_model_newton_not_fully_converged,demographic|GI panel|CBC,True,0.12487512487512488,1.0,0.5857700158218293
4602,3_00062,3,age|folate_high|AUS_ileum,age|folate_high|AUS_ileal_thickening,8.114398091763945,,4,90,logistic_deviance_improvement_age_linear_additive_to_joint_state,,demographic|GI panel|AUS,True,0.11688311688311688,1.0,0.5761425507342023
4605,3_00031,3,age|cobalamin_low|CBC_lymphopenia,age|cobalamin_low|CBC_lymphopenia,8.113144949673043,,4,90,logistic_deviance_improvement_age_linear_additive_to_joint_state,joint_state_n_lt_3;joint_state_n_lt_5;apparent_extreme_fraction_in_tiny_joint_state;age_model_newton_not_fully_converged,demographic|GI panel|CBC,True,0.13186813186813187,1.0,0.5901781833985225
4617,3_00340,3,age|clinical signs_vomiting|CBC_monocytosis,age|clinical_signs_vomiting|CBC_monocytosis,8.108627709958313,,4,108,logistic_deviance_improvement_age_linear_additive_to_joint_state,,demographic|clinical signs|CBC,True,0.12487512487512488,1.0,0.5857700158218293
4619,3_00504,3,age|clinical signs_hairball obstruction|chem_elevated alt,age|clinical_signs_hairball_obstruction|chem_elevated_ALT,8.108316940823514,,4,108,logistic_deviance_improvement_age_linear_additive_to_joint_state,empty_joint_state;joint_state_n_lt_5;apparent_extreme_fraction_in_tiny_joint_state,demographic|clinical signs|chemistry,True,0.061938061938061936,1.0,0.49540026654035907
4629,3_01103,3,age|chem_hypoproteinemia|chem_hypercalcemia,age|chem_hypoproteinemia|chem_hypercalcemia,8.099194414839118,,4,108,logistic_deviance_improvement_age_linear_additive_to_joint_state,empty_joint_state;joint_state_n_lt_3;joint_state_n_lt_5;apparent_extreme_fraction_in_tiny_joint_state;age_model_newton_not_fully_converged,demographic|chemistry|chemistry,True,0.04695304695304695,1.0,0.47482517482517483
4640,3_00582,3,age|AUS_duodenum|AUS_chronic degenerative renal changes,age|AUS_duodenal_thickening|AUS_chronic_degenerative_renal_changes,8.09469731036998,,4,108,logistic_deviance_improvement_age_linear_additive_to_joint_state,joint_state_n_lt_5;apparent_extreme_fraction_in_tiny_joint_state,demographic|AUS|AUS,True,0.0989010989010989,1.0,0.5501192780303371
4644,3_00354,3,age|clinical signs_vomiting|chem_hypercalcemia,age|clinical_signs_vomiting|chem_hypercalcemia,8.086308987089012,,4,108,logistic_deviance_improvement_age_linear_additive_to_joint_state,empty_joint_state;joint_state_n_lt_3;joint_state_n_lt_5;apparent_extreme_fraction_in_tiny_joint_state;age_model_newton_not_fully_converged,demographic|clinical signs|chemistry,True,0.04595404595404595,1.0,0.47251396521272127
4646,3_00990,3,age|CBC_basophilia|CBC_lymphopenia,age|CBC_basophilia|CBC_lymphopenia,8.084971143086776,,4,108,logistic_deviance_improvement_age_linear_additive_to_joint_state,empty_joint_state,demographic|CBC|CBC,True,0.056943056943056944,1.0,0.48612545963241965
4655,3_00336,3,age|clinical signs_vomiting|CBC_basophilia,age|clinical_signs_vomiting|CBC_basophilia,8.076648537026273,,4,108,logistic_deviance_improvement_age_linear_additive_to_joint_state,empty_joint_state,demographic|clinical signs|CBC,True,0.061938061938061936,1.0,0.49540026654035907
4666,3_00017,3,age|cobalamin_low|AUS_mesenteric lymphadenopathy,age|cobalamin_low|AUS_mesenteric_lymphadenopathy,8.07272348870174,,4,90,logistic_deviance_improvement_age_linear_additive_to_joint_state,,demographic|GI panel|AUS,True,0.1048951048951049,1.0,0.55690190847968
4668,3_00505,3,age|clinical signs_hairball obstruction|chem_elevated ast,age|clinical_signs_hairball_obstruction|chem_elevated_AST,8.071951674697758,,4,108,logistic_deviance_improvement_age_linear_additive_to_joint_state,empty_joint_state;joint_state_n_lt_3;joint_state_n_lt_5;apparent_extreme_fraction_in_tiny_joint_state,demographic|clinical signs|chemistry,True,0.054945054945054944,1.0,0.48227857092123017
4671,3_00616,3,age|AUS_jejunum|AUS_chronic degenerative renal changes,age|AUS_jejunal_thickening|AUS_chronic_degenerative_renal_changes,8.071582461183397,,4,108,logistic_deviance_improvement_age_linear_additive_to_joint_state,joint_state_n_lt_5;apparent_extreme_fraction_in_tiny_joint_state,demographic|AUS|AUS,True,0.11688311688311688,1.0,0.5761425507342023
4677,3_00320,3,age|clinical signs_vomiting|AUS_no abnormalities,age|clinical_signs_vomiting|AUS_no_abnormalities,8.06019791764605,,4,108,logistic_deviance_improvement_age_linear_additive_to_joint_state,empty_joint_state;joint_state_n_lt_5;apparent_extreme_fraction_in_tiny_joint_state,demographic|clinical signs|AUS,True,0.059940059940059943,1.0,0.4922593605099005
4681,3_00294,3,age|clinical signs_none|CBC_basophilia,age|clinical_signs_none_reported|CBC_basophilia,8.058931588684146,,4,108,logistic_deviance_improvement_age_linear_additive_to_joint_state,empty_joint_state,demographic|clinical signs|CBC,True,0.060939060939060936,1.0,0.49406116271787914
4684,3_00395,3,age|clinical signs_diarrhea|chem_hypercalcemia,age|clinical_signs_diarrhea|chem_hypercalcemia,8.058272918228838,,4,108,logistic_deviance_improvement_age_linear_additive_to_joint_state,empty_joint_state;joint_state_n_lt_3;joint_state_n_lt_5;apparent_extreme_fraction_in_tiny_joint_state;age_model_newton_not_fully_converged,demographic|clinical signs|chemistry,True,0.04295704295704296,1.0,0.4648260106427437
4686,3_00073,3,age|folate_high|CBC_eosinophilia,age|folate_high|CBC_eosinophilia,8.057037763437108,,4,90,logistic_deviance_improvement_age_linear_additive_to_joint_state,joint_state_n_lt_3;joint_state_n_lt_5;apparent_extreme_fraction_in_tiny_joint_state,demographic|GI panel|CBC,True,0.12787212787212787,1.0,0.5873652802862757
4701,3_00341,3,age|clinical signs_vomiting|CBC_anemia,age|clinical_signs_vomiting|CBC_anemia,8.05057140808458,,4,108,logistic_deviance_improvement_age_linear_additive_to_joint_state,empty_joint_state;joint_state_n_lt_5,demographic|clinical signs|CBC,True,0.06593406593406594,1.0,0.501014572957019
4706,3_00072,3,age|folate_high|CBC_neutropenia,age|folate_high|CBC_neutropenia,8.048275530992072,,4,90,logistic_deviance_improvement_age_linear_additive_to_joint_state,empty_joint_state;joint_state_n_lt_3;joint_state_n_lt_5;apparent_extreme_fraction_in_tiny_joint_state;age_model_newton_not_fully_converged,demographic|GI panel|CBC,True,0.054945054945054944,1.0,0.48227857092123017
4719,3_01006,3,age|CBC_basophilia|chem_hypokalemia,age|CBC_basophilia|chem_hypokalemia,8.039991507342577,,4,108,logistic_deviance_improvement_age_linear_additive_to_joint_state,empty_joint_state,demographic|CBC|chemistry,True,0.054945054945054944,1.0,0.48227857092123017
4722,3_00501,3,age|clinical signs_hairball obstruction|chem_hypoproteinemia,age|clinical_signs_hairball_obstruction|chem_hypoproteinemia,8.03364448085901,,4,108,logistic_deviance_improvement_age_linear_additive_to_joint_state,empty_joint_state;joint_state_n_lt_5;apparent_extreme_fraction_in_tiny_joint_state,demographic|clinical signs|chemistry,True,0.060939060939060936,1.0,0.49406116271787914
4731,3_00873,3,age|AUS_gall bladder sludge|chem_elevated ast,age|AUS_gall_bladder_sludge|chem_elevated_AST,8.030654030693526,,4,108,logistic_deviance_improvement_age_linear_additive_to_joint_state,empty_joint_state;joint_state_n_lt_3;joint_state_n_lt_5;apparent_extreme_fraction_in_tiny_joint_state,demographic|AUS|chemistry,True,0.04995004995004995,1.0,0.4793792779658504
4733,3_01059,3,age|CBC_lymphopenia|chem_hypercalcemia,age|CBC_lymphopenia|chem_hypercalcemia,8.029845951116059,,4,108,logistic_deviance_improvement_age_linear_additive_to_joint_state,empty_joint_state;joint_state_n_lt_3;joint_state_n_lt_5;apparent_extreme_fraction_in_tiny_joint_state;age_model_newton_not_fully_converged,demographic|CBC|chemistry,True,0.04895104895104895,1.0,0.4793792779658504
4768,3_00372,3,age|clinical signs_diarrhea|CBC_no abnormalities,age|clinical_signs_diarrhea|CBC_no_abnormalities,8.01525193124455,,4,108,logistic_deviance_improvement_age_linear_additive_to_joint_state,,demographic|clinical signs|CBC,True,0.12987012987012986,1.0,0.5898729056623794
4772,3_00312,3,age|clinical signs_none|chem_hypercalcemia,age|clinical_signs_none_reported|chem_hypercalcemia,8.012231306977199,,4,108,logistic_deviance_improvement_age_linear_additive_to_joint_state,empty_joint_state;joint_state_n_lt_3;joint_state_n_lt_5;apparent_extreme_fraction_in_tiny_joint_state;age_model_newton_not_fully_converged,demographic|clinical signs|chemistry,True,0.05094905094905095,1.0,0.4803678811460913
4777,3_00359,3,age|clinical signs_diarrhea|clinical signs_hairball obstruction,age|clinical_signs_diarrhea|clinical_signs_hairball_obstruction,8.007164603636241,,4,108,logistic_deviance_improvement_age_linear_additive_to_joint_state,empty_joint_state;joint_state_n_lt_5;apparent_extreme_fraction_in_tiny_joint_state,demographic|clinical signs|clinical signs,True,0.07092907092907093,1.0,0.5067656882763986
4780,3_00377,3,age|clinical signs_diarrhea|CBC_basophilia,age|clinical_signs_diarrhea|CBC_basophilia,8.004988162626844,,4,108,logistic_deviance_improvement_age_linear_additive_to_joint_state,joint_state_n_lt_3;joint_state_n_lt_5;apparent_extreme_fraction_in_tiny_joint_state,demographic|clinical signs|CBC,True,0.11888111888111888,1.0,0.5780480389176041
4788,3_01082,3,age|CBC_anemia|chem_elevated alt,age|CBC_anemia|chem_elevated_ALT,7.995070072416183,,4,108,logistic_deviance_improvement_age_linear_additive_to_joint_state,empty_joint_state;joint_state_n_lt_5;apparent_extreme_fraction_in_tiny_joint_state,demographic|CBC|chemistry,True,0.06393606393606394,1.0,0.49920018379977316
4793,3_01181,3,age|chem_hypercalcemia|chem_hypokalemia,age|chem_hypercalcemia|chem_hypokalemia,7.991226948297722,,4,108,logistic_deviance_improvement_age_linear_additive_to_joint_state,empty_joint_state;joint_state_n_lt_3;joint_state_n_lt_5;apparent_extreme_fraction_in_tiny_joint_state;age_model_newton_not_fully_converged,demographic|chemistry|chemistry,True,0.057942057942057944,1.0,0.4885119315274526
4794,3_00318,3,age|clinical signs_vomiting|clinical signs_hairball obstruction,age|clinical_signs_vomiting|clinical_signs_hairball_obstruction,7.990120415256143,,4,108,logistic_deviance_improvement_age_linear_additive_to_joint_state,empty_joint_state;joint_state_n_lt_5;apparent_extreme_fraction_in_tiny_joint_state,demographic|clinical signs|clinical signs,True,0.06793206793206794,1.0,0.5017577604990192
4799,3_00620,3,age|AUS_jejunum|AUS_gall bladder sludge,age|AUS_jejunal_thickening|AUS_gall_bladder_sludge,7.9888778969556995,,4,108,logistic_deviance_improvement_age_linear_additive_to_joint_state,,demographic|AUS|AUS,True,0.11288711288711288,1.0,0.5677803677803678
4806,3_00869,3,age|AUS_gall bladder sludge|chem_hypoproteinemia,age|AUS_gall_bladder_sludge|chem_hypoproteinemia,7.985347801748091,,4,108,logistic_deviance_improvement_age_linear_additive_to_joint_state,empty_joint_state,demographic|AUS|chemistry,True,0.06893106893106893,1.0,0.5034642652775576
4813,3_00924,3,age|CBC_neutropenia|CBC_basophilia,age|CBC_neutropenia|CBC_basophilia,7.98119186087834,,4,108,logistic_deviance_improvement_age_linear_additive_to_joint_state,empty_joint_state;joint_state_n_lt_5;apparent_extreme_fraction_in_tiny_joint_state,demographic|CBC|CBC,True,0.06393606393606394,1.0,0.49920018379977316
4814,3_00474,3,age|clinical signs_weight loss|chem_hypercalcemia,age|clinical_signs_weight_loss|chem_hypercalcemia,7.9797804922778965,,4,108,logistic_deviance_improvement_age_linear_additive_to_joint_state,empty_joint_state;joint_state_n_lt_3;joint_state_n_lt_5;apparent_extreme_fraction_in_tiny_joint_state;age_model_newton_not_fully_converged,demographic|clinical signs|chemistry,True,0.04795204795204795,1.0,0.47781149667942124
4818,3_00763,3,age|AUS_chronic degenerative renal changes|chem_elevated ast,age|AUS_chronic_degenerative_renal_changes|chem_elevated_AST,7.9771734063768776,,4,108,logistic_deviance_improvement_age_linear_additive_to_joint_state,empty_joint_state;joint_state_n_lt_3;joint_state_n_lt_5;apparent_extreme_fraction_in_tiny_joint_state,demographic|AUS|chemistry,True,0.04895104895104895,1.0,0.4793792779658504
4823,3_00762,3,age|AUS_chronic degenerative renal changes|chem_elevated alt,age|AUS_chronic_degenerative_renal_changes|chem_elevated_ALT,7.974075972138692,,4,108,logistic_deviance_improvement_age_linear_additive_to_joint_state,empty_joint_state,demographic|AUS|chemistry,True,0.06393606393606394,1.0,0.49920018379977316
67,2_00029,2,age|CBC_basophilia,age|CBC_basophilia,7.9721916955305545,,2,108,logistic_deviance_improvement_age_linear_additive_to_joint_state,,demographic|CBC,True,0.017982017982017984,1.0,0.42977206279958574
4831,3_00208,3,age|pli_abn|CBC_no abnormalities,age|pli_abn|CBC_no_abnormalities,7.970556485589199,,4,86,logistic_deviance_improvement_age_linear_additive_to_joint_state,,demographic|GI panel|CBC,True,0.13486513486513488,1.0,0.5906602036526017
4841,3_00497,3,age|clinical signs_hairball obstruction|CBC_lymphopenia,age|clinical_signs_hairball_obstruction|CBC_lymphopenia,7.960580747938835,,4,108,logistic_deviance_improvement_age_linear_additive_to_joint_state,empty_joint_state;joint_state_n_lt_5;apparent_extreme_fraction_in_tiny_joint_state,demographic|clinical signs|CBC,True,0.06593406593406594,1.0,0.501014572957019
4843,3_00568,3,age|AUS_no abnormalities|chem_elevated ast,age|AUS_no_abnormalities|chem_elevated_AST,7.959848565707361,,4,108,logistic_deviance_improvement_age_linear_additive_to_joint_state,empty_joint_state;joint_state_n_lt_3;joint_state_n_lt_5;apparent_extreme_fraction_in_tiny_joint_state,demographic|AUS|chemistry,True,0.054945054945054944,1.0,0.48227857092123017
4857,3_00942,3,age|CBC_neutropenia|chem_hypercalcemia,age|CBC_neutropenia|chem_hypercalcemia,7.95220226504162,,4,108,logistic_deviance_improvement_age_linear_additive_to_joint_state,empty_joint_state;joint_state_n_lt_3;joint_state_n_lt_5;apparent_extreme_fraction_in_tiny_joint_state;age_model_newton_not_fully_converged,demographic|CBC|chemistry,True,0.04095904095904096,1.0,0.4605046047979224
4861,3_01083,3,age|CBC_anemia|chem_elevated ast,age|CBC_anemia|chem_elevated_AST,7.949769748138621,,4,108,logistic_deviance_improvement_age_linear_additive_to_joint_state,empty_joint_state;joint_state_n_lt_3;joint_state_n_lt_5;apparent_extreme_fraction_in_tiny_joint_state,demographic|CBC|chemistry,True,0.056943056943056944,1.0,0.48612545963241965
69,2_00047,2,age|chem_hypercalcemia,age|chem_hypercalcemia,7.94754965510748,,2,108,logistic_deviance_improvement_age_linear_additive_to_joint_state,joint_state_n_lt_3;joint_state_n_lt_5;apparent_extreme_fraction_in_tiny_joint_state;age_model_newton_not_fully_converged,demographic|chemistry,True,0.014985014985014986,1.0,0.42977206279958574
4874,3_00001,3,age|cobalamin_low|folate_low,age|cobalamin_low|folate_low,7.945819044540784,,4,90,logistic_deviance_improvement_age_linear_additive_to_joint_state,joint_state_n_lt_3;joint_state_n_lt_5;apparent_extreme_fraction_in_tiny_joint_state;age_model_newton_not_fully_converged,demographic|GI panel|GI panel,True,0.13486513486513488,1.0,0.5906602036526017
4876,3_01079,3,age|CBC_anemia|chem_hypoproteinemia,age|CBC_anemia|chem_hypoproteinemia,7.942587647575593,,4,108,logistic_deviance_improvement_age_linear_additive_to_joint_state,empty_joint_state;joint_state_n_lt_5;apparent_extreme_fraction_in_tiny_joint_state,demographic|CBC|chemistry,True,0.057942057942057944,1.0,0.4885119315274526
4894,3_00074,3,age|folate_high|CBC_eosinopenia,age|folate_high|CBC_eosinopenia,7.9362006182309415,,4,90,logistic_deviance_improvement_age_linear_additive_to_joint_state,empty_joint_state;joint_state_n_lt_3;joint_state_n_lt_5;apparent_extreme_fraction_in_tiny_joint_state;age_model_newton_not_fully_converged,demographic|GI panel|CBC,True,0.04795204795204795,1.0,0.47781149667942124
4904,3_00564,3,age|AUS_no abnormalities|chem_hypoproteinemia,age|AUS_no_abnormalities|chem_hypoproteinemia,7.931966099446029,,4,108,logistic_deviance_improvement_age_linear_additive_to_joint_state,empty_joint_state;joint_state_n_lt_5;apparent_extreme_fraction_in_tiny_joint_state,demographic|AUS|chemistry,True,0.06593406593406594,1.0,0.501014572957019
4906,3_01068,3,age|CBC_monocytosis|chem_elevated ast,age|CBC_monocytosis|chem_elevated_AST,7.930853774846213,,4,108,logistic_deviance_improvement_age_linear_additive_to_joint_state,empty_joint_state;joint_state_n_lt_3;joint_state_n_lt_5;apparent_extreme_fraction_in_tiny_joint_state,demographic|CBC|chemistry,True,0.05194805194805195,1.0,0.4803678811460913
4927,3_00367,3,age|clinical signs_diarrhea|AUS_chronic degenerative renal changes,age|clinical_signs_diarrhea|AUS_chronic_degenerative_renal_changes,7.9125990986050425,,4,108,logistic_deviance_improvement_age_linear_additive_to_joint_state,joint_state_n_lt_5;apparent_extreme_fraction_in_tiny_joint_state,demographic|clinical signs|AUS,True,0.13886113886113885,1.0,0.5917084232134693
4962,3_00381,3,age|clinical signs_diarrhea|CBC_monocytosis,age|clinical_signs_diarrhea|CBC_monocytosis,7.8944933365227286,,4,108,logistic_deviance_improvement_age_linear_additive_to_joint_state,,demographic|clinical signs|CBC,True,0.12787212787212787,1.0,0.5873652802862757
4964,3_00355,3,age|clinical signs_vomiting|chem_hypokalemia,age|clinical_signs_vomiting|chem_hypokalemia,7.89099141294389,,4,108,logistic_deviance_improvement_age_linear_additive_to_joint_state,joint_state_n_lt_5,demographic|clinical signs|chemistry,True,0.12887112887112886,1.0,0.5881175953187475
4972,3_00193,3,age|pli_abn|clinical signs_hyporexia,age|pli_abn|clinical_signs_hyporexia,7.887796363201815,,4,86,logistic_deviance_improvement_age_linear_additive_to_joint_state,joint_state_n_lt_3;joint_state_n_lt_5;apparent_extreme_fraction_in_tiny_joint_state;age_model_newton_not_fully_converged,demographic|GI panel|clinical signs,True,0.13886113886113885,1.0,0.5917084232134693
4973,3_00339,3,age|clinical signs_vomiting|CBC_lymphopenia,age|clinical_signs_vomiting|CBC_lymphopenia,7.886457559617284,,4,108,logistic_deviance_improvement_age_linear_additive_to_joint_state,joint_state_n_lt_5,demographic|clinical signs|CBC,True,0.14585414585414586,1.0,0.5946770364527173
4974,3_00105,3,age|folate_low|clinical signs_constipation,age|folate_low|clinical_signs_constipation,7.885791733884233,,4,90,logistic_deviance_improvement_age_linear_additive_to_joint_state,empty_joint_state;joint_state_n_lt_3;joint_state_n_lt_5;apparent_extreme_fraction_in_tiny_joint_state;age_model_newton_not_fully_converged,demographic|GI panel|clinical signs,True,0.04295704295704296,1.0,0.4648260106427437
4977,3_00233,3,age|pli_abn|chem_hypophosphatemia,age|pli_abn|chem_hypophosphatemia,7.883049642884458,,4,86,logistic_deviance_improvement_age_linear_additive_to_joint_state,empty_joint_state;joint_state_n_lt_3;joint_state_n_lt_5;apparent_extreme_fraction_in_tiny_joint_state;age_model_newton_not_fully_converged,demographic|GI panel|chemistry,True,0.06293706293706294,1.0,0.49794400356198115
71,2_00023,2,age|AUS_gall bladder sludge,age|AUS_gall_bladder_sludge,7.872000904261682,,2,108,logistic_deviance_improvement_age_linear_additive_to_joint_state,,demographic|AUS,True,0.028971028971028972,1.0,0.42977206279958574
5008,3_00636,3,age|AUS_jejunum|chem_elevated alt,age|AUS_jejunal_thickening|chem_elevated_ALT,7.866969579474883,,4,108,logistic_deviance_improvement_age_linear_additive_to_joint_state,joint_state_n_lt_5,demographic|AUS|chemistry,True,0.10789210789210789,1.0,0.5595321209069163
5009,3_00491,3,age|clinical signs_hairball obstruction|CBC_neutropenia,age|clinical_signs_hairball_obstruction|CBC_neutropenia,7.864049014355089,,4,108,logistic_deviance_improvement_age_linear_additive_to_joint_state,empty_joint_state;joint_state_n_lt_5;apparent_extreme_fraction_in_tiny_joint_state,demographic|clinical signs|CBC,True,0.07192807192807193,1.0,0.5096893415939261
5010,3_00116,3,age|folate_low|AUS_gall bladder sludge,age|folate_low|AUS_gall_bladder_sludge,7.863913273043281,,4,90,logistic_deviance_improvement_age_linear_additive_to_joint_state,joint_state_n_lt_3;joint_state_n_lt_5;apparent_extreme_fraction_in_tiny_joint_state;age_model_newton_not_fully_converged,demographic|GI panel|AUS,True,0.12887112887112886,1.0,0.5881175953187475
5018,3_00321,3,age|clinical signs_vomiting|AUS_duodenum,age|clinical_signs_vomiting|AUS_duodenal_thickening,7.861764088702202,,4,108,logistic_deviance_improvement_age_linear_additive_to_joint_state,,demographic|clinical signs|AUS,True,0.12887112887112886,1.0,0.5881175953187475
5019,3_00560,3,age|AUS_no abnormalities|CBC_lymphopenia,age|AUS_no_abnormalities|CBC_lymphopenia,7.861047430160767,,4,108,logistic_deviance_improvement_age_linear_additive_to_joint_state,empty_joint_state;joint_state_n_lt_5;apparent_extreme_fraction_in_tiny_joint_state,demographic|AUS|CBC,True,0.060939060939060936,1.0,0.49406116271787914
5020,3_00603,3,age|AUS_duodenum|chem_elevated ast,age|AUS_duodenal_thickening|chem_elevated_AST,7.858742724248486,,4,108,logistic_deviance_improvement_age_linear_additive_to_joint_state,empty_joint_state;joint_state_n_lt_3;joint_state_n_lt_5;apparent_extreme_fraction_in_tiny_joint_state,demographic|AUS|chemistry,True,0.04595404595404595,1.0,0.47251396521272127
72,2_00024,2,age|CBC_no abnormalities,age|CBC_no_abnormalities,7.8584153563222685,,2,108,logistic_deviance_improvement_age_linear_additive_to_joint_state,,demographic|CBC,True,0.024975024975024976,1.0,0.42977206279958574
5022,3_00438,3,age|clinical signs_weight loss|clinical signs_hairball obstruction,age|clinical_signs_weight_loss|clinical_signs_hairball_obstruction,7.857029000402591,,4,108,logistic_deviance_improvement_age_linear_additive_to_joint_state,empty_joint_state;joint_state_n_lt_5;apparent_extreme_fraction_in_tiny_joint_state,demographic|clinical signs|clinical signs,True,0.06493506493506493,1.0,0.5000184101034648
5023,3_01046,3,age|CBC_lymphopenia|CBC_anemia,age|CBC_lymphopenia|CBC_anemia,7.856994559485258,,4,108,logistic_deviance_improvement_age_linear_additive_to_joint_state,empty_joint_state;joint_state_n_lt_5;apparent_extreme_fraction_in_tiny_joint_state,demographic|CBC|CBC,True,0.07292707292707293,1.0,0.5123760201365523
73,2_00011,2,age|clinical signs_hairball obstruction,age|clinical_signs_hairball_obstruction,7.856664008455596,,2,108,logistic_deviance_improvement_age_linear_additive_to_joint_state,joint_state_n_lt_5;apparent_extreme_fraction_in_tiny_joint_state,demographic|clinical signs,True,0.023976023976023976,1.0,0.42977206279958574
5029,3_00597,3,age|AUS_duodenum|CBC_anemia,age|AUS_duodenal_thickening|CBC_anemia,7.851326474830927,,4,108,logistic_deviance_improvement_age_linear_additive_to_joint_state,empty_joint_state;joint_state_n_lt_5,demographic|AUS|CBC,True,0.061938061938061936,1.0,0.49540026654035907
5033,3_00278,3,age|clinical signs_none|AUS_no abnormalities,age|clinical_signs_none_reported|AUS_no_abnormalities,7.849720804202761,,4,108,logistic_deviance_improvement_age_linear_additive_to_joint_state,empty_joint_state;joint_state_n_lt_5;apparent_extreme_fraction_in_tiny_joint_state,demographic|clinical signs|AUS,True,0.058941058941058944,1.0,0.4906249617282893
5034,3_00205,3,age|pli_abn|AUS_splenomegaly,age|pli_abn|AUS_splenomegaly,7.849322219392732,,4,86,logistic_deviance_improvement_age_linear_additive_to_joint_state,joint_state_n_lt_5,demographic|GI panel|AUS,True,0.15084915084915085,1.0,0.5990738873079607
5046,3_00599,3,age|AUS_duodenum|chem_hypoproteinemia,age|AUS_duodenal_thickening|chem_hypoproteinemia,7.844000642802641,,4,108,logistic_deviance_improvement_age_linear_additive_to_joint_state,empty_joint_state,demographic|AUS|chemistry,True,0.056943056943056944,1.0,0.48612545963241965
5058,3_00440,3,age|clinical signs_weight loss|AUS_no abnormalities,age|clinical_signs_weight_loss|AUS_no_abnormalities,7.836516222659583,,4,108,logistic_deviance_improvement_age_linear_additive_to_joint_state,empty_joint_state;joint_state_n_lt_5;apparent_extreme_fraction_in_tiny_joint_state,demographic|clinical signs|AUS,True,0.05194805194805195,1.0,0.4803678811460913
5067,3_01045,3,age|CBC_lymphopenia|CBC_monocytosis,age|CBC_lymphopenia|CBC_monocytosis,7.828520402220022,,4,108,logistic_deviance_improvement_age_linear_additive_to_joint_state,empty_joint_state,demographic|CBC|CBC,True,0.057942057942057944,1.0,0.4885119315274526
5111,3_00382,3,age|clinical signs_diarrhea|CBC_anemia,age|clinical_signs_diarrhea|CBC_anemia,7.82415162933772,,4,108,logistic_deviance_improvement_age_linear_additive_to_joint_state,empty_joint_state;joint_state_n_lt_5,demographic|clinical signs|CBC,True,0.06893106893106893,1.0,0.5034642652775576
5124,3_00298,3,age|clinical signs_none|CBC_monocytosis,age|clinical_signs_none_reported|CBC_monocytosis,7.81441751089541,,4,108,logistic_deviance_improvement_age_linear_additive_to_joint_state,empty_joint_state,demographic|clinical signs|CBC,True,0.06593406593406594,1.0,0.501014572957019
5140,3_00220,3,age|pli_abn|chem_hypoproteinemia,age|pli_abn|chem_hypoproteinemia,7.806817622870824,,4,86,logistic_deviance_improvement_age_linear_additive_to_joint_state,joint_state_n_lt_3;joint_state_n_lt_5;apparent_extreme_fraction_in_tiny_joint_state,demographic|GI panel|chemistry,True,0.15184815184815184,1.0,0.5990738873079607
5143,3_00048,3,age|cobalamin_low|chem_hypophosphatemia,age|cobalamin_low|chem_hypophosphatemia,7.805579218999455,,4,90,logistic_deviance_improvement_age_linear_additive_to_joint_state,joint_state_n_lt_3;joint_state_n_lt_5;apparent_extreme_fraction_in_tiny_joint_state;age_model_newton_not_fully_converged,demographic|GI panel|chemistry,True,0.0899100899100899,1.0,0.5375379337643489
5148,3_00217,3,age|pli_abn|CBC_monocytosis,age|pli_abn|CBC_monocytosis,7.802577193452976,,4,86,logistic_deviance_improvement_age_linear_additive_to_joint_state,joint_state_n_lt_5;apparent_extreme_fraction_in_tiny_joint_state,demographic|GI panel|CBC,True,0.13586413586413587,1.0,0.5910867164871741
5151,3_00346,3,age|clinical signs_vomiting|chem_elevated alt,age|clinical_signs_vomiting|chem_elevated_ALT,7.800654427018856,,4,108,logistic_deviance_improvement_age_linear_additive_to_joint_state,joint_state_n_lt_5,demographic|clinical signs|chemistry,True,0.14485514485514486,1.0,0.5936594123703415
5152,3_01095,3,age|chem_hypoproteinemia|chem_elevated alt,age|chem_hypoproteinemia|chem_elevated_ALT,7.800616890813217,,4,108,logistic_deviance_improvement_age_linear_additive_to_joint_state,empty_joint_state,demographic|chemistry|chemistry,True,0.06793206793206794,1.0,0.5017577604990192
5161,3_00361,3,age|clinical signs_diarrhea|AUS_no abnormalities,age|clinical_signs_diarrhea|AUS_no_abnormalities,7.799559147480565,,4,108,logistic_deviance_improvement_age_linear_additive_to_joint_state,empty_joint_state;joint_state_n_lt_5;apparent_extreme_fraction_in_tiny_joint_state,demographic|clinical signs|AUS,True,0.060939060939060936,1.0,0.49406116271787914
5163,3_00076,3,age|folate_high|CBC_basocytosis,age|folate_high|CBC_basocytosis,7.796809418108339,,4,90,logistic_deviance_improvement_age_linear_additive_to_joint_state,empty_joint_state;joint_state_n_lt_3;joint_state_n_lt_5;apparent_extreme_fraction_in_tiny_joint_state;age_model_newton_not_fully_converged,demographic|GI panel|CBC,True,0.04995004995004995,1.0,0.4793792779658504
5165,3_01076,3,age|CBC_monocytosis|chem_hypokalemia,age|CBC_monocytosis|chem_hypokalemia,7.79457203471118,,4,108,logistic_deviance_improvement_age_linear_additive_to_joint_state,empty_joint_state,demographic|CBC|chemistry,True,0.061938061938061936,1.0,0.49540026654035907
5166,3_00459,3,age|clinical signs_weight loss|CBC_lymphopenia,age|clinical_signs_weight_loss|CBC_lymphopenia,7.793793964068257,,4,108,logistic_deviance_improvement_age_linear_additive_to_joint_state,joint_state_n_lt_5,demographic|clinical signs|CBC,True,0.14485514485514486,1.0,0.5936594123703415
5174,3_00027,3,age|cobalamin_low|CBC_eosinopenia,age|cobalamin_low|CBC_eosinopenia,7.792200329610978,,4,90,logistic_deviance_improvement_age_linear_additive_to_joint_state,empty_joint_state;joint_state_n_lt_3;joint_state_n_lt_5;apparent_extreme_fraction_in_tiny_joint_state;age_model_newton_not_fully_converged,demographic|GI panel|CBC,True,0.04095904095904096,1.0,0.4605046047979224
5179,3_00554,3,age|AUS_no abnormalities|CBC_neutropenia,age|AUS_no_abnormalities|CBC_neutropenia,7.789536800289881,,4,108,logistic_deviance_improvement_age_linear_additive_to_joint_state,empty_joint_state;joint_state_n_lt_5;apparent_extreme_fraction_in_tiny_joint_state,demographic|AUS|CBC,True,0.060939060939060936,1.0,0.49406116271787914
77,2_00013,2,age|AUS_no abnormalities,age|AUS_no_abnormalities,7.784424326920302,,2,108,logistic_deviance_improvement_age_linear_additive_to_joint_state,joint_state_n_lt_5;apparent_extreme_fraction_in_tiny_joint_state,demographic|AUS,True,0.022977022977022976,1.0,0.42977206279958574
5201,3_00223,3,age|pli_abn|chem_elevated alt,age|pli_abn|chem_elevated_ALT,7.774455089868525,,4,86,logistic_deviance_improvement_age_linear_additive_to_joint_state,joint_state_n_lt_3;joint_state_n_lt_5;apparent_extreme_fraction_in_tiny_joint_state;age_model_newton_not_fully_converged,demographic|GI panel|chemistry,True,0.11488511488511488,1.0,0.5723783553972233
5211,3_00021,3,age|cobalamin_low|AUS_ileus,age|cobalamin_low|AUS_ileus,7.766771759640648,,4,90,logistic_deviance_improvement_age_linear_additive_to_joint_state,joint_state_n_lt_3;joint_state_n_lt_5;apparent_extreme_fraction_in_tiny_joint_state;age_model_newton_not_fully_converged,demographic|GI panel|AUS,True,0.1088911088911089,1.0,0.5611921285545574
78,2_00033,2,age|CBC_monocytosis,age|CBC_monocytosis,7.764260316720808,,2,108,logistic_deviance_improvement_age_linear_additive_to_joint_state,,demographic|CBC,True,0.022977022977022976,1.0,0.42977206279958574
79,2_00019,2,age|AUS_chronic degenerative renal changes,age|AUS_chronic_degenerative_renal_changes,7.75649361327055,,2,108,logistic_deviance_improvement_age_linear_additive_to_joint_state,,demographic|AUS,True,0.027972027972027972,1.0,0.42977206279958574
5231,3_01096,3,age|chem_hypoproteinemia|chem_elevated ast,age|chem_hypoproteinemia|chem_elevated_AST,7.753670208124973,,4,108,logistic_deviance_improvement_age_linear_additive_to_joint_state,empty_joint_state;joint_state_n_lt_3;joint_state_n_lt_5;apparent_extreme_fraction_in_tiny_joint_state,demographic|chemistry|chemistry,True,0.06793206793206794,1.0,0.5017577604990192
5240,3_00210,3,age|pli_abn|CBC_neutropenia,age|pli_abn|CBC_neutropenia,7.747439497743613,,4,86,logistic_deviance_improvement_age_linear_additive_to_joint_state,empty_joint_state;joint_state_n_lt_3;joint_state_n_lt_5;apparent_extreme_fraction_in_tiny_joint_state;age_model_newton_not_fully_converged,demographic|GI panel|CBC,True,0.06393606393606394,1.0,0.49920018379977316
80,2_00034,2,age|CBC_anemia,age|CBC_anemia,7.746112143089277,,2,108,logistic_deviance_improvement_age_linear_additive_to_joint_state,joint_state_n_lt_5;apparent_extreme_fraction_in_tiny_joint_state,demographic|CBC,True,0.025974025974025976,1.0,0.42977206279958574
5267,3_00362,3,age|clinical signs_diarrhea|AUS_duodenum,age|clinical_signs_diarrhea|AUS_duodenal_thickening,7.730139371170949,,4,108,logistic_deviance_improvement_age_linear_additive_to_joint_state,,demographic|clinical signs|AUS,True,0.13786213786213786,1.0,0.5915222218539754
5277,3_00629,3,age|AUS_jejunum|CBC_lymphopenia,age|AUS_jejunal_thickening|CBC_lymphopenia,7.727280704959753,,4,108,logistic_deviance_improvement_age_linear_additive_to_joint_state,joint_state_n_lt_5;apparent_extreme_fraction_in_tiny_joint_state,demographic|AUS|CBC,True,0.14185814185814186,1.0,0.5917084232134693
5303,3_00637,3,age|AUS_jejunum|chem_elevated ast,age|AUS_jejunal_thickening|chem_elevated_AST,7.7245550382045,,4,108,logistic_deviance_improvement_age_linear_additive_to_joint_state,empty_joint_state;joint_state_n_lt_3;joint_state_n_lt_5;apparent_extreme_fraction_in_tiny_joint_state,demographic|AUS|chemistry,True,0.055944055944055944,1.0,0.48455963171225136
5375,3_00044,3,age|cobalamin_low|chem_hyperglycemia,age|cobalamin_low|chem_hyperglycemia,7.690573426888037,,4,90,logistic_deviance_improvement_age_linear_additive_to_joint_state,empty_joint_state;joint_state_n_lt_3;joint_state_n_lt_5;apparent_extreme_fraction_in_tiny_joint_state;age_model_newton_not_fully_converged,demographic|GI panel|chemistry,True,0.04695304695304695,1.0,0.47482517482517483
5393,3_00633,3,age|AUS_jejunum|chem_hypoproteinemia,age|AUS_jejunal_thickening|chem_hypoproteinemia,7.684933964259869,,4,108,logistic_deviance_improvement_age_linear_additive_to_joint_state,empty_joint_state,demographic|AUS|chemistry,True,0.06693306693306693,1.0,0.5017577604990192
5403,3_00645,3,age|AUS_jejunum|chem_hypokalemia,age|AUS_jejunal_thickening|chem_hypokalemia,7.677379195241187,,4,108,logistic_deviance_improvement_age_linear_additive_to_joint_state,joint_state_n_lt_3;joint_state_n_lt_5;apparent_extreme_fraction_in_tiny_joint_state,demographic|AUS|chemistry,True,0.13186813186813187,1.0,0.5901781833985225
5405,3_01052,3,age|CBC_lymphopenia|chem_elevated ast,age|CBC_lymphopenia|chem_elevated_AST,7.676987903782063,,4,108,logistic_deviance_improvement_age_linear_additive_to_joint_state,empty_joint_state;joint_state_n_lt_3;joint_state_n_lt_5;apparent_extreme_fraction_in_tiny_joint_state,demographic|CBC|chemistry,True,0.06593406593406594,1.0,0.501014572957019
5406,3_00025,3,age|cobalamin_low|CBC_neutropenia,age|cobalamin_low|CBC_neutropenia,7.67675682075344,,4,90,logistic_deviance_improvement_age_linear_additive_to_joint_state,joint_state_n_lt_3;joint_state_n_lt_5;apparent_extreme_fraction_in_tiny_joint_state;age_model_newton_not_fully_converged,demographic|GI panel|CBC,True,0.0899100899100899,1.0,0.5375379337643489
5412,3_00934,3,age|CBC_neutropenia|chem_elevated alt,age|CBC_neutropenia|chem_elevated_ALT,7.668192685916722,,4,108,logistic_deviance_improvement_age_linear_additive_to_joint_state,empty_joint_state;joint_state_n_lt_5,demographic|CBC|chemistry,True,0.06393606393606394,1.0,0.49920018379977316
86,2_00039,2,age|chem_elevated alt,age|chem_elevated_ALT,7.6655751292881575,,2,108,logistic_deviance_improvement_age_linear_additive_to_joint_state,,demographic|chemistry,True,0.028971028971028972,1.0,0.42977206279958574
5418,3_00305,3,age|clinical signs_none|chem_elevated ast,age|clinical_signs_none_reported|chem_elevated_AST,7.66053831640059,,4,108,logistic_deviance_improvement_age_linear_additive_to_joint_state,empty_joint_state;joint_state_n_lt_3;joint_state_n_lt_5;apparent_extreme_fraction_in_tiny_joint_state,demographic|clinical signs|chemistry,True,0.060939060939060936,1.0,0.49406116271787914
5427,3_01048,3,age|CBC_lymphopenia|chem_hypoproteinemia,age|CBC_lymphopenia|chem_hypoproteinemia,7.655774455595804,,4,108,logistic_deviance_improvement_age_linear_additive_to_joint_state,empty_joint_state,demographic|CBC|chemistry,True,0.07492507492507493,1.0,0.5133245133245133
5441,3_00089,3,age|folate_high|chem_azotemia,age|folate_high|chem_azotemia,7.651923452826651,,4,90,logistic_deviance_improvement_age_linear_additive_to_joint_state,,demographic|GI panel|chemistry,True,0.14485514485514486,1.0,0.5936594123703415
5460,3_00441,3,age|clinical signs_weight loss|AUS_duodenum,age|clinical_signs_weight_loss|AUS_duodenal_thickening,7.645399133422956,,4,108,logistic_deviance_improvement_age_linear_additive_to_joint_state,,demographic|clinical signs|AUS,True,0.12387612387612387,1.0,0.5849808413146714
5466,3_00301,3,age|clinical signs_none|chem_hypoproteinemia,age|clinical_signs_none_reported|chem_hypoproteinemia,7.643483863057014,,4,108,logistic_deviance_improvement_age_linear_additive_to_joint_state,empty_joint_state,demographic|clinical signs|chemistry,True,0.07392607392607392,1.0,0.5133245133245133
5488,3_01146,3,age|chem_elevated ast|chem_hypokalemia,age|chem_elevated_AST|chem_hypokalemia,7.6337918053175,,4,108,logistic_deviance_improvement_age_linear_additive_to_joint_state,empty_joint_state;joint_state_n_lt_3;joint_state_n_lt_5;apparent_extreme_fraction_in_tiny_joint_state,demographic|chemistry|chemistry,True,0.07692307692307693,1.0,0.5138656143575329
5489,3_00214,3,age|pli_abn|CBC_basocytosis,age|pli_abn|CBC_basocytosis,7.632390676780247,,4,86,logistic_deviance_improvement_age_linear_additive_to_joint_state,empty_joint_state;joint_state_n_lt_3;joint_state_n_lt_5;apparent_extreme_fraction_in_tiny_joint_state;age_model_newton_not_fully_converged,demographic|GI panel|CBC,True,0.05194805194805195,1.0,0.4803678811460913
5500,3_00363,3,age|clinical signs_diarrhea|AUS_jejunum,age|clinical_signs_diarrhea|AUS_jejunal_thickening,7.617315701323932,,4,108,logistic_deviance_improvement_age_linear_additive_to_joint_state,,demographic|clinical signs|AUS,True,0.13786213786213786,1.0,0.5915222218539754
87,2_00014,2,age|AUS_duodenum,age|AUS_duodenal_thickening,7.611120497354108,,2,108,logistic_deviance_improvement_age_linear_additive_to_joint_state,,demographic|AUS,True,0.022977022977022976,1.0,0.42977206279958574
5504,3_01104,3,age|chem_hypoproteinemia|chem_hypokalemia,age|chem_hypoproteinemia|chem_hypokalemia,7.61037653673867,,4,108,logistic_deviance_improvement_age_linear_additive_to_joint_state,empty_joint_state,demographic|chemistry|chemistry,True,0.08191808191808192,1.0,0.5210527177740293
5505,3_00103,3,age|folate_low|clinical signs_weight loss,age|folate_low|clinical_signs_weight_loss,7.609397693789063,,4,90,logistic_deviance_improvement_age_linear_additive_to_joint_state,joint_state_n_lt_3;joint_state_n_lt_5;apparent_extreme_fraction_in_tiny_joint_state;age_model_newton_not_fully_converged,demographic|GI panel|clinical signs,True,0.14685314685314685,1.0,0.5950494518269454
5518,3_00317,3,age|clinical signs_vomiting|clinical signs_weight loss,age|clinical_signs_vomiting|clinical_signs_weight_loss,7.599102646882557,,4,108,logistic_deviance_improvement_age_linear_additive_to_joint_state,,demographic|clinical signs|clinical signs,True,0.12287712287712288,1.0,0.584034965034965
5522,3_00005,3,age|cobalamin_low|clinical signs_none,age|cobalamin_low|clinical_signs_none_reported,7.596333710041122,,4,90,logistic_deviance_improvement_age_linear_additive_to_joint_state,joint_state_n_lt_3;joint_state_n_lt_5;apparent_extreme_fraction_in_tiny_joint_state;age_model_newton_not_fully_converged,demographic|GI panel|clinical signs,True,0.13786213786213786,1.0,0.5915222218539754
5524,3_00088,3,age|folate_high|chem_elevated total bilirubin,age|folate_high|chem_elevated_total_bilirubin,7.595704939592238,,4,90,logistic_deviance_improvement_age_linear_additive_to_joint_state,empty_joint_state;joint_state_n_lt_3;joint_state_n_lt_5;apparent_extreme_fraction_in_tiny_joint_state;age_model_newton_not_fully_converged,demographic|GI panel|chemistry,True,0.056943056943056944,1.0,0.48612545963241965
5530,3_00313,3,age|clinical signs_none|chem_hypokalemia,age|clinical_signs_none_reported|chem_hypokalemia,7.590501109580629,,4,108,logistic_deviance_improvement_age_linear_additive_to_joint_state,joint_state_n_lt_5;apparent_extreme_fraction_in_tiny_joint_state,demographic|clinical signs|chemistry,True,0.14085914085914086,1.0,0.5917084232134693
5535,3_00023,3,age|cobalamin_low|CBC_no abnormalities,age|cobalamin_low|CBC_no_abnormalities,7.58754379810668,,4,90,logistic_deviance_improvement_age_linear_additive_to_joint_state,,demographic|GI panel|CBC,True,0.12487512487512488,1.0,0.5857700158218293
5536,3_00935,3,age|CBC_neutropenia|chem_elevated ast,age|CBC_neutropenia|chem_elevated_AST,7.585634426016668,,4,108,logistic_deviance_improvement_age_linear_additive_to_joint_state,empty_joint_state;joint_state_n_lt_3;joint_state_n_lt_5;apparent_extreme_fraction_in_tiny_joint_state,demographic|CBC|chemistry,True,0.06993006993006994,1.0,0.5045580605352902
5545,3_00467,3,age|clinical signs_weight loss|chem_elevated ast,age|clinical_signs_weight_loss|chem_elevated_AST,7.578825291484094,,4,108,logistic_deviance_improvement_age_linear_additive_to_joint_state,empty_joint_state;joint_state_n_lt_3;joint_state_n_lt_5;apparent_extreme_fraction_in_tiny_joint_state,demographic|clinical signs|chemistry,True,0.06693306693306693,1.0,0.5017577604990192
88,2_00040,2,age|chem_elevated ast,age|chem_elevated_AST,7.576763168482643,,2,108,logistic_deviance_improvement_age_linear_additive_to_joint_state,joint_state_n_lt_3;joint_state_n_lt_5;apparent_extreme_fraction_in_tiny_joint_state,demographic|chemistry,True,0.014985014985014986,1.0,0.42977206279958574
89,2_00007,2,age|clinical signs_vomiting,age|clinical_signs_vomiting,7.571963274713738,,2,108,logistic_deviance_improvement_age_linear_additive_to_joint_state,,demographic|clinical signs,True,0.030969030969030968,1.0,0.42977206279958574
90,2_00015,2,age|AUS_jejunum,age|AUS_jejunal_thickening,7.568131609847754,,2,108,logistic_deviance_improvement_age_linear_additive_to_joint_state,,demographic|AUS,True,0.029970029970029972,1.0,0.42977206279958574
5570,3_00297,3,age|clinical signs_none|CBC_lymphopenia,age|clinical_signs_none_reported|CBC_lymphopenia,7.562598537202334,,4,108,logistic_deviance_improvement_age_linear_additive_to_joint_state,empty_joint_state,demographic|clinical signs|CBC,True,0.06793206793206794,1.0,0.5017577604990192
5573,3_00931,3,age|CBC_neutropenia|chem_hypoproteinemia,age|CBC_neutropenia|chem_hypoproteinemia,7.559817907821795,,4,108,logistic_deviance_improvement_age_linear_additive_to_joint_state,empty_joint_state;joint_state_n_lt_5;apparent_extreme_fraction_in_tiny_joint_state,demographic|CBC|chemistry,True,0.08291708291708291,1.0,0.5235534973163668
92,2_00036,2,age|chem_hypoproteinemia,age|chem_hypoproteinemia,7.547858029619377,,2,108,logistic_deviance_improvement_age_linear_additive_to_joint_state,,demographic|chemistry,True,0.03196803196803197,1.0,0.42977206279958574
5601,3_00065,3,age|folate_high|AUS_chronic degenerative renal changes,age|folate_high|AUS_chronic_degenerative_renal_changes,7.538330788711036,,4,90,logistic_deviance_improvement_age_linear_additive_to_joint_state,joint_state_n_lt_3;joint_state_n_lt_5;apparent_extreme_fraction_in_tiny_joint_state;age_model_newton_not_fully_converged,demographic|GI panel|AUS,True,0.1258741258741259,1.0,0.5866925425640798
5619,3_01060,3,age|CBC_lymphopenia|chem_hypokalemia,age|CBC_lymphopenia|chem_hypokalemia,7.532721857542711,,4,108,logistic_deviance_improvement_age_linear_additive_to_joint_state,empty_joint_state,demographic|CBC|chemistry,True,0.08191808191808192,1.0,0.5210527177740293
5628,3_00061,3,age|folate_high|AUS_jejunum,age|folate_high|AUS_jejunal_thickening,7.524907893792076,,4,90,logistic_deviance_improvement_age_linear_additive_to_joint_state,,demographic|GI panel|AUS,True,0.13686313686313686,1.0,0.5915076058290425
5637,3_00067,3,age|folate_high|AUS_splenomegaly,age|folate_high|AUS_splenomegaly,7.514454542219198,,4,90,logistic_deviance_improvement_age_linear_additive_to_joint_state,,demographic|GI panel|AUS,True,0.15684315684315683,1.0,0.6044804577137843
5638,3_00396,3,age|clinical signs_diarrhea|chem_hypokalemia,age|clinical_signs_diarrhea|chem_hypokalemia,7.512075747921216,,4,108,logistic_deviance_improvement_age_linear_additive_to_joint_state,empty_joint_state,demographic|clinical signs|chemistry,True,0.07792207792207792,1.0,0.5149303251493033
5649,3_00014,3,age|cobalamin_low|AUS_jejunum,age|cobalamin_low|AUS_jejunal_thickening,7.502374049166406,,4,90,logistic_deviance_improvement_age_linear_additive_to_joint_state,,demographic|GI panel|AUS,True,0.12887112887112886,1.0,0.5881175953187475
5672,3_00114,3,age|folate_low|AUS_splenomegaly,age|folate_low|AUS_splenomegaly,7.4968678712581465,,4,90,logistic_deviance_improvement_age_linear_additive_to_joint_state,joint_state_n_lt_3;joint_state_n_lt_5;apparent_extreme_fraction_in_tiny_joint_state;age_model_newton_not_fully_converged,demographic|GI panel|AUS,True,0.12987012987012986,1.0,0.5898729056623794
5681,3_00035,3,age|cobalamin_low|chem_hypoproteinemia,age|cobalamin_low|chem_hypoproteinemia,7.489352258510792,,4,90,logistic_deviance_improvement_age_linear_additive_to_joint_state,joint_state_n_lt_3;joint_state_n_lt_5;apparent_extreme_fraction_in_tiny_joint_state,demographic|GI panel|chemistry,True,0.15984015984015984,1.0,0.6098497127997429
95,2_00032,2,age|CBC_lymphopenia,age|CBC_lymphopenia,7.473997208686015,,2,108,logistic_deviance_improvement_age_linear_additive_to_joint_state,,demographic|CBC,True,0.025974025974025976,1.0,0.42977206279958574
5713,3_00291,3,age|clinical signs_none|CBC_neutropenia,age|clinical_signs_none_reported|CBC_neutropenia,7.469438077223131,,4,108,logistic_deviance_improvement_age_linear_additive_to_joint_state,empty_joint_state;joint_state_n_lt_5;apparent_extreme_fraction_in_tiny_joint_state,demographic|clinical signs|CBC,True,0.07192807192807193,1.0,0.5096893415939261
5726,3_00226,3,age|pli_abn|chem_elevated total bilirubin,age|pli_abn|chem_elevated_total_bilirubin,7.459559800811633,,4,86,logistic_deviance_improvement_age_linear_additive_to_joint_state,empty_joint_state;joint_state_n_lt_3;joint_state_n_lt_5;apparent_extreme_fraction_in_tiny_joint_state;age_model_newton_not_fully_converged,demographic|GI panel|chemistry,True,0.059940059940059943,1.0,0.4922593605099005
97,2_00006,2,age|clinical signs_none,age|clinical_signs_none_reported,7.458359471180927,,2,108,logistic_deviance_improvement_age_linear_additive_to_joint_state,,demographic|clinical signs,True,0.027972027972027972,1.0,0.42977206279958574
5744,3_00121,3,age|folate_low|CBC_eosinopenia,age|folate_low|CBC_eosinopenia,7.457840739836499,,4,90,logistic_deviance_improvement_age_linear_additive_to_joint_state,empty_joint_state;joint_state_n_lt_3;joint_state_n_lt_5;apparent_extreme_fraction_in_tiny_joint_state;age_model_newton_not_fully_converged,demographic|GI panel|CBC,True,0.052947052947052944,1.0,0.4809504876394508
5749,3_00374,3,age|clinical signs_diarrhea|CBC_neutropenia,age|clinical_signs_diarrhea|CBC_neutropenia,7.452544469220385,,4,108,logistic_deviance_improvement_age_linear_additive_to_joint_state,empty_joint_state;joint_state_n_lt_5;apparent_extreme_fraction_in_tiny_joint_state,demographic|clinical signs|CBC,True,0.08491508491508491,1.0,0.5284470030787544
5751,3_00232,3,age|pli_abn|chem_hypokalemia,age|pli_abn|chem_hypokalemia,7.4519357182352906,,4,86,logistic_deviance_improvement_age_linear_additive_to_joint_state,joint_state_n_lt_3;joint_state_n_lt_5;apparent_extreme_fraction_in_tiny_joint_state,demographic|GI panel|chemistry,True,0.17382617382617382,1.0,0.6259059122695486
98,2_00008,2,age|clinical signs_diarrhea,age|clinical_signs_diarrhea,7.441008056860738,,2,108,logistic_deviance_improvement_age_linear_additive_to_joint_state,,demographic|clinical signs,True,0.03296703296703297,1.0,0.42977206279958574
5800,3_00190,3,age|pli_abn|clinical signs_none,age|pli_abn|clinical_signs_none_reported,7.435515897521867,,4,86,logistic_deviance_improvement_age_linear_additive_to_joint_state,joint_state_n_lt_3;joint_state_n_lt_5;apparent_extreme_fraction_in_tiny_joint_state,demographic|GI panel|clinical signs,True,0.16583416583416583,1.0,0.6183249972228203
99,2_00048,2,age|chem_hypokalemia,age|chem_hypokalemia,7.432937213325758,,2,108,logistic_deviance_improvement_age_linear_additive_to_joint_state,,demographic|chemistry,True,0.029970029970029972,1.0,0.42977206279958574
5830,3_00191,3,age|pli_abn|clinical signs_vomiting,age|pli_abn|clinical_signs_vomiting,7.418864835273965,,4,86,logistic_deviance_improvement_age_linear_additive_to_joint_state,,demographic|GI panel|clinical signs,True,0.16783216783216784,1.0,0.6201798201798202
5855,3_00206,3,age|pli_abn|AUS_ileus,age|pli_abn|AUS_ileus,7.396386566325603,,4,86,logistic_deviance_improvement_age_linear_additive_to_joint_state,empty_joint_state;joint_state_n_lt_5;apparent_extreme_fraction_in_tiny_joint_state,demographic|GI panel|AUS,True,0.08391608391608392,1.0,0.5270606499546044
100,2_00010,2,age|clinical signs_weight loss,age|clinical_signs_weight_loss,7.395101370237697,,2,108,logistic_deviance_improvement_age_linear_additive_to_joint_state,,demographic|clinical signs,True,0.027972027972027972,1.0,0.42977206279958574
101,2_00026,2,age|CBC_neutropenia,age|CBC_neutropenia,7.389923060990483,,2,108,logistic_deviance_improvement_age_linear_additive_to_joint_state,joint_state_n_lt_5;apparent_extreme_fraction_in_tiny_joint_state,demographic|CBC,True,0.027972027972027972,1.0,0.42977206279958574
5901,3_00099,3,age|folate_low|clinical signs_none,age|folate_low|clinical_signs_none_reported,7.381675641959987,,4,90,logistic_deviance_improvement_age_linear_additive_to_joint_state,joint_state_n_lt_3;joint_state_n_lt_5;apparent_extreme_fraction_in_tiny_joint_state;age_model_newton_not_fully_converged,demographic|GI panel|clinical signs,True,0.15984015984015984,1.0,0.6098497127997429
5903,3_00078,3,age|folate_high|CBC_lymphopenia,age|folate_high|CBC_lymphopenia,7.381224391112966,,4,90,logistic_deviance_improvement_age_linear_additive_to_joint_state,joint_state_n_lt_3;joint_state_n_lt_5;apparent_extreme_fraction_in_tiny_joint_state;age_model_newton_not_fully_converged,demographic|GI panel|CBC,True,0.1258741258741259,1.0,0.5866925425640798
5905,3_00199,3,age|pli_abn|AUS_jejunum,age|pli_abn|AUS_jejunal_thickening,7.380383532461252,,4,86,logistic_deviance_improvement_age_linear_additive_to_joint_state,joint_state_n_lt_5;apparent_extreme_fraction_in_tiny_joint_state,demographic|GI panel|AUS,True,0.14185814185814186,1.0,0.5917084232134693
5910,3_00038,3,age|cobalamin_low|chem_elevated alt,age|cobalamin_low|chem_elevated_ALT,7.378389972326559,,4,90,logistic_deviance_improvement_age_linear_additive_to_joint_state,joint_state_n_lt_3;joint_state_n_lt_5;apparent_extreme_fraction_in_tiny_joint_state;age_model_newton_not_fully_converged,demographic|GI panel|chemistry,True,0.1258741258741259,1.0,0.5866925425640798
5913,3_00041,3,age|cobalamin_low|chem_elevated total bilirubin,age|cobalamin_low|chem_elevated_total_bilirubin,7.3738659716831165,,4,90,logistic_deviance_improvement_age_linear_additive_to_joint_state,empty_joint_state;joint_state_n_lt_3;joint_state_n_lt_5;apparent_extreme_fraction_in_tiny_joint_state;age_model_newton_not_fully_converged,demographic|GI panel|chemistry,True,0.05194805194805195,1.0,0.4803678811460913
5916,3_00032,3,age|cobalamin_low|CBC_monocytosis,age|cobalamin_low|CBC_monocytosis,7.370762735895269,,4,90,logistic_deviance_improvement_age_linear_additive_to_joint_state,joint_state_n_lt_5;apparent_extreme_fraction_in_tiny_joint_state,demographic|GI panel|CBC,True,0.14485514485514486,1.0,0.5936594123703415
5919,3_00102,3,age|folate_low|clinical signs_hyporexia,age|folate_low|clinical_signs_hyporexia,7.369716854897973,,4,90,logistic_deviance_improvement_age_linear_additive_to_joint_state,joint_state_n_lt_3;joint_state_n_lt_5;apparent_extreme_fraction_in_tiny_joint_state;age_model_newton_not_fully_converged,demographic|GI panel|clinical signs,True,0.16283716283716285,1.0,0.6135275742885731
5960,3_00138,3,age|folate_low|chem_hyperglycemia,age|folate_low|chem_hyperglycemia,7.347810665849735,,4,90,logistic_deviance_improvement_age_linear_additive_to_joint_state,empty_joint_state;joint_state_n_lt_3;joint_state_n_lt_5;apparent_extreme_fraction_in_tiny_joint_state;age_model_newton_not_fully_converged,demographic|GI panel|chemistry,True,0.059940059940059943,1.0,0.4922593605099005
5978,3_00142,3,age|folate_low|chem_hypophosphatemia,age|folate_low|chem_hypophosphatemia,7.3373418610807875,,4,90,logistic_deviance_improvement_age_linear_additive_to_joint_state,joint_state_n_lt_3;joint_state_n_lt_5;apparent_extreme_fraction_in_tiny_joint_state;age_model_newton_not_fully_converged,demographic|GI panel|chemistry,True,0.12087912087912088,1.0,0.5816638436228414
5981,3_00216,3,age|pli_abn|CBC_lymphopenia,age|pli_abn|CBC_lymphopenia,7.336328160998406,,4,86,logistic_deviance_improvement_age_linear_additive_to_joint_state,joint_state_n_lt_3;joint_state_n_lt_5;apparent_extreme_fraction_in_tiny_joint_state;age_model_newton_not_fully_converged,demographic|GI panel|CBC,True,0.14185814185814186,1.0,0.5917084232134693
5982,3_00231,3,age|pli_abn|chem_hypercalcemia,age|pli_abn|chem_hypercalcemia,7.335724889084574,,4,86,logistic_deviance_improvement_age_linear_additive_to_joint_state,empty_joint_state;joint_state_n_lt_3;joint_state_n_lt_5;apparent_extreme_fraction_in_tiny_joint_state;age_model_newton_not_fully_converged,demographic|GI panel|chemistry,True,0.06393606393606394,1.0,0.49920018379977316
6007,3_00119,3,age|folate_low|CBC_neutropenia,age|folate_low|CBC_neutropenia,7.321229243336774,,4,90,logistic_deviance_improvement_age_linear_additive_to_joint_state,empty_joint_state;joint_state_n_lt_3;joint_state_n_lt_5;apparent_extreme_fraction_in_tiny_joint_state;age_model_newton_not_fully_converged,demographic|GI panel|CBC,True,0.07492507492507493,1.0,0.5133245133245133
6018,3_00029,3,age|cobalamin_low|CBC_basocytosis,age|cobalamin_low|CBC_basocytosis,7.317746136668148,,4,90,logistic_deviance_improvement_age_linear_additive_to_joint_state,empty_joint_state;joint_state_n_lt_3;joint_state_n_lt_5;apparent_extreme_fraction_in_tiny_joint_state;age_model_newton_not_fully_converged,demographic|GI panel|CBC,True,0.061938061938061936,1.0,0.49540026654035907
6026,3_00028,3,age|cobalamin_low|CBC_basophilia,age|cobalamin_low|CBC_basophilia,7.3129942399821175,,4,90,logistic_deviance_improvement_age_linear_additive_to_joint_state,joint_state_n_lt_3;joint_state_n_lt_5;apparent_extreme_fraction_in_tiny_joint_state,demographic|GI panel|CBC,True,0.15584415584415584,1.0,0.6031981048267694
6111,3_00047,3,age|cobalamin_low|chem_hypokalemia,age|cobalamin_low|chem_hypokalemia,7.265490616456361,,4,90,logistic_deviance_improvement_age_linear_additive_to_joint_state,joint_state_n_lt_3;joint_state_n_lt_5;apparent_extreme_fraction_in_tiny_joint_state;age_model_newton_not_fully_converged,demographic|GI panel|chemistry,True,0.15684315684315683,1.0,0.6044804577137843
6141,3_00052,3,age|folate_high|clinical signs_none,age|folate_high|clinical_signs_none_reported,7.2552356755895175,,4,90,logistic_deviance_improvement_age_linear_additive_to_joint_state,joint_state_n_lt_5,demographic|GI panel|clinical signs,True,0.16683316683316685,1.0,0.6193774981121203
6143,3_00224,3,age|pli_abn|chem_elevated ast,age|pli_abn|chem_elevated_AST,7.2542860814669154,,4,86,logistic_deviance_improvement_age_linear_additive_to_joint_state,empty_joint_state;joint_state_n_lt_3;joint_state_n_lt_5;apparent_extreme_fraction_in_tiny_joint_state,demographic|GI panel|chemistry,True,0.07392607392607392,1.0,0.5133245133245133
6159,3_00093,3,age|folate_high|chem_hypercalcemia,age|folate_high|chem_hypercalcemia,7.249450832379765,,4,90,logistic_deviance_improvement_age_linear_additive_to_joint_state,empty_joint_state;joint_state_n_lt_3;joint_state_n_lt_5;apparent_extreme_fraction_in_tiny_joint_state;age_model_newton_not_fully_converged,demographic|GI panel|chemistry,True,0.06493506493506493,1.0,0.5000184101034648
6186,3_00026,3,age|cobalamin_low|CBC_eosinophilia,age|cobalamin_low|CBC_eosinophilia,7.227262565272966,,4,90,logistic_deviance_improvement_age_linear_additive_to_joint_state,joint_state_n_lt_3;joint_state_n_lt_5;apparent_extreme_fraction_in_tiny_joint_state,demographic|GI panel|CBC,True,0.15584415584415584,1.0,0.6031981048267694
6389,3_00053,3,age|folate_high|clinical signs_vomiting,age|folate_high|clinical_signs_vomiting,7.152736989501037,,4,90,logistic_deviance_improvement_age_linear_additive_to_joint_state,,demographic|GI panel|clinical signs,True,0.14385614385614387,1.0,0.5931453062227299
6531,3_00094,3,age|folate_high|chem_hypokalemia,age|folate_high|chem_hypokalemia,7.111053328115119,,4,90,logistic_deviance_improvement_age_linear_additive_to_joint_state,joint_state_n_lt_3;joint_state_n_lt_5;apparent_extreme_fraction_in_tiny_joint_state,demographic|GI panel|chemistry,True,0.18681318681318682,1.0,0.6335519635555311
6534,3_00056,3,age|folate_high|clinical signs_weight loss,age|folate_high|clinical_signs_weight_loss,7.109431652983119,,4,90,logistic_deviance_improvement_age_linear_additive_to_joint_state,,demographic|GI panel|clinical signs,True,0.15084915084915085,1.0,0.5990738873079607
6537,3_00018,3,age|cobalamin_low|AUS_chronic degenerative renal changes,age|cobalamin_low|AUS_chronic_degenerative_renal_changes,7.103212653298925,,4,90,logistic_deviance_improvement_age_linear_additive_to_joint_state,,demographic|GI panel|AUS,True,0.17182817182817184,1.0,0.6245072075697196
6577,3_00192,3,age|pli_abn|clinical signs_diarrhea,age|pli_abn|clinical_signs_diarrhea,7.075436234525455,,4,86,logistic_deviance_improvement_age_linear_additive_to_joint_state,joint_state_n_lt_3;joint_state_n_lt_5;apparent_extreme_fraction_in_tiny_joint_state,demographic|GI panel|clinical signs,True,0.16083916083916083,1.0,0.6110859564096973
6591,3_00054,3,age|folate_high|clinical signs_diarrhea,age|folate_high|clinical_signs_diarrhea,7.070556336614345,,4,90,logistic_deviance_improvement_age_linear_additive_to_joint_state,,demographic|GI panel|clinical signs,True,0.1838161838161838,1.0,0.6304732611786553
6604,3_00046,3,age|cobalamin_low|chem_hypercalcemia,age|cobalamin_low|chem_hypercalcemia,7.06349185045039,,4,90,logistic_deviance_improvement_age_linear_additive_to_joint_state,empty_joint_state;joint_state_n_lt_3;joint_state_n_lt_5;apparent_extreme_fraction_in_tiny_joint_state;age_model_newton_not_fully_converged,demographic|GI panel|chemistry,True,0.06693306693306693,1.0,0.5017577604990192
6655,3_00108,3,age|folate_low|AUS_jejunum,age|folate_low|AUS_jejunal_thickening,7.043371936607031,,4,90,logistic_deviance_improvement_age_linear_additive_to_joint_state,joint_state_n_lt_3;joint_state_n_lt_5;apparent_extreme_fraction_in_tiny_joint_state;age_model_newton_not_fully_converged,demographic|GI panel|AUS,True,0.14985014985014986,1.0,0.5986448936648558
6661,3_00211,3,age|pli_abn|CBC_eosinophilia,age|pli_abn|CBC_eosinophilia,7.039736173583776,,4,86,logistic_deviance_improvement_age_linear_additive_to_joint_state,joint_state_n_lt_3;joint_state_n_lt_5;apparent_extreme_fraction_in_tiny_joint_state,demographic|GI panel|CBC,True,0.1918081918081918,1.0,0.6361928371698086
6683,3_00070,3,age|folate_high|CBC_no abnormalities,age|folate_high|CBC_no_abnormalities,7.024969647941148,,4,90,logistic_deviance_improvement_age_linear_additive_to_joint_state,,demographic|GI panel|CBC,True,0.16183816183816183,1.0,0.6123118672372403
6686,3_00060,3,age|folate_high|AUS_duodenum,age|folate_high|AUS_duodenal_thickening,7.023566497554924,,4,90,logistic_deviance_improvement_age_linear_additive_to_joint_state,,demographic|GI panel|AUS,True,0.16883116883116883,1.0,0.6210948494230228
6705,3_00100,3,age|folate_low|clinical signs_vomiting,age|folate_low|clinical_signs_vomiting,7.013303227791042,,4,90,logistic_deviance_improvement_age_linear_additive_to_joint_state,joint_state_n_lt_3;joint_state_n_lt_5;apparent_extreme_fraction_in_tiny_joint_state;age_model_newton_not_fully_converged,demographic|GI panel|clinical signs,True,0.16383616383616384,1.0,0.61497594212303
6727,3_00198,3,age|pli_abn|AUS_duodenum,age|pli_abn|AUS_duodenal_thickening,6.994661298661441,,4,86,logistic_deviance_improvement_age_linear_additive_to_joint_state,joint_state_n_lt_3;joint_state_n_lt_5;apparent_extreme_fraction_in_tiny_joint_state,demographic|GI panel|AUS,True,0.1838161838161838,1.0,0.6304732611786553
6739,3_00125,3,age|folate_low|CBC_lymphopenia,age|folate_low|CBC_lymphopenia,6.989131118164394,,4,90,logistic_deviance_improvement_age_linear_additive_to_joint_state,joint_state_n_lt_3;joint_state_n_lt_5;apparent_extreme_fraction_in_tiny_joint_state;age_model_newton_not_fully_converged,demographic|GI panel|CBC,True,0.1888111888111888,1.0,0.6337708901268223
6744,3_00195,3,age|pli_abn|clinical signs_hairball obstruction,age|pli_abn|clinical_signs_hairball_obstruction,6.988045936257009,,4,86,logistic_deviance_improvement_age_linear_additive_to_joint_state,empty_joint_state;joint_state_n_lt_3;joint_state_n_lt_5;apparent_extreme_fraction_in_tiny_joint_state,demographic|GI panel|clinical signs,True,0.0899100899100899,1.0,0.5375379337643489
6776,3_00141,3,age|folate_low|chem_hypokalemia,age|folate_low|chem_hypokalemia,6.969326152098304,,4,90,logistic_deviance_improvement_age_linear_additive_to_joint_state,joint_state_n_lt_3;joint_state_n_lt_5;apparent_extreme_fraction_in_tiny_joint_state;age_model_newton_not_fully_converged,demographic|GI panel|chemistry,True,0.1878121878121878,1.0,0.6337708901268223
6783,3_00123,3,age|folate_low|CBC_basocytosis,age|folate_low|CBC_basocytosis,6.963801302996103,,4,90,logistic_deviance_improvement_age_linear_additive_to_joint_state,empty_joint_state;joint_state_n_lt_3;joint_state_n_lt_5;apparent_extreme_fraction_in_tiny_joint_state;age_model_newton_not_fully_converged,demographic|GI panel|CBC,True,0.06893106893106893,1.0,0.5034642652775576
6806,3_00020,3,age|cobalamin_low|AUS_splenomegaly,age|cobalamin_low|AUS_splenomegaly,6.9490553598094635,,4,90,logistic_deviance_improvement_age_linear_additive_to_joint_state,,demographic|GI panel|AUS,True,0.17682317682317683,1.0,0.627576618666279
6861,3_00097,3,age|folate_low|pli_abn,age|folate_low|pli_abn,6.906793726433463,,4,86,logistic_deviance_improvement_age_linear_additive_to_joint_state,empty_joint_state,demographic|GI panel|GI panel,True,0.09490509490509491,1.0,0.545611026409333
137,2_00004,2,age|pli_abn,age|pli_abn,6.899126314466116,,2,86,logistic_deviance_improvement_age_linear_additive_to_joint_state,,demographic|GI panel,True,0.03496503496503497,1.0,0.42977206279958574
6927,3_00225,3,age|pli_abn|chem_elevated alp,age|pli_abn|chem_elevated_ALP,6.899126314466116,,4,86,logistic_deviance_improvement_age_linear_additive_to_joint_state,empty_joint_state,demographic|GI panel|chemistry,True,0.03496503496503497,1.0,0.4587682848552414
6928,3_00230,3,age|pli_abn|chem_hypercholesterolemia,age|pli_abn|chem_hypercholesterolemia,6.899126314466116,,4,86,logistic_deviance_improvement_age_linear_additive_to_joint_state,empty_joint_state,demographic|GI panel|chemistry,True,0.03496503496503497,1.0,0.4587682848552414
6963,3_00109,3,age|folate_low|AUS_ileum,age|folate_low|AUS_ileal_thickening,6.880518765533836,,4,90,logistic_deviance_improvement_age_linear_additive_to_joint_state,joint_state_n_lt_3;joint_state_n_lt_5;apparent_extreme_fraction_in_tiny_joint_state;age_model_newton_not_fully_converged,demographic|GI panel|AUS,True,0.17482517482517482,1.0,0.6265365172056971
6976,3_00006,3,age|cobalamin_low|clinical signs_vomiting,age|cobalamin_low|clinical_signs_vomiting,6.873763668035508,,4,90,logistic_deviance_improvement_age_linear_additive_to_joint_state,,demographic|GI panel|clinical signs,True,0.16883116883116883,1.0,0.6210948494230228
7084,3_00092,3,age|folate_high|chem_hypercholesterolemia,age|folate_high|chem_hypercholesterolemia,6.8163083938579945,,4,90,logistic_deviance_improvement_age_linear_additive_to_joint_state,empty_joint_state,demographic|GI panel|chemistry,True,0.03996003996003996,1.0,0.4605046047979224
139,2_00001,2,age|folate_high,age|folate_high,6.8163083938579945,,2,90,logistic_deviance_improvement_age_linear_additive_to_joint_state,,demographic|GI panel,True,0.03996003996003996,1.0,0.4402740117025831
7095,3_00122,3,age|folate_low|CBC_basophilia,age|folate_low|CBC_basophilia,6.80765928845949,,4,90,logistic_deviance_improvement_age_linear_additive_to_joint_state,empty_joint_state,demographic|GI panel|CBC,True,0.10989010989010989,1.0,0.5629832307277739
7113,3_00132,3,age|folate_low|chem_elevated alt,age|folate_low|chem_elevated_ALT,6.8027589833779984,,4,90,logistic_deviance_improvement_age_linear_additive_to_joint_state,joint_state_n_lt_3;joint_state_n_lt_5;apparent_extreme_fraction_in_tiny_joint_state;age_model_newton_not_fully_converged,demographic|GI panel|chemistry,True,0.18081918081918083,1.0,0.6295063661846303
7133,3_00120,3,age|folate_low|CBC_eosinophilia,age|folate_low|CBC_eosinophilia,6.786199132553463,,4,90,logistic_deviance_improvement_age_linear_additive_to_joint_state,empty_joint_state,demographic|GI panel|CBC,True,0.1068931068931069,1.0,0.5592327320450601
7136,3_00135,3,age|folate_low|chem_elevated total bilirubin,age|folate_low|chem_elevated_total_bilirubin,6.785491847194493,,4,90,logistic_deviance_improvement_age_linear_additive_to_joint_state,empty_joint_state;joint_state_n_lt_3;joint_state_n_lt_5;apparent_extreme_fraction_in_tiny_joint_state;age_model_newton_not_fully_converged,demographic|GI panel|chemistry,True,0.07492507492507493,1.0,0.5133245133245133
7145,3_00140,3,age|folate_low|chem_hypercalcemia,age|folate_low|chem_hypercalcemia,6.776791687412725,,4,90,logistic_deviance_improvement_age_linear_additive_to_joint_state,empty_joint_state;joint_state_n_lt_3;joint_state_n_lt_5;apparent_extreme_fraction_in_tiny_joint_state;age_model_newton_not_fully_converged,demographic|GI panel|chemistry,True,0.08291708291708291,1.0,0.5235534973163668
7230,3_00039,3,age|cobalamin_low|chem_elevated ast,age|cobalamin_low|chem_elevated_AST,6.732886984304159,,4,90,logistic_deviance_improvement_age_linear_additive_to_joint_state,empty_joint_state;joint_state_n_lt_3;joint_state_n_lt_5;apparent_extreme_fraction_in_tiny_joint_state,demographic|GI panel|chemistry,True,0.0999000999000999,1.0,0.5522828436466122
7281,3_00012,3,age|cobalamin_low|AUS_no abnormalities,age|cobalamin_low|AUS_no_abnormalities,6.703214937995483,,4,90,logistic_deviance_improvement_age_linear_additive_to_joint_state,empty_joint_state;joint_state_n_lt_5,demographic|GI panel|AUS,True,0.1068931068931069,1.0,0.5592327320450601
7306,3_00007,3,age|cobalamin_low|clinical signs_diarrhea,age|cobalamin_low|clinical_signs_diarrhea,6.690458331213023,,4,90,logistic_deviance_improvement_age_linear_additive_to_joint_state,,demographic|GI panel|clinical signs,True,0.17482517482517482,1.0,0.6265365172056971
7312,3_00129,3,age|folate_low|chem_hypoproteinemia,age|folate_low|chem_hypoproteinemia,6.685988304457695,,4,90,logistic_deviance_improvement_age_linear_additive_to_joint_state,empty_joint_state,demographic|GI panel|chemistry,True,0.10789210789210789,1.0,0.5595321209069163
7484,3_00136,3,age|folate_low|chem_azotemia,age|folate_low|chem_azotemia,6.600283278095134,,4,90,logistic_deviance_improvement_age_linear_additive_to_joint_state,empty_joint_state,demographic|GI panel|chemistry,True,0.1088911088911089,1.0,0.5611921285545574
7495,3_00045,3,age|cobalamin_low|chem_hypercholesterolemia,age|cobalamin_low|chem_hypercholesterolemia,6.596145301622144,,4,90,logistic_deviance_improvement_age_linear_additive_to_joint_state,empty_joint_state,demographic|GI panel|chemistry,True,0.04095904095904096,1.0,0.4605046047979224
154,2_00000,2,age|cobalamin_low,age|cobalamin_low,6.596145301622144,,2,90,logistic_deviance_improvement_age_linear_additive_to_joint_state,,demographic|GI panel,True,0.04095904095904096,1.0,0.4433636538899697
7677,3_00107,3,age|folate_low|AUS_duodenum,age|folate_low|AUS_duodenal_thickening,6.499848438228511,,4,90,logistic_deviance_improvement_age_linear_additive_to_joint_state,joint_state_n_lt_3;joint_state_n_lt_5;apparent_extreme_fraction_in_tiny_joint_state;age_model_newton_not_fully_converged,demographic|GI panel|AUS,True,0.16583416583416583,1.0,0.6183249972228203
7808,3_00115,3,age|folate_low|AUS_ileus,age|folate_low|AUS_ileus,6.453874275048378,,4,90,logistic_deviance_improvement_age_linear_additive_to_joint_state,empty_joint_state;joint_state_n_lt_5;apparent_extreme_fraction_in_tiny_joint_state,demographic|GI panel|AUS,True,0.12287712287712288,1.0,0.584034965034965
7874,3_00126,3,age|folate_low|CBC_monocytosis,age|folate_low|CBC_monocytosis,6.4315868707263775,,4,90,logistic_deviance_improvement_age_linear_additive_to_joint_state,empty_joint_state,demographic|GI panel|CBC,True,0.11188811188811189,1.0,0.5658996496985325
7882,3_00112,3,age|folate_low|AUS_chronic degenerative renal changes,age|folate_low|AUS_chronic_degenerative_renal_changes,6.427393730215471,,4,90,logistic_deviance_improvement_age_linear_additive_to_joint_state,empty_joint_state,demographic|GI panel|AUS,True,0.11988011988011989,1.0,0.5802344295215985
8175,3_00106,3,age|folate_low|AUS_no abnormalities,age|folate_low|AUS_no_abnormalities,6.2676006406575056,,4,90,logistic_deviance_improvement_age_linear_additive_to_joint_state,empty_joint_state;joint_state_n_lt_5;apparent_extreme_fraction_in_tiny_joint_state,demographic|GI panel|AUS,True,0.15084915084915085,1.0,0.5990738873079607
8219,3_00104,3,age|folate_low|clinical signs_hairball obstruction,age|folate_low|clinical_signs_hairball_obstruction,6.238336332883762,,4,90,logistic_deviance_improvement_age_linear_additive_to_joint_state,empty_joint_state;joint_state_n_lt_3;joint_state_n_lt_5;apparent_extreme_fraction_in_tiny_joint_state,demographic|GI panel|clinical signs,True,0.13586413586413587,1.0,0.5910867164871741
8287,3_00101,3,age|folate_low|clinical signs_diarrhea,age|folate_low|clinical_signs_diarrhea,6.223452854765796,,4,90,logistic_deviance_improvement_age_linear_additive_to_joint_state,empty_joint_state,demographic|GI panel|clinical signs,True,0.12487512487512488,1.0,0.5857700158218293
191,2_00002,2,age|folate_low,age|folate_low,6.205208241003135,,2,90,logistic_deviance_improvement_age_linear_additive_to_joint_state,,demographic|GI panel,True,0.04995004995004995,1.0,0.48362406823945286
8315,3_00139,3,age|folate_low|chem_hypercholesterolemia,age|folate_low|chem_hypercholesterolemia,6.205208241003135,,4,90,logistic_deviance_improvement_age_linear_additive_to_joint_state,empty_joint_state,demographic|GI panel|chemistry,True,0.04995004995004995,1.0,0.4793792779658504
