rank_by_association_statistic,candidate_id,combination_size,variables,display_variables,association_statistic,mutual_information_nats,degrees_of_freedom,usable_n,statistic_type,sparse_warnings,sources,contains_age,raw_empirical_p_value,search_adjusted_empirical_p_value,bh_fdr_q_value,modality_group,within_or_cross_modality,rank_within_modality_group
1,2_00025,2,age|CBC_neutrophilia,age|CBC_neutrophilia,13.664060442359684,,2,108,logistic_deviance_improvement_age_linear_additive_to_joint_state,joint_state_n_lt_3;joint_state_n_lt_5;apparent_extreme_fraction_in_tiny_joint_state;age_model_newton_not_fully_converged,demographic|CBC,True,0.001998001998001998,0.7742257742257742,0.42977206279958574,cross_CBC_plus_demographic,cross,1
2,2_00292,2,breed_group|AUS_duodenum,breed_group|AUS_duodenal_thickening,13.446008571786393,0.06225003968419626,7,108,contingency_likelihood_ratio_G,joint_state_n_lt_3;joint_state_n_lt_5;apparent_extreme_fraction_in_tiny_joint_state,demographic|AUS,False,0.08791208791208792,0.8011988011988012,0.5759650185879694,cross_AUS_plus_demographic,cross,1
3,2_00101,2,folate_high|breed_group,folate_high|breed_group,12.177310457450519,0.06765172476361399,7,90,contingency_likelihood_ratio_G,joint_state_n_lt_3;joint_state_n_lt_5;apparent_extreme_fraction_in_tiny_joint_state,GI panel|demographic,False,0.14185814185814186,0.919080919080919,0.5822516245969015,cross_GI_panel_plus_demographic,cross,1
4,2_00037,2,age|chem_hyperproteinemia,age|chem_hyperproteinemia,12.12030881962005,,2,108,logistic_deviance_improvement_age_linear_additive_to_joint_state,age_model_newton_not_fully_converged,demographic|chemistry,True,0.002997002997002997,0.922077922077922,0.42977206279958574,cross_chemistry_plus_demographic,cross,1
5,2_00287,2,breed_group|clinical signs_hyporexia,breed_group|clinical_signs_hyporexia,11.810940896236302,0.054680281927019916,7,108,contingency_likelihood_ratio_G,joint_state_n_lt_3;joint_state_n_lt_5;apparent_extreme_fraction_in_tiny_joint_state,demographic|clinical signs,False,0.16783216783216784,0.945054945054945,0.6109288941147348,cross_clinical_signs_plus_demographic,cross,1
6,2_00859,2,AUS_splenomegaly|CBC_basophilia,AUS_splenomegaly|CBC_basophilia,11.751496409004933,0.05440507596761543,3,108,contingency_likelihood_ratio_G,joint_state_n_lt_3;joint_state_n_lt_5;apparent_extreme_fraction_in_tiny_joint_state,AUS|CBC,False,0.00999000999000999,0.948051948051948,0.42977206279958574,cross_AUS_plus_CBC,cross,1
7,2_00044,2,age|chem_discordantly elevated bun,age|chem_discordantly_elevated_BUN,11.70754405151186,,2,108,logistic_deviance_improvement_age_linear_additive_to_joint_state,joint_state_n_lt_3;joint_state_n_lt_5;apparent_extreme_fraction_in_tiny_joint_state;age_model_newton_not_fully_converged,demographic|chemistry,True,0.001998001998001998,0.9530469530469531,0.42977206279958574,cross_chemistry_plus_demographic,cross,2
8,2_00005,2,age|breed_group,age|breed_group,11.30327398433785,,4,108,logistic_deviance_improvement_age_linear_additive_to_joint_state,,demographic|demographic,True,0.03496503496503497,0.97002997002997,0.42977206279958574,within_demographic,within,1
9,2_00218,2,tli_high|CBC_basophilia,tli_high|CBC_basophilia,11.23296891363583,0.06455729260710247,3,87,contingency_likelihood_ratio_G,joint_state_n_lt_3;joint_state_n_lt_5;apparent_extreme_fraction_in_tiny_joint_state,GI panel|CBC,False,0.005994005994005994,0.9760239760239761,0.42977206279958574,cross_CBC_plus_GI_panel,cross,1
10,2_00827,2,AUS_enlarged pancreas|CBC_neutrophilia,AUS_enlarged_pancreas|CBC_neutrophilia,11.174694407623493,0.051734696331590245,3,108,contingency_likelihood_ratio_G,joint_state_n_lt_3;joint_state_n_lt_5;apparent_extreme_fraction_in_tiny_joint_state,AUS|CBC,False,0.001998001998001998,0.978021978021978,0.42977206279958574,cross_AUS_plus_CBC,cross,2
11,2_00020,2,age|AUS_enlarged pancreas,age|AUS_enlarged_pancreas,11.030934088842486,,2,108,logistic_deviance_improvement_age_linear_additive_to_joint_state,,demographic|AUS,True,0.002997002997002997,0.9820179820179821,0.42977206279958574,cross_AUS_plus_demographic,cross,2
12,2_00298,2,breed_group|AUS_enlarged pancreas,breed_group|AUS_enlarged_pancreas,10.765123248659682,0.04983853355860964,7,108,contingency_likelihood_ratio_G,joint_state_n_lt_3;joint_state_n_lt_5;apparent_extreme_fraction_in_tiny_joint_state,demographic|AUS,False,0.21578421578421578,0.987012987012987,0.6526414761708879,cross_AUS_plus_demographic,cross,3
13,2_00214,2,tli_high|CBC_neutrophilia,tli_high|CBC_neutrophilia,10.700841069983188,0.06149908660909878,3,87,contingency_likelihood_ratio_G,joint_state_n_lt_3;joint_state_n_lt_5;apparent_extreme_fraction_in_tiny_joint_state,GI panel|CBC,False,0.006993006993006993,0.987012987012987,0.42977206279958574,cross_CBC_plus_GI_panel,cross,2
14,2_00194,2,tli_high|breed_group,tli_high|breed_group,10.694333081934083,0.061461684378931514,7,87,contingency_likelihood_ratio_G,joint_state_n_lt_3;joint_state_n_lt_5;apparent_extreme_fraction_in_tiny_joint_state,GI panel|demographic,False,0.22877122877122877,0.987012987012987,0.6658106044898497,cross_GI_panel_plus_demographic,cross,2
15,2_00915,2,AUS_gall bladder sludge|CBC_lymphopenia,AUS_gall_bladder_sludge|CBC_lymphopenia,10.677636360859257,0.049433501670644704,3,108,contingency_likelihood_ratio_G,joint_state_n_lt_3;joint_state_n_lt_5;apparent_extreme_fraction_in_tiny_joint_state,AUS|CBC,False,0.015984015984015984,0.988011988011988,0.42977206279958574,cross_AUS_plus_CBC,cross,3
16,2_00839,2,AUS_enlarged pancreas|chem_hyperproteinemia,AUS_enlarged_pancreas|chem_hyperproteinemia,10.598085273851932,0.04906520960116635,3,108,contingency_likelihood_ratio_G,joint_state_n_lt_3;joint_state_n_lt_5;apparent_extreme_fraction_in_tiny_joint_state,AUS|chemistry,False,0.011988011988011988,0.991008991008991,0.42977206279958574,cross_AUS_plus_chemistry,cross,1
17,2_00038,2,age|chem_decreased alt,age|chem_decreased_ALT,10.563002273101532,,2,108,logistic_deviance_improvement_age_linear_additive_to_joint_state,joint_state_n_lt_3;joint_state_n_lt_5;apparent_extreme_fraction_in_tiny_joint_state;age_model_newton_not_fully_converged,demographic|chemistry,True,0.004995004995004995,0.9920079920079921,0.42977206279958574,cross_chemistry_plus_demographic,cross,3
18,2_00009,2,age|clinical signs_hyporexia,age|clinical_signs_hyporexia,9.990333682109522,,2,108,logistic_deviance_improvement_age_linear_additive_to_joint_state,,demographic|clinical signs,True,0.013986013986013986,0.997002997002997,0.42977206279958574,cross_clinical_signs_plus_demographic,cross,2
19,2_00959,2,CBC_neutrophilia|chem_hyperproteinemia,CBC_neutrophilia|chem_hyperproteinemia,9.948374041638502,0.046057287229807876,2,108,contingency_likelihood_ratio_G,empty_joint_state;joint_state_n_lt_3;joint_state_n_lt_5;apparent_extreme_fraction_in_tiny_joint_state,CBC|chemistry,False,0.01998001998001998,0.997002997002997,0.42977206279958574,cross_CBC_plus_chemistry,cross,1
20,2_01156,2,chem_hyperproteinemia|chem_decreased alt,chem_hyperproteinemia|chem_decreased_ALT,9.948374041638502,0.046057287229807876,2,108,contingency_likelihood_ratio_G,empty_joint_state;joint_state_n_lt_3;joint_state_n_lt_5;apparent_extreme_fraction_in_tiny_joint_state,chemistry|chemistry,False,0.011988011988011988,0.997002997002997,0.42977206279958574,within_chemistry,within,1
21,2_01162,2,chem_hyperproteinemia|chem_discordantly elevated bun,chem_hyperproteinemia|chem_discordantly_elevated_BUN,9.948374041638502,0.046057287229807876,2,108,contingency_likelihood_ratio_G,empty_joint_state;joint_state_n_lt_3;joint_state_n_lt_5;apparent_extreme_fraction_in_tiny_joint_state,chemistry|chemistry,False,0.014985014985014986,0.997002997002997,0.42977206279958574,within_chemistry,within,2
22,2_01163,2,chem_hyperproteinemia|chem_hyperglycemia,chem_hyperproteinemia|chem_hyperglycemia,9.948374041638502,0.046057287229807876,2,108,contingency_likelihood_ratio_G,empty_joint_state;joint_state_n_lt_3;joint_state_n_lt_5;apparent_extreme_fraction_in_tiny_joint_state,chemistry|chemistry,False,0.012987012987012988,0.997002997002997,0.42977206279958574,within_chemistry,within,3
23,2_00041,2,age|chem_elevated alp,age|chem_elevated_ALP,9.926895072634593,,2,108,logistic_deviance_improvement_age_linear_additive_to_joint_state,joint_state_n_lt_3;joint_state_n_lt_5;apparent_extreme_fraction_in_tiny_joint_state;age_model_newton_not_fully_converged,demographic|chemistry,True,0.005994005994005994,0.997002997002997,0.42977206279958574,cross_chemistry_plus_demographic,cross,4
24,2_00829,2,AUS_enlarged pancreas|CBC_eosinophilia,AUS_enlarged_pancreas|CBC_eosinophilia,9.910530181675666,0.04588208417442438,3,108,contingency_likelihood_ratio_G,joint_state_n_lt_3;joint_state_n_lt_5;apparent_extreme_fraction_in_tiny_joint_state,AUS|CBC,False,0.01998001998001998,0.998001998001998,0.42977206279958574,cross_AUS_plus_CBC,cross,4
25,2_00031,2,age|CBC_lymphocytosis,age|CBC_lymphocytosis,9.901722070028256,,2,108,logistic_deviance_improvement_age_linear_additive_to_joint_state,joint_state_n_lt_3;joint_state_n_lt_5;apparent_extreme_fraction_in_tiny_joint_state;age_model_newton_not_fully_converged,demographic|CBC,True,0.008991008991008992,0.998001998001998,0.42977206279958574,cross_CBC_plus_demographic,cross,2
26,2_00045,2,age|chem_hyperglycemia,age|chem_hyperglycemia,9.753164707207489,,2,108,logistic_deviance_improvement_age_linear_additive_to_joint_state,joint_state_n_lt_3;joint_state_n_lt_5;apparent_extreme_fraction_in_tiny_joint_state;age_model_newton_not_fully_converged,demographic|chemistry,True,0.005994005994005994,0.998001998001998,0.42977206279958574,cross_chemistry_plus_demographic,cross,5
27,2_00667,2,AUS_jejunum|AUS_enlarged pancreas,AUS_jejunal_thickening|AUS_enlarged_pancreas,9.665556534869342,0.0447479469206914,3,108,contingency_likelihood_ratio_G,,AUS|AUS,False,0.02197802197802198,0.998001998001998,0.42977206279958574,within_AUS,within,1
28,2_00966,2,CBC_neutrophilia|chem_discordantly elevated bun,CBC_neutrophilia|chem_discordantly_elevated_BUN,9.586365263256297,0.044381320663223596,2,108,contingency_likelihood_ratio_G,empty_joint_state;joint_state_n_lt_3;joint_state_n_lt_5;apparent_extreme_fraction_in_tiny_joint_state,CBC|chemistry,False,0.011988011988011988,0.999000999000999,0.42977206279958574,cross_CBC_plus_chemistry,cross,2
29,2_00967,2,CBC_neutrophilia|chem_hyperglycemia,CBC_neutrophilia|chem_hyperglycemia,9.586365263256297,0.044381320663223596,2,108,contingency_likelihood_ratio_G,empty_joint_state;joint_state_n_lt_3;joint_state_n_lt_5;apparent_extreme_fraction_in_tiny_joint_state,CBC|chemistry,False,0.00999000999000999,0.999000999000999,0.42977206279958574,cross_CBC_plus_chemistry,cross,3
30,2_01173,2,chem_decreased alt|chem_discordantly elevated bun,chem_decreased_ALT|chem_discordantly_elevated_BUN,9.586365263256297,0.044381320663223596,2,108,contingency_likelihood_ratio_G,empty_joint_state;joint_state_n_lt_3;joint_state_n_lt_5;apparent_extreme_fraction_in_tiny_joint_state,chemistry|chemistry,False,0.008991008991008992,0.999000999000999,0.42977206279958574,within_chemistry,within,4
31,2_01174,2,chem_decreased alt|chem_hyperglycemia,chem_decreased_ALT|chem_hyperglycemia,9.586365263256297,0.044381320663223596,2,108,contingency_likelihood_ratio_G,empty_joint_state;joint_state_n_lt_3;joint_state_n_lt_5;apparent_extreme_fraction_in_tiny_joint_state,chemistry|chemistry,False,0.005994005994005994,0.999000999000999,0.42977206279958574,within_chemistry,within,5
32,2_01219,2,chem_discordantly elevated bun|chem_hyperglycemia,chem_discordantly_elevated_BUN|chem_hyperglycemia,9.586365263256297,0.044381320663223596,2,108,contingency_likelihood_ratio_G,empty_joint_state;joint_state_n_lt_3;joint_state_n_lt_5;apparent_extreme_fraction_in_tiny_joint_state,chemistry|chemistry,False,0.004995004995004995,0.999000999000999,0.42977206279958574,within_chemistry,within,6
33,2_00035,2,age|chem_no abnormalities,age|chem_no_abnormalities,9.516204881422297,,2,108,logistic_deviance_improvement_age_linear_additive_to_joint_state,,demographic|chemistry,True,0.007992007992007992,0.999000999000999,0.42977206279958574,cross_chemistry_plus_demographic,cross,6
34,2_00300,2,breed_group|AUS_ileus,breed_group|AUS_ileus,9.431241123068144,0.0436631533475377,6,108,contingency_likelihood_ratio_G,joint_state_n_lt_3;joint_state_n_lt_5;apparent_extreme_fraction_in_tiny_joint_state,demographic|AUS,False,0.23276723276723277,0.999000999000999,0.6708547266686802,cross_AUS_plus_demographic,cross,4
35,2_00504,2,clinical signs_weight loss|CBC_eosinophilia,clinical_signs_weight_loss|CBC_eosinophilia,9.33182672030754,0.04320290148290527,3,108,contingency_likelihood_ratio_G,joint_state_n_lt_3;joint_state_n_lt_5;apparent_extreme_fraction_in_tiny_joint_state,clinical signs|CBC,False,0.026973026973026972,1.0,0.42977206279958574,cross_CBC_plus_clinical_signs,cross,1
36,2_00018,2,age|AUS_mesenteric lymphadenopathy,age|AUS_mesenteric_lymphadenopathy,9.269950037152412,,2,108,logistic_deviance_improvement_age_linear_additive_to_joint_state,,demographic|AUS,True,0.013986013986013986,1.0,0.42977206279958574,cross_AUS_plus_demographic,cross,5
37,2_00054,2,cobalamin_low|breed_group,cobalamin_low|breed_group,9.228806403738837,0.05127114668743798,7,90,contingency_likelihood_ratio_G,joint_state_n_lt_3;joint_state_n_lt_5;apparent_extreme_fraction_in_tiny_joint_state,GI panel|demographic,False,0.33466533466533466,1.0,0.7921584119302751,cross_GI_panel_plus_demographic,cross,3
38,2_00840,2,AUS_enlarged pancreas|chem_decreased alt,AUS_enlarged_pancreas|chem_decreased_ALT,9.171000066084847,0.0424583336392817,2,108,contingency_likelihood_ratio_G,empty_joint_state;joint_state_n_lt_3;joint_state_n_lt_5;apparent_extreme_fraction_in_tiny_joint_state,AUS|chemistry,False,0.006993006993006993,1.0,0.42977206279958574,cross_AUS_plus_chemistry,cross,2
39,2_00846,2,AUS_enlarged pancreas|chem_discordantly elevated bun,AUS_enlarged_pancreas|chem_discordantly_elevated_BUN,9.171000066084847,0.0424583336392817,2,108,contingency_likelihood_ratio_G,empty_joint_state;joint_state_n_lt_3;joint_state_n_lt_5;apparent_extreme_fraction_in_tiny_joint_state,AUS|chemistry,False,0.008991008991008992,1.0,0.42977206279958574,cross_AUS_plus_chemistry,cross,3
40,2_00847,2,AUS_enlarged pancreas|chem_hyperglycemia,AUS_enlarged_pancreas|chem_hyperglycemia,9.171000066084847,0.0424583336392817,2,108,contingency_likelihood_ratio_G,empty_joint_state;joint_state_n_lt_3;joint_state_n_lt_5;apparent_extreme_fraction_in_tiny_joint_state,AUS|chemistry,False,0.007992007992007992,1.0,0.42977206279958574,cross_AUS_plus_chemistry,cross,4
41,2_00046,2,age|chem_hypercholesterolemia,age|chem_hypercholesterolemia,9.149809359023706,,2,108,logistic_deviance_improvement_age_linear_additive_to_joint_state,joint_state_n_lt_3;joint_state_n_lt_5;apparent_extreme_fraction_in_tiny_joint_state;age_model_newton_not_fully_converged,demographic|chemistry,True,0.006993006993006993,1.0,0.42977206279958574,cross_chemistry_plus_demographic,cross,7
42,2_00043,2,age|chem_azotemia,age|chem_azotemia,9.121863173280715,,2,108,logistic_deviance_improvement_age_linear_additive_to_joint_state,,demographic|chemistry,True,0.014985014985014986,1.0,0.42977206279958574,cross_chemistry_plus_demographic,cross,8
43,2_00012,2,age|clinical signs_constipation,age|clinical_signs_constipation,9.055622497439202,,2,108,logistic_deviance_improvement_age_linear_additive_to_joint_state,joint_state_n_lt_3;joint_state_n_lt_5;apparent_extreme_fraction_in_tiny_joint_state;age_model_newton_not_fully_converged,demographic|clinical signs,True,0.006993006993006993,1.0,0.42977206279958574,cross_clinical_signs_plus_demographic,cross,3
44,2_00027,2,age|CBC_eosinophilia,age|CBC_eosinophilia,8.96173548812078,,2,108,logistic_deviance_improvement_age_linear_additive_to_joint_state,,demographic|CBC,True,0.01998001998001998,1.0,0.42977206279958574,cross_CBC_plus_demographic,cross,3
45,2_00021,2,age|AUS_splenomegaly,age|AUS_splenomegaly,8.949061875427063,,2,108,logistic_deviance_improvement_age_linear_additive_to_joint_state,,demographic|AUS,True,0.013986013986013986,1.0,0.42977206279958574,cross_AUS_plus_demographic,cross,6
46,2_00197,2,tli_high|clinical signs_diarrhea,tli_high|clinical_signs_diarrhea,8.894881736203672,0.05112000997818202,3,87,contingency_likelihood_ratio_G,,GI panel|clinical signs,False,0.03796203796203796,1.0,0.42977206279958574,cross_GI_panel_plus_clinical_signs,cross,1
47,2_00239,2,pli_abn|breed_group,pli_abn|breed_group,8.879097977465612,0.05162266265968379,6,86,contingency_likelihood_ratio_G,joint_state_n_lt_3;joint_state_n_lt_5;apparent_extreme_fraction_in_tiny_joint_state,GI panel|demographic,False,0.26673326673326675,1.0,0.7197856609621315,cross_GI_panel_plus_demographic,cross,4
48,2_00022,2,age|AUS_ileus,age|AUS_ileus,8.850268677922543,,2,108,logistic_deviance_improvement_age_linear_additive_to_joint_state,,demographic|AUS,True,0.02097902097902098,1.0,0.42977206279958574,cross_AUS_plus_demographic,cross,7
49,2_00323,2,breed_group|chem_hyperglycemia,breed_group|chem_hyperglycemia,8.813017513421366,0.040801007006580396,4,108,contingency_likelihood_ratio_G,joint_state_n_lt_3;joint_state_n_lt_5;apparent_extreme_fraction_in_tiny_joint_state,demographic|chemistry,False,0.0899100899100899,1.0,0.5759650185879694,cross_chemistry_plus_demographic,cross,9
50,2_00232,2,tli_high|chem_azotemia,tli_high|chem_azotemia,8.790780071308363,0.05052172454774922,3,87,contingency_likelihood_ratio_G,,GI panel|chemistry,False,0.04995004995004995,1.0,0.48362406823945286,cross_GI_panel_plus_chemistry,cross,1
51,2_00227,2,tli_high|chem_decreased alt,tli_high|chem_decreased_ALT,8.742729155083097,0.050245569856799406,2,87,contingency_likelihood_ratio_G,empty_joint_state;joint_state_n_lt_3;joint_state_n_lt_5;apparent_extreme_fraction_in_tiny_joint_state,GI panel|chemistry,False,0.011988011988011988,1.0,0.42977206279958574,cross_GI_panel_plus_chemistry,cross,2
52,2_00003,2,age|tli_high,age|tli_high,8.740057641074245,,2,87,logistic_deviance_improvement_age_linear_additive_to_joint_state,,demographic|GI panel,True,0.016983016983016984,1.0,0.42977206279958574,cross_GI_panel_plus_demographic,cross,5
53,2_00223,2,tli_high|CBC_anemia,tli_high|CBC_anemia,8.664837547588139,0.04979791694016172,2,87,contingency_likelihood_ratio_G,empty_joint_state;joint_state_n_lt_3;joint_state_n_lt_5;apparent_extreme_fraction_in_tiny_joint_state,GI panel|CBC,False,0.005994005994005994,1.0,0.42977206279958574,cross_CBC_plus_GI_panel,cross,3
54,2_00458,2,clinical signs_hyporexia|AUS_enlarged pancreas,clinical_signs_hyporexia|AUS_enlarged_pancreas,8.639799486690007,0.03999907169763892,3,108,contingency_likelihood_ratio_G,joint_state_n_lt_5;apparent_extreme_fraction_in_tiny_joint_state,clinical signs|AUS,False,0.04795204795204795,1.0,0.48362406823945286,cross_AUS_plus_clinical_signs,cross,1
55,2_00049,2,age|chem_hypophosphatemia,age|chem_hypophosphatemia,8.630321343028626,,2,108,logistic_deviance_improvement_age_linear_additive_to_joint_state,joint_state_n_lt_3;joint_state_n_lt_5;apparent_extreme_fraction_in_tiny_joint_state;age_model_newton_not_fully_converged,demographic|chemistry,True,0.01098901098901099,1.0,0.42977206279958574,cross_chemistry_plus_demographic,cross,10
56,2_00028,2,age|CBC_eosinopenia,age|CBC_eosinopenia,8.622783079666235,,2,108,logistic_deviance_improvement_age_linear_additive_to_joint_state,joint_state_n_lt_3;joint_state_n_lt_5;apparent_extreme_fraction_in_tiny_joint_state;age_model_newton_not_fully_converged,demographic|CBC,True,0.006993006993006993,1.0,0.42977206279958574,cross_CBC_plus_demographic,cross,4
57,2_00042,2,age|chem_elevated total bilirubin,age|chem_elevated_total_bilirubin,8.617764697468203,,2,108,logistic_deviance_improvement_age_linear_additive_to_joint_state,joint_state_n_lt_3;joint_state_n_lt_5;apparent_extreme_fraction_in_tiny_joint_state;age_model_newton_not_fully_converged,demographic|chemistry,True,0.01098901098901099,1.0,0.42977206279958574,cross_chemistry_plus_demographic,cross,11
58,2_00894,2,AUS_ileus|chem_hyperproteinemia,AUS_ileus|chem_hyperproteinemia,8.413604153236985,0.03895187107980086,3,108,contingency_likelihood_ratio_G,joint_state_n_lt_3;joint_state_n_lt_5;apparent_extreme_fraction_in_tiny_joint_state,AUS|chemistry,False,0.03596403596403597,1.0,0.42977206279958574,cross_AUS_plus_chemistry,cross,5
59,2_00017,2,age|AUS_colon,age|AUS_colonic_thickening,8.31983375287966,,2,108,logistic_deviance_improvement_age_linear_additive_to_joint_state,,demographic|AUS,True,0.028971028971028972,1.0,0.42977206279958574,cross_AUS_plus_demographic,cross,8
60,2_00460,2,clinical signs_hyporexia|AUS_ileus,clinical_signs_hyporexia|AUS_ileus,8.270042205471288,0.03828723243273745,3,108,contingency_likelihood_ratio_G,joint_state_n_lt_3;joint_state_n_lt_5;apparent_extreme_fraction_in_tiny_joint_state,clinical signs|AUS,False,0.053946053946053944,1.0,0.5005220343566208,cross_AUS_plus_clinical_signs,cross,2
61,2_00030,2,age|CBC_basocytosis,age|CBC_basocytosis,8.259868352362048,,2,108,logistic_deviance_improvement_age_linear_additive_to_joint_state,joint_state_n_lt_3;joint_state_n_lt_5;apparent_extreme_fraction_in_tiny_joint_state;age_model_newton_not_fully_converged,demographic|CBC,True,0.007992007992007992,1.0,0.42977206279958574,cross_CBC_plus_demographic,cross,5
62,2_00823,2,AUS_enlarged pancreas|AUS_splenomegaly,AUS_enlarged_pancreas|AUS_splenomegaly,8.249551878494655,0.03819236980784563,3,108,contingency_likelihood_ratio_G,,AUS|AUS,False,0.030969030969030968,1.0,0.42977206279958574,within_AUS,within,2
63,2_00016,2,age|AUS_ileum,age|AUS_ileal_thickening,8.191110288529842,,2,108,logistic_deviance_improvement_age_linear_additive_to_joint_state,,demographic|AUS,True,0.022977022977022976,1.0,0.42977206279958574,cross_AUS_plus_demographic,cross,9
64,2_00863,2,AUS_splenomegaly|CBC_monocytosis,AUS_splenomegaly|CBC_monocytosis,8.14437109398484,0.0377054217314113,3,108,contingency_likelihood_ratio_G,joint_state_n_lt_5;apparent_extreme_fraction_in_tiny_joint_state,AUS|CBC,False,0.055944055944055944,1.0,0.5113701113701115,cross_AUS_plus_CBC,cross,5
65,2_00475,2,clinical signs_hyporexia|chem_hyperproteinemia,clinical_signs_hyporexia|chem_hyperproteinemia,8.01900481387421,0.03712502228645467,3,108,contingency_likelihood_ratio_G,joint_state_n_lt_3;joint_state_n_lt_5;apparent_extreme_fraction_in_tiny_joint_state,clinical signs|chemistry,False,0.060939060939060936,1.0,0.5409985697755482,cross_chemistry_plus_clinical_signs,cross,1
66,2_00377,2,clinical signs_vomiting|AUS_enlarged pancreas,clinical_signs_vomiting|AUS_enlarged_pancreas,7.990491850754082,0.03699301782756519,3,108,contingency_likelihood_ratio_G,,clinical signs|AUS,False,0.058941058941058944,1.0,0.5308997571771294,cross_AUS_plus_clinical_signs,cross,3
67,2_00029,2,age|CBC_basophilia,age|CBC_basophilia,7.9721916955305545,,2,108,logistic_deviance_improvement_age_linear_additive_to_joint_state,,demographic|CBC,True,0.017982017982017984,1.0,0.42977206279958574,cross_CBC_plus_demographic,cross,6
68,2_00831,2,AUS_enlarged pancreas|CBC_basophilia,AUS_enlarged_pancreas|CBC_basophilia,7.954173634953911,0.03682487793960144,3,108,contingency_likelihood_ratio_G,joint_state_n_lt_3;joint_state_n_lt_5;apparent_extreme_fraction_in_tiny_joint_state,AUS|CBC,False,0.04095904095904096,1.0,0.4433636538899697,cross_AUS_plus_CBC,cross,6
69,2_00047,2,age|chem_hypercalcemia,age|chem_hypercalcemia,7.94754965510748,,2,108,logistic_deviance_improvement_age_linear_additive_to_joint_state,joint_state_n_lt_3;joint_state_n_lt_5;apparent_extreme_fraction_in_tiny_joint_state;age_model_newton_not_fully_converged,demographic|chemistry,True,0.014985014985014986,1.0,0.42977206279958574,cross_chemistry_plus_demographic,cross,12
70,2_00457,2,clinical signs_hyporexia|AUS_chronic degenerative renal changes,clinical_signs_hyporexia|AUS_chronic_degenerative_renal_changes,7.902460477212859,0.036585465172281756,3,108,contingency_likelihood_ratio_G,joint_state_n_lt_3;joint_state_n_lt_5;apparent_extreme_fraction_in_tiny_joint_state,clinical signs|AUS,False,0.05194805194805195,1.0,0.4893427183503519,cross_AUS_plus_clinical_signs,cross,4
71,2_00023,2,age|AUS_gall bladder sludge,age|AUS_gall_bladder_sludge,7.872000904261682,,2,108,logistic_deviance_improvement_age_linear_additive_to_joint_state,,demographic|AUS,True,0.028971028971028972,1.0,0.42977206279958574,cross_AUS_plus_demographic,cross,10
72,2_00024,2,age|CBC_no abnormalities,age|CBC_no_abnormalities,7.8584153563222685,,2,108,logistic_deviance_improvement_age_linear_additive_to_joint_state,,demographic|CBC,True,0.024975024975024976,1.0,0.42977206279958574,cross_CBC_plus_demographic,cross,7
73,2_00011,2,age|clinical signs_hairball obstruction,age|clinical_signs_hairball_obstruction,7.856664008455596,,2,108,logistic_deviance_improvement_age_linear_additive_to_joint_state,joint_state_n_lt_5;apparent_extreme_fraction_in_tiny_joint_state,demographic|clinical signs,True,0.023976023976023976,1.0,0.42977206279958574,cross_clinical_signs_plus_demographic,cross,4
74,2_00322,2,breed_group|chem_discordantly elevated bun,breed_group|chem_discordantly_elevated_BUN,7.8419912999737615,0.036305515277656304,4,108,contingency_likelihood_ratio_G,joint_state_n_lt_3;joint_state_n_lt_5;apparent_extreme_fraction_in_tiny_joint_state,demographic|chemistry,False,0.13086913086913088,1.0,0.5822516245969015,cross_chemistry_plus_demographic,cross,13
75,2_00208,2,tli_high|AUS_chronic degenerative renal changes,tli_high|AUS_chronic_degenerative_renal_changes,7.8380597335065385,0.04504632030750884,3,87,contingency_likelihood_ratio_G,,GI panel|AUS,False,0.07392607392607392,1.0,0.5759650185879694,cross_AUS_plus_GI_panel,cross,1
76,2_00294,2,breed_group|AUS_ileum,breed_group|AUS_ileal_thickening,7.820724370335151,0.03620705727007015,7,108,contingency_likelihood_ratio_G,joint_state_n_lt_3;joint_state_n_lt_5;apparent_extreme_fraction_in_tiny_joint_state,demographic|AUS,False,0.44755244755244755,1.0,0.8752451985415536,cross_AUS_plus_demographic,cross,11
77,2_00013,2,age|AUS_no abnormalities,age|AUS_no_abnormalities,7.784424326920302,,2,108,logistic_deviance_improvement_age_linear_additive_to_joint_state,joint_state_n_lt_5;apparent_extreme_fraction_in_tiny_joint_state,demographic|AUS,True,0.022977022977022976,1.0,0.42977206279958574,cross_AUS_plus_demographic,cross,12
78,2_00033,2,age|CBC_monocytosis,age|CBC_monocytosis,7.764260316720808,,2,108,logistic_deviance_improvement_age_linear_additive_to_joint_state,,demographic|CBC,True,0.022977022977022976,1.0,0.42977206279958574,cross_CBC_plus_demographic,cross,8
79,2_00019,2,age|AUS_chronic degenerative renal changes,age|AUS_chronic_degenerative_renal_changes,7.75649361327055,,2,108,logistic_deviance_improvement_age_linear_additive_to_joint_state,,demographic|AUS,True,0.027972027972027972,1.0,0.42977206279958574,cross_AUS_plus_demographic,cross,13
80,2_00034,2,age|CBC_anemia,age|CBC_anemia,7.746112143089277,,2,108,logistic_deviance_improvement_age_linear_additive_to_joint_state,joint_state_n_lt_5;apparent_extreme_fraction_in_tiny_joint_state,demographic|CBC,True,0.025974025974025976,1.0,0.42977206279958574,cross_CBC_plus_demographic,cross,9
81,2_00116,2,folate_high|AUS_enlarged pancreas,folate_high|AUS_enlarged_pancreas,7.718416127500229,0.042880089597223496,3,90,contingency_likelihood_ratio_G,,GI panel|AUS,False,0.054945054945054944,1.0,0.5059865507626701,cross_AUS_plus_GI_panel,cross,2
82,2_00074,2,cobalamin_low|CBC_neutrophilia,cobalamin_low|CBC_neutrophilia,7.715925321379016,0.04286625178543898,2,90,contingency_likelihood_ratio_G,empty_joint_state;joint_state_n_lt_3;joint_state_n_lt_5;apparent_extreme_fraction_in_tiny_joint_state,GI panel|CBC,False,0.01998001998001998,1.0,0.42977206279958574,cross_CBC_plus_GI_panel,cross,4
83,2_01025,2,CBC_eosinopenia|chem_hyperproteinemia,CBC_eosinopenia|chem_hyperproteinemia,7.710468448274236,0.0356966131864548,2,108,contingency_likelihood_ratio_G,empty_joint_state;joint_state_n_lt_3;joint_state_n_lt_5;apparent_extreme_fraction_in_tiny_joint_state,CBC|chemistry,False,0.023976023976023976,1.0,0.42977206279958574,cross_CBC_plus_chemistry,cross,4
84,2_01130,2,CBC_anemia|chem_hyperproteinemia,CBC_anemia|chem_hyperproteinemia,7.710468448274236,0.0356966131864548,3,108,contingency_likelihood_ratio_G,joint_state_n_lt_3;joint_state_n_lt_5;apparent_extreme_fraction_in_tiny_joint_state,CBC|chemistry,False,0.061938061938061936,1.0,0.5420678612167973,cross_CBC_plus_chemistry,cross,5
85,2_01159,2,chem_hyperproteinemia|chem_elevated alp,chem_hyperproteinemia|chem_elevated_ALP,7.710468448274236,0.0356966131864548,2,108,contingency_likelihood_ratio_G,empty_joint_state;joint_state_n_lt_3;joint_state_n_lt_5;apparent_extreme_fraction_in_tiny_joint_state,chemistry|chemistry,False,0.027972027972027972,1.0,0.42977206279958574,within_chemistry,within,7
86,2_00039,2,age|chem_elevated alt,age|chem_elevated_ALT,7.6655751292881575,,2,108,logistic_deviance_improvement_age_linear_additive_to_joint_state,,demographic|chemistry,True,0.028971028971028972,1.0,0.42977206279958574,cross_chemistry_plus_demographic,cross,14
87,2_00014,2,age|AUS_duodenum,age|AUS_duodenal_thickening,7.611120497354108,,2,108,logistic_deviance_improvement_age_linear_additive_to_joint_state,,demographic|AUS,True,0.022977022977022976,1.0,0.42977206279958574,cross_AUS_plus_demographic,cross,14
88,2_00040,2,age|chem_elevated ast,age|chem_elevated_AST,7.576763168482643,,2,108,logistic_deviance_improvement_age_linear_additive_to_joint_state,joint_state_n_lt_3;joint_state_n_lt_5;apparent_extreme_fraction_in_tiny_joint_state,demographic|chemistry,True,0.014985014985014986,1.0,0.42977206279958574,cross_chemistry_plus_demographic,cross,15
89,2_00007,2,age|clinical signs_vomiting,age|clinical_signs_vomiting,7.571963274713738,,2,108,logistic_deviance_improvement_age_linear_additive_to_joint_state,,demographic|clinical signs,True,0.030969030969030968,1.0,0.42977206279958574,cross_clinical_signs_plus_demographic,cross,5
90,2_00015,2,age|AUS_jejunum,age|AUS_jejunal_thickening,7.568131609847754,,2,108,logistic_deviance_improvement_age_linear_additive_to_joint_state,,demographic|AUS,True,0.029970029970029972,1.0,0.42977206279958574,cross_AUS_plus_demographic,cross,15
91,2_00315,2,breed_group|chem_hyperproteinemia,breed_group|chem_hyperproteinemia,7.550035169181015,0.03495386652398618,4,108,contingency_likelihood_ratio_G,,demographic|chemistry,False,0.14185814185814186,1.0,0.5822516245969015,cross_chemistry_plus_demographic,cross,16
92,2_00036,2,age|chem_hypoproteinemia,age|chem_hypoproteinemia,7.547858029619377,,2,108,logistic_deviance_improvement_age_linear_additive_to_joint_state,,demographic|chemistry,True,0.03196803196803197,1.0,0.42977206279958574,cross_chemistry_plus_demographic,cross,17
93,2_00316,2,breed_group|chem_decreased alt,breed_group|chem_decreased_ALT,7.512048051503038,0.03477800023843999,5,108,contingency_likelihood_ratio_G,joint_state_n_lt_3;joint_state_n_lt_5;apparent_extreme_fraction_in_tiny_joint_state,demographic|chemistry,False,0.19080919080919082,1.0,0.6278284050167339,cross_chemistry_plus_demographic,cross,18
94,2_00378,2,clinical signs_vomiting|AUS_splenomegaly,clinical_signs_vomiting|AUS_splenomegaly,7.506274988189209,0.03475127309346856,3,108,contingency_likelihood_ratio_G,,clinical signs|AUS,False,0.07592407592407592,1.0,0.5759650185879694,cross_AUS_plus_clinical_signs,cross,5
95,2_00032,2,age|CBC_lymphopenia,age|CBC_lymphopenia,7.473997208686015,,2,108,logistic_deviance_improvement_age_linear_additive_to_joint_state,,demographic|CBC,True,0.025974025974025976,1.0,0.42977206279958574,cross_CBC_plus_demographic,cross,10
96,2_00209,2,tli_high|AUS_enlarged pancreas,tli_high|AUS_enlarged_pancreas,7.472751435099501,0.04294684732815805,3,87,contingency_likelihood_ratio_G,,GI panel|AUS,False,0.06993006993006994,1.0,0.5752913752913753,cross_AUS_plus_GI_panel,cross,3
97,2_00006,2,age|clinical signs_none,age|clinical_signs_none_reported,7.458359471180927,,2,108,logistic_deviance_improvement_age_linear_additive_to_joint_state,,demographic|clinical signs,True,0.027972027972027972,1.0,0.42977206279958574,cross_clinical_signs_plus_demographic,cross,6
98,2_00008,2,age|clinical signs_diarrhea,age|clinical_signs_diarrhea,7.441008056860738,,2,108,logistic_deviance_improvement_age_linear_additive_to_joint_state,,demographic|clinical signs,True,0.03296703296703297,1.0,0.42977206279958574,cross_clinical_signs_plus_demographic,cross,7
99,2_00048,2,age|chem_hypokalemia,age|chem_hypokalemia,7.432937213325758,,2,108,logistic_deviance_improvement_age_linear_additive_to_joint_state,,demographic|chemistry,True,0.029970029970029972,1.0,0.42977206279958574,cross_chemistry_plus_demographic,cross,19
100,2_00010,2,age|clinical signs_weight loss,age|clinical_signs_weight_loss,7.395101370237697,,2,108,logistic_deviance_improvement_age_linear_additive_to_joint_state,,demographic|clinical signs,True,0.027972027972027972,1.0,0.42977206279958574,cross_clinical_signs_plus_demographic,cross,8
101,2_00026,2,age|CBC_neutropenia,age|CBC_neutropenia,7.389923060990483,,2,108,logistic_deviance_improvement_age_linear_additive_to_joint_state,joint_state_n_lt_5;apparent_extreme_fraction_in_tiny_joint_state,demographic|CBC,True,0.027972027972027972,1.0,0.42977206279958574,cross_CBC_plus_demographic,cross,11
102,2_00463,2,clinical signs_hyporexia|CBC_neutrophilia,clinical_signs_hyporexia|CBC_neutrophilia,7.3879857166953755,0.0342036375772934,2,108,contingency_likelihood_ratio_G,empty_joint_state;joint_state_n_lt_3;joint_state_n_lt_5;apparent_extreme_fraction_in_tiny_joint_state,clinical signs|CBC,False,0.03396603396603397,1.0,0.42977206279958574,cross_CBC_plus_clinical_signs,cross,2
103,2_00476,2,clinical signs_hyporexia|chem_decreased alt,clinical_signs_hyporexia|chem_decreased_ALT,7.3879857166953755,0.0342036375772934,2,108,contingency_likelihood_ratio_G,empty_joint_state;joint_state_n_lt_3;joint_state_n_lt_5;apparent_extreme_fraction_in_tiny_joint_state,clinical signs|chemistry,False,0.03396603396603397,1.0,0.42977206279958574,cross_chemistry_plus_clinical_signs,cross,2
104,2_00482,2,clinical signs_hyporexia|chem_discordantly elevated bun,clinical_signs_hyporexia|chem_discordantly_elevated_BUN,7.3879857166953755,0.0342036375772934,2,108,contingency_likelihood_ratio_G,empty_joint_state;joint_state_n_lt_3;joint_state_n_lt_5;apparent_extreme_fraction_in_tiny_joint_state,clinical signs|chemistry,False,0.03196803196803197,1.0,0.42977206279958574,cross_chemistry_plus_clinical_signs,cross,3
105,2_00483,2,clinical signs_hyporexia|chem_hyperglycemia,clinical_signs_hyporexia|chem_hyperglycemia,7.3879857166953755,0.0342036375772934,2,108,contingency_likelihood_ratio_G,empty_joint_state;joint_state_n_lt_3;joint_state_n_lt_5;apparent_extreme_fraction_in_tiny_joint_state,clinical signs|chemistry,False,0.03296703296703297,1.0,0.42977206279958574,cross_chemistry_plus_clinical_signs,cross,4
106,2_00193,2,tli_high|pli_abn,tli_high|pli_abn,7.271520380250613,0.04227628128052682,3,86,contingency_likelihood_ratio_G,joint_state_n_lt_5;apparent_extreme_fraction_in_tiny_joint_state,GI panel|GI panel,False,0.07492507492507493,1.0,0.5759650185879694,within_GI_panel,within,1
107,2_00650,2,AUS_duodenum|chem_hyperproteinemia,AUS_duodenal_thickening|chem_hyperproteinemia,7.263990070228912,0.03362958365846719,3,108,contingency_likelihood_ratio_G,joint_state_n_lt_5;apparent_extreme_fraction_in_tiny_joint_state,AUS|chemistry,False,0.07692307692307693,1.0,0.5759650185879694,cross_AUS_plus_chemistry,cross,6
108,2_01004,2,CBC_eosinophilia|chem_hyperproteinemia,CBC_eosinophilia|chem_hyperproteinemia,7.254940627915353,0.03358768809220071,2,108,contingency_likelihood_ratio_G,empty_joint_state,CBC|chemistry,False,0.03896103896103896,1.0,0.4370720188902007,cross_CBC_plus_chemistry,cross,6
109,2_00841,2,AUS_enlarged pancreas|chem_elevated alt,AUS_enlarged_pancreas|chem_elevated_ALT,7.194695190876463,0.03330877403183548,3,108,contingency_likelihood_ratio_G,joint_state_n_lt_5;apparent_extreme_fraction_in_tiny_joint_state,AUS|chemistry,False,0.09090909090909091,1.0,0.5759650185879694,cross_AUS_plus_chemistry,cross,7
110,2_00293,2,breed_group|AUS_jejunum,breed_group|AUS_jejunal_thickening,7.192425581117858,0.03329826657924934,7,108,contingency_likelihood_ratio_G,joint_state_n_lt_3;joint_state_n_lt_5;apparent_extreme_fraction_in_tiny_joint_state,demographic|AUS,False,0.5184815184815185,1.0,0.924131983124789,cross_AUS_plus_demographic,cross,16
111,2_01082,2,CBC_lymphocytosis|chem_hyperproteinemia,CBC_lymphocytosis|chem_hyperproteinemia,7.175326024398349,0.03321910196480717,2,108,contingency_likelihood_ratio_G,empty_joint_state;joint_state_n_lt_3;joint_state_n_lt_5;apparent_extreme_fraction_in_tiny_joint_state,CBC|chemistry,False,0.03496503496503497,1.0,0.42977206279958574,cross_CBC_plus_chemistry,cross,7
112,2_01160,2,chem_hyperproteinemia|chem_elevated total bilirubin,chem_hyperproteinemia|chem_elevated_total_bilirubin,7.175326024398349,0.03321910196480717,2,108,contingency_likelihood_ratio_G,empty_joint_state;joint_state_n_lt_3;joint_state_n_lt_5;apparent_extreme_fraction_in_tiny_joint_state,chemistry|chemistry,False,0.03196803196803197,1.0,0.42977206279958574,within_chemistry,within,8
113,2_01167,2,chem_hyperproteinemia|chem_hypophosphatemia,chem_hyperproteinemia|chem_hypophosphatemia,7.175326024398349,0.03321910196480717,2,108,contingency_likelihood_ratio_G,empty_joint_state;joint_state_n_lt_3;joint_state_n_lt_5;apparent_extreme_fraction_in_tiny_joint_state,chemistry|chemistry,False,0.03796203796203796,1.0,0.42977206279958574,within_chemistry,within,9
114,2_00226,2,tli_high|chem_hyperproteinemia,tli_high|chem_hyperproteinemia,7.144729562790577,0.04106166415396883,3,87,contingency_likelihood_ratio_G,joint_state_n_lt_3;joint_state_n_lt_5;apparent_extreme_fraction_in_tiny_joint_state,GI panel|chemistry,False,0.07492507492507493,1.0,0.5759650185879694,cross_GI_panel_plus_chemistry,cross,3
115,2_00950,2,CBC_neutrophilia|CBC_eosinopenia,CBC_neutrophilia|CBC_eosinopenia,7.123362529931656,0.03297853023116507,2,108,contingency_likelihood_ratio_G,empty_joint_state;joint_state_n_lt_3;joint_state_n_lt_5;apparent_extreme_fraction_in_tiny_joint_state,CBC|CBC,False,0.03596403596403597,1.0,0.42977206279958574,within_CBC,within,1
116,2_00960,2,CBC_neutrophilia|chem_decreased alt,CBC_neutrophilia|chem_decreased_ALT,7.123362529931656,0.03297853023116507,3,108,contingency_likelihood_ratio_G,joint_state_n_lt_3;joint_state_n_lt_5;apparent_extreme_fraction_in_tiny_joint_state,CBC|chemistry,False,0.027972027972027972,1.0,0.42977206279958574,cross_CBC_plus_chemistry,cross,8
117,2_00963,2,CBC_neutrophilia|chem_elevated alp,CBC_neutrophilia|chem_elevated_ALP,7.123362529931656,0.03297853023116507,2,108,contingency_likelihood_ratio_G,empty_joint_state;joint_state_n_lt_3;joint_state_n_lt_5;apparent_extreme_fraction_in_tiny_joint_state,CBC|chemistry,False,0.027972027972027972,1.0,0.42977206279958574,cross_CBC_plus_chemistry,cross,9
118,2_01026,2,CBC_eosinopenia|chem_decreased alt,CBC_eosinopenia|chem_decreased_ALT,7.123362529931656,0.03297853023116507,2,108,contingency_likelihood_ratio_G,empty_joint_state;joint_state_n_lt_3;joint_state_n_lt_5;apparent_extreme_fraction_in_tiny_joint_state,CBC|chemistry,False,0.026973026973026972,1.0,0.42977206279958574,cross_CBC_plus_chemistry,cross,10
119,2_01032,2,CBC_eosinopenia|chem_discordantly elevated bun,CBC_eosinopenia|chem_discordantly_elevated_BUN,7.123362529931656,0.03297853023116507,2,108,contingency_likelihood_ratio_G,empty_joint_state;joint_state_n_lt_3;joint_state_n_lt_5;apparent_extreme_fraction_in_tiny_joint_state,CBC|chemistry,False,0.03396603396603397,1.0,0.42977206279958574,cross_CBC_plus_chemistry,cross,11
120,2_01033,2,CBC_eosinopenia|chem_hyperglycemia,CBC_eosinopenia|chem_hyperglycemia,7.123362529931656,0.03297853023116507,2,108,contingency_likelihood_ratio_G,empty_joint_state;joint_state_n_lt_3;joint_state_n_lt_5;apparent_extreme_fraction_in_tiny_joint_state,CBC|chemistry,False,0.027972027972027972,1.0,0.42977206279958574,cross_CBC_plus_chemistry,cross,12
121,2_01170,2,chem_decreased alt|chem_elevated alp,chem_decreased_ALT|chem_elevated_ALP,7.123362529931656,0.03297853023116507,2,108,contingency_likelihood_ratio_G,empty_joint_state;joint_state_n_lt_3;joint_state_n_lt_5;apparent_extreme_fraction_in_tiny_joint_state,chemistry|chemistry,False,0.024975024975024976,1.0,0.42977206279958574,within_chemistry,within,10
122,2_01200,2,chem_elevated alp|chem_discordantly elevated bun,chem_elevated_ALP|chem_discordantly_elevated_BUN,7.123362529931656,0.03297853023116507,2,108,contingency_likelihood_ratio_G,empty_joint_state;joint_state_n_lt_3;joint_state_n_lt_5;apparent_extreme_fraction_in_tiny_joint_state,chemistry|chemistry,False,0.03796203796203796,1.0,0.42977206279958574,within_chemistry,within,11
123,2_01201,2,chem_elevated alp|chem_hyperglycemia,chem_elevated_ALP|chem_hyperglycemia,7.123362529931656,0.03297853023116507,2,108,contingency_likelihood_ratio_G,empty_joint_state;joint_state_n_lt_3;joint_state_n_lt_5;apparent_extreme_fraction_in_tiny_joint_state,chemistry|chemistry,False,0.026973026973026972,1.0,0.42977206279958574,within_chemistry,within,12
124,2_00830,2,AUS_enlarged pancreas|CBC_eosinopenia,AUS_enlarged_pancreas|CBC_eosinopenia,7.119204777457252,0.03295928137711691,2,108,contingency_likelihood_ratio_G,empty_joint_state;joint_state_n_lt_3;joint_state_n_lt_5;apparent_extreme_fraction_in_tiny_joint_state,AUS|CBC,False,0.01898101898101898,1.0,0.42977206279958574,cross_AUS_plus_CBC,cross,7
125,2_00843,2,AUS_enlarged pancreas|chem_elevated alp,AUS_enlarged_pancreas|chem_elevated_ALP,7.119204777457252,0.03295928137711691,2,108,contingency_likelihood_ratio_G,empty_joint_state;joint_state_n_lt_3;joint_state_n_lt_5;apparent_extreme_fraction_in_tiny_joint_state,AUS|chemistry,False,0.014985014985014986,1.0,0.42977206279958574,cross_AUS_plus_chemistry,cross,8
126,2_00326,2,breed_group|chem_hypokalemia,breed_group|chem_hypokalemia,7.108448238678957,0.03290948258647665,6,108,contingency_likelihood_ratio_G,joint_state_n_lt_3;joint_state_n_lt_5;apparent_extreme_fraction_in_tiny_joint_state,demographic|chemistry,False,0.39760239760239763,1.0,0.8401393127420526,cross_chemistry_plus_demographic,cross,20
127,2_00313,2,breed_group|chem_no abnormalities,breed_group|chem_no_abnormalities,7.098752089561103,0.03286459300722733,7,108,contingency_likelihood_ratio_G,joint_state_n_lt_5;apparent_extreme_fraction_in_tiny_joint_state,demographic|chemistry,False,0.5364635364635365,1.0,0.9297696685337135,cross_chemistry_plus_demographic,cross,21
128,2_00882,2,AUS_ileus|CBC_neutrophilia,AUS_ileus|CBC_neutrophilia,7.055746907938165,0.03266549494415817,2,108,contingency_likelihood_ratio_G,empty_joint_state;joint_state_n_lt_3;joint_state_n_lt_5;apparent_extreme_fraction_in_tiny_joint_state,AUS|CBC,False,0.05094905094905095,1.0,0.48362406823945286,cross_AUS_plus_CBC,cross,8
129,2_00895,2,AUS_ileus|chem_decreased alt,AUS_ileus|chem_decreased_ALT,7.055746907938165,0.03266549494415817,2,108,contingency_likelihood_ratio_G,empty_joint_state;joint_state_n_lt_3;joint_state_n_lt_5;apparent_extreme_fraction_in_tiny_joint_state,AUS|chemistry,False,0.04295704295704296,1.0,0.45306829922214537,cross_AUS_plus_chemistry,cross,9
130,2_00901,2,AUS_ileus|chem_discordantly elevated bun,AUS_ileus|chem_discordantly_elevated_BUN,7.055746907938165,0.03266549494415817,2,108,contingency_likelihood_ratio_G,empty_joint_state;joint_state_n_lt_3;joint_state_n_lt_5;apparent_extreme_fraction_in_tiny_joint_state,AUS|chemistry,False,0.052947052947052944,1.0,0.4949747222474495,cross_AUS_plus_chemistry,cross,10
131,2_01011,2,CBC_eosinophilia|chem_discordantly elevated bun,CBC_eosinophilia|chem_discordantly_elevated_BUN,7.055746907938165,0.03266549494415817,2,108,contingency_likelihood_ratio_G,empty_joint_state;joint_state_n_lt_3;joint_state_n_lt_5;apparent_extreme_fraction_in_tiny_joint_state,CBC|chemistry,False,0.06893106893106893,1.0,0.5747360747360748,cross_CBC_plus_chemistry,cross,13
132,2_01012,2,CBC_eosinophilia|chem_hyperglycemia,CBC_eosinophilia|chem_hyperglycemia,7.055746907938165,0.03266549494415817,2,108,contingency_likelihood_ratio_G,empty_joint_state;joint_state_n_lt_3;joint_state_n_lt_5;apparent_extreme_fraction_in_tiny_joint_state,CBC|chemistry,False,0.061938061938061936,1.0,0.5420678612167973,cross_CBC_plus_chemistry,cross,14
133,2_01045,2,CBC_basophilia|chem_hyperproteinemia,CBC_basophilia|chem_hyperproteinemia,7.038777923310144,0.03258693483013956,2,108,contingency_likelihood_ratio_G,empty_joint_state,CBC|chemistry,False,0.029970029970029972,1.0,0.42977206279958574,cross_CBC_plus_chemistry,cross,15
134,2_00851,2,AUS_enlarged pancreas|chem_hypophosphatemia,AUS_enlarged_pancreas|chem_hypophosphatemia,6.991565072962932,0.03236835681927283,2,108,contingency_likelihood_ratio_G,empty_joint_state;joint_state_n_lt_3;joint_state_n_lt_5;apparent_extreme_fraction_in_tiny_joint_state,AUS|chemistry,False,0.023976023976023976,1.0,0.42977206279958574,cross_AUS_plus_chemistry,cross,11
135,2_00225,2,tli_high|chem_hypoproteinemia,tli_high|chem_hypoproteinemia,6.987002966827655,0.04015518946452675,3,87,contingency_likelihood_ratio_G,joint_state_n_lt_3;joint_state_n_lt_5;apparent_extreme_fraction_in_tiny_joint_state,GI panel|chemistry,False,0.06793206793206794,1.0,0.5741655604669303,cross_GI_panel_plus_chemistry,cross,4
136,2_00552,2,clinical signs_hairball obstruction|chem_hyperproteinemia,clinical_signs_hairball_obstruction|chem_hyperproteinemia,6.915008488185042,0.03201392818604186,2,108,contingency_likelihood_ratio_G,empty_joint_state;joint_state_n_lt_5;apparent_extreme_fraction_in_tiny_joint_state,clinical signs|chemistry,False,0.08191808191808192,1.0,0.5759650185879694,cross_chemistry_plus_clinical_signs,cross,5
137,2_00004,2,age|pli_abn,age|pli_abn,6.899126314466116,,2,86,logistic_deviance_improvement_age_linear_additive_to_joint_state,,demographic|GI panel,True,0.03496503496503497,1.0,0.42977206279958574,cross_GI_panel_plus_demographic,cross,6
138,2_00222,2,tli_high|CBC_monocytosis,tli_high|CBC_monocytosis,6.8932537820144155,0.03961640104605986,3,87,contingency_likelihood_ratio_G,,GI panel|CBC,False,0.09290709290709291,1.0,0.5759650185879694,cross_CBC_plus_GI_panel,cross,5
139,2_00001,2,age|folate_high,age|folate_high,6.8163083938579945,,2,90,logistic_deviance_improvement_age_linear_additive_to_joint_state,,demographic|GI panel,True,0.03996003996003996,1.0,0.4402740117025831,cross_GI_panel_plus_demographic,cross,7
140,2_00825,2,AUS_enlarged pancreas|AUS_gall bladder sludge,AUS_enlarged_pancreas|AUS_gall_bladder_sludge,6.776431751238931,0.03137236921869876,3,108,contingency_likelihood_ratio_G,joint_state_n_lt_5;apparent_extreme_fraction_in_tiny_joint_state,AUS|AUS,False,0.09090909090909091,1.0,0.5759650185879694,within_AUS,within,3
141,2_00408,2,clinical signs_diarrhea|clinical signs_weight loss,clinical_signs_diarrhea|clinical_signs_weight_loss,6.750865320081758,0.03125400611148962,3,108,contingency_likelihood_ratio_G,,clinical signs|clinical signs,False,0.08891108891108891,1.0,0.5759650185879694,within_clinical_signs,within,1
142,2_00739,2,AUS_colon|CBC_eosinophilia,AUS_colonic_thickening|CBC_eosinophilia,6.721353999670018,0.031117379628101932,3,108,contingency_likelihood_ratio_G,joint_state_n_lt_3;joint_state_n_lt_5;apparent_extreme_fraction_in_tiny_joint_state,AUS|CBC,False,0.14185814185814186,1.0,0.5822516245969015,cross_AUS_plus_CBC,cross,9
143,2_01052,2,CBC_basophilia|chem_discordantly elevated bun,CBC_basophilia|chem_discordantly_elevated_BUN,6.704813796215829,0.03104080461211032,2,108,contingency_likelihood_ratio_G,empty_joint_state;joint_state_n_lt_3;joint_state_n_lt_5;apparent_extreme_fraction_in_tiny_joint_state,CBC|chemistry,False,0.04195804195804196,1.0,0.4463467566915843,cross_CBC_plus_chemistry,cross,16
144,2_01053,2,CBC_basophilia|chem_hyperglycemia,CBC_basophilia|chem_hyperglycemia,6.704813796215829,0.03104080461211032,2,108,contingency_likelihood_ratio_G,empty_joint_state;joint_state_n_lt_3;joint_state_n_lt_5;apparent_extreme_fraction_in_tiny_joint_state,CBC|chemistry,False,0.03696303696303696,1.0,0.42977206279958574,cross_CBC_plus_chemistry,cross,17
145,2_00635,2,AUS_duodenum|AUS_ileus,AUS_duodenal_thickening|AUS_ileus,6.694582334282594,0.030993436732789786,3,108,contingency_likelihood_ratio_G,joint_state_n_lt_3;joint_state_n_lt_5;apparent_extreme_fraction_in_tiny_joint_state,AUS|AUS,False,0.10989010989010989,1.0,0.5759650185879694,within_AUS,within,4
146,2_00321,2,breed_group|chem_azotemia,breed_group|chem_azotemia,6.6663406297640515,0.030862688100759497,7,108,contingency_likelihood_ratio_G,joint_state_n_lt_3;joint_state_n_lt_5;apparent_extreme_fraction_in_tiny_joint_state,demographic|chemistry,False,0.6063936063936064,1.0,0.9387537402065247,cross_chemistry_plus_demographic,cross,22
147,2_00217,2,tli_high|CBC_eosinopenia,tli_high|CBC_eosinopenia,6.645351439816959,0.03819167494147677,2,87,contingency_likelihood_ratio_G,empty_joint_state;joint_state_n_lt_3;joint_state_n_lt_5;apparent_extreme_fraction_in_tiny_joint_state,GI panel|CBC,False,0.022977022977022976,1.0,0.42977206279958574,cross_CBC_plus_GI_panel,cross,6
148,2_00233,2,tli_high|chem_discordantly elevated bun,tli_high|chem_discordantly_elevated_BUN,6.645351439816959,0.03819167494147677,2,87,contingency_likelihood_ratio_G,empty_joint_state;joint_state_n_lt_3;joint_state_n_lt_5;apparent_extreme_fraction_in_tiny_joint_state,GI panel|chemistry,False,0.028971028971028972,1.0,0.42977206279958574,cross_GI_panel_plus_chemistry,cross,5
149,2_00234,2,tli_high|chem_hyperglycemia,tli_high|chem_hyperglycemia,6.645351439816959,0.03819167494147677,2,87,contingency_likelihood_ratio_G,empty_joint_state;joint_state_n_lt_3;joint_state_n_lt_5;apparent_extreme_fraction_in_tiny_joint_state,GI panel|chemistry,False,0.02097902097902098,1.0,0.42977206279958574,cross_GI_panel_plus_chemistry,cross,6
150,2_00842,2,AUS_enlarged pancreas|chem_elevated ast,AUS_enlarged_pancreas|chem_elevated_AST,6.644651685515571,0.030762276321831348,2,108,contingency_likelihood_ratio_G,empty_joint_state;joint_state_n_lt_3;joint_state_n_lt_5;apparent_extreme_fraction_in_tiny_joint_state,AUS|chemistry,False,0.030969030969030968,1.0,0.42977206279958574,cross_AUS_plus_chemistry,cross,12
151,2_00212,2,tli_high|AUS_gall bladder sludge,tli_high|AUS_gall_bladder_sludge,6.634552767583024,0.038129613606798986,3,87,contingency_likelihood_ratio_G,,GI panel|AUS,False,0.13586413586413587,1.0,0.5822516245969015,cross_AUS_plus_GI_panel,cross,4
152,2_00780,2,AUS_mesenteric lymphadenopathy|chem_hyperproteinemia,AUS_mesenteric_lymphadenopathy|chem_hyperproteinemia,6.622817898233842,0.030661193973304825,3,108,contingency_likelihood_ratio_G,joint_state_n_lt_5;apparent_extreme_fraction_in_tiny_joint_state,AUS|chemistry,False,0.11388611388611389,1.0,0.5759650185879694,cross_AUS_plus_chemistry,cross,13
153,2_00418,2,clinical signs_diarrhea|AUS_enlarged pancreas,clinical_signs_diarrhea|AUS_enlarged_pancreas,6.621215247509268,0.030653774294024386,3,108,contingency_likelihood_ratio_G,,clinical signs|AUS,False,0.08791208791208792,1.0,0.5759650185879694,cross_AUS_plus_clinical_signs,cross,6
154,2_00000,2,age|cobalamin_low,age|cobalamin_low,6.596145301622144,,2,90,logistic_deviance_improvement_age_linear_additive_to_joint_state,,demographic|GI panel,True,0.04095904095904096,1.0,0.4433636538899697,cross_GI_panel_plus_demographic,cross,8
155,2_00204,2,tli_high|AUS_jejunum,tli_high|AUS_jejunal_thickening,6.591680995093894,0.03788322410973502,3,87,contingency_likelihood_ratio_G,,GI panel|AUS,False,0.10789210789210789,1.0,0.5759650185879694,cross_AUS_plus_GI_panel,cross,5
156,2_00087,2,cobalamin_low|chem_decreased alt,cobalamin_low|chem_decreased_ALT,6.5872817527415535,0.03659600973745308,3,90,contingency_likelihood_ratio_G,joint_state_n_lt_3;joint_state_n_lt_5;apparent_extreme_fraction_in_tiny_joint_state,GI panel|chemistry,False,0.05094905094905095,1.0,0.48362406823945286,cross_GI_panel_plus_chemistry,cross,7
157,2_00763,2,AUS_mesenteric lymphadenopathy|AUS_enlarged pancreas,AUS_mesenteric_lymphadenopathy|AUS_enlarged_pancreas,6.566505105200176,0.030400486598148962,3,108,contingency_likelihood_ratio_G,,AUS|AUS,False,0.0999000999000999,1.0,0.5759650185879694,within_AUS,within,5
158,2_00305,2,breed_group|CBC_eosinophilia,breed_group|CBC_eosinophilia,6.565577395838757,0.030396191647401653,6,108,contingency_likelihood_ratio_G,joint_state_n_lt_3;joint_state_n_lt_5;apparent_extreme_fraction_in_tiny_joint_state,demographic|CBC,False,0.4975024975024975,1.0,0.9199755468412185,cross_CBC_plus_demographic,cross,12
159,2_00401,2,clinical signs_vomiting|chem_discordantly elevated bun,clinical_signs_vomiting|chem_discordantly_elevated_BUN,6.554606266630543,0.03034539938254881,2,108,contingency_likelihood_ratio_G,empty_joint_state;joint_state_n_lt_3;joint_state_n_lt_5;apparent_extreme_fraction_in_tiny_joint_state,clinical signs|chemistry,False,0.03796203796203796,1.0,0.42977206279958574,cross_chemistry_plus_clinical_signs,cross,6
160,2_00867,2,AUS_splenomegaly|chem_hyperproteinemia,AUS_splenomegaly|chem_hyperproteinemia,6.5148887025256075,0.030161521770951886,2,108,contingency_likelihood_ratio_G,empty_joint_state,AUS|chemistry,False,0.03596403596403597,1.0,0.42977206279958574,cross_AUS_plus_chemistry,cross,14
161,2_00857,2,AUS_splenomegaly|CBC_eosinophilia,AUS_splenomegaly|CBC_eosinophilia,6.5121483685522445,0.030148835039593726,3,108,contingency_likelihood_ratio_G,joint_state_n_lt_3;joint_state_n_lt_5;apparent_extreme_fraction_in_tiny_joint_state,AUS|CBC,False,0.12187812187812187,1.0,0.5817553233283571,cross_AUS_plus_CBC,cross,10
162,2_00220,2,tli_high|CBC_lymphocytosis,tli_high|CBC_lymphocytosis,6.476121590323966,0.03721908959956302,2,87,contingency_likelihood_ratio_G,empty_joint_state;joint_state_n_lt_3;joint_state_n_lt_5;apparent_extreme_fraction_in_tiny_joint_state,GI panel|CBC,False,0.03996003996003996,1.0,0.4402740117025831,cross_CBC_plus_GI_panel,cross,7
163,2_00253,2,pli_abn|AUS_chronic degenerative renal changes,pli_abn|AUS_chronic_degenerative_renal_changes,6.466095468634553,0.03759357830601484,3,86,contingency_likelihood_ratio_G,joint_state_n_lt_3;joint_state_n_lt_5;apparent_extreme_fraction_in_tiny_joint_state,GI panel|AUS,False,0.14185814185814186,1.0,0.5822516245969015,cross_AUS_plus_GI_panel,cross,6
164,2_00540,2,clinical signs_hairball obstruction|CBC_neutrophilia,clinical_signs_hairball_obstruction|CBC_neutrophilia,6.451860313035935,0.02986972367146266,2,108,contingency_likelihood_ratio_G,empty_joint_state;joint_state_n_lt_3;joint_state_n_lt_5;apparent_extreme_fraction_in_tiny_joint_state,clinical signs|CBC,False,0.08791208791208792,1.0,0.5759650185879694,cross_CBC_plus_clinical_signs,cross,3
165,2_00553,2,clinical signs_hairball obstruction|chem_decreased alt,clinical_signs_hairball_obstruction|chem_decreased_ALT,6.451860313035935,0.02986972367146266,2,108,contingency_likelihood_ratio_G,empty_joint_state;joint_state_n_lt_3;joint_state_n_lt_5;apparent_extreme_fraction_in_tiny_joint_state,clinical signs|chemistry,False,0.07892107892107893,1.0,0.5759650185879694,cross_chemistry_plus_clinical_signs,cross,7
166,2_00559,2,clinical signs_hairball obstruction|chem_discordantly elevated bun,clinical_signs_hairball_obstruction|chem_discordantly_elevated_BUN,6.451860313035935,0.02986972367146266,2,108,contingency_likelihood_ratio_G,empty_joint_state;joint_state_n_lt_3;joint_state_n_lt_5;apparent_extreme_fraction_in_tiny_joint_state,clinical signs|chemistry,False,0.0919080919080919,1.0,0.5759650185879694,cross_chemistry_plus_clinical_signs,cross,8
167,2_00216,2,tli_high|CBC_eosinophilia,tli_high|CBC_eosinophilia,6.447174204494041,0.03705272531318414,3,87,contingency_likelihood_ratio_G,joint_state_n_lt_3;joint_state_n_lt_5;apparent_extreme_fraction_in_tiny_joint_state,GI panel|CBC,False,0.12787212787212787,1.0,0.5822516245969015,cross_CBC_plus_GI_panel,cross,8
168,2_00335,2,clinical signs_none|AUS_enlarged pancreas,clinical_signs_none_reported|AUS_enlarged_pancreas,6.429886939838684,0.02976799509184576,3,108,contingency_likelihood_ratio_G,joint_state_n_lt_5;apparent_extreme_fraction_in_tiny_joint_state,clinical signs|AUS,False,0.1068931068931069,1.0,0.5759650185879694,cross_AUS_plus_clinical_signs,cross,7
169,2_00824,2,AUS_enlarged pancreas|AUS_ileus,AUS_enlarged_pancreas|AUS_ileus,6.388063412432455,0.029574367650150254,2,108,contingency_likelihood_ratio_G,empty_joint_state,AUS|AUS,False,0.04395604395604396,1.0,0.459675917303036,within_AUS,within,6
170,2_00868,2,AUS_splenomegaly|chem_decreased alt,AUS_splenomegaly|chem_decreased_ALT,6.387693263227363,0.029572653996422976,2,108,contingency_likelihood_ratio_G,empty_joint_state;joint_state_n_lt_3;joint_state_n_lt_5;apparent_extreme_fraction_in_tiny_joint_state,AUS|chemistry,False,0.059940059940059943,1.0,0.5359857533770578,cross_AUS_plus_chemistry,cross,15
171,2_00875,2,AUS_splenomegaly|chem_hyperglycemia,AUS_splenomegaly|chem_hyperglycemia,6.387693263227363,0.029572653996422976,2,108,contingency_likelihood_ratio_G,empty_joint_state;joint_state_n_lt_3;joint_state_n_lt_5;apparent_extreme_fraction_in_tiny_joint_state,AUS|chemistry,False,0.06293706293706294,1.0,0.5431072424079417,cross_AUS_plus_chemistry,cross,16
172,2_00833,2,AUS_enlarged pancreas|CBC_lymphocytosis,AUS_enlarged_pancreas|CBC_lymphocytosis,6.371280345046186,0.029496668264102712,3,108,contingency_likelihood_ratio_G,joint_state_n_lt_3;joint_state_n_lt_5;apparent_extreme_fraction_in_tiny_joint_state,AUS|CBC,False,0.07292707292707293,1.0,0.5759650185879694,cross_AUS_plus_CBC,cross,11
173,2_00793,2,AUS_chronic degenerative renal changes|AUS_enlarged pancreas,AUS_chronic_degenerative_renal_changes|AUS_enlarged_pancreas,6.370056502182737,0.02949100232492008,3,108,contingency_likelihood_ratio_G,joint_state_n_lt_5;apparent_extreme_fraction_in_tiny_joint_state,AUS|AUS,False,0.1258741258741259,1.0,0.5817553233283571,within_AUS,within,7
174,2_00589,2,clinical signs_constipation|chem_hyperproteinemia,clinical_signs_constipation|chem_hyperproteinemia,6.339100014484238,0.029347685252241844,2,108,contingency_likelihood_ratio_G,empty_joint_state;joint_state_n_lt_3;joint_state_n_lt_5;apparent_extreme_fraction_in_tiny_joint_state,clinical signs|chemistry,False,0.06893106893106893,1.0,0.5747360747360748,cross_chemistry_plus_clinical_signs,cross,9
175,2_01064,2,CBC_basocytosis|chem_hyperproteinemia,CBC_basocytosis|chem_hyperproteinemia,6.339100014484238,0.029347685252241844,2,108,contingency_likelihood_ratio_G,empty_joint_state;joint_state_n_lt_3;joint_state_n_lt_5;apparent_extreme_fraction_in_tiny_joint_state,CBC|chemistry,False,0.06793206793206794,1.0,0.5741655604669303,cross_CBC_plus_chemistry,cross,18
176,2_01165,2,chem_hyperproteinemia|chem_hypercalcemia,chem_hyperproteinemia|chem_hypercalcemia,6.339100014484238,0.029347685252241844,2,108,contingency_likelihood_ratio_G,empty_joint_state;joint_state_n_lt_3;joint_state_n_lt_5;apparent_extreme_fraction_in_tiny_joint_state,chemistry|chemistry,False,0.06993006993006994,1.0,0.5752913752913753,within_chemistry,within,13
177,2_00286,2,breed_group|clinical signs_diarrhea,breed_group|clinical_signs_diarrhea,6.312478588762878,0.02922443791093925,7,108,contingency_likelihood_ratio_G,joint_state_n_lt_3;joint_state_n_lt_5;apparent_extreme_fraction_in_tiny_joint_state,demographic|clinical signs,False,0.6273726273726273,1.0,0.9387537402065247,cross_clinical_signs_plus_demographic,cross,9
178,2_00617,2,AUS_no abnormalities|chem_elevated alt,AUS_no_abnormalities|chem_elevated_ALT,6.307152698008314,0.029199781009297748,3,108,contingency_likelihood_ratio_G,joint_state_n_lt_3;joint_state_n_lt_5;apparent_extreme_fraction_in_tiny_joint_state,AUS|chemistry,False,0.0979020979020979,1.0,0.5759650185879694,cross_AUS_plus_chemistry,cross,17
179,2_00285,2,breed_group|clinical signs_vomiting,breed_group|clinical_signs_vomiting,6.242385389732805,0.028899932359874096,7,108,contingency_likelihood_ratio_G,joint_state_n_lt_3;joint_state_n_lt_5;apparent_extreme_fraction_in_tiny_joint_state,demographic|clinical signs,False,0.6163836163836164,1.0,0.9387537402065247,cross_clinical_signs_plus_demographic,cross,10
180,2_00497,2,clinical signs_weight loss|AUS_enlarged pancreas,clinical_signs_weight_loss|AUS_enlarged_pancreas,6.242156412977619,0.02889887228230379,3,108,contingency_likelihood_ratio_G,,clinical signs|AUS,False,0.1048951048951049,1.0,0.5759650185879694,cross_AUS_plus_clinical_signs,cross,8
181,2_00535,2,clinical signs_hairball obstruction|AUS_enlarged pancreas,clinical_signs_hairball_obstruction|AUS_enlarged_pancreas,6.234184787462434,0.028861966608622378,2,108,contingency_likelihood_ratio_G,empty_joint_state;joint_state_n_lt_5;apparent_extreme_fraction_in_tiny_joint_state,clinical signs|AUS,False,0.057942057942057944,1.0,0.5257389669154375,cross_AUS_plus_clinical_signs,cross,9
182,2_00506,2,clinical signs_weight loss|CBC_basophilia,clinical_signs_weight_loss|CBC_basophilia,6.232796420535105,0.02885553898395882,3,108,contingency_likelihood_ratio_G,joint_state_n_lt_3;joint_state_n_lt_5;apparent_extreme_fraction_in_tiny_joint_state,clinical signs|CBC,False,0.12287712287712288,1.0,0.5817553233283571,cross_CBC_plus_clinical_signs,cross,4
183,2_00435,2,clinical signs_diarrhea|chem_hyperproteinemia,clinical_signs_diarrhea|chem_hyperproteinemia,6.225439811266008,0.028821480607712998,3,108,contingency_likelihood_ratio_G,joint_state_n_lt_3;joint_state_n_lt_5;apparent_extreme_fraction_in_tiny_joint_state,clinical signs|chemistry,False,0.14085914085914086,1.0,0.5822516245969015,cross_chemistry_plus_clinical_signs,cross,10
184,2_00502,2,clinical signs_weight loss|CBC_neutrophilia,clinical_signs_weight_loss|CBC_neutrophilia,6.222839914038636,0.028809444046475167,2,108,contingency_likelihood_ratio_G,empty_joint_state;joint_state_n_lt_3;joint_state_n_lt_5;apparent_extreme_fraction_in_tiny_joint_state,clinical signs|CBC,False,0.04595404595404595,1.0,0.47256077256077256,cross_CBC_plus_clinical_signs,cross,5
185,2_00515,2,clinical signs_weight loss|chem_decreased alt,clinical_signs_weight_loss|chem_decreased_ALT,6.222839914038636,0.028809444046475167,2,108,contingency_likelihood_ratio_G,empty_joint_state;joint_state_n_lt_3;joint_state_n_lt_5;apparent_extreme_fraction_in_tiny_joint_state,clinical signs|chemistry,False,0.04195804195804196,1.0,0.4463467566915843,cross_chemistry_plus_clinical_signs,cross,11
186,2_00303,2,breed_group|CBC_neutrophilia,breed_group|CBC_neutrophilia,6.216402622174109,0.028779641769324578,5,108,contingency_likelihood_ratio_G,joint_state_n_lt_3;joint_state_n_lt_5;apparent_extreme_fraction_in_tiny_joint_state,demographic|CBC,False,0.33666333666333664,1.0,0.7921584119302751,cross_CBC_plus_demographic,cross,13
187,2_00443,2,clinical signs_diarrhea|chem_hyperglycemia,clinical_signs_diarrhea|chem_hyperglycemia,6.212008501737782,0.0287592986191564,2,108,contingency_likelihood_ratio_G,empty_joint_state;joint_state_n_lt_3;joint_state_n_lt_5;apparent_extreme_fraction_in_tiny_joint_state,clinical signs|chemistry,False,0.05094905094905095,1.0,0.48362406823945286,cross_chemistry_plus_clinical_signs,cross,12
188,2_00638,2,AUS_duodenum|CBC_neutrophilia,AUS_duodenal_thickening|CBC_neutrophilia,6.212008501737781,0.028759298619156395,2,108,contingency_likelihood_ratio_G,empty_joint_state;joint_state_n_lt_3;joint_state_n_lt_5;apparent_extreme_fraction_in_tiny_joint_state,AUS|CBC,False,0.04495504495504495,1.0,0.46617248297920566,cross_AUS_plus_CBC,cross,12
189,2_00651,2,AUS_duodenum|chem_decreased alt,AUS_duodenal_thickening|chem_decreased_ALT,6.212008501737781,0.028759298619156395,2,108,contingency_likelihood_ratio_G,empty_joint_state;joint_state_n_lt_3;joint_state_n_lt_5;apparent_extreme_fraction_in_tiny_joint_state,AUS|chemistry,False,0.04795204795204795,1.0,0.48362406823945286,cross_AUS_plus_chemistry,cross,18
190,2_00657,2,AUS_duodenum|chem_discordantly elevated bun,AUS_duodenal_thickening|chem_discordantly_elevated_BUN,6.212008501737781,0.028759298619156395,2,108,contingency_likelihood_ratio_G,empty_joint_state;joint_state_n_lt_3;joint_state_n_lt_5;apparent_extreme_fraction_in_tiny_joint_state,AUS|chemistry,False,0.06293706293706294,1.0,0.5431072424079417,cross_AUS_plus_chemistry,cross,19
191,2_00002,2,age|folate_low,age|folate_low,6.205208241003135,,2,90,logistic_deviance_improvement_age_linear_additive_to_joint_state,,demographic|GI panel,True,0.04995004995004995,1.0,0.48362406823945286,cross_GI_panel_plus_demographic,cross,9
192,2_00198,2,tli_high|clinical signs_hyporexia,tli_high|clinical_signs_hyporexia,6.203122889026668,0.035650131546130275,3,87,contingency_likelihood_ratio_G,joint_state_n_lt_5;apparent_extreme_fraction_in_tiny_joint_state,GI panel|clinical signs,False,0.14385614385614387,1.0,0.5822516245969015,cross_GI_panel_plus_clinical_signs,cross,2
193,2_00835,2,AUS_enlarged pancreas|CBC_monocytosis,AUS_enlarged_pancreas|CBC_monocytosis,6.196896241076685,0.028689334449429095,3,108,contingency_likelihood_ratio_G,joint_state_n_lt_5;apparent_extreme_fraction_in_tiny_joint_state,AUS|CBC,False,0.1048951048951049,1.0,0.5759650185879694,cross_AUS_plus_CBC,cross,13
194,2_00920,2,AUS_gall bladder sludge|chem_hyperproteinemia,AUS_gall_bladder_sludge|chem_hyperproteinemia,6.179250634860816,0.028607641828059333,3,108,contingency_likelihood_ratio_G,joint_state_n_lt_3;joint_state_n_lt_5;apparent_extreme_fraction_in_tiny_joint_state,AUS|chemistry,False,0.11688311688311688,1.0,0.579839133198817,cross_AUS_plus_chemistry,cross,20
195,2_00909,2,AUS_gall bladder sludge|CBC_neutropenia,AUS_gall_bladder_sludge|CBC_neutropenia,6.175666280000593,0.02859104759259534,3,108,contingency_likelihood_ratio_G,joint_state_n_lt_3;joint_state_n_lt_5;apparent_extreme_fraction_in_tiny_joint_state,AUS|CBC,False,0.1088911088911089,1.0,0.5759650185879694,cross_AUS_plus_CBC,cross,14
196,2_00302,2,breed_group|CBC_no abnormalities,breed_group|CBC_no_abnormalities,6.161991458888731,0.028527738235595977,7,108,contingency_likelihood_ratio_G,joint_state_n_lt_3;joint_state_n_lt_5;apparent_extreme_fraction_in_tiny_joint_state,demographic|CBC,False,0.6503496503496503,1.0,0.941770675676255,cross_CBC_plus_demographic,cross,14
197,2_00953,2,CBC_neutrophilia|CBC_lymphocytosis,CBC_neutrophilia|CBC_lymphocytosis,6.159907486804327,0.0285180902166867,2,108,contingency_likelihood_ratio_G,empty_joint_state;joint_state_n_lt_3;joint_state_n_lt_5;apparent_extreme_fraction_in_tiny_joint_state,CBC|CBC,False,0.10589410589410589,1.0,0.5759650185879694,within_CBC,within,2
198,2_00964,2,CBC_neutrophilia|chem_elevated total bilirubin,CBC_neutrophilia|chem_elevated_total_bilirubin,6.159907486804327,0.0285180902166867,2,108,contingency_likelihood_ratio_G,empty_joint_state;joint_state_n_lt_3;joint_state_n_lt_5;apparent_extreme_fraction_in_tiny_joint_state,CBC|chemistry,False,0.1068931068931069,1.0,0.5759650185879694,cross_CBC_plus_chemistry,cross,19
199,2_00971,2,CBC_neutrophilia|chem_hypophosphatemia,CBC_neutrophilia|chem_hypophosphatemia,6.159907486804327,0.0285180902166867,2,108,contingency_likelihood_ratio_G,empty_joint_state;joint_state_n_lt_3;joint_state_n_lt_5;apparent_extreme_fraction_in_tiny_joint_state,CBC|chemistry,False,0.0939060939060939,1.0,0.5759650185879694,cross_CBC_plus_chemistry,cross,20
200,2_01083,2,CBC_lymphocytosis|chem_decreased alt,CBC_lymphocytosis|chem_decreased_ALT,6.159907486804327,0.0285180902166867,2,108,contingency_likelihood_ratio_G,empty_joint_state;joint_state_n_lt_3;joint_state_n_lt_5;apparent_extreme_fraction_in_tiny_joint_state,CBC|chemistry,False,0.11588411588411589,1.0,0.5789514129595101,cross_CBC_plus_chemistry,cross,21
201,2_01089,2,CBC_lymphocytosis|chem_discordantly elevated bun,CBC_lymphocytosis|chem_discordantly_elevated_BUN,6.159907486804327,0.0285180902166867,2,108,contingency_likelihood_ratio_G,empty_joint_state;joint_state_n_lt_3;joint_state_n_lt_5;apparent_extreme_fraction_in_tiny_joint_state,CBC|chemistry,False,0.10589410589410589,1.0,0.5759650185879694,cross_CBC_plus_chemistry,cross,22
202,2_01090,2,CBC_lymphocytosis|chem_hyperglycemia,CBC_lymphocytosis|chem_hyperglycemia,6.159907486804327,0.0285180902166867,2,108,contingency_likelihood_ratio_G,empty_joint_state;joint_state_n_lt_3;joint_state_n_lt_5;apparent_extreme_fraction_in_tiny_joint_state,CBC|chemistry,False,0.10789210789210789,1.0,0.5759650185879694,cross_CBC_plus_chemistry,cross,23
203,2_01171,2,chem_decreased alt|chem_elevated total bilirubin,chem_decreased_ALT|chem_elevated_total_bilirubin,6.159907486804327,0.0285180902166867,2,108,contingency_likelihood_ratio_G,empty_joint_state;joint_state_n_lt_3;joint_state_n_lt_5;apparent_extreme_fraction_in_tiny_joint_state,chemistry|chemistry,False,0.1068931068931069,1.0,0.5759650185879694,within_chemistry,within,14
204,2_01178,2,chem_decreased alt|chem_hypophosphatemia,chem_decreased_ALT|chem_hypophosphatemia,6.159907486804327,0.0285180902166867,2,108,contingency_likelihood_ratio_G,empty_joint_state;joint_state_n_lt_3;joint_state_n_lt_5;apparent_extreme_fraction_in_tiny_joint_state,chemistry|chemistry,False,0.09290709290709291,1.0,0.5759650185879694,within_chemistry,within,15
205,2_01207,2,chem_elevated total bilirubin|chem_discordantly elevated bun,chem_elevated_total_bilirubin|chem_discordantly_elevated_BUN,6.159907486804327,0.0285180902166867,2,108,contingency_likelihood_ratio_G,empty_joint_state;joint_state_n_lt_3;joint_state_n_lt_5;apparent_extreme_fraction_in_tiny_joint_state,chemistry|chemistry,False,0.1018981018981019,1.0,0.5759650185879694,within_chemistry,within,16
206,2_01208,2,chem_elevated total bilirubin|chem_hyperglycemia,chem_elevated_total_bilirubin|chem_hyperglycemia,6.159907486804327,0.0285180902166867,2,108,contingency_likelihood_ratio_G,empty_joint_state;joint_state_n_lt_3;joint_state_n_lt_5;apparent_extreme_fraction_in_tiny_joint_state,chemistry|chemistry,False,0.0959040959040959,1.0,0.5759650185879694,within_chemistry,within,17
207,2_01223,2,chem_discordantly elevated bun|chem_hypophosphatemia,chem_discordantly_elevated_BUN|chem_hypophosphatemia,6.159907486804327,0.0285180902166867,2,108,contingency_likelihood_ratio_G,empty_joint_state;joint_state_n_lt_3;joint_state_n_lt_5;apparent_extreme_fraction_in_tiny_joint_state,chemistry|chemistry,False,0.1088911088911089,1.0,0.5759650185879694,within_chemistry,within,18
208,2_01227,2,chem_hyperglycemia|chem_hypophosphatemia,chem_hyperglycemia|chem_hypophosphatemia,6.159907486804327,0.0285180902166867,2,108,contingency_likelihood_ratio_G,empty_joint_state;joint_state_n_lt_3;joint_state_n_lt_5;apparent_extreme_fraction_in_tiny_joint_state,chemistry|chemistry,False,0.08691308691308691,1.0,0.5759650185879694,within_chemistry,within,19
209,2_00514,2,clinical signs_weight loss|chem_hyperproteinemia,clinical_signs_weight_loss|chem_hyperproteinemia,6.115946538369775,0.028314567307267474,3,108,contingency_likelihood_ratio_G,joint_state_n_lt_3;joint_state_n_lt_5;apparent_extreme_fraction_in_tiny_joint_state,clinical signs|chemistry,False,0.13886113886113885,1.0,0.5822516245969015,cross_chemistry_plus_clinical_signs,cross,13
210,2_00311,2,breed_group|CBC_monocytosis,breed_group|CBC_monocytosis,6.108450537999136,0.02827986360184785,6,108,contingency_likelihood_ratio_G,joint_state_n_lt_3;joint_state_n_lt_5;apparent_extreme_fraction_in_tiny_joint_state,demographic|CBC,False,0.4985014985014985,1.0,0.9199755468412185,cross_CBC_plus_demographic,cross,15
211,2_00838,2,AUS_enlarged pancreas|chem_hypoproteinemia,AUS_enlarged_pancreas|chem_hypoproteinemia,6.07333099535416,0.02811727312663963,3,108,contingency_likelihood_ratio_G,joint_state_n_lt_3;joint_state_n_lt_5;apparent_extreme_fraction_in_tiny_joint_state,AUS|chemistry,False,0.13186813186813187,1.0,0.5822516245969015,cross_AUS_plus_chemistry,cross,21
212,2_00310,2,breed_group|CBC_lymphopenia,breed_group|CBC_lymphopenia,6.067202748502084,0.028088901613435576,6,108,contingency_likelihood_ratio_G,joint_state_n_lt_3;joint_state_n_lt_5;apparent_extreme_fraction_in_tiny_joint_state,demographic|CBC,False,0.5484515484515484,1.0,0.9314965087752406,cross_CBC_plus_demographic,cross,16
213,2_00296,2,breed_group|AUS_mesenteric lymphadenopathy,breed_group|AUS_mesenteric_lymphadenopathy,6.0473738453078685,0.027997101135684575,7,108,contingency_likelihood_ratio_G,joint_state_n_lt_5;apparent_extreme_fraction_in_tiny_joint_state,demographic|AUS,False,0.6383616383616384,1.0,0.941770675676255,cross_AUS_plus_demographic,cross,17
214,2_00572,2,clinical signs_constipation|AUS_enlarged pancreas,clinical_signs_constipation|AUS_enlarged_pancreas,6.043975542904464,0.027981368254187334,2,108,contingency_likelihood_ratio_G,empty_joint_state;joint_state_n_lt_3;joint_state_n_lt_5;apparent_extreme_fraction_in_tiny_joint_state,clinical signs|AUS,False,0.024975024975024976,1.0,0.42977206279958574,cross_AUS_plus_clinical_signs,cross,10
215,2_00832,2,AUS_enlarged pancreas|CBC_basocytosis,AUS_enlarged_pancreas|CBC_basocytosis,6.043975542904464,0.027981368254187334,2,108,contingency_likelihood_ratio_G,empty_joint_state;joint_state_n_lt_3;joint_state_n_lt_5;apparent_extreme_fraction_in_tiny_joint_state,AUS|CBC,False,0.028971028971028972,1.0,0.42977206279958574,cross_AUS_plus_CBC,cross,15
216,2_00848,2,AUS_enlarged pancreas|chem_hypercholesterolemia,AUS_enlarged_pancreas|chem_hypercholesterolemia,6.043975542904464,0.027981368254187334,2,108,contingency_likelihood_ratio_G,empty_joint_state;joint_state_n_lt_3;joint_state_n_lt_5;apparent_extreme_fraction_in_tiny_joint_state,AUS|chemistry,False,0.024975024975024976,1.0,0.42977206279958574,cross_AUS_plus_chemistry,cross,22
217,2_00849,2,AUS_enlarged pancreas|chem_hypercalcemia,AUS_enlarged_pancreas|chem_hypercalcemia,6.043975542904464,0.027981368254187334,2,108,contingency_likelihood_ratio_G,empty_joint_state;joint_state_n_lt_3;joint_state_n_lt_5;apparent_extreme_fraction_in_tiny_joint_state,AUS|chemistry,False,0.023976023976023976,1.0,0.42977206279958574,cross_AUS_plus_chemistry,cross,23
218,2_00224,2,tli_high|chem_no abnormalities,tli_high|chem_no_abnormalities,6.026438045875123,0.03463470141307542,3,87,contingency_likelihood_ratio_G,,GI panel|chemistry,False,0.14285714285714285,1.0,0.5822516245969015,cross_GI_panel_plus_chemistry,cross,8
219,2_00665,2,AUS_jejunum|AUS_mesenteric lymphadenopathy,AUS_jejunal_thickening|AUS_mesenteric_lymphadenopathy,5.993878890420952,0.027749439307504405,3,108,contingency_likelihood_ratio_G,,AUS|AUS,False,0.13986013986013987,1.0,0.5822516245969015,within_AUS,within,8
220,2_00845,2,AUS_enlarged pancreas|chem_azotemia,AUS_enlarged_pancreas|chem_azotemia,5.968992557468237,0.02763422480309369,3,108,contingency_likelihood_ratio_G,joint_state_n_lt_5,AUS|chemistry,False,0.11588411588411589,1.0,0.5789514129595101,cross_AUS_plus_chemistry,cross,24
221,2_00837,2,AUS_enlarged pancreas|chem_no abnormalities,AUS_enlarged_pancreas|chem_no_abnormalities,5.965912767699215,0.027619966517125994,3,108,contingency_likelihood_ratio_G,,AUS|chemistry,False,0.11388611388611389,1.0,0.5759650185879694,cross_AUS_plus_chemistry,cross,25
222,2_00206,2,tli_high|AUS_colon,tli_high|AUS_colonic_thickening,5.951155598564182,0.034202043669909095,3,87,contingency_likelihood_ratio_G,joint_state_n_lt_3;joint_state_n_lt_5;apparent_extreme_fraction_in_tiny_joint_state,GI panel|AUS,False,0.11888111888111888,1.0,0.579839133198817,cross_AUS_plus_GI_panel,cross,7
223,2_00394,2,clinical signs_vomiting|chem_hyperproteinemia,clinical_signs_vomiting|chem_hyperproteinemia,5.921594766180085,0.027414790584167063,3,108,contingency_likelihood_ratio_G,joint_state_n_lt_3;joint_state_n_lt_5;apparent_extreme_fraction_in_tiny_joint_state,clinical signs|chemistry,False,0.15484515484515485,1.0,0.589749756416423,cross_chemistry_plus_clinical_signs,cross,14
224,2_00935,2,CBC_no abnormalities|chem_hyperproteinemia,CBC_no_abnormalities|chem_hyperproteinemia,5.869297949288272,0.02717267569114941,3,108,contingency_likelihood_ratio_G,joint_state_n_lt_5;apparent_extreme_fraction_in_tiny_joint_state,CBC|chemistry,False,0.15884115884115885,1.0,0.601257638067454,cross_CBC_plus_chemistry,cross,24
225,2_00148,2,folate_low|breed_group,folate_low|breed_group,5.867683131042508,0.03259823961690282,6,90,contingency_likelihood_ratio_G,joint_state_n_lt_3;joint_state_n_lt_5;apparent_extreme_fraction_in_tiny_joint_state,GI panel|demographic,False,0.5944055944055944,1.0,0.9387537402065247,cross_GI_panel_plus_demographic,cross,10
226,2_00215,2,tli_high|CBC_neutropenia,tli_high|CBC_neutropenia,5.859959201808092,0.03367792644717294,3,87,contingency_likelihood_ratio_G,joint_state_n_lt_3;joint_state_n_lt_5;apparent_extreme_fraction_in_tiny_joint_state,GI panel|CBC,False,0.0969030969030969,1.0,0.5759650185879694,cross_CBC_plus_GI_panel,cross,9
227,2_00238,2,tli_high|chem_hypophosphatemia,tli_high|chem_hypophosphatemia,5.859959201808092,0.03367792644717294,3,87,contingency_likelihood_ratio_G,joint_state_n_lt_3;joint_state_n_lt_5;apparent_extreme_fraction_in_tiny_joint_state,GI panel|chemistry,False,0.0939060939060939,1.0,0.5759650185879694,cross_GI_panel_plus_chemistry,cross,9
228,2_01157,2,chem_hyperproteinemia|chem_elevated alt,chem_hyperproteinemia|chem_elevated_ALT,5.819036758635288,0.026939984993681887,3,108,contingency_likelihood_ratio_G,joint_state_n_lt_3;joint_state_n_lt_5;apparent_extreme_fraction_in_tiny_joint_state,chemistry|chemistry,False,0.14985014985014986,1.0,0.58758064365541,within_chemistry,within,20
229,2_00297,2,breed_group|AUS_chronic degenerative renal changes,breed_group|AUS_chronic_degenerative_renal_changes,5.799059034247947,0.026847495528925684,7,108,contingency_likelihood_ratio_G,joint_state_n_lt_3;joint_state_n_lt_5;apparent_extreme_fraction_in_tiny_joint_state,demographic|AUS,False,0.6923076923076923,1.0,0.941770675676255,cross_AUS_plus_demographic,cross,18
230,2_00949,2,CBC_neutrophilia|CBC_eosinophilia,CBC_neutrophilia|CBC_eosinophilia,5.798092905460032,0.02684302271046311,3,108,contingency_likelihood_ratio_G,joint_state_n_lt_3;joint_state_n_lt_5;apparent_extreme_fraction_in_tiny_joint_state,CBC|CBC,False,0.1918081918081918,1.0,0.6278284050167339,within_CBC,within,3
231,2_00382,2,clinical signs_vomiting|CBC_neutrophilia,clinical_signs_vomiting|CBC_neutrophilia,5.79092746990153,0.026809849397692268,3,108,contingency_likelihood_ratio_G,joint_state_n_lt_3;joint_state_n_lt_5;apparent_extreme_fraction_in_tiny_joint_state,clinical signs|CBC,False,0.08791208791208792,1.0,0.5759650185879694,cross_CBC_plus_clinical_signs,cross,6
233,2_00907,2,AUS_gall bladder sludge|CBC_no abnormalities,AUS_gall_bladder_sludge|CBC_no_abnormalities,5.770037974417704,0.026713138770452335,3,108,contingency_likelihood_ratio_G,,AUS|CBC,False,0.16783216783216784,1.0,0.6109288941147348,cross_AUS_plus_CBC,cross,16
234,2_00196,2,tli_high|clinical signs_vomiting,tli_high|clinical_signs_vomiting,5.7561679687526235,0.0330814251077737,3,87,contingency_likelihood_ratio_G,,GI panel|clinical signs,False,0.14485514485514486,1.0,0.5822516245969015,cross_GI_panel_plus_clinical_signs,cross,3
235,2_00529,2,clinical signs_hairball obstruction|AUS_duodenum,clinical_signs_hairball_obstruction|AUS_duodenal_thickening,5.754946906667869,0.02664327271605495,3,108,contingency_likelihood_ratio_G,joint_state_n_lt_3;joint_state_n_lt_5;apparent_extreme_fraction_in_tiny_joint_state,clinical signs|AUS,False,0.15284715284715283,1.0,0.58758064365541,cross_AUS_plus_clinical_signs,cross,11
237,2_01158,2,chem_hyperproteinemia|chem_elevated ast,chem_hyperproteinemia|chem_elevated_AST,5.7438015461026435,0.026591673824549276,2,108,contingency_likelihood_ratio_G,empty_joint_state;joint_state_n_lt_3;joint_state_n_lt_5;apparent_extreme_fraction_in_tiny_joint_state,chemistry|chemistry,False,0.08591408591408592,1.0,0.5759650185879694,within_chemistry,within,21
240,2_00299,2,breed_group|AUS_splenomegaly,breed_group|AUS_splenomegaly,5.728973510688593,0.026523025512447188,6,108,contingency_likelihood_ratio_G,joint_state_n_lt_3;joint_state_n_lt_5;apparent_extreme_fraction_in_tiny_joint_state,demographic|AUS,False,0.5614385614385614,1.0,0.9314965087752406,cross_AUS_plus_demographic,cross,19
242,2_00318,2,breed_group|chem_elevated ast,breed_group|chem_elevated_AST,5.701480144172651,0.026395741408206715,5,108,contingency_likelihood_ratio_G,joint_state_n_lt_3;joint_state_n_lt_5;apparent_extreme_fraction_in_tiny_joint_state,demographic|chemistry,False,0.42657342657342656,1.0,0.8615474702431224,cross_chemistry_plus_demographic,cross,23
243,2_00550,2,clinical signs_hairball obstruction|chem_no abnormalities,clinical_signs_hairball_obstruction|chem_no_abnormalities,5.69703729220868,0.02637517264911426,3,108,contingency_likelihood_ratio_G,joint_state_n_lt_3;joint_state_n_lt_5;apparent_extreme_fraction_in_tiny_joint_state,clinical signs|chemistry,False,0.14985014985014986,1.0,0.58758064365541,cross_chemistry_plus_clinical_signs,cross,15
244,2_00732,2,AUS_colon|AUS_enlarged pancreas,AUS_colonic_thickening|AUS_enlarged_pancreas,5.687448418399414,0.0263307797148121,3,108,contingency_likelihood_ratio_G,joint_state_n_lt_3;joint_state_n_lt_5;apparent_extreme_fraction_in_tiny_joint_state,AUS|AUS,False,0.1258741258741259,1.0,0.5817553233283571,within_AUS,within,9
245,2_00099,2,folate_high|tli_high,folate_high|tli_high,5.668802320516157,0.03257932368112734,3,87,contingency_likelihood_ratio_G,,GI panel|GI panel,False,0.15184815184815184,1.0,0.58758064365541,within_GI_panel,within,2
246,2_00228,2,tli_high|chem_elevated alt,tli_high|chem_elevated_ALT,5.660331414808127,0.032530640314989236,3,87,contingency_likelihood_ratio_G,joint_state_n_lt_5;apparent_extreme_fraction_in_tiny_joint_state,GI panel|chemistry,False,0.18081918081918083,1.0,0.6278284050167339,cross_GI_panel_plus_chemistry,cross,10
248,2_00263,2,pli_abn|CBC_basophilia,pli_abn|CBC_basophilia,5.649357735542013,0.03284510311361635,3,86,contingency_likelihood_ratio_G,joint_state_n_lt_3;joint_state_n_lt_5;apparent_extreme_fraction_in_tiny_joint_state,GI panel|CBC,False,0.18181818181818182,1.0,0.6278284050167339,cross_CBC_plus_GI_panel,cross,10
250,2_00121,2,folate_high|CBC_neutrophilia,folate_high|CBC_neutrophilia,5.636357846883402,0.031313099149352236,3,90,contingency_likelihood_ratio_G,joint_state_n_lt_3;joint_state_n_lt_5;apparent_extreme_fraction_in_tiny_joint_state,GI panel|CBC,False,0.1108891108891109,1.0,0.5759650185879694,cross_CBC_plus_GI_panel,cross,11
251,2_00955,2,CBC_neutrophilia|CBC_monocytosis,CBC_neutrophilia|CBC_monocytosis,5.620709285502317,0.02602180224769591,3,108,contingency_likelihood_ratio_G,joint_state_n_lt_3;joint_state_n_lt_5;apparent_extreme_fraction_in_tiny_joint_state,CBC|CBC,False,0.11888111888111888,1.0,0.579839133198817,within_CBC,within,4
252,2_01116,2,CBC_monocytosis|chem_decreased alt,CBC_monocytosis|chem_decreased_ALT,5.620709285502317,0.02602180224769591,3,108,contingency_likelihood_ratio_G,joint_state_n_lt_3;joint_state_n_lt_5;apparent_extreme_fraction_in_tiny_joint_state,CBC|chemistry,False,0.11888111888111888,1.0,0.579839133198817,cross_CBC_plus_chemistry,cross,25
253,2_01166,2,chem_hyperproteinemia|chem_hypokalemia,chem_hyperproteinemia|chem_hypokalemia,5.605358608018737,0.025950734296383043,3,108,contingency_likelihood_ratio_G,joint_state_n_lt_3;joint_state_n_lt_5;apparent_extreme_fraction_in_tiny_joint_state,chemistry|chemistry,False,0.2077922077922078,1.0,0.6410389610389611,within_chemistry,within,22
254,2_00633,2,AUS_duodenum|AUS_enlarged pancreas,AUS_duodenal_thickening|AUS_enlarged_pancreas,5.597065727201305,0.02591234132963567,3,108,contingency_likelihood_ratio_G,,AUS|AUS,False,0.15984015984015984,1.0,0.6013498696425525,within_AUS,within,10
255,2_00456,2,clinical signs_hyporexia|AUS_mesenteric lymphadenopathy,clinical_signs_hyporexia|AUS_mesenteric_lymphadenopathy,5.594904528578562,0.025902335780456306,3,108,contingency_likelihood_ratio_G,joint_state_n_lt_5;apparent_extreme_fraction_in_tiny_joint_state,clinical signs|AUS,False,0.17682317682317683,1.0,0.6269501926644784,cross_AUS_plus_clinical_signs,cross,12
256,2_00374,2,clinical signs_vomiting|AUS_colon,clinical_signs_vomiting|AUS_colonic_thickening,5.583251837022889,0.025848388134365227,3,108,contingency_likelihood_ratio_G,joint_state_n_lt_5;apparent_extreme_fraction_in_tiny_joint_state,clinical signs|AUS,False,0.18181818181818182,1.0,0.6278284050167339,cross_AUS_plus_clinical_signs,cross,13
257,2_00521,2,clinical signs_weight loss|chem_discordantly elevated bun,clinical_signs_weight_loss|chem_discordantly_elevated_BUN,5.582067288698323,0.02584290411434409,3,108,contingency_likelihood_ratio_G,joint_state_n_lt_3;joint_state_n_lt_5;apparent_extreme_fraction_in_tiny_joint_state,clinical signs|chemistry,False,0.1018981018981019,1.0,0.5759650185879694,cross_chemistry_plus_clinical_signs,cross,16
259,2_00423,2,clinical signs_diarrhea|CBC_neutrophilia,clinical_signs_diarrhea|CBC_neutrophilia,5.557553884242875,0.02572941613075405,3,108,contingency_likelihood_ratio_G,joint_state_n_lt_3;joint_state_n_lt_5;apparent_extreme_fraction_in_tiny_joint_state,clinical signs|CBC,False,0.11988011988011989,1.0,0.5801257565963449,cross_CBC_plus_clinical_signs,cross,7
260,2_00436,2,clinical signs_diarrhea|chem_decreased alt,clinical_signs_diarrhea|chem_decreased_ALT,5.557553884242875,0.02572941613075405,3,108,contingency_likelihood_ratio_G,joint_state_n_lt_3;joint_state_n_lt_5;apparent_extreme_fraction_in_tiny_joint_state,clinical signs|chemistry,False,0.11388611388611389,1.0,0.5759650185879694,cross_chemistry_plus_clinical_signs,cross,17
261,2_00442,2,clinical signs_diarrhea|chem_discordantly elevated bun,clinical_signs_diarrhea|chem_discordantly_elevated_BUN,5.557553884242875,0.02572941613075405,3,108,contingency_likelihood_ratio_G,joint_state_n_lt_3;joint_state_n_lt_5;apparent_extreme_fraction_in_tiny_joint_state,clinical signs|chemistry,False,0.10989010989010989,1.0,0.5759650185879694,cross_chemistry_plus_clinical_signs,cross,18
263,2_01161,2,chem_hyperproteinemia|chem_azotemia,chem_hyperproteinemia|chem_azotemia,5.53737125157626,0.025635978016556756,3,108,contingency_likelihood_ratio_G,joint_state_n_lt_3;joint_state_n_lt_5;apparent_extreme_fraction_in_tiny_joint_state,chemistry|chemistry,False,0.18681318681318682,1.0,0.6278284050167339,within_chemistry,within,23
264,2_00201,2,tli_high|clinical signs_constipation,tli_high|clinical_signs_constipation,5.532654399666383,0.03179686436589875,2,87,contingency_likelihood_ratio_G,empty_joint_state;joint_state_n_lt_3;joint_state_n_lt_5;apparent_extreme_fraction_in_tiny_joint_state,GI panel|clinical signs,False,0.04995004995004995,1.0,0.48362406823945286,cross_GI_panel_plus_clinical_signs,cross,4
265,2_00219,2,tli_high|CBC_basocytosis,tli_high|CBC_basocytosis,5.532654399666383,0.03179686436589875,2,87,contingency_likelihood_ratio_G,empty_joint_state;joint_state_n_lt_3;joint_state_n_lt_5;apparent_extreme_fraction_in_tiny_joint_state,GI panel|CBC,False,0.04995004995004995,1.0,0.48362406823945286,cross_CBC_plus_GI_panel,cross,12
266,2_00231,2,tli_high|chem_elevated total bilirubin,tli_high|chem_elevated_total_bilirubin,5.532654399666383,0.03179686436589875,2,87,contingency_likelihood_ratio_G,empty_joint_state;joint_state_n_lt_3;joint_state_n_lt_5;apparent_extreme_fraction_in_tiny_joint_state,GI panel|chemistry,False,0.04995004995004995,1.0,0.48362406823945286,cross_GI_panel_plus_chemistry,cross,11
267,2_00764,2,AUS_mesenteric lymphadenopathy|AUS_splenomegaly,AUS_mesenteric_lymphadenopathy|AUS_splenomegaly,5.531967508770795,0.02561096068875368,3,108,contingency_likelihood_ratio_G,,AUS|AUS,False,0.2127872127872128,1.0,0.6526414761708879,within_AUS,within,11
268,2_00352,2,clinical signs_none|chem_hyperproteinemia,clinical_signs_none_reported|chem_hyperproteinemia,5.513489471590458,0.025525414220326195,3,108,contingency_likelihood_ratio_G,joint_state_n_lt_3;joint_state_n_lt_5;apparent_extreme_fraction_in_tiny_joint_state,clinical signs|chemistry,False,0.22777222777222778,1.0,0.6644702814915581,cross_chemistry_plus_clinical_signs,cross,19
270,2_01143,2,chem_hypoproteinemia|chem_hyperproteinemia,chem_hypoproteinemia|chem_hyperproteinemia,5.513489471590457,0.02552541422032619,2,108,contingency_likelihood_ratio_G,empty_joint_state,chemistry|chemistry,False,0.11788211788211789,1.0,0.579839133198817,within_chemistry,within,24
272,2_01164,2,chem_hyperproteinemia|chem_hypercholesterolemia,chem_hyperproteinemia|chem_hypercholesterolemia,5.513177861069371,0.025523971579024866,2,108,contingency_likelihood_ratio_G,empty_joint_state;joint_state_n_lt_3;joint_state_n_lt_5;apparent_extreme_fraction_in_tiny_joint_state,chemistry|chemistry,False,0.11588411588411589,1.0,0.5789514129595101,within_chemistry,within,25
273,2_00855,2,AUS_splenomegaly|CBC_neutrophilia,AUS_splenomegaly|CBC_neutrophilia,5.510139902781225,0.025509906957320486,3,108,contingency_likelihood_ratio_G,joint_state_n_lt_3;joint_state_n_lt_5;apparent_extreme_fraction_in_tiny_joint_state,AUS|CBC,False,0.13286713286713286,1.0,0.5822516245969015,cross_AUS_plus_CBC,cross,17
275,2_00478,2,clinical signs_hyporexia|chem_elevated ast,clinical_signs_hyporexia|chem_elevated_AST,5.487658608839519,0.02540582689277555,3,108,contingency_likelihood_ratio_G,joint_state_n_lt_3;joint_state_n_lt_5;apparent_extreme_fraction_in_tiny_joint_state,clinical signs|chemistry,False,0.1848151848151848,1.0,0.6278284050167339,cross_chemistry_plus_clinical_signs,cross,20
276,2_00069,2,cobalamin_low|AUS_enlarged pancreas,cobalamin_low|AUS_enlarged_pancreas,5.472232182914164,0.030401289905078687,3,90,contingency_likelihood_ratio_G,,GI panel|AUS,False,0.15284715284715283,1.0,0.58758064365541,cross_AUS_plus_GI_panel,cross,8
277,2_00834,2,AUS_enlarged pancreas|CBC_lymphopenia,AUS_enlarged_pancreas|CBC_lymphopenia,5.45856367367737,0.02527112811887671,3,108,contingency_likelihood_ratio_G,joint_state_n_lt_3;joint_state_n_lt_5;apparent_extreme_fraction_in_tiny_joint_state,AUS|CBC,False,0.18281718281718282,1.0,0.6278284050167339,cross_AUS_plus_CBC,cross,18
279,2_00828,2,AUS_enlarged pancreas|CBC_neutropenia,AUS_enlarged_pancreas|CBC_neutropenia,5.457283831035029,0.025265202921458466,3,108,contingency_likelihood_ratio_G,joint_state_n_lt_3;joint_state_n_lt_5;apparent_extreme_fraction_in_tiny_joint_state,AUS|CBC,False,0.14285714285714285,1.0,0.5822516245969015,cross_AUS_plus_CBC,cross,19
280,2_00210,2,tli_high|AUS_splenomegaly,tli_high|AUS_splenomegaly,5.4449331410362,0.031292719201357476,3,87,contingency_likelihood_ratio_G,joint_state_n_lt_5,GI panel|AUS,False,0.1928071928071928,1.0,0.6292249417249417,cross_AUS_plus_GI_panel,cross,9
281,2_00560,2,clinical signs_hairball obstruction|chem_hyperglycemia,clinical_signs_hairball_obstruction|chem_hyperglycemia,5.4286982444830665,0.025132862242977158,2,108,contingency_likelihood_ratio_G,empty_joint_state;joint_state_n_lt_3;joint_state_n_lt_5;apparent_extreme_fraction_in_tiny_joint_state,clinical signs|chemistry,False,0.0919080919080919,1.0,0.5759650185879694,cross_chemistry_plus_clinical_signs,cross,21
282,2_00577,2,clinical signs_constipation|CBC_neutrophilia,clinical_signs_constipation|CBC_neutrophilia,5.4286982444830665,0.025132862242977158,2,108,contingency_likelihood_ratio_G,empty_joint_state;joint_state_n_lt_3;joint_state_n_lt_5;apparent_extreme_fraction_in_tiny_joint_state,clinical signs|CBC,False,0.09290709290709291,1.0,0.5759650185879694,cross_CBC_plus_clinical_signs,cross,8
283,2_00590,2,clinical signs_constipation|chem_decreased alt,clinical_signs_constipation|chem_decreased_ALT,5.4286982444830665,0.025132862242977158,2,108,contingency_likelihood_ratio_G,empty_joint_state;joint_state_n_lt_3;joint_state_n_lt_5;apparent_extreme_fraction_in_tiny_joint_state,clinical signs|chemistry,False,0.09290709290709291,1.0,0.5759650185879694,cross_chemistry_plus_clinical_signs,cross,22
284,2_00596,2,clinical signs_constipation|chem_discordantly elevated bun,clinical_signs_constipation|chem_discordantly_elevated_BUN,5.4286982444830665,0.025132862242977158,2,108,contingency_likelihood_ratio_G,empty_joint_state;joint_state_n_lt_3;joint_state_n_lt_5;apparent_extreme_fraction_in_tiny_joint_state,clinical signs|chemistry,False,0.1068931068931069,1.0,0.5759650185879694,cross_chemistry_plus_clinical_signs,cross,23
285,2_00597,2,clinical signs_constipation|chem_hyperglycemia,clinical_signs_constipation|chem_hyperglycemia,5.4286982444830665,0.025132862242977158,2,108,contingency_likelihood_ratio_G,empty_joint_state;joint_state_n_lt_3;joint_state_n_lt_5;apparent_extreme_fraction_in_tiny_joint_state,clinical signs|chemistry,False,0.0919080919080919,1.0,0.5759650185879694,cross_chemistry_plus_clinical_signs,cross,24
286,2_00952,2,CBC_neutrophilia|CBC_basocytosis,CBC_neutrophilia|CBC_basocytosis,5.4286982444830665,0.025132862242977158,2,108,contingency_likelihood_ratio_G,empty_joint_state;joint_state_n_lt_3;joint_state_n_lt_5;apparent_extreme_fraction_in_tiny_joint_state,CBC|CBC,False,0.09290709290709291,1.0,0.5759650185879694,within_CBC,within,5
298,2_00951,2,CBC_neutrophilia|CBC_basophilia,CBC_neutrophilia|CBC_basophilia,5.4183282742857655,0.025084853121693357,3,108,contingency_likelihood_ratio_G,joint_state_n_lt_3;joint_state_n_lt_5;apparent_extreme_fraction_in_tiny_joint_state,CBC|CBC,False,0.2127872127872128,1.0,0.6526414761708879,within_CBC,within,6
300,2_00195,2,tli_high|clinical signs_none,tli_high|clinical_signs_none_reported,5.372704899874779,0.03087761436709643,3,87,contingency_likelihood_ratio_G,joint_state_n_lt_5,GI panel|clinical signs,False,0.16983016983016982,1.0,0.6145760397959811,cross_GI_panel_plus_clinical_signs,cross,5
301,2_00301,2,breed_group|AUS_gall bladder sludge,breed_group|AUS_gall_bladder_sludge,5.349670681243425,0.024766993894645487,6,108,contingency_likelihood_ratio_G,joint_state_n_lt_3;joint_state_n_lt_5;apparent_extreme_fraction_in_tiny_joint_state,demographic|AUS,False,0.6153846153846154,1.0,0.9387537402065247,cross_AUS_plus_demographic,cross,20
302,2_00187,2,folate_low|chem_discordantly elevated bun,folate_low|chem_discordantly_elevated_BUN,5.33349072830956,0.02963050404616422,2,90,contingency_likelihood_ratio_G,empty_joint_state;joint_state_n_lt_3;joint_state_n_lt_5;apparent_extreme_fraction_in_tiny_joint_state,GI panel|chemistry,False,0.07692307692307693,1.0,0.5759650185879694,cross_GI_panel_plus_chemistry,cross,12
303,2_00826,2,AUS_enlarged pancreas|CBC_no abnormalities,AUS_enlarged_pancreas|CBC_no_abnormalities,5.306133503438195,0.02456543288628794,3,108,contingency_likelihood_ratio_G,,AUS|CBC,False,0.16583416583416583,1.0,0.6108965218757504,cross_AUS_plus_CBC,cross,20
304,2_00221,2,tli_high|CBC_lymphopenia,tli_high|CBC_lymphopenia,5.293263679885479,0.03042105563152574,3,87,contingency_likelihood_ratio_G,joint_state_n_lt_3;joint_state_n_lt_5;apparent_extreme_fraction_in_tiny_joint_state,GI panel|CBC,False,0.19480519480519481,1.0,0.6292249417249417,cross_CBC_plus_GI_panel,cross,13
305,2_00441,2,clinical signs_diarrhea|chem_azotemia,clinical_signs_diarrhea|chem_azotemia,5.291480917618881,0.024497596840828154,3,108,contingency_likelihood_ratio_G,joint_state_n_lt_5;apparent_extreme_fraction_in_tiny_joint_state,clinical signs|chemistry,False,0.1878121878121878,1.0,0.6278284050167339,cross_chemistry_plus_clinical_signs,cross,25
306,2_00289,2,breed_group|clinical signs_hairball obstruction,breed_group|clinical_signs_hairball_obstruction,5.280626627717753,0.0244473454986933,4,108,contingency_likelihood_ratio_G,joint_state_n_lt_5;apparent_extreme_fraction_in_tiny_joint_state,demographic|clinical signs,False,0.3206793206793207,1.0,0.7789729955084286,cross_clinical_signs_plus_demographic,cross,11
309,2_00768,2,AUS_mesenteric lymphadenopathy|CBC_neutrophilia,AUS_mesenteric_lymphadenopathy|CBC_neutrophilia,5.22347205083969,0.024182740976109677,2,108,contingency_likelihood_ratio_G,empty_joint_state;joint_state_n_lt_3;joint_state_n_lt_5;apparent_extreme_fraction_in_tiny_joint_state,AUS|CBC,False,0.0959040959040959,1.0,0.5759650185879694,cross_AUS_plus_CBC,cross,21
311,2_00259,2,pli_abn|CBC_neutrophilia,pli_abn|CBC_neutrophilia,5.206987521113008,0.03027318326228493,2,86,contingency_likelihood_ratio_G,empty_joint_state;joint_state_n_lt_3;joint_state_n_lt_5;apparent_extreme_fraction_in_tiny_joint_state,GI panel|CBC,False,0.0969030969030969,1.0,0.5759650185879694,cross_CBC_plus_GI_panel,cross,14
312,2_00146,2,folate_low|tli_high,folate_low|tli_high,5.20182026860003,0.029895518785057643,3,87,contingency_likelihood_ratio_G,joint_state_n_lt_3;joint_state_n_lt_5;apparent_extreme_fraction_in_tiny_joint_state,GI panel|GI panel,False,0.21878121878121878,1.0,0.6535151595392559,within_GI_panel,within,3
313,2_00452,2,clinical signs_hyporexia|AUS_duodenum,clinical_signs_hyporexia|AUS_duodenal_thickening,5.200943906112535,0.024078444009780254,3,108,contingency_likelihood_ratio_G,,clinical signs|AUS,False,0.21478521478521478,1.0,0.6526414761708879,cross_AUS_plus_clinical_signs,cross,14
314,2_00407,2,clinical signs_diarrhea|clinical signs_hyporexia,clinical_signs_diarrhea|clinical_signs_hyporexia,5.198224910045686,0.02406585606502632,3,108,contingency_likelihood_ratio_G,joint_state_n_lt_3;joint_state_n_lt_5;apparent_extreme_fraction_in_tiny_joint_state,clinical signs|clinical signs,False,0.23476523476523475,1.0,0.6721584679821339,within_clinical_signs,within,2
315,2_00306,2,breed_group|CBC_eosinopenia,breed_group|CBC_eosinopenia,5.194652971548113,0.024049319312722743,4,108,contingency_likelihood_ratio_G,joint_state_n_lt_3;joint_state_n_lt_5;apparent_extreme_fraction_in_tiny_joint_state,demographic|CBC,False,0.2917082917082917,1.0,0.7406749628971852,cross_CBC_plus_demographic,cross,17
316,2_00319,2,breed_group|chem_elevated alp,breed_group|chem_elevated_ALP,5.194652971548113,0.024049319312722743,4,108,contingency_likelihood_ratio_G,joint_state_n_lt_3;joint_state_n_lt_5;apparent_extreme_fraction_in_tiny_joint_state,demographic|chemistry,False,0.2917082917082917,1.0,0.7406749628971852,cross_chemistry_plus_demographic,cross,24
317,2_00466,2,clinical signs_hyporexia|CBC_eosinopenia,clinical_signs_hyporexia|CBC_eosinopenia,5.190681504088406,0.024030932889298178,2,108,contingency_likelihood_ratio_G,empty_joint_state;joint_state_n_lt_3;joint_state_n_lt_5;apparent_extreme_fraction_in_tiny_joint_state,clinical signs|CBC,False,0.07992007992007992,1.0,0.5759650185879694,cross_CBC_plus_clinical_signs,cross,9
319,2_00207,2,tli_high|AUS_mesenteric lymphadenopathy,tli_high|AUS_mesenteric_lymphadenopathy,5.178381622888863,0.02976081392464864,3,87,contingency_likelihood_ratio_G,,GI panel|AUS,False,0.1878121878121878,1.0,0.6278284050167339,cross_AUS_plus_GI_panel,cross,10
320,2_00856,2,AUS_splenomegaly|CBC_neutropenia,AUS_splenomegaly|CBC_neutropenia,5.176946269744734,0.023967343841410808,3,108,contingency_likelihood_ratio_G,joint_state_n_lt_3;joint_state_n_lt_5;apparent_extreme_fraction_in_tiny_joint_state,AUS|CBC,False,0.16383616383616384,1.0,0.6107970579269673,cross_AUS_plus_CBC,cross,22
321,2_00908,2,AUS_gall bladder sludge|CBC_neutrophilia,AUS_gall_bladder_sludge|CBC_neutrophilia,5.148770262397598,0.02383689936295184,2,108,contingency_likelihood_ratio_G,empty_joint_state;joint_state_n_lt_3;joint_state_n_lt_5;apparent_extreme_fraction_in_tiny_joint_state,AUS|CBC,False,0.1088911088911089,1.0,0.5759650185879694,cross_AUS_plus_CBC,cross,23
325,2_00109,2,folate_high|AUS_no abnormalities,folate_high|AUS_no_abnormalities,5.1306294085244195,0.028503496714024554,3,90,contingency_likelihood_ratio_G,joint_state_n_lt_3;joint_state_n_lt_5;apparent_extreme_fraction_in_tiny_joint_state,GI panel|AUS,False,0.18181818181818182,1.0,0.6278284050167339,cross_AUS_plus_GI_panel,cross,11
326,2_00836,2,AUS_enlarged pancreas|CBC_anemia,AUS_enlarged_pancreas|CBC_anemia,5.129979028893307,0.023749902911543087,2,108,contingency_likelihood_ratio_G,empty_joint_state;joint_state_n_lt_5,AUS|CBC,False,0.08291708291708291,1.0,0.5759650185879694,cross_AUS_plus_CBC,cross,24
328,2_00700,2,AUS_ileum|AUS_enlarged pancreas,AUS_ileal_thickening|AUS_enlarged_pancreas,5.113902681061598,0.023675475375285176,3,108,contingency_likelihood_ratio_G,,AUS|AUS,False,0.18981018981018982,1.0,0.6278284050167339,within_AUS,within,12
330,2_00237,2,tli_high|chem_hypokalemia,tli_high|chem_hypokalemia,5.103820798545429,0.029332303439916257,3,87,contingency_likelihood_ratio_G,joint_state_n_lt_3;joint_state_n_lt_5;apparent_extreme_fraction_in_tiny_joint_state,GI panel|chemistry,False,0.23376623376623376,1.0,0.6708547266686802,cross_GI_panel_plus_chemistry,cross,13
331,2_00134,2,folate_high|chem_decreased alt,folate_high|chem_decreased_ALT,5.09756341481977,0.028319796748998722,2,90,contingency_likelihood_ratio_G,empty_joint_state;joint_state_n_lt_3;joint_state_n_lt_5;apparent_extreme_fraction_in_tiny_joint_state,GI panel|chemistry,False,0.1018981018981019,1.0,0.5759650185879694,cross_GI_panel_plus_chemistry,cross,14
334,2_00327,2,breed_group|chem_hypophosphatemia,breed_group|chem_hypophosphatemia,5.071645278540487,0.023479839252502254,5,108,contingency_likelihood_ratio_G,joint_state_n_lt_3;joint_state_n_lt_5;apparent_extreme_fraction_in_tiny_joint_state,demographic|chemistry,False,0.5034965034965035,1.0,0.924131983124789,cross_chemistry_plus_demographic,cross,25
335,2_00272,2,pli_abn|chem_decreased alt,pli_abn|chem_decreased_ALT,5.071345661957833,0.029484567802080426,3,86,contingency_likelihood_ratio_G,joint_state_n_lt_3;joint_state_n_lt_5;apparent_extreme_fraction_in_tiny_joint_state,GI panel|chemistry,False,0.16983016983016982,1.0,0.6145760397959811,cross_GI_panel_plus_chemistry,cross,15
345,2_00168,2,folate_low|CBC_neutrophilia,folate_low|CBC_neutrophilia,5.021239681222483,0.027895776006791575,2,90,contingency_likelihood_ratio_G,empty_joint_state;joint_state_n_lt_3;joint_state_n_lt_5;apparent_extreme_fraction_in_tiny_joint_state,GI panel|CBC,False,0.13486513486513488,1.0,0.5822516245969015,cross_CBC_plus_GI_panel,cross,15
346,2_00181,2,folate_low|chem_decreased alt,folate_low|chem_decreased_ALT,5.021239681222483,0.027895776006791575,2,90,contingency_likelihood_ratio_G,empty_joint_state;joint_state_n_lt_3;joint_state_n_lt_5;apparent_extreme_fraction_in_tiny_joint_state,GI panel|chemistry,False,0.13486513486513488,1.0,0.5822516245969015,cross_GI_panel_plus_chemistry,cross,16
353,2_00092,2,cobalamin_low|chem_azotemia,cobalamin_low|chem_azotemia,4.982473623286396,0.02768040901825776,3,90,contingency_likelihood_ratio_G,,GI panel|chemistry,False,0.23576423576423577,1.0,0.6734561734561735,cross_GI_panel_plus_chemistry,cross,17
354,2_00203,2,tli_high|AUS_duodenum,tli_high|AUS_duodenal_thickening,4.980727348952255,0.028624869821564685,3,87,contingency_likelihood_ratio_G,,GI panel|AUS,False,0.2077922077922078,1.0,0.6410389610389611,cross_AUS_plus_GI_panel,cross,12
355,2_00501,2,clinical signs_weight loss|CBC_no abnormalities,clinical_signs_weight_loss|CBC_no_abnormalities,4.965575213954602,0.02298877413867871,3,108,contingency_likelihood_ratio_G,,clinical signs|CBC,False,0.2057942057942058,1.0,0.6410389610389611,cross_CBC_plus_clinical_signs,cross,10
356,2_00199,2,tli_high|clinical signs_weight loss,tli_high|clinical_signs_weight_loss,4.958759158488074,0.028498615853379736,3,87,contingency_likelihood_ratio_G,,GI panel|clinical signs,False,0.1958041958041958,1.0,0.6292249417249417,cross_GI_panel_plus_clinical_signs,cross,6
357,2_00236,2,tli_high|chem_hypercalcemia,tli_high|chem_hypercalcemia,4.936652719563621,0.028371567353813913,2,87,contingency_likelihood_ratio_G,empty_joint_state;joint_state_n_lt_3;joint_state_n_lt_5;apparent_extreme_fraction_in_tiny_joint_state,GI panel|chemistry,False,0.07292707292707293,1.0,0.5759650185879694,cross_GI_panel_plus_chemistry,cross,18
360,2_00213,2,tli_high|CBC_no abnormalities,tli_high|CBC_no_abnormalities,4.933196137194393,0.02835170193789881,3,87,contingency_likelihood_ratio_G,,GI panel|CBC,False,0.2017982017982018,1.0,0.6410389610389611,cross_CBC_plus_GI_panel,cross,16
361,2_00211,2,tli_high|AUS_ileus,tli_high|AUS_ileus,4.92636700128606,0.028312454030379654,2,87,contingency_likelihood_ratio_G,empty_joint_state;joint_state_n_lt_5;apparent_extreme_fraction_in_tiny_joint_state,GI panel|AUS,False,0.1008991008991009,1.0,0.5759650185879694,cross_AUS_plus_GI_panel,cross,13
362,2_00307,2,breed_group|CBC_basophilia,breed_group|CBC_basophilia,4.899799376215178,0.022684256371366566,5,108,contingency_likelihood_ratio_G,joint_state_n_lt_3;joint_state_n_lt_5;apparent_extreme_fraction_in_tiny_joint_state,demographic|CBC,False,0.5204795204795205,1.0,0.924131983124789,cross_CBC_plus_demographic,cross,18
365,2_00462,2,clinical signs_hyporexia|CBC_no abnormalities,clinical_signs_hyporexia|CBC_no_abnormalities,4.852375873792235,0.022464703119408496,3,108,contingency_likelihood_ratio_G,joint_state_n_lt_5;apparent_extreme_fraction_in_tiny_joint_state,clinical signs|CBC,False,0.23376623376623376,1.0,0.6708547266686802,cross_CBC_plus_clinical_signs,cross,11
369,2_00052,2,cobalamin_low|tli_high,cobalamin_low|tli_high,4.791779304392518,0.02753896151949723,3,87,contingency_likelihood_ratio_G,,GI panel|GI panel,False,0.2037962037962038,1.0,0.6410389610389611,within_GI_panel,within,4
370,2_00705,2,AUS_ileum|CBC_neutrophilia,AUS_ileal_thickening|CBC_neutrophilia,4.780947267153291,0.02213401512570968,3,108,contingency_likelihood_ratio_G,joint_state_n_lt_3;joint_state_n_lt_5;apparent_extreme_fraction_in_tiny_joint_state,AUS|CBC,False,0.2017982017982018,1.0,0.6410389610389611,cross_AUS_plus_CBC,cross,25
374,2_00200,2,tli_high|clinical signs_hairball obstruction,tli_high|clinical_signs_hairball_obstruction,4.762169271534733,0.02736878891686628,2,87,contingency_likelihood_ratio_G,empty_joint_state;joint_state_n_lt_3;joint_state_n_lt_5;apparent_extreme_fraction_in_tiny_joint_state,GI panel|clinical signs,False,0.14585414585414586,1.0,0.5843636882597922,cross_GI_panel_plus_clinical_signs,cross,7
375,2_00229,2,tli_high|chem_elevated ast,tli_high|chem_elevated_AST,4.762169271534733,0.02736878891686628,2,87,contingency_likelihood_ratio_G,empty_joint_state;joint_state_n_lt_3;joint_state_n_lt_5;apparent_extreme_fraction_in_tiny_joint_state,GI panel|chemistry,False,0.13886113886113885,1.0,0.5822516245969015,cross_GI_panel_plus_chemistry,cross,19
380,2_00948,2,CBC_neutrophilia|CBC_neutropenia,CBC_neutrophilia|CBC_neutropenia,4.760809741719445,0.022040785841293726,2,108,contingency_likelihood_ratio_G,empty_joint_state;joint_state_n_lt_3;joint_state_n_lt_5;apparent_extreme_fraction_in_tiny_joint_state,CBC|CBC,False,0.14485514485514486,1.0,0.5822516245969015,within_CBC,within,7
389,2_00459,2,clinical signs_hyporexia|AUS_splenomegaly,clinical_signs_hyporexia|AUS_splenomegaly,4.754313640955,0.022010711300717592,3,108,contingency_likelihood_ratio_G,joint_state_n_lt_3;joint_state_n_lt_5;apparent_extreme_fraction_in_tiny_joint_state,clinical signs|AUS,False,0.23776223776223776,1.0,0.6760336437755793,cross_AUS_plus_clinical_signs,cross,15
391,2_00634,2,AUS_duodenum|AUS_splenomegaly,AUS_duodenal_thickening|AUS_splenomegaly,4.752389274539256,0.022001802196941003,3,108,contingency_likelihood_ratio_G,joint_state_n_lt_5,AUS|AUS,False,0.2177822177822178,1.0,0.6535151595392559,within_AUS,within,13
393,2_00954,2,CBC_neutrophilia|CBC_lymphopenia,CBC_neutrophilia|CBC_lymphopenia,4.735165160198914,0.021922060926846825,2,108,contingency_likelihood_ratio_G,empty_joint_state;joint_state_n_lt_3;joint_state_n_lt_5;apparent_extreme_fraction_in_tiny_joint_state,CBC|CBC,False,0.21578421578421578,1.0,0.6526414761708879,within_CBC,within,8
406,2_00956,2,CBC_neutrophilia|CBC_anemia,CBC_neutrophilia|CBC_anemia,4.720066822032546,0.02185216121311364,2,108,contingency_likelihood_ratio_G,empty_joint_state;joint_state_n_lt_3;joint_state_n_lt_5;apparent_extreme_fraction_in_tiny_joint_state,CBC|CBC,False,0.12487512487512488,1.0,0.5817553233283571,within_CBC,within,9
408,2_00340,2,clinical signs_none|CBC_neutrophilia,clinical_signs_none_reported|CBC_neutrophilia,4.715231558024075,0.02182977573159294,2,108,contingency_likelihood_ratio_G,empty_joint_state;joint_state_n_lt_3;joint_state_n_lt_5;apparent_extreme_fraction_in_tiny_joint_state,clinical signs|CBC,False,0.17882117882117882,1.0,0.6278284050167339,cross_CBC_plus_clinical_signs,cross,12
419,2_00205,2,tli_high|AUS_ileum,tli_high|AUS_ileal_thickening,4.708046410908766,0.027057737993728542,3,87,contingency_likelihood_ratio_G,,GI panel|AUS,False,0.22377622377622378,1.0,0.6590450122669693,cross_AUS_plus_GI_panel,cross,14
421,2_00284,2,breed_group|clinical signs_none,breed_group|clinical_signs_none_reported,4.693031131224504,0.021726995977891222,6,108,contingency_likelihood_ratio_G,joint_state_n_lt_3;joint_state_n_lt_5;apparent_extreme_fraction_in_tiny_joint_state,demographic|clinical signs,False,0.7292707292707292,1.0,0.9464970176267248,cross_clinical_signs_plus_demographic,cross,12
422,2_00465,2,clinical signs_hyporexia|CBC_eosinophilia,clinical_signs_hyporexia|CBC_eosinophilia,4.672354945674925,0.021631272896643173,2,108,contingency_likelihood_ratio_G,empty_joint_state,clinical signs|CBC,False,0.16383616383616384,1.0,0.6107970579269673,cross_CBC_plus_clinical_signs,cross,13
423,2_00163,2,folate_low|AUS_enlarged pancreas,folate_low|AUS_enlarged_pancreas,4.6346758043140595,0.025748198912855885,3,90,contingency_likelihood_ratio_G,joint_state_n_lt_3;joint_state_n_lt_5;apparent_extreme_fraction_in_tiny_joint_state,GI panel|AUS,False,0.25374625374625376,1.0,0.6989349935778507,cross_AUS_plus_GI_panel,cross,15
425,2_00202,2,tli_high|AUS_no abnormalities,tli_high|AUS_no_abnormalities,4.624655707418868,0.026578481077119933,2,87,contingency_likelihood_ratio_G,empty_joint_state;joint_state_n_lt_5,GI panel|AUS,False,0.1038961038961039,1.0,0.5759650185879694,cross_AUS_plus_GI_panel,cross,16
427,2_00230,2,tli_high|chem_elevated alp,tli_high|chem_elevated_ALP,4.609347917421911,0.02649050527253972,1,87,contingency_likelihood_ratio_G,empty_joint_state,GI panel|chemistry,False,0.03696303696303696,1.0,0.42977206279958574,cross_GI_panel_plus_chemistry,cross,20
428,2_00235,2,tli_high|chem_hypercholesterolemia,tli_high|chem_hypercholesterolemia,4.609347917421911,0.02649050527253972,1,87,contingency_likelihood_ratio_G,empty_joint_state,GI panel|chemistry,False,0.03696303696303696,1.0,0.42977206279958574,cross_GI_panel_plus_chemistry,cross,21
431,2_00995,2,CBC_eosinophilia|CBC_eosinopenia,CBC_eosinophilia|CBC_eosinopenia,4.55514560637277,0.021088637066540603,2,108,contingency_likelihood_ratio_G,empty_joint_state;joint_state_n_lt_3;joint_state_n_lt_5;apparent_extreme_fraction_in_tiny_joint_state,CBC|CBC,False,0.15384615384615385,1.0,0.5877589902357705,within_CBC,within,10
433,2_00349,2,clinical signs_none|CBC_anemia,clinical_signs_none_reported|CBC_anemia,4.5416395352428465,0.021026108959457623,3,108,contingency_likelihood_ratio_G,joint_state_n_lt_3;joint_state_n_lt_5;apparent_extreme_fraction_in_tiny_joint_state,clinical signs|CBC,False,0.3166833166833167,1.0,0.7723067446387604,cross_CBC_plus_clinical_signs,cross,14
436,2_00467,2,clinical signs_hyporexia|CBC_basophilia,clinical_signs_hyporexia|CBC_basophilia,4.477142075722272,0.02072750960982533,2,108,contingency_likelihood_ratio_G,empty_joint_state,clinical signs|CBC,False,0.13986013986013987,1.0,0.5822516245969015,cross_CBC_plus_clinical_signs,cross,15
437,2_00086,2,cobalamin_low|chem_hyperproteinemia,cobalamin_low|chem_hyperproteinemia,4.4197046755581795,0.024553914864212108,3,90,contingency_likelihood_ratio_G,joint_state_n_lt_3;joint_state_n_lt_5;apparent_extreme_fraction_in_tiny_joint_state,GI panel|chemistry,False,0.2997002997002997,1.0,0.7511395487103988,cross_GI_panel_plus_chemistry,cross,22
439,2_00449,2,clinical signs_hyporexia|clinical signs_hairball obstruction,clinical_signs_hyporexia|clinical_signs_hairball_obstruction,4.374326271053612,0.020251510514137094,2,108,contingency_likelihood_ratio_G,empty_joint_state;joint_state_n_lt_5;apparent_extreme_fraction_in_tiny_joint_state,clinical signs|clinical signs,False,0.13586413586413587,1.0,0.5822516245969015,within_clinical_signs,within,3
440,2_00072,2,cobalamin_low|AUS_gall bladder sludge,cobalamin_low|AUS_gall_bladder_sludge,4.312905063453472,0.02396058368585262,3,90,contingency_likelihood_ratio_G,joint_state_n_lt_5,GI panel|AUS,False,0.2777222777222777,1.0,0.7276205747543326,cross_AUS_plus_GI_panel,cross,17
441,2_00448,2,clinical signs_hyporexia|clinical signs_weight loss,clinical_signs_hyporexia|clinical_signs_weight_loss,4.293696624118072,0.019878225111657738,3,108,contingency_likelihood_ratio_G,,clinical signs|clinical signs,False,0.28771228771228774,1.0,0.7406749628971852,within_clinical_signs,within,4
442,2_00125,2,folate_high|CBC_basophilia,folate_high|CBC_basophilia,4.283184363553285,0.023795468686407136,3,90,contingency_likelihood_ratio_G,joint_state_n_lt_3;joint_state_n_lt_5;apparent_extreme_fraction_in_tiny_joint_state,GI panel|CBC,False,0.33666333666333664,1.0,0.7921584119302751,cross_CBC_plus_GI_panel,cross,17
443,2_00511,2,clinical signs_weight loss|CBC_anemia,clinical_signs_weight_loss|CBC_anemia,4.277963931418976,0.01980538857138415,3,108,contingency_likelihood_ratio_G,joint_state_n_lt_3;joint_state_n_lt_5;apparent_extreme_fraction_in_tiny_joint_state,clinical signs|CBC,False,0.2907092907092907,1.0,0.7406749628971852,cross_CBC_plus_clinical_signs,cross,16
444,2_00107,2,folate_high|clinical signs_hairball obstruction,folate_high|clinical_signs_hairball_obstruction,4.275707321811201,0.023753929565617785,3,90,contingency_likelihood_ratio_G,joint_state_n_lt_3;joint_state_n_lt_5;apparent_extreme_fraction_in_tiny_joint_state,GI panel|clinical signs,False,0.24975024975024976,1.0,0.6910130228515879,cross_GI_panel_plus_clinical_signs,cross,8
445,2_00136,2,folate_high|chem_elevated ast,folate_high|chem_elevated_AST,4.275707321811201,0.023753929565617785,3,90,contingency_likelihood_ratio_G,joint_state_n_lt_3;joint_state_n_lt_5;apparent_extreme_fraction_in_tiny_joint_state,GI panel|chemistry,False,0.27372627372627373,1.0,0.7217483371329525,cross_GI_panel_plus_chemistry,cross,23
447,2_00461,2,clinical signs_hyporexia|AUS_gall bladder sludge,clinical_signs_hyporexia|AUS_gall_bladder_sludge,4.258084515440093,0.019713354238148576,3,108,contingency_likelihood_ratio_G,joint_state_n_lt_5;apparent_extreme_fraction_in_tiny_joint_state,clinical signs|AUS,False,0.2777222777222777,1.0,0.7276205747543326,cross_AUS_plus_clinical_signs,cross,16
448,2_01017,2,CBC_eosinopenia|CBC_basophilia,CBC_eosinopenia|CBC_basophilia,4.233389048672764,0.01959902337348502,2,108,contingency_likelihood_ratio_G,empty_joint_state;joint_state_n_lt_3;joint_state_n_lt_5;apparent_extreme_fraction_in_tiny_joint_state,CBC|CBC,False,0.24675324675324675,1.0,0.6857961857961858,within_CBC,within,11
451,2_00765,2,AUS_mesenteric lymphadenopathy|AUS_ileus,AUS_mesenteric_lymphadenopathy|AUS_ileus,4.2238985312045045,0.019555085792613447,3,108,contingency_likelihood_ratio_G,joint_state_n_lt_3;joint_state_n_lt_5;apparent_extreme_fraction_in_tiny_joint_state,AUS|AUS,False,0.2907092907092907,1.0,0.7406749628971852,within_AUS,within,14
452,2_00063,2,cobalamin_low|AUS_duodenum,cobalamin_low|AUS_duodenal_thickening,4.223048007303468,0.023461377818352603,3,90,contingency_likelihood_ratio_G,,GI panel|AUS,False,0.2727272727272727,1.0,0.7217483371329525,cross_AUS_plus_GI_panel,cross,18
454,2_00058,2,cobalamin_low|clinical signs_hyporexia,cobalamin_low|clinical_signs_hyporexia,4.188878319952482,0.023271546221958234,3,90,contingency_likelihood_ratio_G,joint_state_n_lt_5,GI panel|clinical signs,False,0.2887112887112887,1.0,0.7406749628971852,cross_GI_panel_plus_clinical_signs,cross,9
456,2_00469,2,clinical signs_hyporexia|CBC_lymphocytosis,clinical_signs_hyporexia|CBC_lymphocytosis,4.182285747451073,0.01936243401597719,3,108,contingency_likelihood_ratio_G,joint_state_n_lt_3;joint_state_n_lt_5;apparent_extreme_fraction_in_tiny_joint_state,clinical signs|CBC,False,0.27672327672327673,1.0,0.7276205747543326,cross_CBC_plus_clinical_signs,cross,17
459,2_00060,2,cobalamin_low|clinical signs_hairball obstruction,cobalamin_low|clinical_signs_hairball_obstruction,4.138375599137514,0.022990975550763966,3,90,contingency_likelihood_ratio_G,joint_state_n_lt_3;joint_state_n_lt_5;apparent_extreme_fraction_in_tiny_joint_state,GI panel|clinical signs,False,0.27972027972027974,1.0,0.7282169307485763,cross_GI_panel_plus_clinical_signs,cross,10
460,2_00254,2,pli_abn|AUS_enlarged pancreas,pli_abn|AUS_enlarged_pancreas,4.116819849091849,0.02393499912262703,3,86,contingency_likelihood_ratio_G,,GI panel|AUS,False,0.2677322677322677,1.0,0.7197856609621315,cross_AUS_plus_GI_panel,cross,19
461,2_00309,2,breed_group|CBC_lymphocytosis,breed_group|CBC_lymphocytosis,4.051379722107618,0.018756387602350082,5,108,contingency_likelihood_ratio_G,joint_state_n_lt_3;joint_state_n_lt_5;apparent_extreme_fraction_in_tiny_joint_state,demographic|CBC,False,0.7012987012987013,1.0,0.941770675676255,cross_CBC_plus_demographic,cross,19
463,2_00288,2,breed_group|clinical signs_weight loss,breed_group|clinical_signs_weight_loss,4.0123699484636886,0.018575786798443003,7,108,contingency_likelihood_ratio_G,joint_state_n_lt_5,demographic|clinical signs,False,0.8211788211788211,1.0,0.9994434833459225,cross_clinical_signs_plus_demographic,cross,13
464,2_00543,2,clinical signs_hairball obstruction|CBC_eosinopenia,clinical_signs_hairball_obstruction|CBC_eosinopenia,4.008088645285137,0.018555965950394153,2,108,contingency_likelihood_ratio_G,empty_joint_state;joint_state_n_lt_3;joint_state_n_lt_5;apparent_extreme_fraction_in_tiny_joint_state,clinical signs|CBC,False,0.1938061938061938,1.0,0.6292249417249417,cross_CBC_plus_clinical_signs,cross,18
466,2_01041,2,CBC_basophilia|CBC_monocytosis,CBC_basophilia|CBC_monocytosis,3.9450026365387214,0.018263901095086674,3,108,contingency_likelihood_ratio_G,joint_state_n_lt_3;joint_state_n_lt_5;apparent_extreme_fraction_in_tiny_joint_state,CBC|CBC,False,0.33766233766233766,1.0,0.7921584119302751,within_CBC,within,12
468,2_00852,2,AUS_splenomegaly|AUS_ileus,AUS_splenomegaly|AUS_ileus,3.9129937269948813,0.018115711699050376,2,108,contingency_likelihood_ratio_G,empty_joint_state,AUS|AUS,False,0.17382617382617382,1.0,0.6217434739173869,within_AUS,within,15
469,2_00542,2,clinical signs_hairball obstruction|CBC_eosinophilia,clinical_signs_hairball_obstruction|CBC_eosinophilia,3.905557752429445,0.01808128589087706,2,108,contingency_likelihood_ratio_G,empty_joint_state;joint_state_n_lt_5;apparent_extreme_fraction_in_tiny_joint_state,clinical signs|CBC,False,0.19880119880119881,1.0,0.6371965696641022,cross_CBC_plus_clinical_signs,cross,19
470,2_00450,2,clinical signs_hyporexia|clinical signs_constipation,clinical_signs_hyporexia|clinical_signs_constipation,3.88530864269996,0.017987540012499817,2,108,contingency_likelihood_ratio_G,empty_joint_state;joint_state_n_lt_3;joint_state_n_lt_5;apparent_extreme_fraction_in_tiny_joint_state,clinical signs|clinical signs,False,0.1878121878121878,1.0,0.6278284050167339,within_clinical_signs,within,5
471,2_00468,2,clinical signs_hyporexia|CBC_basocytosis,clinical_signs_hyporexia|CBC_basocytosis,3.88530864269996,0.017987540012499817,2,108,contingency_likelihood_ratio_G,empty_joint_state;joint_state_n_lt_3;joint_state_n_lt_5;apparent_extreme_fraction_in_tiny_joint_state,clinical signs|CBC,False,0.1838161838161838,1.0,0.6278284050167339,cross_CBC_plus_clinical_signs,cross,20
475,2_00379,2,clinical signs_vomiting|AUS_ileus,clinical_signs_vomiting|AUS_ileus,3.854356157351221,0.017844241469218616,3,108,contingency_likelihood_ratio_G,joint_state_n_lt_5;apparent_extreme_fraction_in_tiny_joint_state,clinical signs|AUS,False,0.36663336663336665,1.0,0.8137150619165008,cross_AUS_plus_clinical_signs,cross,17
476,2_00420,2,clinical signs_diarrhea|AUS_ileus,clinical_signs_diarrhea|AUS_ileus,3.854335371730005,0.017844145239490763,2,108,contingency_likelihood_ratio_G,empty_joint_state,clinical signs|AUS,False,0.18181818181818182,1.0,0.6278284050167339,cross_AUS_plus_clinical_signs,cross,18
480,2_01019,2,CBC_eosinopenia|CBC_lymphocytosis,CBC_eosinopenia|CBC_lymphocytosis,3.823942252735121,0.01770343635525519,2,108,contingency_likelihood_ratio_G,empty_joint_state;joint_state_n_lt_3;joint_state_n_lt_5;apparent_extreme_fraction_in_tiny_joint_state,CBC|CBC,False,0.24475524475524477,1.0,0.6848706848706849,within_CBC,within,13
488,2_00133,2,folate_high|chem_hyperproteinemia,folate_high|chem_hyperproteinemia,3.8059792076217356,0.021144328931231863,3,90,contingency_likelihood_ratio_G,joint_state_n_lt_3;joint_state_n_lt_5;apparent_extreme_fraction_in_tiny_joint_state,GI panel|chemistry,False,0.35264735264735264,1.0,0.8088602846967159,cross_GI_panel_plus_chemistry,cross,24
490,2_00114,2,folate_high|AUS_mesenteric lymphadenopathy,folate_high|AUS_mesenteric_lymphadenopathy,3.795404692406792,0.021085581624482177,3,90,contingency_likelihood_ratio_G,,GI panel|AUS,False,0.31368631368631367,1.0,0.7680335537478394,cross_AUS_plus_GI_panel,cross,20
491,2_00071,2,cobalamin_low|AUS_ileus,cobalamin_low|AUS_ileus,3.7560530012656335,0.02086696111814241,3,90,contingency_likelihood_ratio_G,joint_state_n_lt_3;joint_state_n_lt_5;apparent_extreme_fraction_in_tiny_joint_state,GI panel|AUS,False,0.35664335664335667,1.0,0.8104933740292857,cross_AUS_plus_GI_panel,cross,21
492,2_00332,2,clinical signs_none|AUS_colon,clinical_signs_none_reported|AUS_colonic_thickening,3.7534367563625297,0.017377022020196895,3,108,contingency_likelihood_ratio_G,joint_state_n_lt_3;joint_state_n_lt_5;apparent_extreme_fraction_in_tiny_joint_state,clinical signs|AUS,False,0.37162837162837165,1.0,0.8189253020514121,cross_AUS_plus_clinical_signs,cross,19
493,2_00471,2,clinical signs_hyporexia|CBC_monocytosis,clinical_signs_hyporexia|CBC_monocytosis,3.7524052533433423,0.017372246543256215,3,108,contingency_likelihood_ratio_G,joint_state_n_lt_3;joint_state_n_lt_5;apparent_extreme_fraction_in_tiny_joint_state,clinical signs|CBC,False,0.35264735264735264,1.0,0.8088602846967159,cross_CBC_plus_clinical_signs,cross,21
497,2_00065,2,cobalamin_low|AUS_ileum,cobalamin_low|AUS_ileal_thickening,3.722507861140236,0.020680599228556865,3,90,contingency_likelihood_ratio_G,,GI panel|AUS,False,0.3026973026973027,1.0,0.7515663411035645,cross_AUS_plus_GI_panel,cross,22
501,2_00385,2,clinical signs_vomiting|CBC_eosinopenia,clinical_signs_vomiting|CBC_eosinopenia,3.6537125938211803,0.016915336082505464,2,108,contingency_likelihood_ratio_G,empty_joint_state;joint_state_n_lt_3;joint_state_n_lt_5;apparent_extreme_fraction_in_tiny_joint_state,clinical signs|CBC,False,0.14885114885114886,1.0,0.58758064365541,cross_CBC_plus_clinical_signs,cross,22
502,2_00366,2,clinical signs_vomiting|clinical signs_hyporexia,clinical_signs_vomiting|clinical_signs_hyporexia,3.646389699821584,0.016881433795470295,3,108,contingency_likelihood_ratio_G,,clinical signs|clinical signs,False,0.34265734265734266,1.0,0.795778848017654,within_clinical_signs,within,6
503,2_00059,2,cobalamin_low|clinical signs_weight loss,cobalamin_low|clinical_signs_weight_loss,3.6441047576671632,0.02024502643148424,3,90,contingency_likelihood_ratio_G,,GI panel|clinical signs,False,0.32667332667332666,1.0,0.7857989963253121,cross_GI_panel_plus_clinical_signs,cross,11
504,2_01000,2,CBC_eosinophilia|CBC_monocytosis,CBC_eosinophilia|CBC_monocytosis,3.625106903784223,0.016782902332334367,3,108,contingency_likelihood_ratio_G,joint_state_n_lt_5;apparent_extreme_fraction_in_tiny_joint_state,CBC|CBC,False,0.37662337662337664,1.0,0.8211188105181039,within_CBC,within,14
507,2_00077,2,cobalamin_low|CBC_eosinopenia,cobalamin_low|CBC_eosinopenia,3.59258771573327,0.019958820642962612,2,90,contingency_likelihood_ratio_G,empty_joint_state;joint_state_n_lt_3;joint_state_n_lt_5;apparent_extreme_fraction_in_tiny_joint_state,GI panel|CBC,False,0.15184815184815184,1.0,0.58758064365541,cross_CBC_plus_GI_panel,cross,18
508,2_00083,2,cobalamin_low|CBC_anemia,cobalamin_low|CBC_anemia,3.59258771573327,0.019958820642962612,2,90,contingency_likelihood_ratio_G,empty_joint_state;joint_state_n_lt_3;joint_state_n_lt_5;apparent_extreme_fraction_in_tiny_joint_state,GI panel|CBC,False,0.14985014985014986,1.0,0.58758064365541,cross_CBC_plus_GI_panel,cross,19
509,2_00090,2,cobalamin_low|chem_elevated alp,cobalamin_low|chem_elevated_ALP,3.59258771573327,0.019958820642962612,2,90,contingency_likelihood_ratio_G,empty_joint_state;joint_state_n_lt_3;joint_state_n_lt_5;apparent_extreme_fraction_in_tiny_joint_state,GI panel|chemistry,False,0.15184815184815184,1.0,0.58758064365541,cross_GI_panel_plus_chemistry,cross,25
516,2_00544,2,clinical signs_hairball obstruction|CBC_basophilia,clinical_signs_hairball_obstruction|CBC_basophilia,3.566657392317933,0.016512302742212652,2,108,contingency_likelihood_ratio_G,empty_joint_state;joint_state_n_lt_5;apparent_extreme_fraction_in_tiny_joint_state,clinical signs|CBC,False,0.30569430569430567,1.0,0.7544535464535465,cross_CBC_plus_clinical_signs,cross,23
517,2_00472,2,clinical signs_hyporexia|CBC_anemia,clinical_signs_hyporexia|CBC_anemia,3.542473915064558,0.016400342199372954,3,108,contingency_likelihood_ratio_G,joint_state_n_lt_3;joint_state_n_lt_5;apparent_extreme_fraction_in_tiny_joint_state,clinical signs|CBC,False,0.43156843156843155,1.0,0.8615474702431224,cross_CBC_plus_clinical_signs,cross,24
521,2_00998,2,CBC_eosinophilia|CBC_lymphocytosis,CBC_eosinophilia|CBC_lymphocytosis,3.530292332411073,0.016343945983384598,2,108,contingency_likelihood_ratio_G,empty_joint_state;joint_state_n_lt_3;joint_state_n_lt_5;apparent_extreme_fraction_in_tiny_joint_state,CBC|CBC,False,0.2677322677322677,1.0,0.7197856609621315,within_CBC,within,15
524,2_00505,2,clinical signs_weight loss|CBC_eosinopenia,clinical_signs_weight_loss|CBC_eosinopenia,3.502285547075709,0.01621428494016532,2,108,contingency_likelihood_ratio_G,empty_joint_state;joint_state_n_lt_3;joint_state_n_lt_5;apparent_extreme_fraction_in_tiny_joint_state,clinical signs|CBC,False,0.16683316683316685,1.0,0.6108965218757504,cross_CBC_plus_clinical_signs,cross,25
526,2_00129,2,folate_high|CBC_monocytosis,folate_high|CBC_monocytosis,3.4957372589085374,0.019420762549491873,3,90,contingency_likelihood_ratio_G,joint_state_n_lt_5;apparent_extreme_fraction_in_tiny_joint_state,GI panel|CBC,False,0.4205794205794206,1.0,0.8592632533029885,cross_CBC_plus_GI_panel,cross,20
527,2_00119,2,folate_high|AUS_gall bladder sludge,folate_high|AUS_gall_bladder_sludge,3.4923851811680393,0.019402139895377996,3,90,contingency_likelihood_ratio_G,joint_state_n_lt_5;apparent_extreme_fraction_in_tiny_joint_state,GI panel|AUS,False,0.42357642357642356,1.0,0.8611092367270291,cross_AUS_plus_GI_panel,cross,23
529,2_00078,2,cobalamin_low|CBC_basophilia,cobalamin_low|CBC_basophilia,3.4621909150341765,0.01923439397241209,3,90,contingency_likelihood_ratio_G,joint_state_n_lt_3;joint_state_n_lt_5;apparent_extreme_fraction_in_tiny_joint_state,GI panel|CBC,False,0.47652347652347654,1.0,0.8991283945412386,cross_CBC_plus_GI_panel,cross,21
531,2_00118,2,folate_high|AUS_ileus,folate_high|AUS_ileus,3.4393898357226464,0.01910772130957026,3,90,contingency_likelihood_ratio_G,joint_state_n_lt_3;joint_state_n_lt_5;apparent_extreme_fraction_in_tiny_joint_state,GI panel|AUS,False,0.4125874125874126,1.0,0.8577573686817384,cross_AUS_plus_GI_panel,cross,24
533,2_00498,2,clinical signs_weight loss|AUS_splenomegaly,clinical_signs_weight_loss|AUS_splenomegaly,3.431612758182148,0.01588709610269513,3,108,contingency_likelihood_ratio_G,,clinical signs|AUS,False,0.4075924075924076,1.0,0.8524898829983576,cross_AUS_plus_clinical_signs,cross,20
534,2_00304,2,breed_group|CBC_neutropenia,breed_group|CBC_neutropenia,3.4240596334903906,0.015852127932825883,5,108,contingency_likelihood_ratio_G,joint_state_n_lt_3;joint_state_n_lt_5;apparent_extreme_fraction_in_tiny_joint_state,demographic|CBC,False,0.7872127872127872,1.0,0.9864638404192156,cross_CBC_plus_demographic,cross,20
535,2_00454,2,clinical signs_hyporexia|AUS_ileum,clinical_signs_hyporexia|AUS_ileal_thickening,3.4216895375764413,0.015841155266557598,3,108,contingency_likelihood_ratio_G,joint_state_n_lt_3;joint_state_n_lt_5;apparent_extreme_fraction_in_tiny_joint_state,clinical signs|AUS,False,0.34065934065934067,1.0,0.7946571387025073,cross_AUS_plus_clinical_signs,cross,21
539,2_00295,2,breed_group|AUS_colon,breed_group|AUS_colonic_thickening,3.3847049750706986,0.015669930440142123,6,108,contingency_likelihood_ratio_G,joint_state_n_lt_3;joint_state_n_lt_5;apparent_extreme_fraction_in_tiny_joint_state,demographic|AUS,False,0.8611388611388612,1.0,1.0,cross_AUS_plus_demographic,cross,21
540,2_00290,2,breed_group|clinical signs_constipation,breed_group|clinical_signs_constipation,3.384085064217725,0.01566706048248947,4,108,contingency_likelihood_ratio_G,joint_state_n_lt_3;joint_state_n_lt_5;apparent_extreme_fraction_in_tiny_joint_state,demographic|clinical signs,False,0.5934065934065934,1.0,0.9387537402065247,cross_clinical_signs_plus_demographic,cross,14
541,2_00081,2,cobalamin_low|CBC_lymphopenia,cobalamin_low|CBC_lymphopenia,3.374396026986412,0.018746644594368957,3,90,contingency_likelihood_ratio_G,joint_state_n_lt_3;joint_state_n_lt_5;apparent_extreme_fraction_in_tiny_joint_state,GI panel|CBC,False,0.43156843156843155,1.0,0.8615474702431224,cross_CBC_plus_GI_panel,cross,22
545,2_00451,2,clinical signs_hyporexia|AUS_no abnormalities,clinical_signs_hyporexia|AUS_no_abnormalities,3.3347380683772823,0.015438602168413343,3,108,contingency_likelihood_ratio_G,joint_state_n_lt_3;joint_state_n_lt_5;apparent_extreme_fraction_in_tiny_joint_state,clinical signs|AUS,False,0.46253746253746253,1.0,0.8862907279056347,cross_AUS_plus_clinical_signs,cross,22
548,2_00455,2,clinical signs_hyporexia|AUS_colon,clinical_signs_hyporexia|AUS_colonic_thickening,3.327148395613581,0.015403464794507318,2,108,contingency_likelihood_ratio_G,empty_joint_state,clinical signs|AUS,False,0.2547452547452547,1.0,0.7001239295225931,cross_AUS_plus_clinical_signs,cross,23
549,2_00105,2,folate_high|clinical signs_hyporexia,folate_high|clinical_signs_hyporexia,3.3229574405121416,0.0184608746695119,3,90,contingency_likelihood_ratio_G,joint_state_n_lt_5;apparent_extreme_fraction_in_tiny_joint_state,GI panel|clinical signs,False,0.4385614385614386,1.0,0.8684510377801112,cross_GI_panel_plus_clinical_signs,cross,12
550,2_00080,2,cobalamin_low|CBC_lymphocytosis,cobalamin_low|CBC_lymphocytosis,3.3087229012573847,0.018381793895874358,2,90,contingency_likelihood_ratio_G,empty_joint_state;joint_state_n_lt_3;joint_state_n_lt_5;apparent_extreme_fraction_in_tiny_joint_state,GI panel|CBC,False,0.23276723276723277,1.0,0.6708547266686802,cross_CBC_plus_GI_panel,cross,23
551,2_00308,2,breed_group|CBC_basocytosis,breed_group|CBC_basocytosis,3.29134871031638,0.015237725510723983,4,108,contingency_likelihood_ratio_G,joint_state_n_lt_3;joint_state_n_lt_5;apparent_extreme_fraction_in_tiny_joint_state,demographic|CBC,False,0.5934065934065934,1.0,0.9387537402065247,cross_CBC_plus_demographic,cross,21
556,2_01039,2,CBC_basophilia|CBC_lymphocytosis,CBC_basophilia|CBC_lymphocytosis,3.2582750836777,0.01508460686887824,2,108,contingency_likelihood_ratio_G,empty_joint_state;joint_state_n_lt_3;joint_state_n_lt_5;apparent_extreme_fraction_in_tiny_joint_state,CBC|CBC,False,0.35664335664335667,1.0,0.8104933740292857,within_CBC,within,16
560,2_00536,2,clinical signs_hairball obstruction|AUS_splenomegaly,clinical_signs_hairball_obstruction|AUS_splenomegaly,3.228630752039387,0.01494736459277494,2,108,contingency_likelihood_ratio_G,empty_joint_state;joint_state_n_lt_5;apparent_extreme_fraction_in_tiny_joint_state,clinical signs|AUS,False,0.23976023976023977,1.0,0.6801474387681286,cross_AUS_plus_clinical_signs,cross,24
566,2_00334,2,clinical signs_none|AUS_chronic degenerative renal changes,clinical_signs_none_reported|AUS_chronic_degenerative_renal_changes,3.1125323905533406,0.014409872178487689,3,108,contingency_likelihood_ratio_G,joint_state_n_lt_3;joint_state_n_lt_5;apparent_extreme_fraction_in_tiny_joint_state,clinical signs|AUS,False,0.47952047952047955,1.0,0.9006518595559693,cross_AUS_plus_clinical_signs,cross,25
567,2_00066,2,cobalamin_low|AUS_colon,cobalamin_low|AUS_colonic_thickening,3.1007419113739783,0.017226343952077658,3,90,contingency_likelihood_ratio_G,joint_state_n_lt_3;joint_state_n_lt_5;apparent_extreme_fraction_in_tiny_joint_state,GI panel|AUS,False,0.45554445554445555,1.0,0.8802728521478521,cross_AUS_plus_GI_panel,cross,25
577,2_01018,2,CBC_eosinopenia|CBC_basocytosis,CBC_eosinopenia|CBC_basocytosis,3.0736851034099084,0.014230023626897724,2,108,contingency_likelihood_ratio_G,empty_joint_state;joint_state_n_lt_3;joint_state_n_lt_5;apparent_extreme_fraction_in_tiny_joint_state,CBC|CBC,False,0.5314685314685315,1.0,0.9289407476376315,within_CBC,within,17
589,2_00853,2,AUS_splenomegaly|AUS_gall bladder sludge,AUS_splenomegaly|AUS_gall_bladder_sludge,3.0317639854042326,0.014035944376871447,3,108,contingency_likelihood_ratio_G,joint_state_n_lt_5;apparent_extreme_fraction_in_tiny_joint_state,AUS|AUS,False,0.5024975024975025,1.0,0.9241161223277468,within_AUS,within,16
590,2_00409,2,clinical signs_diarrhea|clinical signs_hairball obstruction,clinical_signs_diarrhea|clinical_signs_hairball_obstruction,3.0107059863576255,0.013938453640544564,2,108,contingency_likelihood_ratio_G,empty_joint_state;joint_state_n_lt_5;apparent_extreme_fraction_in_tiny_joint_state,clinical signs|clinical signs,False,0.28771228771228774,1.0,0.7406749628971852,within_clinical_signs,within,7
600,2_00075,2,cobalamin_low|CBC_neutropenia,cobalamin_low|CBC_neutropenia,2.93998606839145,0.016333255935508054,3,90,contingency_likelihood_ratio_G,joint_state_n_lt_3;joint_state_n_lt_5;apparent_extreme_fraction_in_tiny_joint_state,GI panel|CBC,False,0.6433566433566433,1.0,0.941770675676255,cross_CBC_plus_GI_panel,cross,24
602,2_00631,2,AUS_duodenum|AUS_mesenteric lymphadenopathy,AUS_duodenal_thickening|AUS_mesenteric_lymphadenopathy,2.927338744047662,0.013552494185405842,3,108,contingency_likelihood_ratio_G,,AUS|AUS,False,0.43156843156843155,1.0,0.8615474702431224,within_AUS,within,17
606,2_00053,2,cobalamin_low|pli_abn,cobalamin_low|pli_abn,2.8540167157232634,0.016593120440251533,3,86,contingency_likelihood_ratio_G,,GI panel|GI panel,False,0.5084915084915085,1.0,0.924131983124789,within_GI_panel,within,5
607,2_00124,2,folate_high|CBC_eosinopenia,folate_high|CBC_eosinopenia,2.829316648636653,0.015718425825759184,2,90,contingency_likelihood_ratio_G,empty_joint_state;joint_state_n_lt_3;joint_state_n_lt_5;apparent_extreme_fraction_in_tiny_joint_state,GI panel|CBC,False,0.26973026973026976,1.0,0.7215549029803888,cross_CBC_plus_GI_panel,cross,25
617,2_00997,2,CBC_eosinophilia|CBC_basocytosis,CBC_eosinophilia|CBC_basocytosis,2.8126217139300627,0.01302139682375029,2,108,contingency_likelihood_ratio_G,empty_joint_state;joint_state_n_lt_3;joint_state_n_lt_5;apparent_extreme_fraction_in_tiny_joint_state,CBC|CBC,False,0.3786213786213786,1.0,0.8211226383458369,within_CBC,within,18
640,2_00996,2,CBC_eosinophilia|CBC_basophilia,CBC_eosinophilia|CBC_basophilia,2.6681061137040905,0.012352343119000419,3,108,contingency_likelihood_ratio_G,joint_state_n_lt_3;joint_state_n_lt_5;apparent_extreme_fraction_in_tiny_joint_state,CBC|CBC,False,0.7042957042957043,1.0,0.941770675676255,within_CBC,within,19
641,2_00312,2,breed_group|CBC_anemia,breed_group|CBC_anemia,2.664028621699152,0.012333465841199778,4,108,contingency_likelihood_ratio_G,joint_state_n_lt_5,demographic|CBC,False,0.7102897102897103,1.0,0.941770675676255,cross_CBC_plus_demographic,cross,22
643,2_00050,2,cobalamin_low|folate_high,cobalamin_low|folate_high,2.6573816487901896,0.01476323138216772,3,90,contingency_likelihood_ratio_G,,GI panel|GI panel,False,0.48151848151848153,1.0,0.9016597969557,within_GI_panel,within,6
651,2_00291,2,breed_group|AUS_no abnormalities,breed_group|AUS_no_abnormalities,2.645577212394761,0.012248042649975746,4,108,contingency_likelihood_ratio_G,joint_state_n_lt_5;apparent_extreme_fraction_in_tiny_joint_state,demographic|AUS,False,0.6893106893106893,1.0,0.941770675676255,cross_AUS_plus_demographic,cross,22
652,2_01020,2,CBC_eosinopenia|CBC_lymphopenia,CBC_eosinopenia|CBC_lymphopenia,2.6441491114349467,0.012241431071458087,2,108,contingency_likelihood_ratio_G,empty_joint_state;joint_state_n_lt_3;joint_state_n_lt_5;apparent_extreme_fraction_in_tiny_joint_state,CBC|CBC,False,0.3166833166833167,1.0,0.7723067446387604,within_CBC,within,20
654,2_00051,2,cobalamin_low|folate_low,cobalamin_low|folate_low,2.619344124371125,0.014551911802061805,3,90,contingency_likelihood_ratio_G,joint_state_n_lt_3;joint_state_n_lt_5;apparent_extreme_fraction_in_tiny_joint_state,GI panel|GI panel,False,0.6223776223776224,1.0,0.9387537402065247,within_GI_panel,within,7
659,2_00056,2,cobalamin_low|clinical signs_vomiting,cobalamin_low|clinical_signs_vomiting,2.5598715038061686,0.014221508354478715,3,90,contingency_likelihood_ratio_G,,GI panel|clinical signs,False,0.4775224775224775,1.0,0.8996377668133393,cross_GI_panel_plus_clinical_signs,cross,13
661,2_01021,2,CBC_eosinopenia|CBC_monocytosis,CBC_eosinopenia|CBC_monocytosis,2.5557307019233404,0.011832086582978428,2,108,contingency_likelihood_ratio_G,empty_joint_state;joint_state_n_lt_3;joint_state_n_lt_5;apparent_extreme_fraction_in_tiny_joint_state,CBC|CBC,False,0.36063936063936064,1.0,0.8135812998701482,within_CBC,within,21
666,2_01038,2,CBC_basophilia|CBC_basocytosis,CBC_basophilia|CBC_basocytosis,2.5293742285773475,0.011710065873043275,2,108,contingency_likelihood_ratio_G,empty_joint_state;joint_state_n_lt_3;joint_state_n_lt_5;apparent_extreme_fraction_in_tiny_joint_state,CBC|CBC,False,0.5694305694305695,1.0,0.9314965087752406,within_CBC,within,22
672,2_00057,2,cobalamin_low|clinical signs_diarrhea,cobalamin_low|clinical_signs_diarrhea,2.4933098925489796,0.01385172162527211,3,90,contingency_likelihood_ratio_G,,GI panel|clinical signs,False,0.4995004995004995,1.0,0.9199755468412185,cross_GI_panel_plus_clinical_signs,cross,14
673,2_00669,2,AUS_jejunum|AUS_ileus,AUS_jejunal_thickening|AUS_ileus,2.4919132279353766,0.011536635314515632,3,108,contingency_likelihood_ratio_G,joint_state_n_lt_3;joint_state_n_lt_5,AUS|AUS,False,0.5534465534465535,1.0,0.9314965087752406,within_AUS,within,18
674,2_00880,2,AUS_ileus|AUS_gall bladder sludge,AUS_ileus|AUS_gall_bladder_sludge,2.490453604781507,0.011529877799914386,2,108,contingency_likelihood_ratio_G,empty_joint_state,AUS|AUS,False,0.2707292707292707,1.0,0.7215549029803888,within_AUS,within,19
686,2_00628,2,AUS_duodenum|AUS_jejunum,AUS_duodenal_thickening|AUS_jejunal_thickening,2.412436162370237,0.011168685936899245,3,108,contingency_likelihood_ratio_G,,AUS|AUS,False,0.4905094905094905,1.0,0.9157166585305768,within_AUS,within,20
690,2_00973,2,CBC_neutropenia|CBC_eosinopenia,CBC_neutropenia|CBC_eosinopenia,2.4009831775092123,0.011115662858838946,2,108,contingency_likelihood_ratio_G,empty_joint_state;joint_state_n_lt_3;joint_state_n_lt_5;apparent_extreme_fraction_in_tiny_joint_state,CBC|CBC,False,0.5334665334665335,1.0,0.9297696685337135,within_CBC,within,23
697,2_00061,2,cobalamin_low|clinical signs_constipation,cobalamin_low|clinical_signs_constipation,2.394198184987206,0.013301101027706699,2,90,contingency_likelihood_ratio_G,empty_joint_state;joint_state_n_lt_3;joint_state_n_lt_5;apparent_extreme_fraction_in_tiny_joint_state,GI panel|clinical signs,False,0.41358641358641357,1.0,0.8577573686817384,cross_GI_panel_plus_clinical_signs,cross,15
722,2_00527,2,clinical signs_hairball obstruction|clinical signs_constipation,clinical_signs_hairball_obstruction|clinical_signs_constipation,2.3408224770354504,0.010837141097386345,2,108,contingency_likelihood_ratio_G,empty_joint_state;joint_state_n_lt_3;joint_state_n_lt_5;apparent_extreme_fraction_in_tiny_joint_state,clinical signs|clinical signs,False,0.6823176823176823,1.0,0.941770675676255,within_clinical_signs,within,8
726,2_01022,2,CBC_eosinopenia|CBC_anemia,CBC_eosinopenia|CBC_anemia,2.3408224770354504,0.010837141097386345,2,108,contingency_likelihood_ratio_G,empty_joint_state;joint_state_n_lt_3;joint_state_n_lt_5;apparent_extreme_fraction_in_tiny_joint_state,CBC|CBC,False,0.6763236763236763,1.0,0.941770675676255,within_CBC,within,24
739,2_01058,2,CBC_basocytosis|CBC_lymphocytosis,CBC_basocytosis|CBC_lymphocytosis,2.3075802714012155,0.01068324199722785,2,108,contingency_likelihood_ratio_G,empty_joint_state;joint_state_n_lt_3;joint_state_n_lt_5;apparent_extreme_fraction_in_tiny_joint_state,CBC|CBC,False,0.7032967032967034,1.0,0.941770675676255,within_CBC,within,25
753,2_00365,2,clinical signs_vomiting|clinical signs_diarrhea,clinical_signs_vomiting|clinical_signs_diarrhea,2.244020994544336,0.010388986085853409,3,108,contingency_likelihood_ratio_G,,clinical signs|clinical signs,False,0.5364635364635365,1.0,0.9297696685337135,within_clinical_signs,within,9
760,2_00368,2,clinical signs_vomiting|clinical signs_hairball obstruction,clinical_signs_vomiting|clinical_signs_hairball_obstruction,2.222980119640355,0.010291574627964607,2,108,contingency_likelihood_ratio_G,empty_joint_state;joint_state_n_lt_5;apparent_extreme_fraction_in_tiny_joint_state,clinical signs|clinical signs,False,0.5154845154845155,1.0,0.924131983124789,within_clinical_signs,within,10
765,2_00795,2,AUS_chronic degenerative renal changes|AUS_ileus,AUS_chronic_degenerative_renal_changes|AUS_ileus,2.1878637759625295,0.010128998962789489,2,108,contingency_likelihood_ratio_G,empty_joint_state,AUS|AUS,False,0.3596403596403596,1.0,0.8128135600663072,within_AUS,within,21
769,2_00668,2,AUS_jejunum|AUS_splenomegaly,AUS_jejunal_thickening|AUS_splenomegaly,2.1812318451067414,0.010098295579197877,3,108,contingency_likelihood_ratio_G,joint_state_n_lt_5;apparent_extreme_fraction_in_tiny_joint_state,AUS|AUS,False,0.6913086913086913,1.0,0.941770675676255,within_AUS,within,22
785,2_00734,2,AUS_colon|AUS_ileus,AUS_colonic_thickening|AUS_ileus,2.1389501523498113,0.009902547001619497,2,108,contingency_likelihood_ratio_G,empty_joint_state,AUS|AUS,False,0.36863136863136864,1.0,0.8166806263754199,within_AUS,within,23
790,2_00702,2,AUS_ileum|AUS_ileus,AUS_ileal_thickening|AUS_ileus,2.1225038527752536,0.009826406725811358,2,108,contingency_likelihood_ratio_G,empty_joint_state,AUS|AUS,False,0.3756243756243756,1.0,0.8211188105181039,within_AUS,within,24
791,2_00488,2,clinical signs_weight loss|clinical signs_hairball obstruction,clinical_signs_weight_loss|clinical_signs_hairball_obstruction,2.118979634044334,0.009810090898353397,2,108,contingency_likelihood_ratio_G,empty_joint_state;joint_state_n_lt_5;apparent_extreme_fraction_in_tiny_joint_state,clinical signs|clinical signs,False,0.5214785214785215,1.0,0.9245754245754245,within_clinical_signs,within,11
793,2_00243,2,pli_abn|clinical signs_hyporexia,pli_abn|clinical_signs_hyporexia,2.1167885207075283,0.012306910004113537,3,86,contingency_likelihood_ratio_G,joint_state_n_lt_3;joint_state_n_lt_5;apparent_extreme_fraction_in_tiny_joint_state,GI panel|clinical signs,False,0.6663336663336663,1.0,0.941770675676255,cross_GI_panel_plus_clinical_signs,cross,16
801,2_00636,2,AUS_duodenum|AUS_gall bladder sludge,AUS_duodenal_thickening|AUS_gall_bladder_sludge,2.0937584668218103,0.009693326235286159,3,108,contingency_likelihood_ratio_G,,AUS|AUS,False,0.6043956043956044,1.0,0.9387537402065247,within_AUS,within,25
803,2_00055,2,cobalamin_low|clinical signs_none,cobalamin_low|clinical_signs_none_reported,2.0895323306204836,0.011608512947891576,3,90,contingency_likelihood_ratio_G,joint_state_n_lt_3;joint_state_n_lt_5;apparent_extreme_fraction_in_tiny_joint_state,GI panel|clinical signs,False,0.6883116883116883,1.0,0.941770675676255,cross_GI_panel_plus_clinical_signs,cross,17
819,2_00152,2,folate_low|clinical signs_hyporexia,folate_low|clinical_signs_hyporexia,1.9623658090072205,0.010902032272262337,3,90,contingency_likelihood_ratio_G,joint_state_n_lt_3;joint_state_n_lt_5;apparent_extreme_fraction_in_tiny_joint_state,GI panel|clinical signs,False,0.7652347652347652,1.0,0.9705032891055501,cross_GI_panel_plus_clinical_signs,cross,18
825,2_00244,2,pli_abn|clinical signs_weight loss,pli_abn|clinical_signs_weight_loss,1.9329153945827928,0.011237880201062748,3,86,contingency_likelihood_ratio_G,,GI panel|clinical signs,False,0.6173826173826173,1.0,0.9387537402065247,cross_GI_panel_plus_clinical_signs,cross,19
854,2_00489,2,clinical signs_weight loss|clinical signs_constipation,clinical_signs_weight_loss|clinical_signs_constipation,1.7840941623062352,0.0082596951958622,2,108,contingency_likelihood_ratio_G,empty_joint_state;joint_state_n_lt_3;joint_state_n_lt_5;apparent_extreme_fraction_in_tiny_joint_state,clinical signs|clinical signs,False,0.6213786213786214,1.0,0.9387537402065247,within_clinical_signs,within,12
858,2_00369,2,clinical signs_vomiting|clinical signs_constipation,clinical_signs_vomiting|clinical_signs_constipation,1.7694871166666348,0.008192069984567753,2,108,contingency_likelihood_ratio_G,empty_joint_state;joint_state_n_lt_3;joint_state_n_lt_5;apparent_extreme_fraction_in_tiny_joint_state,clinical signs|clinical signs,False,0.5814185814185814,1.0,0.9378699731640907,within_clinical_signs,within,13
864,2_00410,2,clinical signs_diarrhea|clinical signs_constipation,clinical_signs_diarrhea|clinical_signs_constipation,1.7045163043871971,0.007891279186977764,2,108,contingency_likelihood_ratio_G,empty_joint_state;joint_state_n_lt_3;joint_state_n_lt_5;apparent_extreme_fraction_in_tiny_joint_state,clinical signs|clinical signs,False,0.5664335664335665,1.0,0.9314965087752406,within_clinical_signs,within,14
869,2_00153,2,folate_low|clinical signs_weight loss,folate_low|clinical_signs_weight_loss,1.7036954577501733,0.00946497476527874,3,90,contingency_likelihood_ratio_G,joint_state_n_lt_3;joint_state_n_lt_5;apparent_extreme_fraction_in_tiny_joint_state,GI panel|clinical signs,False,0.7882117882117882,1.0,0.9864638404192156,cross_GI_panel_plus_clinical_signs,cross,20
883,2_00367,2,clinical signs_vomiting|clinical signs_weight loss,clinical_signs_vomiting|clinical_signs_weight_loss,1.6584961229143824,0.007678222791270289,3,108,contingency_likelihood_ratio_G,,clinical signs|clinical signs,False,0.6543456543456544,1.0,0.941770675676255,within_clinical_signs,within,15
885,2_00150,2,folate_low|clinical signs_vomiting,folate_low|clinical_signs_vomiting,1.648303592275727,0.009157242179309594,3,90,contingency_likelihood_ratio_G,joint_state_n_lt_3;joint_state_n_lt_5;apparent_extreme_fraction_in_tiny_joint_state,GI panel|clinical signs,False,0.7452547452547452,1.0,0.9539879207929001,cross_GI_panel_plus_clinical_signs,cross,21
956,2_00100,2,folate_high|pli_abn,folate_high|pli_abn,1.50381122604083,0.008743088523493198,3,86,contingency_likelihood_ratio_G,,GI panel|GI panel,False,0.6933066933066933,1.0,0.941770675676255,within_GI_panel,within,8
963,2_00104,2,folate_high|clinical signs_diarrhea,folate_high|clinical_signs_diarrhea,1.492809469887865,0.008293385943821471,3,90,contingency_likelihood_ratio_G,,GI panel|clinical signs,False,0.6773226773226774,1.0,0.941770675676255,cross_GI_panel_plus_clinical_signs,cross,22
978,2_00103,2,folate_high|clinical signs_vomiting,folate_high|clinical_signs_vomiting,1.4184941969528646,0.007880523316404804,3,90,contingency_likelihood_ratio_G,,GI panel|clinical signs,False,0.7032967032967034,1.0,0.941770675676255,cross_GI_panel_plus_clinical_signs,cross,23
995,2_00242,2,pli_abn|clinical signs_diarrhea,pli_abn|clinical_signs_diarrhea,1.2613212568012355,0.007333263120937416,3,86,contingency_likelihood_ratio_G,joint_state_n_lt_3;joint_state_n_lt_5;apparent_extreme_fraction_in_tiny_joint_state,GI panel|clinical signs,False,0.8291708291708292,1.0,0.9994434833459225,cross_GI_panel_plus_clinical_signs,cross,24
999,2_00108,2,folate_high|clinical signs_constipation,folate_high|clinical_signs_constipation,1.2403950183560535,0.0068910834353114086,2,90,contingency_likelihood_ratio_G,empty_joint_state;joint_state_n_lt_3;joint_state_n_lt_5;apparent_extreme_fraction_in_tiny_joint_state,GI panel|clinical signs,False,0.6733266733266733,1.0,0.941770675676255,cross_GI_panel_plus_clinical_signs,cross,25
1186,2_00147,2,folate_low|pli_abn,folate_low|pli_abn,0.34601282040511916,0.002011702444215809,2,86,contingency_likelihood_ratio_G,empty_joint_state,GI panel|GI panel,False,0.8921078921078921,1.0,1.0,within_GI_panel,within,9
1,3_04460,3,tli_high|breed_group|AUS_enlarged pancreas,tli_high|breed_group|AUS_enlarged_pancreas,27.85996943491354,0.1601147668673192,14,87,contingency_likelihood_ratio_G,joint_state_n_lt_3;joint_state_n_lt_5;apparent_extreme_fraction_in_tiny_joint_state,GI panel|demographic|AUS,False,0.025974025974025976,0.6583416583416584,0.4405157732543995,cross_AUS_plus_GI_panel_plus_demographic,cross,1
2,3_02320,3,folate_high|tli_high|breed_group,folate_high|tli_high|breed_group,26.244519853509516,0.15083057387074433,13,87,contingency_likelihood_ratio_G,joint_state_n_lt_3;joint_state_n_lt_5;apparent_extreme_fraction_in_tiny_joint_state,GI panel|GI panel|demographic,False,0.026973026973026972,0.8061938061938062,0.4405594405594406,cross_GI_panel_plus_demographic,cross,1
3,3_06647,3,breed_group|AUS_duodenum|AUS_ileum,breed_group|AUS_duodenal_thickening|AUS_ileal_thickening,25.841897926850535,0.11963841632801174,13,108,contingency_likelihood_ratio_G,joint_state_n_lt_3;joint_state_n_lt_5;apparent_extreme_fraction_in_tiny_joint_state,demographic|AUS|AUS,False,0.025974025974025976,0.8361638361638362,0.4405157732543995,cross_AUS_plus_demographic,cross,1
4,3_01186,3,cobalamin_low|folate_high|breed_group,cobalamin_low|folate_high|breed_group,25.22437788343769,0.14013543268576495,14,90,contingency_likelihood_ratio_G,joint_state_n_lt_3;joint_state_n_lt_5;apparent_extreme_fraction_in_tiny_joint_state,GI panel|GI panel|demographic,False,0.07592407592407592,0.8801198801198801,0.5133245133245133,cross_GI_panel_plus_demographic,cross,2
5,3_02365,3,folate_high|pli_abn|breed_group,folate_high|pli_abn|breed_group,25.136485221211476,0.14614235593727604,11,86,contingency_likelihood_ratio_G,joint_state_n_lt_3;joint_state_n_lt_5;apparent_extreme_fraction_in_tiny_joint_state,GI panel|GI panel|demographic,False,0.01898101898101898,0.8861138861138861,0.4405157732543995,cross_GI_panel_plus_demographic,cross,3
6,3_06855,3,breed_group|AUS_enlarged pancreas|chem_no abnormalities,breed_group|AUS_enlarged_pancreas|chem_no_abnormalities,24.210283204035775,0.11208464446312859,15,108,contingency_likelihood_ratio_G,joint_state_n_lt_3;joint_state_n_lt_5;apparent_extreme_fraction_in_tiny_joint_state,demographic|AUS|chemistry,False,0.14685314685314685,0.9330669330669331,0.5950494518269454,cross_AUS_plus_chemistry_plus_demographic,cross,1
7,3_06651,3,breed_group|AUS_duodenum|AUS_enlarged pancreas,breed_group|AUS_duodenal_thickening|AUS_enlarged_pancreas,23.305339094022237,0.1078950883982511,13,108,contingency_likelihood_ratio_G,joint_state_n_lt_3;joint_state_n_lt_5;apparent_extreme_fraction_in_tiny_joint_state,demographic|AUS|AUS,False,0.06593406593406594,0.965034965034965,0.501014572957019,cross_AUS_plus_demographic,cross,2
8,3_04450,3,tli_high|breed_group|clinical signs_weight loss,tli_high|breed_group|clinical_signs_weight_loss,22.73365001764699,0.13065316102095972,13,87,contingency_likelihood_ratio_G,joint_state_n_lt_3;joint_state_n_lt_5;apparent_extreme_fraction_in_tiny_joint_state,GI panel|demographic|clinical signs,False,0.08191808191808192,0.9760239760239761,0.5210527177740293,cross_GI_panel_plus_clinical_signs_plus_demographic,cross,1
9,3_06436,3,breed_group|clinical signs_diarrhea|AUS_enlarged pancreas,breed_group|clinical_signs_diarrhea|AUS_enlarged_pancreas,22.214089727878488,0.10284300799943745,15,108,contingency_likelihood_ratio_G,joint_state_n_lt_3;joint_state_n_lt_5;apparent_extreme_fraction_in_tiny_joint_state,demographic|clinical signs|AUS,False,0.20679320679320679,0.988011988011988,0.6463180088036244,cross_AUS_plus_clinical_signs_plus_demographic,cross,1
10,3_06426,3,breed_group|clinical signs_diarrhea|clinical signs_weight loss,breed_group|clinical_signs_diarrhea|clinical_signs_weight_loss,22.146731264921662,0.10253116326352621,14,108,contingency_likelihood_ratio_G,joint_state_n_lt_3;joint_state_n_lt_5;apparent_extreme_fraction_in_tiny_joint_state,demographic|clinical signs|clinical signs,False,0.15584415584415584,0.989010989010989,0.6031981048267694,cross_clinical_signs_plus_demographic,cross,1
11,3_04483,3,tli_high|breed_group|chem_azotemia,tli_high|breed_group|chem_azotemia,21.90861297982453,0.12591156884956625,12,87,contingency_likelihood_ratio_G,joint_state_n_lt_3;joint_state_n_lt_5;apparent_extreme_fraction_in_tiny_joint_state,GI panel|demographic|chemistry,False,0.04795204795204795,0.9920079920079921,0.47781149667942124,cross_GI_panel_plus_chemistry_plus_demographic,cross,1
12,3_06470,3,breed_group|clinical signs_hyporexia|AUS_duodenum,breed_group|clinical_signs_hyporexia|AUS_duodenal_thickening,21.812173323803037,0.10098228390649554,13,108,contingency_likelihood_ratio_G,joint_state_n_lt_3;joint_state_n_lt_5;apparent_extreme_fraction_in_tiny_joint_state,demographic|clinical signs|AUS,False,0.10989010989010989,0.994005994005994,0.5629832307277739,cross_AUS_plus_clinical_signs_plus_demographic,cross,2
13,3_06480,3,breed_group|clinical signs_hyporexia|CBC_no abnormalities,breed_group|clinical_signs_hyporexia|CBC_no_abnormalities,21.75416525032878,0.10071372801078138,13,108,contingency_likelihood_ratio_G,joint_state_n_lt_3;joint_state_n_lt_5;apparent_extreme_fraction_in_tiny_joint_state,demographic|clinical signs|CBC,False,0.13486513486513488,0.994005994005994,0.5906602036526017,cross_CBC_plus_clinical_signs_plus_demographic,cross,1
14,3_06700,3,breed_group|AUS_jejunum|chem_no abnormalities,breed_group|AUS_jejunal_thickening|chem_no_abnormalities,21.42545151402132,0.0991919051575061,14,108,contingency_likelihood_ratio_G,joint_state_n_lt_3;joint_state_n_lt_5;apparent_extreme_fraction_in_tiny_joint_state,demographic|AUS|chemistry,False,0.18681318681318682,0.998001998001998,0.6335519635555311,cross_AUS_plus_chemistry_plus_demographic,cross,2
15,3_06530,3,breed_group|clinical signs_weight loss|chem_no abnormalities,breed_group|clinical_signs_weight_loss|chem_no_abnormalities,21.244794847480904,0.09835553170130049,15,108,contingency_likelihood_ratio_G,joint_state_n_lt_3;joint_state_n_lt_5;apparent_extreme_fraction_in_tiny_joint_state,demographic|clinical signs|chemistry,False,0.24975024975024976,0.999000999000999,0.6779342873003639,cross_chemistry_plus_clinical_signs_plus_demographic,cross,1
16,3_02424,3,folate_high|breed_group|AUS_enlarged pancreas,folate_high|breed_group|AUS_enlarged_pancreas,21.081444446443708,0.11711913581357615,13,90,contingency_likelihood_ratio_G,joint_state_n_lt_3;joint_state_n_lt_5;apparent_extreme_fraction_in_tiny_joint_state,GI panel|demographic|AUS,False,0.14385614385614387,0.999000999000999,0.5931453062227299,cross_AUS_plus_GI_panel_plus_demographic,cross,2
17,3_05410,3,pli_abn|breed_group|AUS_enlarged pancreas,pli_abn|breed_group|AUS_enlarged_pancreas,20.884854069165858,0.12142357016956894,12,86,contingency_likelihood_ratio_G,joint_state_n_lt_3;joint_state_n_lt_5;apparent_extreme_fraction_in_tiny_joint_state,GI panel|demographic|AUS,False,0.1068931068931069,0.999000999000999,0.5592327320450601,cross_AUS_plus_GI_panel_plus_demographic,cross,3
18,3_01398,3,cobalamin_low|breed_group|chem_no abnormalities,cobalamin_low|breed_group|chem_no_abnormalities,20.785787992194216,0.11547659995663453,14,90,contingency_likelihood_ratio_G,joint_state_n_lt_3;joint_state_n_lt_5;apparent_extreme_fraction_in_tiny_joint_state,GI panel|demographic|chemistry,False,0.2037962037962038,0.999000999000999,0.6454395180032362,cross_GI_panel_plus_chemistry_plus_demographic,cross,2
19,3_06781,3,breed_group|AUS_mesenteric lymphadenopathy|AUS_enlarged pancreas,breed_group|AUS_mesenteric_lymphadenopathy|AUS_enlarged_pancreas,20.737510655683646,0.09600699377631318,14,108,contingency_likelihood_ratio_G,joint_state_n_lt_3;joint_state_n_lt_5;apparent_extreme_fraction_in_tiny_joint_state,demographic|AUS|AUS,False,0.23476523476523475,0.999000999000999,0.6648825626927816,cross_AUS_plus_demographic,cross,3
20,3_04475,3,tli_high|breed_group|chem_no abnormalities,tli_high|breed_group|chem_no_abnormalities,20.58735146176813,0.11831811184924212,13,87,contingency_likelihood_ratio_G,joint_state_n_lt_3;joint_state_n_lt_5;apparent_extreme_fraction_in_tiny_joint_state,GI panel|demographic|chemistry,False,0.16283716283716285,0.999000999000999,0.6135275742885731,cross_GI_panel_plus_chemistry_plus_demographic,cross,3
21,3_06389,3,breed_group|clinical signs_vomiting|AUS_duodenum,breed_group|clinical_signs_vomiting|AUS_duodenal_thickening,20.310961963221708,0.0940322313112116,14,108,contingency_likelihood_ratio_G,joint_state_n_lt_3;joint_state_n_lt_5;apparent_extreme_fraction_in_tiny_joint_state,demographic|clinical signs|AUS,False,0.21178821178821178,0.999000999000999,0.6496478674600649,cross_AUS_plus_clinical_signs_plus_demographic,cross,3
22,3_00237,3,age|breed_group|clinical signs_hyporexia,age|breed_group|clinical_signs_hyporexia,20.153638543584492,,8,108,logistic_deviance_improvement_age_linear_additive_to_joint_state,joint_state_n_lt_3;joint_state_n_lt_5;apparent_extreme_fraction_in_tiny_joint_state;age_model_newton_not_fully_converged,demographic|demographic|clinical signs,True,0.017982017982017984,1.0,0.4405157732543995,cross_clinical_signs_plus_demographic,cross,2
23,3_06664,3,breed_group|AUS_duodenum|CBC_monocytosis,breed_group|AUS_duodenal_thickening|CBC_monocytosis,20.08743401383196,0.09299737969366648,11,108,contingency_likelihood_ratio_G,joint_state_n_lt_3;joint_state_n_lt_5;apparent_extreme_fraction_in_tiny_joint_state,demographic|AUS|CBC,False,0.08291708291708291,1.0,0.5235534973163668,cross_AUS_plus_CBC_plus_demographic,cross,1
24,3_06538,3,breed_group|clinical signs_weight loss|chem_azotemia,breed_group|clinical_signs_weight_loss|chem_azotemia,19.975616817297414,0.09247970748748803,13,108,contingency_likelihood_ratio_G,joint_state_n_lt_3;joint_state_n_lt_5;apparent_extreme_fraction_in_tiny_joint_state,demographic|clinical signs|chemistry,False,0.18081918081918083,1.0,0.6295063661846303,cross_chemistry_plus_clinical_signs_plus_demographic,cross,2
25,3_02422,3,folate_high|breed_group|AUS_mesenteric lymphadenopathy,folate_high|breed_group|AUS_mesenteric_lymphadenopathy,19.7476690285616,0.10970927238089777,14,90,contingency_likelihood_ratio_G,joint_state_n_lt_3;joint_state_n_lt_5;apparent_extreme_fraction_in_tiny_joint_state,GI panel|demographic|AUS,False,0.25674325674325676,1.0,0.67973858755087,cross_AUS_plus_GI_panel_plus_demographic,cross,4
26,3_06863,3,breed_group|AUS_enlarged pancreas|chem_azotemia,breed_group|AUS_enlarged_pancreas|chem_azotemia,19.6718456872398,0.09107335966314721,14,108,contingency_likelihood_ratio_G,joint_state_n_lt_3;joint_state_n_lt_5;apparent_extreme_fraction_in_tiny_joint_state,demographic|AUS|chemistry,False,0.23376623376623376,1.0,0.6644287092784625,cross_AUS_plus_chemistry_plus_demographic,cross,3
27,3_01379,3,cobalamin_low|breed_group|AUS_ileum,cobalamin_low|breed_group|AUS_ileal_thickening,19.56989920724138,0.10872166226245211,13,90,contingency_likelihood_ratio_G,joint_state_n_lt_3;joint_state_n_lt_5;apparent_extreme_fraction_in_tiny_joint_state,GI panel|demographic|AUS,False,0.19880119880119881,1.0,0.6421353026857615,cross_AUS_plus_GI_panel_plus_demographic,cross,5
28,3_01377,3,cobalamin_low|breed_group|AUS_duodenum,cobalamin_low|breed_group|AUS_duodenal_thickening,19.425277301891242,0.10791820723272913,13,90,contingency_likelihood_ratio_G,joint_state_n_lt_3;joint_state_n_lt_5;apparent_extreme_fraction_in_tiny_joint_state,GI panel|demographic|AUS,False,0.2137862137862138,1.0,0.650238296735112,cross_AUS_plus_GI_panel_plus_demographic,cross,6
29,3_04461,3,tli_high|breed_group|AUS_splenomegaly,tli_high|breed_group|AUS_splenomegaly,19.394367004913274,0.11146187933858204,11,87,contingency_likelihood_ratio_G,joint_state_n_lt_3;joint_state_n_lt_5;apparent_extreme_fraction_in_tiny_joint_state,GI panel|demographic|AUS,False,0.0969030969030969,1.0,0.5466829905999046,cross_AUS_plus_GI_panel_plus_demographic,cross,7
30,3_05399,3,pli_abn|breed_group|clinical signs_hyporexia,pli_abn|breed_group|clinical_signs_hyporexia,19.378735274449856,0.11266706554912707,12,86,contingency_likelihood_ratio_G,joint_state_n_lt_3;joint_state_n_lt_5;apparent_extreme_fraction_in_tiny_joint_state,GI panel|demographic|clinical signs,False,0.13586413586413587,1.0,0.5910867164871741,cross_GI_panel_plus_clinical_signs_plus_demographic,cross,2
31,3_02420,3,folate_high|breed_group|AUS_ileum,folate_high|breed_group|AUS_ileal_thickening,19.37580942090769,0.10764338567170939,13,90,contingency_likelihood_ratio_G,joint_state_n_lt_3;joint_state_n_lt_5;apparent_extreme_fraction_in_tiny_joint_state,GI panel|demographic|AUS,False,0.20279720279720279,1.0,0.6454395180032362,cross_AUS_plus_GI_panel_plus_demographic,cross,8
32,3_06666,3,breed_group|AUS_duodenum|chem_no abnormalities,breed_group|AUS_duodenal_thickening|chem_no_abnormalities,19.37293993696687,0.08968953674521699,14,108,contingency_likelihood_ratio_G,joint_state_n_lt_3;joint_state_n_lt_5;apparent_extreme_fraction_in_tiny_joint_state,demographic|AUS|chemistry,False,0.28471528471528473,1.0,0.6999879727152455,cross_AUS_plus_chemistry_plus_demographic,cross,4
33,3_06476,3,breed_group|clinical signs_hyporexia|AUS_enlarged pancreas,breed_group|clinical_signs_hyporexia|AUS_enlarged_pancreas,19.261438782822353,0.08917332769825163,13,108,contingency_likelihood_ratio_G,joint_state_n_lt_3;joint_state_n_lt_5;apparent_extreme_fraction_in_tiny_joint_state,demographic|clinical signs|AUS,False,0.23576423576423577,1.0,0.6661241864095186,cross_AUS_plus_clinical_signs_plus_demographic,cross,4
34,3_05406,3,pli_abn|breed_group|AUS_ileum,pli_abn|breed_group|AUS_ileal_thickening,19.26008511891804,0.111977239063477,12,86,contingency_likelihood_ratio_G,joint_state_n_lt_3;joint_state_n_lt_5;apparent_extreme_fraction_in_tiny_joint_state,GI panel|demographic|AUS,False,0.14285714285714285,1.0,0.5926249181758674,cross_AUS_plus_GI_panel_plus_demographic,cross,9
35,3_00051,3,age|folate_high|breed_group,age|folate_high|breed_group,19.222601294124672,,8,90,logistic_deviance_improvement_age_linear_additive_to_joint_state,joint_state_n_lt_3;joint_state_n_lt_5;apparent_extreme_fraction_in_tiny_joint_state;age_model_newton_not_fully_converged,demographic|GI panel|demographic,True,0.027972027972027972,1.0,0.44206500066849197,cross_GI_panel_plus_demographic,cross,4
36,3_03480,3,folate_low|breed_group|chem_no abnormalities,folate_low|breed_group|chem_no_abnormalities,19.19283545064553,0.10662686361469738,11,90,contingency_likelihood_ratio_G,joint_state_n_lt_3;joint_state_n_lt_5;apparent_extreme_fraction_in_tiny_joint_state,GI panel|demographic|chemistry,False,0.10789210789210789,1.0,0.5595321209069163,cross_GI_panel_plus_chemistry_plus_demographic,cross,4
37,3_04449,3,tli_high|breed_group|clinical signs_hyporexia,tli_high|breed_group|clinical_signs_hyporexia,19.141751555952634,0.11001006641352089,13,87,contingency_likelihood_ratio_G,joint_state_n_lt_3;joint_state_n_lt_5;apparent_extreme_fraction_in_tiny_joint_state,GI panel|demographic|clinical signs,False,0.22677322677322678,1.0,0.6580300041838504,cross_GI_panel_plus_clinical_signs_plus_demographic,cross,3
38,3_02447,3,folate_high|breed_group|chem_azotemia,folate_high|breed_group|chem_azotemia,19.070899331639843,0.10594944073133246,12,90,contingency_likelihood_ratio_G,joint_state_n_lt_3;joint_state_n_lt_5;apparent_extreme_fraction_in_tiny_joint_state,GI panel|demographic|chemistry,False,0.13586413586413587,1.0,0.5910867164871741,cross_GI_panel_plus_chemistry_plus_demographic,cross,5
39,3_02411,3,folate_high|breed_group|clinical signs_vomiting,folate_high|breed_group|clinical_signs_vomiting,18.992933870646134,0.10551629928136741,13,90,contingency_likelihood_ratio_G,joint_state_n_lt_3;joint_state_n_lt_5;apparent_extreme_fraction_in_tiny_joint_state,GI panel|demographic|clinical signs,False,0.21578421578421578,1.0,0.6509821501887513,cross_GI_panel_plus_clinical_signs_plus_demographic,cross,4
40,3_14702,3,AUS_mesenteric lymphadenopathy|AUS_splenomegaly|CBC_basophilia,AUS_mesenteric_lymphadenopathy|AUS_splenomegaly|CBC_basophilia,18.97854284829289,0.08786362429765227,7,108,contingency_likelihood_ratio_G,joint_state_n_lt_3;joint_state_n_lt_5;apparent_extreme_fraction_in_tiny_joint_state,AUS|AUS|CBC,False,0.006993006993006993,1.0,0.4405157732543995,cross_AUS_plus_CBC,cross,1
41,3_04448,3,tli_high|breed_group|clinical signs_diarrhea,tli_high|breed_group|clinical_signs_diarrhea,18.95533070426051,0.10893868220839374,13,87,contingency_likelihood_ratio_G,joint_state_n_lt_3;joint_state_n_lt_5;apparent_extreme_fraction_in_tiny_joint_state,GI panel|demographic|clinical signs,False,0.22877122877122877,1.0,0.6590996516742842,cross_GI_panel_plus_clinical_signs_plus_demographic,cross,5
42,3_06674,3,breed_group|AUS_duodenum|chem_azotemia,breed_group|AUS_duodenal_thickening|chem_azotemia,18.87720807696616,0.08739448183780629,13,108,contingency_likelihood_ratio_G,joint_state_n_lt_3;joint_state_n_lt_5;apparent_extreme_fraction_in_tiny_joint_state,demographic|AUS|chemistry,False,0.21978021978021978,1.0,0.6536055038079329,cross_AUS_plus_chemistry_plus_demographic,cross,5
43,3_06646,3,breed_group|AUS_duodenum|AUS_jejunum,breed_group|AUS_duodenal_thickening|AUS_jejunal_thickening,18.820153648260824,0.08713034096417048,14,108,contingency_likelihood_ratio_G,joint_state_n_lt_3;joint_state_n_lt_5;apparent_extreme_fraction_in_tiny_joint_state,demographic|AUS|AUS,False,0.3116883116883117,1.0,0.7168033889187735,cross_AUS_plus_demographic,cross,4
44,3_06649,3,breed_group|AUS_duodenum|AUS_mesenteric lymphadenopathy,breed_group|AUS_duodenal_thickening|AUS_mesenteric_lymphadenopathy,18.805326386843483,0.0870616962353865,14,108,contingency_likelihood_ratio_G,joint_state_n_lt_3;joint_state_n_lt_5;apparent_extreme_fraction_in_tiny_joint_state,demographic|AUS|AUS,False,0.3036963036963037,1.0,0.7120918417783814,cross_AUS_plus_demographic,cross,5
45,3_00777,3,age|AUS_enlarged pancreas|CBC_neutrophilia,age|AUS_enlarged_pancreas|CBC_neutrophilia,18.73812253430367,,4,108,logistic_deviance_improvement_age_linear_additive_to_joint_state,joint_state_n_lt_3;joint_state_n_lt_5;apparent_extreme_fraction_in_tiny_joint_state;age_model_newton_not_fully_converged,demographic|AUS|CBC,True,0.000999000999000999,1.0,0.4405157732543995,cross_AUS_plus_CBC_plus_demographic,cross,2
46,3_02419,3,folate_high|breed_group|AUS_jejunum,folate_high|breed_group|AUS_jejunal_thickening,18.71153544405363,0.10395297468918684,14,90,contingency_likelihood_ratio_G,joint_state_n_lt_3;joint_state_n_lt_5;apparent_extreme_fraction_in_tiny_joint_state,GI panel|demographic|AUS,False,0.3306693306693307,1.0,0.7263645655326765,cross_AUS_plus_GI_panel_plus_demographic,cross,10
47,3_02414,3,folate_high|breed_group|clinical signs_weight loss,folate_high|breed_group|clinical_signs_weight_loss,18.700551440350157,0.10389195244638977,14,90,contingency_likelihood_ratio_G,joint_state_n_lt_3;joint_state_n_lt_5;apparent_extreme_fraction_in_tiny_joint_state,GI panel|demographic|clinical signs,False,0.33766233766233766,1.0,0.7307497283592902,cross_GI_panel_plus_clinical_signs_plus_demographic,cross,6
48,3_02417,3,folate_high|breed_group|AUS_no abnormalities,folate_high|breed_group|AUS_no_abnormalities,18.68259533544276,0.10379219630801532,9,90,contingency_likelihood_ratio_G,joint_state_n_lt_3;joint_state_n_lt_5;apparent_extreme_fraction_in_tiny_joint_state,GI panel|demographic|AUS,False,0.04395604395604396,1.0,0.46870011648474913,cross_AUS_plus_GI_panel_plus_demographic,cross,11
49,3_02428,3,folate_high|breed_group|CBC_no abnormalities,folate_high|breed_group|CBC_no_abnormalities,18.672069028394095,0.10373371682441164,14,90,contingency_likelihood_ratio_G,joint_state_n_lt_3;joint_state_n_lt_5;apparent_extreme_fraction_in_tiny_joint_state,GI panel|demographic|CBC,False,0.32867132867132864,1.0,0.7249912171596821,cross_CBC_plus_GI_panel_plus_demographic,cross,1
50,3_04439,3,tli_high|pli_abn|chem_azotemia,tli_high|pli_abn|chem_azotemia,18.663092540015516,0.10850635197683439,7,86,contingency_likelihood_ratio_G,joint_state_n_lt_3;joint_state_n_lt_5;apparent_extreme_fraction_in_tiny_joint_state,GI panel|GI panel|chemistry,False,0.013986013986013986,1.0,0.4405157732543995,cross_GI_panel_plus_chemistry,cross,1
51,3_01383,3,cobalamin_low|breed_group|AUS_enlarged pancreas,cobalamin_low|breed_group|AUS_enlarged_pancreas,18.662035208505536,0.1036779733805863,14,90,contingency_likelihood_ratio_G,joint_state_n_lt_3;joint_state_n_lt_5;apparent_extreme_fraction_in_tiny_joint_state,GI panel|demographic|AUS,False,0.34765234765234765,1.0,0.7352131739228513,cross_AUS_plus_GI_panel_plus_demographic,cross,12
52,3_06675,3,breed_group|AUS_duodenum|chem_discordantly elevated bun,breed_group|AUS_duodenal_thickening|chem_discordantly_elevated_BUN,18.647435409033008,0.08633071948626393,8,108,contingency_likelihood_ratio_G,joint_state_n_lt_3;joint_state_n_lt_5;apparent_extreme_fraction_in_tiny_joint_state,demographic|AUS|chemistry,False,0.027972027972027972,1.0,0.44206500066849197,cross_AUS_plus_chemistry_plus_demographic,cross,6
53,3_06877,3,breed_group|AUS_splenomegaly|CBC_basophilia,breed_group|AUS_splenomegaly|CBC_basophilia,18.625090000219203,0.08622726851953334,10,108,contingency_likelihood_ratio_G,joint_state_n_lt_3;joint_state_n_lt_5;apparent_extreme_fraction_in_tiny_joint_state,demographic|AUS|CBC,False,0.056943056943056944,1.0,0.48612545963241965,cross_AUS_plus_CBC_plus_demographic,cross,3
54,3_06718,3,breed_group|AUS_ileum|AUS_enlarged pancreas,breed_group|AUS_ileal_thickening|AUS_enlarged_pancreas,18.613722050656072,0.08617463912340774,14,108,contingency_likelihood_ratio_G,joint_state_n_lt_3;joint_state_n_lt_5;apparent_extreme_fraction_in_tiny_joint_state,demographic|AUS|AUS,False,0.3196803196803197,1.0,0.7196876539682934,cross_AUS_plus_demographic,cross,6
55,3_06376,3,breed_group|clinical signs_none|chem_azotemia,breed_group|clinical_signs_none_reported|chem_azotemia,18.539401700899916,0.0858305634300922,12,108,contingency_likelihood_ratio_G,joint_state_n_lt_3;joint_state_n_lt_5;apparent_extreme_fraction_in_tiny_joint_state,demographic|clinical signs|chemistry,False,0.16383616383616384,1.0,0.61497594212303,cross_chemistry_plus_clinical_signs_plus_demographic,cross,3
56,3_06391,3,breed_group|clinical signs_vomiting|AUS_ileum,breed_group|clinical_signs_vomiting|AUS_ileal_thickening,18.497815555655013,0.08563803497988431,14,108,contingency_likelihood_ratio_G,joint_state_n_lt_3;joint_state_n_lt_5;apparent_extreme_fraction_in_tiny_joint_state,demographic|clinical signs|AUS,False,0.32367632367632365,1.0,0.7225236897656763,cross_AUS_plus_clinical_signs_plus_demographic,cross,5
57,3_06669,3,breed_group|AUS_duodenum|chem_decreased alt,breed_group|AUS_duodenal_thickening|chem_decreased_ALT,18.463330010445052,0.08547837967798635,9,108,contingency_likelihood_ratio_G,joint_state_n_lt_3;joint_state_n_lt_5;apparent_extreme_fraction_in_tiny_joint_state,demographic|AUS|chemistry,False,0.04095904095904096,1.0,0.4605046047979224,cross_AUS_plus_chemistry_plus_demographic,cross,7
58,3_02439,3,folate_high|breed_group|chem_no abnormalities,folate_high|breed_group|chem_no_abnormalities,18.452963848397694,0.10251646582443164,14,90,contingency_likelihood_ratio_G,joint_state_n_lt_3;joint_state_n_lt_5;apparent_extreme_fraction_in_tiny_joint_state,GI panel|demographic|chemistry,False,0.37162837162837165,1.0,0.7530802175867194,cross_GI_panel_plus_chemistry_plus_demographic,cross,6
59,3_06509,3,breed_group|clinical signs_weight loss|AUS_duodenum,breed_group|clinical_signs_weight_loss|AUS_duodenal_thickening,18.438116756817195,0.08536165165193145,14,108,contingency_likelihood_ratio_G,joint_state_n_lt_3;joint_state_n_lt_5;apparent_extreme_fraction_in_tiny_joint_state,demographic|clinical signs|AUS,False,0.3386613386613387,1.0,0.7314961793489401,cross_AUS_plus_clinical_signs_plus_demographic,cross,6
60,3_01384,3,cobalamin_low|breed_group|AUS_splenomegaly,cobalamin_low|breed_group|AUS_splenomegaly,18.36373302955785,0.10202073905309916,12,90,contingency_likelihood_ratio_G,joint_state_n_lt_3;joint_state_n_lt_5;apparent_extreme_fraction_in_tiny_joint_state,GI panel|demographic|AUS,False,0.19480519480519481,1.0,0.6387782620966478,cross_AUS_plus_GI_panel_plus_demographic,cross,13
61,3_06668,3,breed_group|AUS_duodenum|chem_hyperproteinemia,breed_group|AUS_duodenal_thickening|chem_hyperproteinemia,18.34542192943796,0.08493250893258315,9,108,contingency_likelihood_ratio_G,joint_state_n_lt_3;joint_state_n_lt_5;apparent_extreme_fraction_in_tiny_joint_state,demographic|AUS|chemistry,False,0.056943056943056944,1.0,0.48612545963241965,cross_AUS_plus_chemistry_plus_demographic,cross,8
62,3_08767,3,clinical signs_diarrhea|clinical signs_weight loss|CBC_eosinophilia,clinical_signs_diarrhea|clinical_signs_weight_loss|CBC_eosinophilia,18.323444155227982,0.08483075997790733,7,108,contingency_likelihood_ratio_G,joint_state_n_lt_3;joint_state_n_lt_5;apparent_extreme_fraction_in_tiny_joint_state,clinical signs|clinical signs|CBC,False,0.006993006993006993,1.0,0.4405157732543995,cross_CBC_plus_clinical_signs,cross,1
63,3_16031,3,AUS_splenomegaly|CBC_basophilia|CBC_monocytosis,AUS_splenomegaly|CBC_basophilia|CBC_monocytosis,18.305611417108192,0.08474820100513052,7,108,contingency_likelihood_ratio_G,joint_state_n_lt_3;joint_state_n_lt_5;apparent_extreme_fraction_in_tiny_joint_state,AUS|CBC|CBC,False,0.006993006993006993,1.0,0.4405157732543995,cross_AUS_plus_CBC,cross,2
64,3_04459,3,tli_high|breed_group|AUS_chronic degenerative renal changes,tli_high|breed_group|AUS_chronic_degenerative_renal_changes,18.289418942354516,0.10511160311697998,12,87,contingency_likelihood_ratio_G,joint_state_n_lt_3;joint_state_n_lt_5;apparent_extreme_fraction_in_tiny_joint_state,GI panel|demographic|AUS,False,0.1938061938061938,1.0,0.6380334816698453,cross_AUS_plus_GI_panel_plus_demographic,cross,14
65,3_06478,3,breed_group|clinical signs_hyporexia|AUS_ileus,breed_group|clinical_signs_hyporexia|AUS_ileus,18.2659468657855,0.08456456882308103,11,108,contingency_likelihood_ratio_G,joint_state_n_lt_3;joint_state_n_lt_5;apparent_extreme_fraction_in_tiny_joint_state,demographic|clinical signs|AUS,False,0.14485514485514486,1.0,0.5936594123703415,cross_AUS_plus_clinical_signs_plus_demographic,cross,7
66,3_15501,3,AUS_enlarged pancreas|AUS_splenomegaly|chem_no abnormalities,AUS_enlarged_pancreas|AUS_splenomegaly|chem_no_abnormalities,18.187448738898873,0.08420115156897626,7,108,contingency_likelihood_ratio_G,joint_state_n_lt_3;joint_state_n_lt_5;apparent_extreme_fraction_in_tiny_joint_state,AUS|AUS|chemistry,False,0.017982017982017984,1.0,0.4405157732543995,cross_AUS_plus_chemistry,cross,1
67,3_00916,3,age|CBC_neutrophilia|chem_discordantly elevated bun,age|CBC_neutrophilia|chem_discordantly_elevated_BUN,18.15485310253287,,4,108,logistic_deviance_improvement_age_linear_additive_to_joint_state,empty_joint_state;joint_state_n_lt_3;joint_state_n_lt_5;apparent_extreme_fraction_in_tiny_joint_state;age_model_newton_not_fully_converged,demographic|CBC|chemistry,True,0.000999000999000999,1.0,0.4405157732543995,cross_CBC_plus_chemistry_plus_demographic,cross,1
68,3_05409,3,pli_abn|breed_group|AUS_chronic degenerative renal changes,pli_abn|breed_group|AUS_chronic_degenerative_renal_changes,18.152290180896646,0.10553657081916655,11,86,contingency_likelihood_ratio_G,joint_state_n_lt_3;joint_state_n_lt_5;apparent_extreme_fraction_in_tiny_joint_state,GI panel|demographic|AUS,False,0.12787212787212787,1.0,0.5873652802862757,cross_AUS_plus_GI_panel_plus_demographic,cross,15
69,3_00909,3,age|CBC_neutrophilia|chem_hyperproteinemia,age|CBC_neutrophilia|chem_hyperproteinemia,18.128717740096064,,4,108,logistic_deviance_improvement_age_linear_additive_to_joint_state,empty_joint_state;joint_state_n_lt_3;joint_state_n_lt_5;apparent_extreme_fraction_in_tiny_joint_state;age_model_newton_not_fully_converged,demographic|CBC|chemistry,True,0.000999000999000999,1.0,0.4405157732543995,cross_CBC_plus_chemistry_plus_demographic,cross,2
70,3_10545,3,clinical signs_weight loss|AUS_enlarged pancreas|CBC_eosinophilia,clinical_signs_weight_loss|AUS_enlarged_pancreas|CBC_eosinophilia,18.122282923216062,0.08389945797785214,7,108,contingency_likelihood_ratio_G,joint_state_n_lt_3;joint_state_n_lt_5;apparent_extreme_fraction_in_tiny_joint_state,clinical signs|AUS|CBC,False,0.012987012987012988,1.0,0.4405157732543995,cross_AUS_plus_CBC_plus_clinical_signs,cross,1
71,3_10420,3,clinical signs_weight loss|AUS_ileum|CBC_no abnormalities,clinical_signs_weight_loss|AUS_ileal_thickening|CBC_no_abnormalities,18.092452217649218,0.08376135285948712,7,108,contingency_likelihood_ratio_G,joint_state_n_lt_5;apparent_extreme_fraction_in_tiny_joint_state,clinical signs|AUS|CBC,False,0.02197802197802198,1.0,0.4405157732543995,cross_AUS_plus_CBC_plus_clinical_signs,cross,2
72,3_04447,3,tli_high|breed_group|clinical signs_vomiting,tli_high|breed_group|clinical_signs_vomiting,17.98050062331857,0.10333621047884235,13,87,contingency_likelihood_ratio_G,joint_state_n_lt_3;joint_state_n_lt_5;apparent_extreme_fraction_in_tiny_joint_state,GI panel|demographic|clinical signs,False,0.27972027972027974,1.0,0.695532560560026,cross_GI_panel_plus_clinical_signs_plus_demographic,cross,7
73,3_00242,3,age|breed_group|AUS_duodenum,age|breed_group|AUS_duodenal_thickening,17.951820401423475,,8,108,logistic_deviance_improvement_age_linear_additive_to_joint_state,joint_state_n_lt_3;joint_state_n_lt_5;apparent_extreme_fraction_in_tiny_joint_state;age_model_newton_not_fully_converged,demographic|demographic|AUS,True,0.03796203796203796,1.0,0.4605046047979224,cross_AUS_plus_demographic,cross,7
74,3_06584,3,breed_group|clinical signs_constipation|AUS_duodenum,breed_group|clinical_signs_constipation|AUS_duodenal_thickening,17.94468972873687,0.08307726726267069,8,108,contingency_likelihood_ratio_G,joint_state_n_lt_3;joint_state_n_lt_5;apparent_extreme_fraction_in_tiny_joint_state,demographic|clinical signs|AUS,False,0.03296703296703297,1.0,0.4566918230284567,cross_AUS_plus_clinical_signs_plus_demographic,cross,8
75,3_06685,3,breed_group|AUS_jejunum|AUS_enlarged pancreas,breed_group|AUS_jejunal_thickening|AUS_enlarged_pancreas,17.93468582103352,0.08303095287515518,14,108,contingency_likelihood_ratio_G,joint_state_n_lt_3;joint_state_n_lt_5;apparent_extreme_fraction_in_tiny_joint_state,demographic|AUS|AUS,False,0.4225774225774226,1.0,0.7885015171304307,cross_AUS_plus_demographic,cross,8
76,3_04446,3,tli_high|breed_group|clinical signs_none,tli_high|breed_group|clinical_signs_none_reported,17.901786520951273,0.10288383058017973,11,87,contingency_likelihood_ratio_G,joint_state_n_lt_3;joint_state_n_lt_5;apparent_extreme_fraction_in_tiny_joint_state,GI panel|demographic|clinical signs,False,0.13086913086913088,1.0,0.5898729056623794,cross_GI_panel_plus_clinical_signs_plus_demographic,cross,8
77,3_06841,3,breed_group|AUS_enlarged pancreas|AUS_splenomegaly,breed_group|AUS_enlarged_pancreas|AUS_splenomegaly,17.899414883850252,0.08286766149930672,12,108,contingency_likelihood_ratio_G,joint_state_n_lt_3;joint_state_n_lt_5;apparent_extreme_fraction_in_tiny_joint_state,demographic|AUS|AUS,False,0.1958041958041958,1.0,0.6396270396270397,cross_AUS_plus_demographic,cross,9
78,3_05404,3,pli_abn|breed_group|AUS_duodenum,pli_abn|breed_group|AUS_duodenal_thickening,17.89440672219036,0.10403724838482768,11,86,contingency_likelihood_ratio_G,joint_state_n_lt_3;joint_state_n_lt_5;apparent_extreme_fraction_in_tiny_joint_state,GI panel|demographic|AUS,False,0.16083916083916083,1.0,0.6110859564096973,cross_AUS_plus_GI_panel_plus_demographic,cross,16
79,3_05411,3,pli_abn|breed_group|AUS_splenomegaly,pli_abn|breed_group|AUS_splenomegaly,17.878908171230886,0.10394714053041212,10,86,contingency_likelihood_ratio_G,joint_state_n_lt_3;joint_state_n_lt_5;apparent_extreme_fraction_in_tiny_joint_state,GI panel|demographic|AUS,False,0.0939060939060939,1.0,0.5441458876387252,cross_AUS_plus_GI_panel_plus_demographic,cross,17
80,3_06656,3,breed_group|AUS_duodenum|CBC_neutrophilia,breed_group|AUS_duodenal_thickening|CBC_neutrophilia,17.845860861280066,0.08261972620962993,9,108,contingency_likelihood_ratio_G,joint_state_n_lt_3;joint_state_n_lt_5;apparent_extreme_fraction_in_tiny_joint_state,demographic|AUS|CBC,False,0.053946053946053944,1.0,0.48173902189872125,cross_AUS_plus_CBC_plus_demographic,cross,4
81,3_01406,3,cobalamin_low|breed_group|chem_azotemia,cobalamin_low|breed_group|chem_azotemia,17.81209840072222,0.09895610222623456,12,90,contingency_likelihood_ratio_G,joint_state_n_lt_3;joint_state_n_lt_5;apparent_extreme_fraction_in_tiny_joint_state,GI panel|demographic|chemistry,False,0.22077922077922077,1.0,0.6536055038079329,cross_GI_panel_plus_chemistry_plus_demographic,cross,7
82,3_06515,3,breed_group|clinical signs_weight loss|AUS_enlarged pancreas,breed_group|clinical_signs_weight_loss|AUS_enlarged_pancreas,17.71228922155962,0.08200133898870193,14,108,contingency_likelihood_ratio_G,joint_state_n_lt_3;joint_state_n_lt_5;apparent_extreme_fraction_in_tiny_joint_state,demographic|clinical signs|AUS,False,0.3906093906093906,1.0,0.765989245411628,cross_AUS_plus_clinical_signs_plus_demographic,cross,9
83,3_06652,3,breed_group|AUS_duodenum|AUS_splenomegaly,breed_group|AUS_duodenal_thickening|AUS_splenomegaly,17.708147759373556,0.08198216555265535,11,108,contingency_likelihood_ratio_G,joint_state_n_lt_3;joint_state_n_lt_5;apparent_extreme_fraction_in_tiny_joint_state,demographic|AUS|AUS,False,0.15584415584415584,1.0,0.6031981048267694,cross_AUS_plus_demographic,cross,10
84,3_06395,3,breed_group|clinical signs_vomiting|AUS_enlarged pancreas,breed_group|clinical_signs_vomiting|AUS_enlarged_pancreas,17.691696305456674,0.08190600141415126,14,108,contingency_likelihood_ratio_G,joint_state_n_lt_3;joint_state_n_lt_5;apparent_extreme_fraction_in_tiny_joint_state,demographic|clinical signs|AUS,False,0.3886113886113886,1.0,0.7647531021922906,cross_AUS_plus_clinical_signs_plus_demographic,cross,10
85,3_00248,3,age|breed_group|AUS_enlarged pancreas,age|breed_group|AUS_enlarged_pancreas,17.689328880825983,,8,108,logistic_deviance_improvement_age_linear_additive_to_joint_state,joint_state_n_lt_3;joint_state_n_lt_5;apparent_extreme_fraction_in_tiny_joint_state;age_model_newton_not_fully_converged,demographic|demographic|AUS,True,0.03696303696303696,1.0,0.4605046047979224,cross_AUS_plus_demographic,cross,11
86,3_01370,3,cobalamin_low|breed_group|clinical signs_vomiting,cobalamin_low|breed_group|clinical_signs_vomiting,17.637421912067687,0.09798567728926492,12,90,contingency_likelihood_ratio_G,joint_state_n_lt_3;joint_state_n_lt_5;apparent_extreme_fraction_in_tiny_joint_state,GI panel|demographic|clinical signs,False,0.23976023976023977,1.0,0.6688659836128655,cross_GI_panel_plus_clinical_signs_plus_demographic,cross,9
87,3_06501,3,breed_group|clinical signs_hyporexia|chem_hyperglycemia,breed_group|clinical_signs_hyporexia|chem_hyperglycemia,17.526567469505203,0.08114151606252408,8,108,contingency_likelihood_ratio_G,joint_state_n_lt_3;joint_state_n_lt_5;apparent_extreme_fraction_in_tiny_joint_state,demographic|clinical signs|chemistry,False,0.04695304695304695,1.0,0.47482517482517483,cross_chemistry_plus_clinical_signs_plus_demographic,cross,4
88,3_04488,3,tli_high|breed_group|chem_hypokalemia,tli_high|breed_group|chem_hypokalemia,17.487170425646628,0.10050097945773924,11,87,contingency_likelihood_ratio_G,joint_state_n_lt_3;joint_state_n_lt_5;apparent_extreme_fraction_in_tiny_joint_state,GI panel|demographic|chemistry,False,0.15684315684315683,1.0,0.6044804577137843,cross_GI_panel_plus_chemistry_plus_demographic,cross,8
89,3_04456,3,tli_high|breed_group|AUS_ileum,tli_high|breed_group|AUS_ileal_thickening,17.485584872494847,0.10049186708330372,13,87,contingency_likelihood_ratio_G,joint_state_n_lt_3;joint_state_n_lt_5;apparent_extreme_fraction_in_tiny_joint_state,GI panel|demographic|AUS,False,0.3026973026973027,1.0,0.7113573694537849,cross_AUS_plus_GI_panel_plus_demographic,cross,18
90,3_06663,3,breed_group|AUS_duodenum|CBC_lymphopenia,breed_group|AUS_duodenal_thickening|CBC_lymphopenia,17.45466870375879,0.0808086514062907,11,108,contingency_likelihood_ratio_G,joint_state_n_lt_3;joint_state_n_lt_5;apparent_extreme_fraction_in_tiny_joint_state,demographic|AUS|CBC,False,0.15884115884115885,1.0,0.6067687586674928,cross_AUS_plus_CBC_plus_demographic,cross,5
91,3_06698,3,breed_group|AUS_jejunum|CBC_monocytosis,breed_group|AUS_jejunal_thickening|CBC_monocytosis,17.45005533805081,0.08078729323171671,11,108,contingency_likelihood_ratio_G,joint_state_n_lt_3;joint_state_n_lt_5;apparent_extreme_fraction_in_tiny_joint_state,demographic|AUS|CBC,False,0.16583416583416583,1.0,0.6183249972228203,cross_AUS_plus_CBC_plus_demographic,cross,6
92,3_06658,3,breed_group|AUS_duodenum|CBC_eosinophilia,breed_group|AUS_duodenal_thickening|CBC_eosinophilia,17.43654321786243,0.08072473711973346,11,108,contingency_likelihood_ratio_G,joint_state_n_lt_3;joint_state_n_lt_5;apparent_extreme_fraction_in_tiny_joint_state,demographic|AUS|CBC,False,0.14685314685314685,1.0,0.5950494518269454,cross_AUS_plus_CBC_plus_demographic,cross,7
93,3_05397,3,pli_abn|breed_group|clinical signs_vomiting,pli_abn|breed_group|clinical_signs_vomiting,17.428226922967713,0.10132690071492857,12,86,contingency_likelihood_ratio_G,joint_state_n_lt_3;joint_state_n_lt_5;apparent_extreme_fraction_in_tiny_joint_state,GI panel|demographic|clinical signs,False,0.24775224775224775,1.0,0.6759853235168963,cross_GI_panel_plus_clinical_signs_plus_demographic,cross,10
94,3_04469,3,tli_high|breed_group|CBC_basophilia,tli_high|breed_group|CBC_basophilia,17.41451611797122,0.10008342596535184,10,87,contingency_likelihood_ratio_G,joint_state_n_lt_3;joint_state_n_lt_5;apparent_extreme_fraction_in_tiny_joint_state,GI panel|demographic|CBC,False,0.1038961038961039,1.0,0.5556322720879684,cross_CBC_plus_GI_panel_plus_demographic,cross,2
95,3_00271,3,age|breed_group|chem_azotemia,age|breed_group|chem_azotemia,17.411626572140264,,8,108,logistic_deviance_improvement_age_linear_additive_to_joint_state,joint_state_n_lt_3;joint_state_n_lt_5;apparent_extreme_fraction_in_tiny_joint_state;age_model_newton_not_fully_converged,demographic|demographic|chemistry,True,0.03796203796203796,1.0,0.4605046047979224,cross_chemistry_plus_demographic,cross,1
96,3_15495,3,AUS_enlarged pancreas|AUS_splenomegaly|CBC_basophilia,AUS_enlarged_pancreas|AUS_splenomegaly|CBC_basophilia,17.39359100363884,0.08052588427610574,6,108,contingency_likelihood_ratio_G,empty_joint_state;joint_state_n_lt_3;joint_state_n_lt_5;apparent_extreme_fraction_in_tiny_joint_state,AUS|AUS|CBC,False,0.002997002997002997,1.0,0.4405157732543995,cross_AUS_plus_CBC,cross,3
97,3_06648,3,breed_group|AUS_duodenum|AUS_colon,breed_group|AUS_duodenal_thickening|AUS_colonic_thickening,17.324819701615365,0.08020749861858965,12,108,contingency_likelihood_ratio_G,joint_state_n_lt_3;joint_state_n_lt_5;apparent_extreme_fraction_in_tiny_joint_state,demographic|AUS|AUS,False,0.22677322677322678,1.0,0.6580300041838504,cross_AUS_plus_demographic,cross,12
98,3_06491,3,breed_group|clinical signs_hyporexia|chem_no abnormalities,breed_group|clinical_signs_hyporexia|chem_no_abnormalities,17.31528047110959,0.08016333551439624,13,108,contingency_likelihood_ratio_G,joint_state_n_lt_3;joint_state_n_lt_5;apparent_extreme_fraction_in_tiny_joint_state,demographic|clinical signs|chemistry,False,0.35864135864135865,1.0,0.7433216516395411,cross_chemistry_plus_clinical_signs_plus_demographic,cross,5
99,3_02413,3,folate_high|breed_group|clinical signs_hyporexia,folate_high|breed_group|clinical_signs_hyporexia,17.268775487661806,0.09593764159812114,12,90,contingency_likelihood_ratio_G,joint_state_n_lt_3;joint_state_n_lt_5;apparent_extreme_fraction_in_tiny_joint_state,GI panel|demographic|clinical signs,False,0.25274725274725274,1.0,0.6780367889145712,cross_GI_panel_plus_clinical_signs_plus_demographic,cross,11
100,3_05433,3,pli_abn|breed_group|chem_azotemia,pli_abn|breed_group|chem_azotemia,17.21748304586828,0.10010164561551327,12,86,contingency_likelihood_ratio_G,joint_state_n_lt_3;joint_state_n_lt_5;apparent_extreme_fraction_in_tiny_joint_state,GI panel|demographic|chemistry,False,0.24175824175824176,1.0,0.6709938236945536,cross_GI_panel_plus_chemistry_plus_demographic,cross,9
101,3_08300,3,clinical signs_vomiting|AUS_enlarged pancreas|AUS_splenomegaly,clinical_signs_vomiting|AUS_enlarged_pancreas|AUS_splenomegaly,17.198250855811096,0.07962153173986619,7,108,contingency_likelihood_ratio_G,joint_state_n_lt_3;joint_state_n_lt_5;apparent_extreme_fraction_in_tiny_joint_state,clinical signs|AUS|AUS,False,0.02097902097902098,1.0,0.4405157732543995,cross_AUS_plus_clinical_signs,cross,1
102,3_05438,3,pli_abn|breed_group|chem_hypokalemia,pli_abn|breed_group|chem_hypokalemia,17.14741716836651,0.09969428586259599,10,86,contingency_likelihood_ratio_G,joint_state_n_lt_3;joint_state_n_lt_5;apparent_extreme_fraction_in_tiny_joint_state,GI panel|demographic|chemistry,False,0.11788211788211789,1.0,0.5764338542116321,cross_GI_panel_plus_chemistry_plus_demographic,cross,10
103,3_04454,3,tli_high|breed_group|AUS_duodenum,tli_high|breed_group|AUS_duodenal_thickening,17.134630869644393,0.09847489005542755,12,87,contingency_likelihood_ratio_G,joint_state_n_lt_3;joint_state_n_lt_5;apparent_extreme_fraction_in_tiny_joint_state,GI panel|demographic|AUS,False,0.25674325674325676,1.0,0.67973858755087,cross_AUS_plus_GI_panel_plus_demographic,cross,19
104,3_06933,3,breed_group|AUS_gall bladder sludge|CBC_lymphopenia,breed_group|AUS_gall_bladder_sludge|CBC_lymphopenia,17.125913721261114,0.07928663759843108,10,108,contingency_likelihood_ratio_G,joint_state_n_lt_3;joint_state_n_lt_5;apparent_extreme_fraction_in_tiny_joint_state,demographic|AUS|CBC,False,0.12687312687312688,1.0,0.5873652802862757,cross_AUS_plus_CBC_plus_demographic,cross,8
105,3_04643,3,tli_high|clinical signs_hyporexia|chem_azotemia,tli_high|clinical_signs_hyporexia|chem_azotemia,17.10985435927792,0.0983324963176892,7,87,contingency_likelihood_ratio_G,joint_state_n_lt_3;joint_state_n_lt_5;apparent_extreme_fraction_in_tiny_joint_state,GI panel|clinical signs|chemistry,False,0.01898101898101898,1.0,0.4405157732543995,cross_GI_panel_plus_chemistry_plus_clinical_signs,cross,1
106,3_16043,3,AUS_splenomegaly|CBC_basophilia|chem_hyperglycemia,AUS_splenomegaly|CBC_basophilia|chem_hyperglycemia,17.083796615911492,0.07909165099959024,4,108,contingency_likelihood_ratio_G,empty_joint_state;joint_state_n_lt_3;joint_state_n_lt_5;apparent_extreme_fraction_in_tiny_joint_state,AUS|CBC|chemistry,False,0.002997002997002997,1.0,0.4405157732543995,cross_AUS_plus_CBC_plus_chemistry,cross,1
107,3_06488,3,breed_group|clinical signs_hyporexia|CBC_lymphopenia,breed_group|clinical_signs_hyporexia|CBC_lymphopenia,17.08056693792549,0.07907669878669209,10,108,contingency_likelihood_ratio_G,joint_state_n_lt_3;joint_state_n_lt_5;apparent_extreme_fraction_in_tiny_joint_state,demographic|clinical signs|CBC,False,0.13386613386613386,1.0,0.5906602036526017,cross_CBC_plus_clinical_signs_plus_demographic,cross,2
108,3_06910,3,breed_group|AUS_ileus|chem_no abnormalities,breed_group|AUS_ileus|chem_no_abnormalities,17.016392357576272,0.07877959424803829,13,108,contingency_likelihood_ratio_G,joint_state_n_lt_3;joint_state_n_lt_5;apparent_extreme_fraction_in_tiny_joint_state,demographic|AUS|chemistry,False,0.35364635364635366,1.0,0.7406394002560559,cross_AUS_plus_chemistry_plus_demographic,cross,9
109,3_00249,3,age|breed_group|AUS_splenomegaly,age|breed_group|AUS_splenomegaly,17.01053082463045,,7,108,logistic_deviance_improvement_age_linear_additive_to_joint_state,joint_state_n_lt_3;joint_state_n_lt_5;apparent_extreme_fraction_in_tiny_joint_state;age_model_newton_not_fully_converged,demographic|demographic|AUS,True,0.01898101898101898,1.0,0.4405157732543995,cross_AUS_plus_demographic,cross,13
110,3_02410,3,folate_high|breed_group|clinical signs_none,folate_high|breed_group|clinical_signs_none_reported,17.007896738905004,0.0944883152161389,11,90,contingency_likelihood_ratio_G,joint_state_n_lt_3;joint_state_n_lt_5;apparent_extreme_fraction_in_tiny_joint_state,GI panel|demographic|clinical signs,False,0.18981018981018982,1.0,0.634770682264086,cross_GI_panel_plus_clinical_signs_plus_demographic,cross,12
111,3_00244,3,age|breed_group|AUS_ileum,age|breed_group|AUS_ileal_thickening,16.96779878947602,,8,108,logistic_deviance_improvement_age_linear_additive_to_joint_state,joint_state_n_lt_3;joint_state_n_lt_5;apparent_extreme_fraction_in_tiny_joint_state;age_model_newton_not_fully_converged,demographic|demographic|AUS,True,0.04195804195804196,1.0,0.46297521399088437,cross_AUS_plus_demographic,cross,14
112,3_06347,3,breed_group|clinical signs_none|AUS_duodenum,breed_group|clinical_signs_none_reported|AUS_duodenal_thickening,16.965662922319115,0.07854473575147738,11,108,contingency_likelihood_ratio_G,joint_state_n_lt_3;joint_state_n_lt_5;apparent_extreme_fraction_in_tiny_joint_state,demographic|clinical signs|AUS,False,0.2097902097902098,1.0,0.6483308628952322,cross_AUS_plus_clinical_signs_plus_demographic,cross,11
113,3_01378,3,cobalamin_low|breed_group|AUS_jejunum,cobalamin_low|breed_group|AUS_jejunal_thickening,16.913285329020304,0.09396269627233503,13,90,contingency_likelihood_ratio_G,joint_state_n_lt_3;joint_state_n_lt_5;apparent_extreme_fraction_in_tiny_joint_state,GI panel|demographic|AUS,False,0.3626373626373626,1.0,0.7462346074750014,cross_AUS_plus_GI_panel_plus_demographic,cross,20
114,3_06785,3,breed_group|AUS_mesenteric lymphadenopathy|CBC_no abnormalities,breed_group|AUS_mesenteric_lymphadenopathy|CBC_no_abnormalities,16.89542182914721,0.07821954550531116,15,108,contingency_likelihood_ratio_G,joint_state_n_lt_3;joint_state_n_lt_5;apparent_extreme_fraction_in_tiny_joint_state,demographic|AUS|CBC,False,0.5584415584415584,1.0,0.8631079513121622,cross_AUS_plus_CBC_plus_demographic,cross,9
115,3_06472,3,breed_group|clinical signs_hyporexia|AUS_ileum,breed_group|clinical_signs_hyporexia|AUS_ileal_thickening,16.864150415449544,0.07807477044189604,12,108,contingency_likelihood_ratio_G,joint_state_n_lt_3;joint_state_n_lt_5;apparent_extreme_fraction_in_tiny_joint_state,demographic|clinical signs|AUS,False,0.24875124875124874,1.0,0.677350149134738,cross_AUS_plus_clinical_signs_plus_demographic,cross,12
116,3_06660,3,breed_group|AUS_duodenum|CBC_basophilia,breed_group|AUS_duodenal_thickening|CBC_basophilia,16.861568968436462,0.07806281929831695,10,108,contingency_likelihood_ratio_G,joint_state_n_lt_3;joint_state_n_lt_5;apparent_extreme_fraction_in_tiny_joint_state,demographic|AUS|CBC,False,0.12787212787212787,1.0,0.5873652802862757,cross_AUS_plus_CBC_plus_demographic,cross,10
117,3_01373,3,cobalamin_low|breed_group|clinical signs_weight loss,cobalamin_low|breed_group|clinical_signs_weight_loss,16.84333950686528,0.09357410837147379,14,90,contingency_likelihood_ratio_G,joint_state_n_lt_3;joint_state_n_lt_5;apparent_extreme_fraction_in_tiny_joint_state,GI panel|demographic|clinical signs,False,0.47352647352647353,1.0,0.8211132173189817,cross_GI_panel_plus_clinical_signs_plus_demographic,cross,13
118,3_01279,3,cobalamin_low|tli_high|breed_group,cobalamin_low|tli_high|breed_group,16.8236646690092,0.0966877279828115,12,87,contingency_likelihood_ratio_G,joint_state_n_lt_3;joint_state_n_lt_5;apparent_extreme_fraction_in_tiny_joint_state,GI panel|GI panel|demographic,False,0.27972027972027974,1.0,0.695532560560026,cross_GI_panel_plus_demographic,cross,5
119,3_00809,3,age|AUS_splenomegaly|CBC_basophilia,age|AUS_splenomegaly|CBC_basophilia,16.80947583730837,,4,108,logistic_deviance_improvement_age_linear_additive_to_joint_state,joint_state_n_lt_3;joint_state_n_lt_5;apparent_extreme_fraction_in_tiny_joint_state;age_model_newton_not_fully_converged,demographic|AUS|CBC,True,0.002997002997002997,1.0,0.4405157732543995,cross_AUS_plus_CBC_plus_demographic,cross,11
120,3_06654,3,breed_group|AUS_duodenum|AUS_gall bladder sludge,breed_group|AUS_duodenal_thickening|AUS_gall_bladder_sludge,16.739241702766076,0.07749648936465776,11,108,contingency_likelihood_ratio_G,joint_state_n_lt_3;joint_state_n_lt_5;apparent_extreme_fraction_in_tiny_joint_state,demographic|AUS|AUS,False,0.2097902097902098,1.0,0.6483308628952322,cross_AUS_plus_demographic,cross,15
121,3_06790,3,breed_group|AUS_mesenteric lymphadenopathy|CBC_basophilia,breed_group|AUS_mesenteric_lymphadenopathy|CBC_basophilia,16.576658206361447,0.0767437879924141,11,108,contingency_likelihood_ratio_G,joint_state_n_lt_3;joint_state_n_lt_5;apparent_extreme_fraction_in_tiny_joint_state,demographic|AUS|CBC,False,0.2077922077922078,1.0,0.6478428098631445,cross_AUS_plus_CBC_plus_demographic,cross,12
122,3_04570,3,tli_high|clinical signs_diarrhea|clinical signs_weight loss,tli_high|clinical_signs_diarrhea|clinical_signs_weight_loss,16.571620868864137,0.0952392003957709,7,87,contingency_likelihood_ratio_G,joint_state_n_lt_5;apparent_extreme_fraction_in_tiny_joint_state,GI panel|clinical signs|clinical signs,False,0.024975024975024976,1.0,0.4405157732543995,cross_GI_panel_plus_clinical_signs,cross,1
123,3_04401,3,tli_high|pli_abn|breed_group,tli_high|pli_abn|breed_group,16.567407759199398,0.09632213813488022,12,86,contingency_likelihood_ratio_G,joint_state_n_lt_3;joint_state_n_lt_5;apparent_extreme_fraction_in_tiny_joint_state,GI panel|GI panel|demographic,False,0.2887112887112887,1.0,0.7031743557492981,cross_GI_panel_plus_demographic,cross,6
124,3_06842,3,breed_group|AUS_enlarged pancreas|AUS_ileus,breed_group|AUS_enlarged_pancreas|AUS_ileus,16.534218445442423,0.076547307617789,10,108,contingency_likelihood_ratio_G,joint_state_n_lt_3;joint_state_n_lt_5;apparent_extreme_fraction_in_tiny_joint_state,demographic|AUS|AUS,False,0.15684315684315683,1.0,0.6044804577137843,cross_AUS_plus_demographic,cross,16
125,3_15499,3,AUS_enlarged pancreas|AUS_splenomegaly|CBC_monocytosis,AUS_enlarged_pancreas|AUS_splenomegaly|CBC_monocytosis,16.52311881312555,0.0764959204311368,6,108,contingency_likelihood_ratio_G,empty_joint_state;joint_state_n_lt_3;joint_state_n_lt_5;apparent_extreme_fraction_in_tiny_joint_state,AUS|AUS|CBC,False,0.01098901098901099,1.0,0.4405157732543995,cross_AUS_plus_CBC,cross,4
126,3_06653,3,breed_group|AUS_duodenum|AUS_ileus,breed_group|AUS_duodenal_thickening|AUS_ileus,16.505077009559653,0.07641239356277617,11,108,contingency_likelihood_ratio_G,joint_state_n_lt_3;joint_state_n_lt_5;apparent_extreme_fraction_in_tiny_joint_state,demographic|AUS|AUS,False,0.21178821178821178,1.0,0.6496478674600649,cross_AUS_plus_demographic,cross,17
127,3_06500,3,breed_group|clinical signs_hyporexia|chem_discordantly elevated bun,breed_group|clinical_signs_hyporexia|chem_discordantly_elevated_BUN,16.478349517277863,0.0762886551725827,8,108,contingency_likelihood_ratio_G,joint_state_n_lt_3;joint_state_n_lt_5;apparent_extreme_fraction_in_tiny_joint_state,demographic|clinical signs|chemistry,False,0.054945054945054944,1.0,0.48227857092123017,cross_chemistry_plus_clinical_signs_plus_demographic,cross,6
128,3_06951,3,breed_group|CBC_no abnormalities|chem_no abnormalities,breed_group|CBC_no_abnormalities|chem_no_abnormalities,16.470705952810697,0.07625326830004953,15,108,contingency_likelihood_ratio_G,joint_state_n_lt_3;joint_state_n_lt_5;apparent_extreme_fraction_in_tiny_joint_state,demographic|CBC|chemistry,False,0.5924075924075924,1.0,0.8813563774045815,cross_CBC_plus_chemistry_plus_demographic,cross,3
129,3_02418,3,folate_high|breed_group|AUS_duodenum,folate_high|breed_group|AUS_duodenal_thickening,16.44428980024526,0.09135716555691811,12,90,contingency_likelihood_ratio_G,joint_state_n_lt_3;joint_state_n_lt_5;apparent_extreme_fraction_in_tiny_joint_state,GI panel|demographic|AUS,False,0.28471528471528473,1.0,0.6999879727152455,cross_AUS_plus_GI_panel_plus_demographic,cross,21
130,3_00865,3,age|AUS_gall bladder sludge|CBC_lymphopenia,age|AUS_gall_bladder_sludge|CBC_lymphopenia,16.432400355729428,,4,108,logistic_deviance_improvement_age_linear_additive_to_joint_state,joint_state_n_lt_3;joint_state_n_lt_5;apparent_extreme_fraction_in_tiny_joint_state;age_model_newton_not_fully_converged,demographic|AUS|CBC,True,0.004995004995004995,1.0,0.4405157732543995,cross_AUS_plus_CBC_plus_demographic,cross,13
131,3_00246,3,age|breed_group|AUS_mesenteric lymphadenopathy,age|breed_group|AUS_mesenteric_lymphadenopathy,16.418420394398566,,8,108,logistic_deviance_improvement_age_linear_additive_to_joint_state,joint_state_n_lt_5;apparent_extreme_fraction_in_tiny_joint_state;age_model_newton_not_fully_converged,demographic|demographic|AUS,True,0.07192807192807193,1.0,0.5096893415939261,cross_AUS_plus_demographic,cross,18
132,3_16035,3,AUS_splenomegaly|CBC_basophilia|chem_hyperproteinemia,AUS_splenomegaly|CBC_basophilia|chem_hyperproteinemia,16.40241745093718,0.07593711782841286,4,108,contingency_likelihood_ratio_G,empty_joint_state;joint_state_n_lt_3;joint_state_n_lt_5;apparent_extreme_fraction_in_tiny_joint_state,AUS|CBC|chemistry,False,0.000999000999000999,1.0,0.4405157732543995,cross_AUS_plus_CBC_plus_chemistry,cross,2
133,3_04465,3,tli_high|breed_group|CBC_neutrophilia,tli_high|breed_group|CBC_neutrophilia,16.393457449668936,0.09421527269924676,9,87,contingency_likelihood_ratio_G,joint_state_n_lt_3;joint_state_n_lt_5;apparent_extreme_fraction_in_tiny_joint_state,GI panel|demographic|CBC,False,0.07692307692307693,1.0,0.5138656143575329,cross_CBC_plus_GI_panel_plus_demographic,cross,3
134,3_04479,3,tli_high|breed_group|chem_elevated alt,tli_high|breed_group|chem_elevated_ALT,16.390382901492817,0.09419760288214263,12,87,contingency_likelihood_ratio_G,joint_state_n_lt_3;joint_state_n_lt_5;apparent_extreme_fraction_in_tiny_joint_state,GI panel|demographic|chemistry,False,0.33666333666333664,1.0,0.7304169070687385,cross_GI_panel_plus_chemistry_plus_demographic,cross,11
135,3_00189,3,age|pli_abn|breed_group,age|pli_abn|breed_group,16.386579818546608,,7,86,logistic_deviance_improvement_age_linear_additive_to_joint_state,joint_state_n_lt_3;joint_state_n_lt_5;apparent_extreme_fraction_in_tiny_joint_state;age_model_newton_not_fully_converged,demographic|GI panel|demographic,True,0.03896103896103896,1.0,0.4605046047979224,cross_GI_panel_plus_demographic,cross,7
136,3_06425,3,breed_group|clinical signs_diarrhea|clinical signs_hyporexia,breed_group|clinical_signs_diarrhea|clinical_signs_hyporexia,16.38164276648611,0.07584093873373199,13,108,contingency_likelihood_ratio_G,joint_state_n_lt_3;joint_state_n_lt_5;apparent_extreme_fraction_in_tiny_joint_state,demographic|clinical signs|clinical signs,False,0.4095904095904096,1.0,0.7793367561181813,cross_clinical_signs_plus_demographic,cross,3
137,3_15595,3,AUS_enlarged pancreas|CBC_neutrophilia|chem_hyperproteinemia,AUS_enlarged_pancreas|CBC_neutrophilia|chem_hyperproteinemia,16.37617743617207,0.0758156362785744,5,108,contingency_likelihood_ratio_G,empty_joint_state;joint_state_n_lt_3;joint_state_n_lt_5;apparent_extreme_fraction_in_tiny_joint_state,AUS|CBC|chemistry,False,0.003996003996003996,1.0,0.4405157732543995,cross_AUS_plus_CBC_plus_chemistry,cross,3
138,3_04476,3,tli_high|breed_group|chem_hypoproteinemia,tli_high|breed_group|chem_hypoproteinemia,16.372574478877066,0.09409525562573026,10,87,contingency_likelihood_ratio_G,joint_state_n_lt_3;joint_state_n_lt_5;apparent_extreme_fraction_in_tiny_joint_state,GI panel|demographic|chemistry,False,0.12987012987012986,1.0,0.5898729056623794,cross_GI_panel_plus_chemistry_plus_demographic,cross,12
139,3_00913,3,age|CBC_neutrophilia|chem_elevated alp,age|CBC_neutrophilia|chem_elevated_ALP,16.354487820297976,,4,108,logistic_deviance_improvement_age_linear_additive_to_joint_state,empty_joint_state;joint_state_n_lt_3;joint_state_n_lt_5;apparent_extreme_fraction_in_tiny_joint_state;age_model_newton_not_fully_converged,demographic|CBC|chemistry,True,0.001998001998001998,1.0,0.4405157732543995,cross_CBC_plus_chemistry_plus_demographic,cross,4
140,3_06811,3,breed_group|AUS_chronic degenerative renal changes|AUS_enlarged pancreas,breed_group|AUS_chronic_degenerative_renal_changes|AUS_enlarged_pancreas,16.335978731520665,0.07562953116444752,14,108,contingency_likelihood_ratio_G,joint_state_n_lt_3;joint_state_n_lt_5;apparent_extreme_fraction_in_tiny_joint_state,demographic|AUS|AUS,False,0.5144855144855145,1.0,0.8409042814132223,cross_AUS_plus_demographic,cross,19
141,3_00263,3,age|breed_group|chem_no abnormalities,age|breed_group|chem_no_abnormalities,16.327895139128586,,8,108,logistic_deviance_improvement_age_linear_additive_to_joint_state,joint_state_n_lt_5;apparent_extreme_fraction_in_tiny_joint_state,demographic|demographic|chemistry,True,0.06693306693306693,1.0,0.5017577604990192,cross_chemistry_plus_demographic,cross,2
142,3_02437,3,folate_high|breed_group|CBC_monocytosis,folate_high|breed_group|CBC_monocytosis,16.32295441931779,0.09068308010732105,11,90,contingency_likelihood_ratio_G,joint_state_n_lt_3;joint_state_n_lt_5;apparent_extreme_fraction_in_tiny_joint_state,GI panel|demographic|CBC,False,0.2177822177822178,1.0,0.6523515872814754,cross_CBC_plus_GI_panel_plus_demographic,cross,4
143,3_02426,3,folate_high|breed_group|AUS_ileus,folate_high|breed_group|AUS_ileus,16.31412904926003,0.09063405027366682,11,90,contingency_likelihood_ratio_G,joint_state_n_lt_3;joint_state_n_lt_5;apparent_extreme_fraction_in_tiny_joint_state,GI panel|demographic|AUS,False,0.2097902097902098,1.0,0.6483308628952322,cross_AUS_plus_GI_panel_plus_demographic,cross,22
144,3_16717,3,AUS_gall bladder sludge|CBC_lymphopenia|chem_hyperproteinemia,AUS_gall_bladder_sludge|CBC_lymphopenia|chem_hyperproteinemia,16.280233059315382,0.07537144934868233,5,108,contingency_likelihood_ratio_G,empty_joint_state;joint_state_n_lt_3;joint_state_n_lt_5;apparent_extreme_fraction_in_tiny_joint_state,AUS|CBC|chemistry,False,0.004995004995004995,1.0,0.4405157732543995,cross_AUS_plus_CBC_plus_chemistry,cross,4
145,3_00164,3,age|tli_high|CBC_neutrophilia,age|tli_high|CBC_neutrophilia,16.258150981153094,,4,87,logistic_deviance_improvement_age_linear_additive_to_joint_state,joint_state_n_lt_3;joint_state_n_lt_5;apparent_extreme_fraction_in_tiny_joint_state;age_model_newton_not_fully_converged,demographic|GI panel|CBC,True,0.002997002997002997,1.0,0.4405157732543995,cross_CBC_plus_GI_panel_plus_demographic,cross,5
146,3_00903,3,age|CBC_neutrophilia|CBC_lymphocytosis,age|CBC_neutrophilia|CBC_lymphocytosis,16.25621653594105,,4,108,logistic_deviance_improvement_age_linear_additive_to_joint_state,empty_joint_state;joint_state_n_lt_3;joint_state_n_lt_5;apparent_extreme_fraction_in_tiny_joint_state;age_model_newton_not_fully_converged,demographic|CBC|CBC,True,0.000999000999000999,1.0,0.4405157732543995,cross_CBC_plus_demographic,cross,1
147,3_06844,3,breed_group|AUS_enlarged pancreas|CBC_no abnormalities,breed_group|AUS_enlarged_pancreas|CBC_no_abnormalities,16.238444108017713,0.07517798198156349,14,108,contingency_likelihood_ratio_G,joint_state_n_lt_3;joint_state_n_lt_5;apparent_extreme_fraction_in_tiny_joint_state,demographic|AUS|CBC,False,0.5114885114885115,1.0,0.8393250112566529,cross_AUS_plus_CBC_plus_demographic,cross,14
148,3_01112,3,age|chem_hyperproteinemia|chem_discordantly elevated bun,age|chem_hyperproteinemia|chem_discordantly_elevated_BUN,16.2227143470121,,4,108,logistic_deviance_improvement_age_linear_additive_to_joint_state,empty_joint_state;joint_state_n_lt_3;joint_state_n_lt_5;apparent_extreme_fraction_in_tiny_joint_state;age_model_newton_not_fully_converged,demographic|chemistry|chemistry,True,0.001998001998001998,1.0,0.4405157732543995,cross_chemistry_plus_demographic,cross,3
149,3_12783,3,AUS_duodenum|AUS_ileus|chem_hyperproteinemia,AUS_duodenal_thickening|AUS_ileus|chem_hyperproteinemia,16.203013500681088,0.07501395139204207,6,108,contingency_likelihood_ratio_G,empty_joint_state;joint_state_n_lt_3;joint_state_n_lt_5;apparent_extreme_fraction_in_tiny_joint_state,AUS|AUS|chemistry,False,0.01098901098901099,1.0,0.4405157732543995,cross_AUS_plus_chemistry,cross,2
150,3_06494,3,breed_group|clinical signs_hyporexia|chem_decreased alt,breed_group|clinical_signs_hyporexia|chem_decreased_ALT,16.18298205105983,0.07492121319935106,9,108,contingency_likelihood_ratio_G,joint_state_n_lt_3;joint_state_n_lt_5;apparent_extreme_fraction_in_tiny_joint_state,demographic|clinical signs|chemistry,False,0.08491508491508491,1.0,0.5284470030787544,cross_chemistry_plus_clinical_signs_plus_demographic,cross,7
151,3_06353,3,breed_group|clinical signs_none|AUS_enlarged pancreas,breed_group|clinical_signs_none_reported|AUS_enlarged_pancreas,16.152224725328086,0.07477881817281522,12,108,contingency_likelihood_ratio_G,joint_state_n_lt_3;joint_state_n_lt_5;apparent_extreme_fraction_in_tiny_joint_state,demographic|clinical signs|AUS,False,0.33666333666333664,1.0,0.7304169070687385,cross_AUS_plus_clinical_signs_plus_demographic,cross,13
152,3_13261,3,AUS_jejunum|AUS_enlarged pancreas|CBC_monocytosis,AUS_jejunal_thickening|AUS_enlarged_pancreas|CBC_monocytosis,16.142005697385194,0.07473150785826478,7,108,contingency_likelihood_ratio_G,joint_state_n_lt_3;joint_state_n_lt_5;apparent_extreme_fraction_in_tiny_joint_state,AUS|AUS|CBC,False,0.024975024975024976,1.0,0.4405157732543995,cross_AUS_plus_CBC,cross,5
153,3_02433,3,folate_high|breed_group|CBC_basophilia,folate_high|breed_group|CBC_basophilia,16.140450260884975,0.08966916811602764,10,90,contingency_likelihood_ratio_G,joint_state_n_lt_3;joint_state_n_lt_5;apparent_extreme_fraction_in_tiny_joint_state,GI panel|demographic|CBC,False,0.14685314685314685,1.0,0.5950494518269454,cross_CBC_plus_GI_panel_plus_demographic,cross,6
154,3_13289,3,AUS_jejunum|AUS_splenomegaly|CBC_monocytosis,AUS_jejunal_thickening|AUS_splenomegaly|CBC_monocytosis,16.131408945040327,0.07468244881963114,7,108,contingency_likelihood_ratio_G,joint_state_n_lt_3;joint_state_n_lt_5;apparent_extreme_fraction_in_tiny_joint_state,AUS|AUS|CBC,False,0.03296703296703297,1.0,0.4566918230284567,cross_AUS_plus_CBC,cross,6
155,3_06679,3,breed_group|AUS_duodenum|chem_hypokalemia,breed_group|AUS_duodenal_thickening|chem_hypokalemia,16.127742279629786,0.07466547351680457,11,108,contingency_likelihood_ratio_G,joint_state_n_lt_3;joint_state_n_lt_5;apparent_extreme_fraction_in_tiny_joint_state,demographic|AUS|chemistry,False,0.24175824175824176,1.0,0.6709938236945536,cross_AUS_plus_chemistry_plus_demographic,cross,10
156,3_06519,3,breed_group|clinical signs_weight loss|CBC_no abnormalities,breed_group|clinical_signs_weight_loss|CBC_no_abnormalities,16.119636074778565,0.07462794479064151,15,108,contingency_likelihood_ratio_G,joint_state_n_lt_3;joint_state_n_lt_5;apparent_extreme_fraction_in_tiny_joint_state,demographic|clinical signs|CBC,False,0.6063936063936064,1.0,0.8870320262179922,cross_CBC_plus_clinical_signs_plus_demographic,cross,3
157,3_05425,3,pli_abn|breed_group|chem_no abnormalities,pli_abn|breed_group|chem_no_abnormalities,16.114813735082063,0.09369077752954688,12,86,contingency_likelihood_ratio_G,joint_state_n_lt_3;joint_state_n_lt_5;apparent_extreme_fraction_in_tiny_joint_state,GI panel|demographic|chemistry,False,0.34765234765234765,1.0,0.7352131739228513,cross_GI_panel_plus_chemistry_plus_demographic,cross,13
158,3_08760,3,clinical signs_diarrhea|clinical signs_weight loss|AUS_enlarged pancreas,clinical_signs_diarrhea|clinical_signs_weight_loss|AUS_enlarged_pancreas,16.114538292508513,0.07460434394679867,7,108,contingency_likelihood_ratio_G,joint_state_n_lt_5;apparent_extreme_fraction_in_tiny_joint_state,clinical signs|clinical signs|AUS,False,0.025974025974025976,1.0,0.4405157732543995,cross_AUS_plus_clinical_signs,cross,2
159,3_06670,3,breed_group|AUS_duodenum|chem_elevated alt,breed_group|AUS_duodenal_thickening|chem_elevated_ALT,16.109759056430683,0.07458221785384575,11,108,contingency_likelihood_ratio_G,joint_state_n_lt_3;joint_state_n_lt_5;apparent_extreme_fraction_in_tiny_joint_state,demographic|AUS|chemistry,False,0.24175824175824176,1.0,0.6709938236945536,cross_AUS_plus_chemistry_plus_demographic,cross,11
160,3_02423,3,folate_high|breed_group|AUS_chronic degenerative renal changes,folate_high|breed_group|AUS_chronic_degenerative_renal_changes,16.101630749514502,0.08945350416396945,12,90,contingency_likelihood_ratio_G,joint_state_n_lt_3;joint_state_n_lt_5;apparent_extreme_fraction_in_tiny_joint_state,GI panel|demographic|AUS,False,0.3106893106893107,1.0,0.716152421778028,cross_AUS_plus_GI_panel_plus_demographic,cross,23
161,3_06418,3,breed_group|clinical signs_vomiting|chem_azotemia,breed_group|clinical_signs_vomiting|chem_azotemia,16.082192563590986,0.07445459520181012,13,108,contingency_likelihood_ratio_G,joint_state_n_lt_3;joint_state_n_lt_5;apparent_extreme_fraction_in_tiny_joint_state,demographic|clinical signs|chemistry,False,0.4025974025974026,1.0,0.7744012361576101,cross_chemistry_plus_clinical_signs_plus_demographic,cross,8
162,3_06430,3,breed_group|clinical signs_diarrhea|AUS_duodenum,breed_group|clinical_signs_diarrhea|AUS_duodenal_thickening,16.06875229709909,0.07439237174582912,12,108,contingency_likelihood_ratio_G,joint_state_n_lt_3;joint_state_n_lt_5;apparent_extreme_fraction_in_tiny_joint_state,demographic|clinical signs|AUS,False,0.32167832167832167,1.0,0.7210266743395722,cross_AUS_plus_clinical_signs_plus_demographic,cross,14
163,3_06804,3,breed_group|AUS_mesenteric lymphadenopathy|chem_azotemia,breed_group|AUS_mesenteric_lymphadenopathy|chem_azotemia,16.06073570806059,0.07435525790768792,13,108,contingency_likelihood_ratio_G,joint_state_n_lt_3;joint_state_n_lt_5;apparent_extreme_fraction_in_tiny_joint_state,demographic|AUS|chemistry,False,0.41358641358641357,1.0,0.7822428268110719,cross_AUS_plus_chemistry_plus_demographic,cross,12
164,3_06655,3,breed_group|AUS_duodenum|CBC_no abnormalities,breed_group|AUS_duodenal_thickening|CBC_no_abnormalities,16.057693266121213,0.07434117252833895,13,108,contingency_likelihood_ratio_G,joint_state_n_lt_3;joint_state_n_lt_5;apparent_extreme_fraction_in_tiny_joint_state,demographic|AUS|CBC,False,0.43156843156843155,1.0,0.7954414950052371,cross_AUS_plus_CBC_plus_demographic,cross,15
165,3_01385,3,cobalamin_low|breed_group|AUS_ileus,cobalamin_low|breed_group|AUS_ileus,16.049363473571958,0.0891631304087331,11,90,contingency_likelihood_ratio_G,joint_state_n_lt_3;joint_state_n_lt_5;apparent_extreme_fraction_in_tiny_joint_state,GI panel|demographic|AUS,False,0.21678321678321677,1.0,0.6521333097282465,cross_AUS_plus_GI_panel_plus_demographic,cross,24
166,3_00272,3,age|breed_group|chem_discordantly elevated bun,age|breed_group|chem_discordantly_elevated_BUN,16.044409853081618,,5,108,logistic_deviance_improvement_age_linear_additive_to_joint_state,joint_state_n_lt_3;joint_state_n_lt_5;apparent_extreme_fraction_in_tiny_joint_state;age_model_newton_not_fully_converged,demographic|demographic|chemistry,True,0.013986013986013986,1.0,0.4405157732543995,cross_chemistry_plus_demographic,cross,4
167,3_05396,3,pli_abn|breed_group|clinical signs_none,pli_abn|breed_group|clinical_signs_none_reported,16.026410601829102,0.0931768058245878,10,86,contingency_likelihood_ratio_G,joint_state_n_lt_3;joint_state_n_lt_5;apparent_extreme_fraction_in_tiny_joint_state,GI panel|demographic|clinical signs,False,0.17282717282717283,1.0,0.625507369082469,cross_GI_panel_plus_clinical_signs_plus_demographic,cross,14
168,3_02442,3,folate_high|breed_group|chem_decreased alt,folate_high|breed_group|chem_decreased_ALT,16.01137648489971,0.08895209158277617,9,90,contingency_likelihood_ratio_G,joint_state_n_lt_3;joint_state_n_lt_5;apparent_extreme_fraction_in_tiny_joint_state,GI panel|demographic|chemistry,False,0.0989010989010989,1.0,0.5501192780303371,cross_GI_panel_plus_chemistry_plus_demographic,cross,14
169,3_00615,3,age|AUS_jejunum|AUS_mesenteric lymphadenopathy,age|AUS_jejunal_thickening|AUS_mesenteric_lymphadenopathy,16.00581840876177,,4,108,logistic_deviance_improvement_age_linear_additive_to_joint_state,,demographic|AUS|AUS,True,0.007992007992007992,1.0,0.4405157732543995,cross_AUS_plus_demographic,cross,20
170,3_06659,3,breed_group|AUS_duodenum|CBC_eosinopenia,breed_group|AUS_duodenal_thickening|CBC_eosinopenia,15.98602116722023,0.07400935725564921,8,108,contingency_likelihood_ratio_G,joint_state_n_lt_3;joint_state_n_lt_5;apparent_extreme_fraction_in_tiny_joint_state,demographic|AUS|CBC,False,0.060939060939060936,1.0,0.49406116271787914,cross_AUS_plus_CBC_plus_demographic,cross,16
171,3_06672,3,breed_group|AUS_duodenum|chem_elevated alp,breed_group|AUS_duodenal_thickening|chem_elevated_ALP,15.98602116722023,0.07400935725564921,8,108,contingency_likelihood_ratio_G,joint_state_n_lt_3;joint_state_n_lt_5;apparent_extreme_fraction_in_tiny_joint_state,demographic|AUS|chemistry,False,0.06493506493506493,1.0,0.5000184101034648,cross_AUS_plus_chemistry_plus_demographic,cross,13
172,3_06504,3,breed_group|clinical signs_hyporexia|chem_hypokalemia,breed_group|clinical_signs_hyporexia|chem_hypokalemia,15.966027201999601,0.07391679260185001,10,108,contingency_likelihood_ratio_G,joint_state_n_lt_3;joint_state_n_lt_5;apparent_extreme_fraction_in_tiny_joint_state,demographic|clinical signs|chemistry,False,0.17882117882117882,1.0,0.6279549781581552,cross_chemistry_plus_clinical_signs_plus_demographic,cross,9
173,3_06872,3,breed_group|AUS_splenomegaly|CBC_no abnormalities,breed_group|AUS_splenomegaly|CBC_no_abnormalities,15.965171181621931,0.07391282954454598,12,108,contingency_likelihood_ratio_G,joint_state_n_lt_3;joint_state_n_lt_5;apparent_extreme_fraction_in_tiny_joint_state,demographic|AUS|CBC,False,0.3436563436563437,1.0,0.7331232501789055,cross_AUS_plus_CBC_plus_demographic,cross,17
174,3_04474,3,tli_high|breed_group|CBC_anemia,tli_high|breed_group|CBC_anemia,15.962395801918426,0.09173790690757716,8,87,contingency_likelihood_ratio_G,joint_state_n_lt_3;joint_state_n_lt_5;apparent_extreme_fraction_in_tiny_joint_state,GI panel|demographic|CBC,False,0.06293706293706294,1.0,0.49794400356198115,cross_CBC_plus_GI_panel_plus_demographic,cross,7
175,3_02431,3,folate_high|breed_group|CBC_eosinophilia,folate_high|breed_group|CBC_eosinophilia,15.959629370603714,0.08866460761446508,10,90,contingency_likelihood_ratio_G,joint_state_n_lt_3;joint_state_n_lt_5;apparent_extreme_fraction_in_tiny_joint_state,GI panel|demographic|CBC,False,0.17282717282717283,1.0,0.625507369082469,cross_CBC_plus_GI_panel_plus_demographic,cross,8
176,3_06847,3,breed_group|AUS_enlarged pancreas|CBC_eosinophilia,breed_group|AUS_enlarged_pancreas|CBC_eosinophilia,15.923732676027683,0.07372098461123927,11,108,contingency_likelihood_ratio_G,joint_state_n_lt_3;joint_state_n_lt_5;apparent_extreme_fraction_in_tiny_joint_state,demographic|AUS|CBC,False,0.2517482517482518,1.0,0.6780367889145712,cross_AUS_plus_CBC_plus_demographic,cross,18
177,3_06671,3,breed_group|AUS_duodenum|chem_elevated ast,breed_group|AUS_duodenal_thickening|chem_elevated_AST,15.923317415011216,0.07371906210653341,9,108,contingency_likelihood_ratio_G,joint_state_n_lt_3;joint_state_n_lt_5;apparent_extreme_fraction_in_tiny_joint_state,demographic|AUS|chemistry,False,0.1048951048951049,1.0,0.55690190847968,cross_AUS_plus_chemistry_plus_demographic,cross,14
178,3_06683,3,breed_group|AUS_jejunum|AUS_mesenteric lymphadenopathy,breed_group|AUS_jejunal_thickening|AUS_mesenteric_lymphadenopathy,15.920387203343179,0.07370549631177398,14,108,contingency_likelihood_ratio_G,joint_state_n_lt_3;joint_state_n_lt_5;apparent_extreme_fraction_in_tiny_joint_state,demographic|AUS|AUS,False,0.5464535464535465,1.0,0.8555830523771337,cross_AUS_plus_demographic,cross,21
179,3_06493,3,breed_group|clinical signs_hyporexia|chem_hyperproteinemia,breed_group|clinical_signs_hyporexia|chem_hyperproteinemia,15.911437708558603,0.07366406346554909,9,108,contingency_likelihood_ratio_G,joint_state_n_lt_3;joint_state_n_lt_5;apparent_extreme_fraction_in_tiny_joint_state,demographic|clinical signs|chemistry,False,0.12387612387612387,1.0,0.5849808413146714,cross_chemistry_plus_clinical_signs_plus_demographic,cross,10
180,3_00413,3,age|clinical signs_hyporexia|CBC_neutrophilia,age|clinical_signs_hyporexia|CBC_neutrophilia,15.906841209547437,,4,108,logistic_deviance_improvement_age_linear_additive_to_joint_state,empty_joint_state;joint_state_n_lt_3;joint_state_n_lt_5;apparent_extreme_fraction_in_tiny_joint_state;age_model_newton_not_fully_converged,demographic|clinical signs|CBC,True,0.001998001998001998,1.0,0.4405157732543995,cross_CBC_plus_clinical_signs_plus_demographic,cross,4
181,3_00917,3,age|CBC_neutrophilia|chem_hyperglycemia,age|CBC_neutrophilia|chem_hyperglycemia,15.875307278789137,,4,108,logistic_deviance_improvement_age_linear_additive_to_joint_state,empty_joint_state;joint_state_n_lt_3;joint_state_n_lt_5;apparent_extreme_fraction_in_tiny_joint_state;age_model_newton_not_fully_converged,demographic|CBC|chemistry,True,0.001998001998001998,1.0,0.4405157732543995,cross_CBC_plus_chemistry_plus_demographic,cross,5
182,3_04463,3,tli_high|breed_group|AUS_gall bladder sludge,tli_high|breed_group|AUS_gall_bladder_sludge,15.842104606479543,0.0910465781981583,12,87,contingency_likelihood_ratio_G,joint_state_n_lt_3;joint_state_n_lt_5;apparent_extreme_fraction_in_tiny_joint_state,GI panel|demographic|AUS,False,0.35564435564435565,1.0,0.7411498947178,cross_AUS_plus_GI_panel_plus_demographic,cross,25
183,3_06499,3,breed_group|clinical signs_hyporexia|chem_azotemia,breed_group|clinical_signs_hyporexia|chem_azotemia,15.837114693814263,0.0733199754343253,13,108,contingency_likelihood_ratio_G,joint_state_n_lt_3;joint_state_n_lt_5;apparent_extreme_fraction_in_tiny_joint_state,demographic|clinical signs|chemistry,False,0.44755244755244755,1.0,0.8055350878412509,cross_chemistry_plus_clinical_signs_plus_demographic,cross,11
184,3_00789,3,age|AUS_enlarged pancreas|chem_hyperproteinemia,age|AUS_enlarged_pancreas|chem_hyperproteinemia,15.832633810356313,,4,108,logistic_deviance_improvement_age_linear_additive_to_joint_state,joint_state_n_lt_3;joint_state_n_lt_5;apparent_extreme_fraction_in_tiny_joint_state;age_model_newton_not_fully_converged,demographic|AUS|chemistry,True,0.003996003996003996,1.0,0.4405157732543995,cross_AUS_plus_chemistry_plus_demographic,cross,15
185,3_00617,3,age|AUS_jejunum|AUS_enlarged pancreas,age|AUS_jejunal_thickening|AUS_enlarged_pancreas,15.805149611264355,,4,108,logistic_deviance_improvement_age_linear_additive_to_joint_state,age_model_newton_not_fully_converged,demographic|AUS|AUS,True,0.002997002997002997,1.0,0.4405157732543995,cross_AUS_plus_demographic,cross,22
186,3_06390,3,breed_group|clinical signs_vomiting|AUS_jejunum,breed_group|clinical_signs_vomiting|AUS_jejunal_thickening,15.799941429890545,0.073147876990234,13,108,contingency_likelihood_ratio_G,joint_state_n_lt_3;joint_state_n_lt_5;apparent_extreme_fraction_in_tiny_joint_state,demographic|clinical signs|AUS,False,0.4515484515484515,1.0,0.8078327995520054,cross_AUS_plus_clinical_signs_plus_demographic,cross,15
188,3_01372,3,cobalamin_low|breed_group|clinical signs_hyporexia,cobalamin_low|breed_group|clinical_signs_hyporexia,15.782566006513045,0.0876809222584058,12,90,contingency_likelihood_ratio_G,joint_state_n_lt_3;joint_state_n_lt_5;apparent_extreme_fraction_in_tiny_joint_state,GI panel|demographic|clinical signs,False,0.3626373626373626,1.0,0.7462346074750014,cross_GI_panel_plus_clinical_signs_plus_demographic,cross,15
189,3_01911,3,cobalamin_low|AUS_enlarged pancreas|CBC_no abnormalities,cobalamin_low|AUS_enlarged_pancreas|CBC_no_abnormalities,15.77753957360446,0.08765299763113589,7,90,contingency_likelihood_ratio_G,joint_state_n_lt_5;apparent_extreme_fraction_in_tiny_joint_state,GI panel|AUS|CBC,False,0.03796203796203796,1.0,0.4605046047979224,cross_AUS_plus_CBC_plus_GI_panel,cross,1
190,3_04431,3,tli_high|pli_abn|chem_no abnormalities,tli_high|pli_abn|chem_no_abnormalities,15.769119271474988,0.0916809259969476,7,86,contingency_likelihood_ratio_G,joint_state_n_lt_3;joint_state_n_lt_5;apparent_extreme_fraction_in_tiny_joint_state,GI panel|GI panel|chemistry,False,0.04795204795204795,1.0,0.47781149667942124,cross_GI_panel_plus_chemistry,cross,2
191,3_15551,3,AUS_enlarged pancreas|AUS_gall bladder sludge|CBC_lymphopenia,AUS_enlarged_pancreas|AUS_gall_bladder_sludge|CBC_lymphopenia,15.761484217694754,0.07296983434117942,6,108,contingency_likelihood_ratio_G,empty_joint_state;joint_state_n_lt_3;joint_state_n_lt_5;apparent_extreme_fraction_in_tiny_joint_state,AUS|AUS|CBC,False,0.025974025974025976,1.0,0.4405157732543995,cross_AUS_plus_CBC,cross,7
192,3_06650,3,breed_group|AUS_duodenum|AUS_chronic degenerative renal changes,breed_group|AUS_duodenal_thickening|AUS_chronic_degenerative_renal_changes,15.75829167612317,0.07295505405612579,12,108,contingency_likelihood_ratio_G,joint_state_n_lt_3;joint_state_n_lt_5;apparent_extreme_fraction_in_tiny_joint_state,demographic|AUS|AUS,False,0.3546453546453546,1.0,0.741017417575281,cross_AUS_plus_demographic,cross,23
193,3_04464,3,tli_high|breed_group|CBC_no abnormalities,tli_high|breed_group|CBC_no_abnormalities,15.757754045863694,0.0905618048612856,12,87,contingency_likelihood_ratio_G,joint_state_n_lt_3;joint_state_n_lt_5;apparent_extreme_fraction_in_tiny_joint_state,GI panel|demographic|CBC,False,0.34265734265734266,1.0,0.7325538511864836,cross_CBC_plus_GI_panel_plus_demographic,cross,9
194,3_00253,3,age|breed_group|CBC_neutrophilia,age|breed_group|CBC_neutrophilia,15.75385145083419,,6,108,logistic_deviance_improvement_age_linear_additive_to_joint_state,joint_state_n_lt_3;joint_state_n_lt_5;apparent_extreme_fraction_in_tiny_joint_state;age_model_newton_not_fully_converged,demographic|demographic|CBC,True,0.014985014985014986,1.0,0.4405157732543995,cross_CBC_plus_demographic,cross,2
195,3_06474,3,breed_group|clinical signs_hyporexia|AUS_mesenteric lymphadenopathy,breed_group|clinical_signs_hyporexia|AUS_mesenteric_lymphadenopathy,15.7526029650286,0.07292871743068796,12,108,contingency_likelihood_ratio_G,joint_state_n_lt_3;joint_state_n_lt_5;apparent_extreme_fraction_in_tiny_joint_state,demographic|clinical signs|AUS,False,0.37362637362637363,1.0,0.754635569466123,cross_AUS_plus_clinical_signs_plus_demographic,cross,16
197,3_02452,3,folate_high|breed_group|chem_hypokalemia,folate_high|breed_group|chem_hypokalemia,15.749566171187269,0.08749758983992927,11,90,contingency_likelihood_ratio_G,joint_state_n_lt_3;joint_state_n_lt_5;apparent_extreme_fraction_in_tiny_joint_state,GI panel|demographic|chemistry,False,0.2547452547452547,1.0,0.6780367889145712,cross_GI_panel_plus_chemistry_plus_demographic,cross,15
198,3_07235,3,breed_group|chem_azotemia|chem_hypokalemia,breed_group|chem_azotemia|chem_hypokalemia,15.749396850841011,0.07291387430944912,11,108,contingency_likelihood_ratio_G,joint_state_n_lt_3;joint_state_n_lt_5;apparent_extreme_fraction_in_tiny_joint_state,demographic|chemistry|chemistry,False,0.24775224775224775,1.0,0.6759853235168963,cross_chemistry_plus_demographic,cross,5
199,3_06845,3,breed_group|AUS_enlarged pancreas|CBC_neutrophilia,breed_group|AUS_enlarged_pancreas|CBC_neutrophilia,15.741024955632238,0.07287511553533443,9,108,contingency_likelihood_ratio_G,joint_state_n_lt_3;joint_state_n_lt_5;apparent_extreme_fraction_in_tiny_joint_state,demographic|AUS|CBC,False,0.11388611388611389,1.0,0.5694904779597046,cross_AUS_plus_CBC_plus_demographic,cross,19
200,3_08775,3,clinical signs_diarrhea|clinical signs_weight loss|chem_no abnormalities,clinical_signs_diarrhea|clinical_signs_weight_loss|chem_no_abnormalities,15.738237829008101,0.0728622121713338,7,108,contingency_likelihood_ratio_G,joint_state_n_lt_5;apparent_extreme_fraction_in_tiny_joint_state,clinical signs|clinical signs|chemistry,False,0.03296703296703297,1.0,0.4566918230284567,cross_chemistry_plus_clinical_signs,cross,1
201,3_04989,3,tli_high|AUS_enlarged pancreas|CBC_neutrophilia,tli_high|AUS_enlarged_pancreas|CBC_neutrophilia,15.730049273387454,0.09040258203096238,5,87,contingency_likelihood_ratio_G,empty_joint_state;joint_state_n_lt_3;joint_state_n_lt_5;apparent_extreme_fraction_in_tiny_joint_state,GI panel|AUS|CBC,False,0.005994005994005994,1.0,0.4405157732543995,cross_AUS_plus_CBC_plus_GI_panel,cross,2
202,3_06384,3,breed_group|clinical signs_vomiting|clinical signs_hyporexia,breed_group|clinical_signs_vomiting|clinical_signs_hyporexia,15.700193905358176,0.07268608289517674,14,108,contingency_likelihood_ratio_G,joint_state_n_lt_3;joint_state_n_lt_5;apparent_extreme_fraction_in_tiny_joint_state,demographic|clinical signs|clinical signs,False,0.5724275724275725,1.0,0.8717552873272195,cross_clinical_signs_plus_demographic,cross,4
203,3_09804,3,clinical signs_hyporexia|AUS_chronic degenerative renal changes|AUS_ileus,clinical_signs_hyporexia|AUS_chronic_degenerative_renal_changes|AUS_ileus,15.689324617727236,0.07263576211910758,5,108,contingency_likelihood_ratio_G,empty_joint_state;joint_state_n_lt_3;joint_state_n_lt_5;apparent_extreme_fraction_in_tiny_joint_state,clinical signs|AUS|AUS,False,0.008991008991008992,1.0,0.4405157732543995,cross_AUS_plus_clinical_signs,cross,3
204,3_16042,3,AUS_splenomegaly|CBC_basophilia|chem_discordantly elevated bun,AUS_splenomegaly|CBC_basophilia|chem_discordantly_elevated_BUN,15.68221664854057,0.07260285485435448,5,108,contingency_likelihood_ratio_G,empty_joint_state;joint_state_n_lt_3;joint_state_n_lt_5;apparent_extreme_fraction_in_tiny_joint_state,AUS|CBC|chemistry,False,0.008991008991008992,1.0,0.4405157732543995,cross_AUS_plus_CBC_plus_chemistry,cross,5
205,3_04619,3,tli_high|clinical signs_hyporexia|AUS_chronic degenerative renal changes,tli_high|clinical_signs_hyporexia|AUS_chronic_degenerative_renal_changes,15.65924379014616,0.08999565396635724,6,87,contingency_likelihood_ratio_G,empty_joint_state;joint_state_n_lt_3;joint_state_n_lt_5;apparent_extreme_fraction_in_tiny_joint_state,GI panel|clinical signs|AUS,False,0.028971028971028972,1.0,0.44419129257838935,cross_AUS_plus_GI_panel_plus_clinical_signs,cross,1
206,3_00813,3,age|AUS_splenomegaly|CBC_monocytosis,age|AUS_splenomegaly|CBC_monocytosis,15.6430712459767,,4,108,logistic_deviance_improvement_age_linear_additive_to_joint_state,joint_state_n_lt_5;apparent_extreme_fraction_in_tiny_joint_state;age_model_newton_not_fully_converged,demographic|AUS|CBC,True,0.002997002997002997,1.0,0.4405157732543995,cross_AUS_plus_CBC_plus_demographic,cross,20
207,3_06483,3,breed_group|clinical signs_hyporexia|CBC_eosinophilia,breed_group|clinical_signs_hyporexia|CBC_eosinophilia,15.61754431184596,0.07230344588817574,10,108,contingency_likelihood_ratio_G,joint_state_n_lt_3;joint_state_n_lt_5;apparent_extreme_fraction_in_tiny_joint_state,demographic|clinical signs|CBC,False,0.1838161838161838,1.0,0.6304732611786553,cross_CBC_plus_clinical_signs_plus_demographic,cross,5
208,3_14700,3,AUS_mesenteric lymphadenopathy|AUS_splenomegaly|CBC_eosinophilia,AUS_mesenteric_lymphadenopathy|AUS_splenomegaly|CBC_eosinophilia,15.596363294901364,0.07220538562454336,6,108,contingency_likelihood_ratio_G,empty_joint_state;joint_state_n_lt_3;joint_state_n_lt_5;apparent_extreme_fraction_in_tiny_joint_state,AUS|AUS|CBC,False,0.017982017982017984,1.0,0.4405157732543995,cross_AUS_plus_CBC,cross,8
209,3_08241,3,clinical signs_vomiting|AUS_mesenteric lymphadenopathy|AUS_splenomegaly,clinical_signs_vomiting|AUS_mesenteric_lymphadenopathy|AUS_splenomegaly,15.591477054207676,0.07218276413985035,7,108,contingency_likelihood_ratio_G,joint_state_n_lt_3;joint_state_n_lt_5;apparent_extreme_fraction_in_tiny_joint_state,clinical signs|AUS|AUS,False,0.058941058941058944,1.0,0.4906249617282893,cross_AUS_plus_clinical_signs,cross,4
210,3_00265,3,age|breed_group|chem_hyperproteinemia,age|breed_group|chem_hyperproteinemia,15.587534423226927,,5,108,logistic_deviance_improvement_age_linear_additive_to_joint_state,age_model_newton_not_fully_converged,demographic|demographic|chemistry,True,0.013986013986013986,1.0,0.4405157732543995,cross_chemistry_plus_demographic,cross,6
211,3_13426,3,AUS_jejunum|CBC_eosinophilia|CBC_monocytosis,AUS_jejunal_thickening|CBC_eosinophilia|CBC_monocytosis,15.583372407725415,0.0721452426283584,7,108,contingency_likelihood_ratio_G,joint_state_n_lt_3;joint_state_n_lt_5;apparent_extreme_fraction_in_tiny_joint_state,AUS|CBC|CBC,False,0.028971028971028972,1.0,0.44419129257838935,cross_AUS_plus_CBC,cross,9
212,3_06849,3,breed_group|AUS_enlarged pancreas|CBC_basophilia,breed_group|AUS_enlarged_pancreas|CBC_basophilia,15.568542214537384,0.07207658432656196,10,108,contingency_likelihood_ratio_G,joint_state_n_lt_3;joint_state_n_lt_5;apparent_extreme_fraction_in_tiny_joint_state,demographic|AUS|CBC,False,0.18181818181818182,1.0,0.6297553785256463,cross_AUS_plus_CBC_plus_demographic,cross,21
213,3_00918,3,age|CBC_neutrophilia|chem_hypercholesterolemia,age|CBC_neutrophilia|chem_hypercholesterolemia,15.54801213396425,,4,108,logistic_deviance_improvement_age_linear_additive_to_joint_state,empty_joint_state;joint_state_n_lt_3;joint_state_n_lt_5;apparent_extreme_fraction_in_tiny_joint_state;age_model_newton_not_fully_converged,demographic|CBC|chemistry,True,0.000999000999000999,1.0,0.4405157732543995,cross_CBC_plus_chemistry_plus_demographic,cross,6
214,3_13189,3,AUS_jejunum|AUS_mesenteric lymphadenopathy|AUS_enlarged pancreas,AUS_jejunal_thickening|AUS_mesenteric_lymphadenopathy|AUS_enlarged_pancreas,15.536457573119334,0.07192804431999691,7,108,contingency_likelihood_ratio_G,joint_state_n_lt_3;joint_state_n_lt_5;apparent_extreme_fraction_in_tiny_joint_state,AUS|AUS|AUS,False,0.04595404595404595,1.0,0.47251396521272127,within_AUS,within,1
215,3_01411,3,cobalamin_low|breed_group|chem_hypokalemia,cobalamin_low|breed_group|chem_hypokalemia,15.520240681037139,0.08622355933909522,10,90,contingency_likelihood_ratio_G,joint_state_n_lt_3;joint_state_n_lt_5;apparent_extreme_fraction_in_tiny_joint_state,GI panel|demographic|chemistry,False,0.18181818181818182,1.0,0.6297553785256463,cross_GI_panel_plus_chemistry_plus_demographic,cross,16
216,3_06431,3,breed_group|clinical signs_diarrhea|AUS_jejunum,breed_group|clinical_signs_diarrhea|AUS_jejunal_thickening,15.494480568823574,0.07173370633714618,15,108,contingency_likelihood_ratio_G,joint_state_n_lt_3;joint_state_n_lt_5;apparent_extreme_fraction_in_tiny_joint_state,demographic|clinical signs|AUS,False,0.6793206793206793,1.0,0.9172759059122696,cross_AUS_plus_clinical_signs_plus_demographic,cross,17
217,3_00144,3,age|tli_high|breed_group,age|tli_high|breed_group,15.478718088176393,,8,87,logistic_deviance_improvement_age_linear_additive_to_joint_state,joint_state_n_lt_3;joint_state_n_lt_5;apparent_extreme_fraction_in_tiny_joint_state;age_model_newton_not_fully_converged,demographic|GI panel|demographic,True,0.0919080919080919,1.0,0.5419840705200506,cross_GI_panel_plus_demographic,cross,8
218,3_08764,3,clinical signs_diarrhea|clinical signs_weight loss|CBC_no abnormalities,clinical_signs_diarrhea|clinical_signs_weight_loss|CBC_no_abnormalities,15.473513974106142,0.07163663876900991,7,108,contingency_likelihood_ratio_G,joint_state_n_lt_5,clinical signs|clinical signs|CBC,False,0.04295704295704296,1.0,0.4648260106427437,cross_CBC_plus_clinical_signs,cross,2
219,3_06481,3,breed_group|clinical signs_hyporexia|CBC_neutrophilia,breed_group|clinical_signs_hyporexia|CBC_neutrophilia,15.47318896507412,0.07163513409756538,9,108,contingency_likelihood_ratio_G,joint_state_n_lt_3;joint_state_n_lt_5;apparent_extreme_fraction_in_tiny_joint_state,demographic|clinical signs|CBC,False,0.11788211788211789,1.0,0.5764338542116321,cross_CBC_plus_clinical_signs_plus_demographic,cross,6
220,3_06793,3,breed_group|AUS_mesenteric lymphadenopathy|CBC_lymphopenia,breed_group|AUS_mesenteric_lymphadenopathy|CBC_lymphopenia,15.454649581460783,0.071549303617874,11,108,contingency_likelihood_ratio_G,joint_state_n_lt_3;joint_state_n_lt_5;apparent_extreme_fraction_in_tiny_joint_state,demographic|AUS|CBC,False,0.3076923076923077,1.0,0.7147905857583278,cross_AUS_plus_CBC_plus_demographic,cross,22
221,3_06857,3,breed_group|AUS_enlarged pancreas|chem_hyperproteinemia,breed_group|AUS_enlarged_pancreas|chem_hyperproteinemia,15.454447421376186,0.07154836769155641,9,108,contingency_likelihood_ratio_G,joint_state_n_lt_3;joint_state_n_lt_5;apparent_extreme_fraction_in_tiny_joint_state,demographic|AUS|chemistry,False,0.14185814185814186,1.0,0.5917084232134693,cross_AUS_plus_chemistry_plus_demographic,cross,16
222,3_00527,3,age|clinical signs_constipation|CBC_neutrophilia,age|clinical_signs_constipation|CBC_neutrophilia,15.43499103868389,,4,108,logistic_deviance_improvement_age_linear_additive_to_joint_state,empty_joint_state;joint_state_n_lt_3;joint_state_n_lt_5;apparent_extreme_fraction_in_tiny_joint_state;age_model_newton_not_fully_converged,demographic|clinical signs|CBC,True,0.000999000999000999,1.0,0.4405157732543995,cross_CBC_plus_clinical_signs_plus_demographic,cross,7
223,3_00910,3,age|CBC_neutrophilia|chem_decreased alt,age|CBC_neutrophilia|chem_decreased_ALT,15.389298260301558,,4,108,logistic_deviance_improvement_age_linear_additive_to_joint_state,joint_state_n_lt_3;joint_state_n_lt_5;apparent_extreme_fraction_in_tiny_joint_state;age_model_newton_not_fully_converged,demographic|CBC|chemistry,True,0.001998001998001998,1.0,0.4405157732543995,cross_CBC_plus_chemistry_plus_demographic,cross,7
224,3_02412,3,folate_high|breed_group|clinical signs_diarrhea,folate_high|breed_group|clinical_signs_diarrhea,15.386320844808457,0.08547956024893587,13,90,contingency_likelihood_ratio_G,joint_state_n_lt_3;joint_state_n_lt_5;apparent_extreme_fraction_in_tiny_joint_state,GI panel|demographic|clinical signs,False,0.5104895104895105,1.0,0.8389166369977158,cross_GI_panel_plus_clinical_signs_plus_demographic,cross,16
225,3_05118,3,tli_high|CBC_neutrophilia|CBC_anemia,tli_high|CBC_neutrophilia|CBC_anemia,15.358984793921348,0.08827002755127211,4,87,contingency_likelihood_ratio_G,empty_joint_state;joint_state_n_lt_3;joint_state_n_lt_5;apparent_extreme_fraction_in_tiny_joint_state,GI panel|CBC|CBC,False,0.001998001998001998,1.0,0.4405157732543995,cross_CBC_plus_GI_panel,cross,1
226,3_06680,3,breed_group|AUS_duodenum|chem_hypophosphatemia,breed_group|AUS_duodenal_thickening|chem_hypophosphatemia,15.330886680517876,0.0709763272246198,9,108,contingency_likelihood_ratio_G,joint_state_n_lt_3;joint_state_n_lt_5;apparent_extreme_fraction_in_tiny_joint_state,demographic|AUS|chemistry,False,0.12487512487512488,1.0,0.5857700158218293,cross_AUS_plus_chemistry_plus_demographic,cross,17
227,3_06423,3,breed_group|clinical signs_vomiting|chem_hypokalemia,breed_group|clinical_signs_vomiting|chem_hypokalemia,15.328253107920782,0.0709641347588925,11,108,contingency_likelihood_ratio_G,joint_state_n_lt_3;joint_state_n_lt_5;apparent_extreme_fraction_in_tiny_joint_state,demographic|clinical signs|chemistry,False,0.2837162837162837,1.0,0.6995219797709747,cross_chemistry_plus_clinical_signs_plus_demographic,cross,12
228,3_15602,3,AUS_enlarged pancreas|CBC_neutrophilia|chem_discordantly elevated bun,AUS_enlarged_pancreas|CBC_neutrophilia|chem_discordantly_elevated_BUN,15.324411616886517,0.07094635007817832,4,108,contingency_likelihood_ratio_G,empty_joint_state;joint_state_n_lt_3;joint_state_n_lt_5;apparent_extreme_fraction_in_tiny_joint_state,AUS|CBC|chemistry,False,0.000999000999000999,1.0,0.4405157732543995,cross_AUS_plus_CBC_plus_chemistry,cross,6
229,3_15603,3,AUS_enlarged pancreas|CBC_neutrophilia|chem_hyperglycemia,AUS_enlarged_pancreas|CBC_neutrophilia|chem_hyperglycemia,15.324411616886517,0.07094635007817832,4,108,contingency_likelihood_ratio_G,empty_joint_state;joint_state_n_lt_3;joint_state_n_lt_5;apparent_extreme_fraction_in_tiny_joint_state,AUS|CBC|chemistry,False,0.001998001998001998,1.0,0.4405157732543995,cross_AUS_plus_CBC_plus_chemistry,cross,7
230,3_06865,3,breed_group|AUS_enlarged pancreas|chem_hyperglycemia,breed_group|AUS_enlarged_pancreas|chem_hyperglycemia,15.321812479084407,0.07093431703279818,8,108,contingency_likelihood_ratio_G,joint_state_n_lt_3;joint_state_n_lt_5;apparent_extreme_fraction_in_tiny_joint_state,demographic|AUS|chemistry,False,0.08591408591408592,1.0,0.5292931307189246,cross_AUS_plus_chemistry_plus_demographic,cross,18
231,3_00250,3,age|breed_group|AUS_ileus,age|breed_group|AUS_ileus,15.307131844198949,,7,108,logistic_deviance_improvement_age_linear_additive_to_joint_state,joint_state_n_lt_3;joint_state_n_lt_5;apparent_extreme_fraction_in_tiny_joint_state;age_model_newton_not_fully_converged,demographic|demographic|AUS,True,0.04395604395604396,1.0,0.46870011648474913,cross_AUS_plus_demographic,cross,24
232,3_00779,3,age|AUS_enlarged pancreas|CBC_eosinophilia,age|AUS_enlarged_pancreas|CBC_eosinophilia,15.300630695147149,,4,108,logistic_deviance_improvement_age_linear_additive_to_joint_state,joint_state_n_lt_3;joint_state_n_lt_5;apparent_extreme_fraction_in_tiny_joint_state;age_model_newton_not_fully_converged,demographic|AUS|CBC,True,0.005994005994005994,1.0,0.4405157732543995,cross_AUS_plus_CBC_plus_demographic,cross,23
233,3_01080,3,age|CBC_anemia|chem_hyperproteinemia,age|CBC_anemia|chem_hyperproteinemia,15.274254532200402,,4,108,logistic_deviance_improvement_age_linear_additive_to_joint_state,joint_state_n_lt_3;joint_state_n_lt_5;apparent_extreme_fraction_in_tiny_joint_state;age_model_newton_not_fully_converged,demographic|CBC|chemistry,True,0.005994005994005994,1.0,0.4405157732543995,cross_CBC_plus_chemistry_plus_demographic,cross,8
234,3_00832,3,age|AUS_ileus|CBC_neutrophilia,age|AUS_ileus|CBC_neutrophilia,15.272280552330713,,4,108,logistic_deviance_improvement_age_linear_additive_to_joint_state,empty_joint_state;joint_state_n_lt_3;joint_state_n_lt_5;apparent_extreme_fraction_in_tiny_joint_state;age_model_newton_not_fully_converged,demographic|AUS|CBC,True,0.000999000999000999,1.0,0.4405157732543995,cross_AUS_plus_CBC_plus_demographic,cross,24
235,3_04415,3,tli_high|pli_abn|AUS_chronic degenerative renal changes,tli_high|pli_abn|AUS_chronic_degenerative_renal_changes,15.245167779890139,0.08863469639471011,6,86,contingency_likelihood_ratio_G,empty_joint_state;joint_state_n_lt_3;joint_state_n_lt_5;apparent_extreme_fraction_in_tiny_joint_state,GI panel|GI panel|AUS,False,0.03196803196803197,1.0,0.4559461543707605,cross_AUS_plus_GI_panel,cross,1
236,3_05419,3,pli_abn|breed_group|CBC_basophilia,pli_abn|breed_group|CBC_basophilia,15.23487491414448,0.0885748541520028,9,86,contingency_likelihood_ratio_G,joint_state_n_lt_3;joint_state_n_lt_5;apparent_extreme_fraction_in_tiny_joint_state,GI panel|demographic|CBC,False,0.13086913086913088,1.0,0.5898729056623794,cross_CBC_plus_GI_panel_plus_demographic,cross,10
237,3_06864,3,breed_group|AUS_enlarged pancreas|chem_discordantly elevated bun,breed_group|AUS_enlarged_pancreas|chem_discordantly_elevated_BUN,15.234808071641384,0.07053151885019159,8,108,contingency_likelihood_ratio_G,joint_state_n_lt_3;joint_state_n_lt_5;apparent_extreme_fraction_in_tiny_joint_state,demographic|AUS|chemistry,False,0.08891108891108891,1.0,0.5369687491669702,cross_AUS_plus_chemistry_plus_demographic,cross,19
238,3_01463,3,cobalamin_low|clinical signs_vomiting|AUS_splenomegaly,cobalamin_low|clinical_signs_vomiting|AUS_splenomegaly,15.233429994644675,0.08463016663691486,7,90,contingency_likelihood_ratio_G,joint_state_n_lt_3;joint_state_n_lt_5;apparent_extreme_fraction_in_tiny_joint_state,GI panel|clinical signs|AUS,False,0.04395604395604396,1.0,0.46870011648474913,cross_AUS_plus_GI_panel_plus_clinical_signs,cross,2
239,3_05569,3,pli_abn|clinical signs_hyporexia|AUS_chronic degenerative renal changes,pli_abn|clinical_signs_hyporexia|AUS_chronic_degenerative_renal_changes,15.212710544630953,0.08844599153855205,6,86,contingency_likelihood_ratio_G,empty_joint_state;joint_state_n_lt_3;joint_state_n_lt_5;apparent_extreme_fraction_in_tiny_joint_state,GI panel|clinical signs|AUS,False,0.03496503496503497,1.0,0.4587682848552414,cross_AUS_plus_GI_panel_plus_clinical_signs,cross,3
240,3_05113,3,tli_high|CBC_neutrophilia|CBC_basophilia,tli_high|CBC_neutrophilia|CBC_basophilia,15.211516490392395,0.08742250856547354,5,87,contingency_likelihood_ratio_G,empty_joint_state;joint_state_n_lt_3;joint_state_n_lt_5;apparent_extreme_fraction_in_tiny_joint_state,GI panel|CBC|CBC,False,0.002997002997002997,1.0,0.4405157732543995,cross_CBC_plus_GI_panel,cross,2
241,3_05204,3,tli_high|CBC_basophilia|CBC_anemia,tli_high|CBC_basophilia|CBC_anemia,15.211516490392393,0.08742250856547353,4,87,contingency_likelihood_ratio_G,empty_joint_state;joint_state_n_lt_3;joint_state_n_lt_5;apparent_extreme_fraction_in_tiny_joint_state,GI panel|CBC|CBC,False,0.001998001998001998,1.0,0.4405157732543995,cross_CBC_plus_GI_panel,cross,3
242,3_13249,3,AUS_jejunum|AUS_enlarged pancreas|AUS_splenomegaly,AUS_jejunal_thickening|AUS_enlarged_pancreas|AUS_splenomegaly,15.18337638717132,0.07029340919986722,7,108,contingency_likelihood_ratio_G,joint_state_n_lt_3;joint_state_n_lt_5;apparent_extreme_fraction_in_tiny_joint_state,AUS|AUS|AUS,False,0.04895104895104895,1.0,0.4793792779658504,within_AUS,within,2
243,3_06547,3,breed_group|clinical signs_hairball obstruction|AUS_duodenum,breed_group|clinical_signs_hairball_obstruction|AUS_duodenal_thickening,15.172101006497082,0.07024120836341241,9,108,contingency_likelihood_ratio_G,joint_state_n_lt_3;joint_state_n_lt_5;apparent_extreme_fraction_in_tiny_joint_state,demographic|clinical signs|AUS,False,0.14085914085914086,1.0,0.5917084232134693,cross_AUS_plus_clinical_signs_plus_demographic,cross,18
244,3_06676,3,breed_group|AUS_duodenum|chem_hyperglycemia,breed_group|AUS_duodenal_thickening|chem_hyperglycemia,15.17210100649708,0.07024120836341241,8,108,contingency_likelihood_ratio_G,joint_state_n_lt_3;joint_state_n_lt_5;apparent_extreme_fraction_in_tiny_joint_state,demographic|AUS|chemistry,False,0.08891108891108891,1.0,0.5369687491669702,cross_AUS_plus_chemistry_plus_demographic,cross,20
245,3_06686,3,breed_group|AUS_jejunum|AUS_splenomegaly,breed_group|AUS_jejunal_thickening|AUS_splenomegaly,15.167983756849367,0.07022214702245078,12,108,contingency_likelihood_ratio_G,joint_state_n_lt_3;joint_state_n_lt_5;apparent_extreme_fraction_in_tiny_joint_state,demographic|AUS|AUS,False,0.3916083916083916,1.0,0.766683013207573,cross_AUS_plus_demographic,cross,25
246,3_06858,3,breed_group|AUS_enlarged pancreas|chem_decreased alt,breed_group|AUS_enlarged_pancreas|chem_decreased_ALT,15.165877296094575,0.07021239488932673,9,108,contingency_likelihood_ratio_G,joint_state_n_lt_3;joint_state_n_lt_5;apparent_extreme_fraction_in_tiny_joint_state,demographic|AUS|chemistry,False,0.12287712287712288,1.0,0.584034965034965,cross_AUS_plus_chemistry_plus_demographic,cross,21
247,3_04960,3,tli_high|AUS_chronic degenerative renal changes|CBC_neutrophilia,tli_high|AUS_chronic_degenerative_renal_changes|CBC_neutrophilia,15.157118479054942,0.08710987631640771,5,87,contingency_likelihood_ratio_G,empty_joint_state;joint_state_n_lt_3;joint_state_n_lt_5;apparent_extreme_fraction_in_tiny_joint_state,GI panel|AUS|CBC,False,0.01098901098901099,1.0,0.4405157732543995,cross_AUS_plus_CBC_plus_GI_panel,cross,3
248,3_01106,3,age|chem_hyperproteinemia|chem_decreased alt,age|chem_hyperproteinemia|chem_decreased_ALT,15.135392270554675,,4,108,logistic_deviance_improvement_age_linear_additive_to_joint_state,empty_joint_state;joint_state_n_lt_3;joint_state_n_lt_5;apparent_extreme_fraction_in_tiny_joint_state;age_model_newton_not_fully_converged,demographic|chemistry|chemistry,True,0.001998001998001998,1.0,0.4405157732543995,cross_chemistry_plus_demographic,cross,7
249,3_17540,3,CBC_eosinophilia|CBC_monocytosis|chem_no abnormalities,CBC_eosinophilia|CBC_monocytosis|chem_no_abnormalities,15.133002834842681,0.07006019830945685,7,108,contingency_likelihood_ratio_G,joint_state_n_lt_3;joint_state_n_lt_5;apparent_extreme_fraction_in_tiny_joint_state,CBC|CBC|chemistry,False,0.03596403596403597,1.0,0.46043653316380595,cross_CBC_plus_chemistry,cross,1
250,3_08336,3,clinical signs_vomiting|AUS_splenomegaly|CBC_basophilia,clinical_signs_vomiting|AUS_splenomegaly|CBC_basophilia,15.08924968012038,0.06985763740796472,5,108,contingency_likelihood_ratio_G,empty_joint_state;joint_state_n_lt_3;joint_state_n_lt_5;apparent_extreme_fraction_in_tiny_joint_state,clinical signs|AUS|CBC,False,0.012987012987012988,1.0,0.4405157732543995,cross_AUS_plus_CBC_plus_clinical_signs,cross,3
251,3_06925,3,breed_group|AUS_gall bladder sludge|CBC_no abnormalities,breed_group|AUS_gall_bladder_sludge|CBC_no_abnormalities,15.078929606716525,0.06980985929035428,11,108,contingency_likelihood_ratio_G,joint_state_n_lt_3;joint_state_n_lt_5;apparent_extreme_fraction_in_tiny_joint_state,demographic|AUS|CBC,False,0.34665334665334663,1.0,0.7346531519979296,cross_AUS_plus_CBC_plus_demographic,cross,25
253,3_06471,3,breed_group|clinical signs_hyporexia|AUS_jejunum,breed_group|clinical_signs_hyporexia|AUS_jejunal_thickening,15.050041965801137,0.0696761202120423,13,108,contingency_likelihood_ratio_G,joint_state_n_lt_3;joint_state_n_lt_5;apparent_extreme_fraction_in_tiny_joint_state,demographic|clinical signs|AUS,False,0.5174825174825175,1.0,0.8426154181549865,cross_AUS_plus_clinical_signs_plus_demographic,cross,19
254,3_00907,3,age|CBC_neutrophilia|chem_no abnormalities,age|CBC_neutrophilia|chem_no_abnormalities,15.046478539134952,,4,108,logistic_deviance_improvement_age_linear_additive_to_joint_state,empty_joint_state;joint_state_n_lt_3;joint_state_n_lt_5;apparent_extreme_fraction_in_tiny_joint_state;age_model_newton_not_fully_converged,demographic|CBC|chemistry,True,0.002997002997002997,1.0,0.4405157732543995,cross_CBC_plus_chemistry_plus_demographic,cross,9
255,3_01123,3,age|chem_decreased alt|chem_discordantly elevated bun,age|chem_decreased_ALT|chem_discordantly_elevated_BUN,15.03908004127858,,4,108,logistic_deviance_improvement_age_linear_additive_to_joint_state,empty_joint_state;joint_state_n_lt_3;joint_state_n_lt_5;apparent_extreme_fraction_in_tiny_joint_state;age_model_newton_not_fully_converged,demographic|chemistry|chemistry,True,0.002997002997002997,1.0,0.4405157732543995,cross_chemistry_plus_demographic,cross,8
256,3_00004,3,age|cobalamin_low|breed_group,age|cobalamin_low|breed_group,15.030445524342554,,8,90,logistic_deviance_improvement_age_linear_additive_to_joint_state,joint_state_n_lt_3;joint_state_n_lt_5;apparent_extreme_fraction_in_tiny_joint_state;age_model_newton_not_fully_converged,demographic|GI panel|demographic,True,0.0979020979020979,1.0,0.5490603791488747,cross_GI_panel_plus_demographic,cross,9
257,3_16572,3,AUS_gall bladder sludge|CBC_neutrophilia|CBC_lymphopenia,AUS_gall_bladder_sludge|CBC_neutrophilia|CBC_lymphopenia,15.026545073485135,0.06956733830317192,4,108,contingency_likelihood_ratio_G,empty_joint_state;joint_state_n_lt_3;joint_state_n_lt_5;apparent_extreme_fraction_in_tiny_joint_state,AUS|CBC|CBC,False,0.005994005994005994,1.0,0.4405157732543995,cross_AUS_plus_CBC,cross,10
258,3_16718,3,AUS_gall bladder sludge|CBC_lymphopenia|chem_decreased alt,AUS_gall_bladder_sludge|CBC_lymphopenia|chem_decreased_ALT,15.026545073485135,0.06956733830317192,4,108,contingency_likelihood_ratio_G,empty_joint_state;joint_state_n_lt_3;joint_state_n_lt_5;apparent_extreme_fraction_in_tiny_joint_state,AUS|CBC|chemistry,False,0.003996003996003996,1.0,0.4405157732543995,cross_AUS_plus_CBC_plus_chemistry,cross,8
259,3_16724,3,AUS_gall bladder sludge|CBC_lymphopenia|chem_discordantly elevated bun,AUS_gall_bladder_sludge|CBC_lymphopenia|chem_discordantly_elevated_BUN,15.026545073485135,0.06956733830317192,4,108,contingency_likelihood_ratio_G,empty_joint_state;joint_state_n_lt_3;joint_state_n_lt_5;apparent_extreme_fraction_in_tiny_joint_state,AUS|CBC|chemistry,False,0.005994005994005994,1.0,0.4405157732543995,cross_AUS_plus_CBC_plus_chemistry,cross,9
260,3_16725,3,AUS_gall bladder sludge|CBC_lymphopenia|chem_hyperglycemia,AUS_gall_bladder_sludge|CBC_lymphopenia|chem_hyperglycemia,15.026545073485135,0.06956733830317192,4,108,contingency_likelihood_ratio_G,empty_joint_state;joint_state_n_lt_3;joint_state_n_lt_5;apparent_extreme_fraction_in_tiny_joint_state,AUS|CBC|chemistry,False,0.004995004995004995,1.0,0.4405157732543995,cross_AUS_plus_CBC_plus_chemistry,cross,10
261,3_15640,3,AUS_enlarged pancreas|CBC_eosinophilia|chem_hyperproteinemia,AUS_enlarged_pancreas|CBC_eosinophilia|chem_hyperproteinemia,15.008575036455502,0.069484143687294,5,108,contingency_likelihood_ratio_G,empty_joint_state;joint_state_n_lt_3;joint_state_n_lt_5;apparent_extreme_fraction_in_tiny_joint_state,AUS|CBC|chemistry,False,0.016983016983016984,1.0,0.4405157732543995,cross_AUS_plus_CBC_plus_chemistry,cross,11
262,3_04412,3,tli_high|pli_abn|AUS_ileum,tli_high|pli_abn|AUS_ileal_thickening,15.001547121622883,0.0872182972187377,7,86,contingency_likelihood_ratio_G,joint_state_n_lt_3;joint_state_n_lt_5;apparent_extreme_fraction_in_tiny_joint_state,GI panel|GI panel|AUS,False,0.055944055944055944,1.0,0.48455963171225136,cross_AUS_plus_GI_panel,cross,2
263,3_09868,3,clinical signs_hyporexia|AUS_splenomegaly|CBC_basophilia,clinical_signs_hyporexia|AUS_splenomegaly|CBC_basophilia,14.995512683191155,0.06942366982958868,5,108,contingency_likelihood_ratio_G,empty_joint_state;joint_state_n_lt_3;joint_state_n_lt_5;apparent_extreme_fraction_in_tiny_joint_state,clinical signs|AUS|CBC,False,0.014985014985014986,1.0,0.4405157732543995,cross_AUS_plus_CBC_plus_clinical_signs,cross,4
264,3_06489,3,breed_group|clinical signs_hyporexia|CBC_monocytosis,breed_group|clinical_signs_hyporexia|CBC_monocytosis,14.988015065114322,0.06938895863478853,11,108,contingency_likelihood_ratio_G,joint_state_n_lt_3;joint_state_n_lt_5;apparent_extreme_fraction_in_tiny_joint_state,demographic|clinical signs|CBC,False,0.3126873126873127,1.0,0.7168033889187735,cross_CBC_plus_clinical_signs_plus_demographic,cross,8
265,3_16103,3,AUS_splenomegaly|CBC_monocytosis|chem_no abnormalities,AUS_splenomegaly|CBC_monocytosis|chem_no_abnormalities,14.987354726692836,0.06938590151246683,7,108,contingency_likelihood_ratio_G,joint_state_n_lt_3;joint_state_n_lt_5;apparent_extreme_fraction_in_tiny_joint_state,AUS|CBC|chemistry,False,0.05094905094905095,1.0,0.4803678811460913,cross_AUS_plus_CBC_plus_chemistry,cross,12
266,3_15964,3,AUS_splenomegaly|CBC_neutropenia|CBC_basophilia,AUS_splenomegaly|CBC_neutropenia|CBC_basophilia,14.986804080643592,0.06938335222520181,5,108,contingency_likelihood_ratio_G,empty_joint_state;joint_state_n_lt_3;joint_state_n_lt_5;apparent_extreme_fraction_in_tiny_joint_state,AUS|CBC|CBC,False,0.01098901098901099,1.0,0.4405157732543995,cross_AUS_plus_CBC,cross,11
267,3_02441,3,folate_high|breed_group|chem_hyperproteinemia,folate_high|breed_group|chem_hyperproteinemia,14.982602451138943,0.08323668028410523,9,90,contingency_likelihood_ratio_G,joint_state_n_lt_3;joint_state_n_lt_5;apparent_extreme_fraction_in_tiny_joint_state,GI panel|demographic|chemistry,False,0.14785214785214784,1.0,0.5956696408063222,cross_GI_panel_plus_chemistry_plus_demographic,cross,17
269,3_05213,3,tli_high|CBC_basophilia|chem_azotemia,tli_high|CBC_basophilia|chem_azotemia,14.969239614402127,0.086030112726449,5,87,contingency_likelihood_ratio_G,empty_joint_state;joint_state_n_lt_3;joint_state_n_lt_5;apparent_extreme_fraction_in_tiny_joint_state,GI panel|CBC|chemistry,False,0.012987012987012988,1.0,0.4405157732543995,cross_CBC_plus_GI_panel_plus_chemistry,cross,1
270,3_14750,3,AUS_mesenteric lymphadenopathy|AUS_gall bladder sludge|CBC_no abnormalities,AUS_mesenteric_lymphadenopathy|AUS_gall_bladder_sludge|CBC_no_abnormalities,14.954016686485726,0.06923155873373021,7,108,contingency_likelihood_ratio_G,joint_state_n_lt_3;joint_state_n_lt_5;apparent_extreme_fraction_in_tiny_joint_state,AUS|AUS|CBC,False,0.061938061938061936,1.0,0.49540026654035907,cross_AUS_plus_CBC,cross,12
271,3_13255,3,AUS_jejunum|AUS_enlarged pancreas|CBC_eosinophilia,AUS_jejunal_thickening|AUS_enlarged_pancreas|CBC_eosinophilia,14.953195333550932,0.06922775617384691,7,108,contingency_likelihood_ratio_G,joint_state_n_lt_3;joint_state_n_lt_5;apparent_extreme_fraction_in_tiny_joint_state,AUS|AUS|CBC,False,0.03296703296703297,1.0,0.4566918230284567,cross_AUS_plus_CBC,cross,13
272,3_06475,3,breed_group|clinical signs_hyporexia|AUS_chronic degenerative renal changes,breed_group|clinical_signs_hyporexia|AUS_chronic_degenerative_renal_changes,14.952239005044694,0.06922332872705877,11,108,contingency_likelihood_ratio_G,joint_state_n_lt_3;joint_state_n_lt_5;apparent_extreme_fraction_in_tiny_joint_state,demographic|clinical signs|AUS,False,0.3156843156843157,1.0,0.7174026069555595,cross_AUS_plus_clinical_signs_plus_demographic,cross,20
273,3_00182,3,age|tli_high|chem_azotemia,age|tli_high|chem_azotemia,14.937179958345737,,4,87,logistic_deviance_improvement_age_linear_additive_to_joint_state,,demographic|GI panel|chemistry,True,0.008991008991008992,1.0,0.4405157732543995,cross_GI_panel_plus_chemistry_plus_demographic,cross,18
274,3_13253,3,AUS_jejunum|AUS_enlarged pancreas|CBC_neutrophilia,AUS_jejunal_thickening|AUS_enlarged_pancreas|CBC_neutrophilia,14.934365386724581,0.06914058049409529,5,108,contingency_likelihood_ratio_G,empty_joint_state;joint_state_n_lt_3;joint_state_n_lt_5;apparent_extreme_fraction_in_tiny_joint_state,AUS|AUS|CBC,False,0.008991008991008992,1.0,0.4405157732543995,cross_AUS_plus_CBC,cross,14
275,3_14666,3,AUS_mesenteric lymphadenopathy|AUS_enlarged pancreas|AUS_splenomegaly,AUS_mesenteric_lymphadenopathy|AUS_enlarged_pancreas|AUS_splenomegaly,14.927413252293235,0.06910839468654276,7,108,contingency_likelihood_ratio_G,joint_state_n_lt_3;joint_state_n_lt_5;apparent_extreme_fraction_in_tiny_joint_state,AUS|AUS|AUS,False,0.04495504495504495,1.0,0.47168063724355114,within_AUS,within,3
276,3_14231,3,AUS_colon|AUS_enlarged pancreas|CBC_eosinophilia,AUS_colonic_thickening|AUS_enlarged_pancreas|CBC_eosinophilia,14.918057310499991,0.06906508014120366,6,108,contingency_likelihood_ratio_G,empty_joint_state;joint_state_n_lt_3;joint_state_n_lt_5;apparent_extreme_fraction_in_tiny_joint_state,AUS|AUS|CBC,False,0.008991008991008992,1.0,0.4405157732543995,cross_AUS_plus_CBC,cross,15
277,3_06859,3,breed_group|AUS_enlarged pancreas|chem_elevated alt,breed_group|AUS_enlarged_pancreas|chem_elevated_ALT,14.911573268811074,0.0690350614296809,12,108,contingency_likelihood_ratio_G,joint_state_n_lt_3;joint_state_n_lt_5;apparent_extreme_fraction_in_tiny_joint_state,demographic|AUS|chemistry,False,0.4355644355644356,1.0,0.797241845475214,cross_AUS_plus_chemistry_plus_demographic,cross,22
278,3_08339,3,clinical signs_vomiting|AUS_splenomegaly|CBC_lymphopenia,clinical_signs_vomiting|AUS_splenomegaly|CBC_lymphopenia,14.90661728968417,0.06901211708187116,7,108,contingency_likelihood_ratio_G,joint_state_n_lt_3;joint_state_n_lt_5;apparent_extreme_fraction_in_tiny_joint_state,clinical signs|AUS|CBC,False,0.04595404595404595,1.0,0.47251396521272127,cross_AUS_plus_CBC_plus_clinical_signs,cross,5
280,3_13265,3,AUS_jejunum|AUS_enlarged pancreas|chem_hyperproteinemia,AUS_jejunal_thickening|AUS_enlarged_pancreas|chem_hyperproteinemia,14.904545399920847,0.06900252499963355,7,108,contingency_likelihood_ratio_G,joint_state_n_lt_3;joint_state_n_lt_5;apparent_extreme_fraction_in_tiny_joint_state,AUS|AUS|chemistry,False,0.03396603396603397,1.0,0.4566918230284567,cross_AUS_plus_chemistry,cross,3
281,3_10452,3,clinical signs_weight loss|AUS_colon|CBC_no abnormalities,clinical_signs_weight_loss|AUS_colonic_thickening|CBC_no_abnormalities,14.904315903037451,0.06900146251406228,7,108,contingency_likelihood_ratio_G,joint_state_n_lt_3;joint_state_n_lt_5;apparent_extreme_fraction_in_tiny_joint_state,clinical signs|AUS|CBC,False,0.057942057942057944,1.0,0.4885119315274526,cross_AUS_plus_CBC_plus_clinical_signs,cross,6
282,3_12748,3,AUS_duodenum|AUS_splenomegaly|CBC_basophilia,AUS_duodenal_thickening|AUS_splenomegaly|CBC_basophilia,14.90303883576488,0.06899555016557815,7,108,contingency_likelihood_ratio_G,joint_state_n_lt_3;joint_state_n_lt_5;apparent_extreme_fraction_in_tiny_joint_state,AUS|AUS|CBC,False,0.03296703296703297,1.0,0.4566918230284567,cross_AUS_plus_CBC,cross,16
283,3_06434,3,breed_group|clinical signs_diarrhea|AUS_mesenteric lymphadenopathy,breed_group|clinical_signs_diarrhea|AUS_mesenteric_lymphadenopathy,14.902680227073088,0.06899388994015318,15,108,contingency_likelihood_ratio_G,joint_state_n_lt_3;joint_state_n_lt_5;apparent_extreme_fraction_in_tiny_joint_state,demographic|clinical signs|AUS,False,0.7192807192807192,1.0,0.9316005882529488,cross_AUS_plus_clinical_signs_plus_demographic,cross,21
285,3_00815,3,age|AUS_splenomegaly|chem_no abnormalities,age|AUS_splenomegaly|chem_no_abnormalities,14.853553669584642,,4,108,logistic_deviance_improvement_age_linear_additive_to_joint_state,,demographic|AUS|chemistry,True,0.005994005994005994,1.0,0.4405157732543995,cross_AUS_plus_chemistry_plus_demographic,cross,23
286,3_00796,3,age|AUS_enlarged pancreas|chem_discordantly elevated bun,age|AUS_enlarged_pancreas|chem_discordantly_elevated_BUN,14.845303583873104,,4,108,logistic_deviance_improvement_age_linear_additive_to_joint_state,empty_joint_state;joint_state_n_lt_3;joint_state_n_lt_5;apparent_extreme_fraction_in_tiny_joint_state;age_model_newton_not_fully_converged,demographic|AUS|chemistry,True,0.001998001998001998,1.0,0.4405157732543995,cross_AUS_plus_chemistry_plus_demographic,cross,24
287,3_00900,3,age|CBC_neutrophilia|CBC_eosinopenia,age|CBC_neutrophilia|CBC_eosinopenia,14.8365858306978,,4,108,logistic_deviance_improvement_age_linear_additive_to_joint_state,empty_joint_state;joint_state_n_lt_3;joint_state_n_lt_5;apparent_extreme_fraction_in_tiny_joint_state;age_model_newton_not_fully_converged,demographic|CBC|CBC,True,0.000999000999000999,1.0,0.4405157732543995,cross_CBC_plus_demographic,cross,3
288,3_04478,3,tli_high|breed_group|chem_decreased alt,tli_high|breed_group|chem_decreased_ALT,14.829308111133171,0.0852259086846734,9,87,contingency_likelihood_ratio_G,joint_state_n_lt_3;joint_state_n_lt_5;apparent_extreme_fraction_in_tiny_joint_state,GI panel|demographic|chemistry,False,0.14285714285714285,1.0,0.5926249181758674,cross_GI_panel_plus_chemistry_plus_demographic,cross,19
290,3_06477,3,breed_group|clinical signs_hyporexia|AUS_splenomegaly,breed_group|clinical_signs_hyporexia|AUS_splenomegaly,14.814258252904134,0.06858452894863025,11,108,contingency_likelihood_ratio_G,joint_state_n_lt_3;joint_state_n_lt_5;apparent_extreme_fraction_in_tiny_joint_state,demographic|clinical signs|AUS,False,0.32167832167832167,1.0,0.7210266743395722,cross_AUS_plus_clinical_signs_plus_demographic,cross,22
291,3_00454,3,age|clinical signs_weight loss|CBC_eosinophilia,age|clinical_signs_weight_loss|CBC_eosinophilia,14.79569039470097,,4,108,logistic_deviance_improvement_age_linear_additive_to_joint_state,joint_state_n_lt_3;joint_state_n_lt_5;apparent_extreme_fraction_in_tiny_joint_state;age_model_newton_not_fully_converged,demographic|clinical signs|CBC,True,0.00999000999000999,1.0,0.4405157732543995,cross_CBC_plus_clinical_signs_plus_demographic,cross,9
292,3_00921,3,age|CBC_neutrophilia|chem_hypophosphatemia,age|CBC_neutrophilia|chem_hypophosphatemia,14.795443761192033,,4,108,logistic_deviance_improvement_age_linear_additive_to_joint_state,empty_joint_state;joint_state_n_lt_3;joint_state_n_lt_5;apparent_extreme_fraction_in_tiny_joint_state;age_model_newton_not_fully_converged,demographic|CBC|chemistry,True,0.001998001998001998,1.0,0.4405157732543995,cross_CBC_plus_chemistry_plus_demographic,cross,10
293,3_01032,3,age|CBC_lymphocytosis|chem_hyperproteinemia,age|CBC_lymphocytosis|chem_hyperproteinemia,14.785896607254344,,4,108,logistic_deviance_improvement_age_linear_additive_to_joint_state,empty_joint_state;joint_state_n_lt_3;joint_state_n_lt_5;apparent_extreme_fraction_in_tiny_joint_state;age_model_newton_not_fully_converged,demographic|CBC|chemistry,True,0.003996003996003996,1.0,0.4405157732543995,cross_CBC_plus_chemistry_plus_demographic,cross,11
294,3_00914,3,age|CBC_neutrophilia|chem_elevated total bilirubin,age|CBC_neutrophilia|chem_elevated_total_bilirubin,14.784075523106068,,4,108,logistic_deviance_improvement_age_linear_additive_to_joint_state,empty_joint_state;joint_state_n_lt_3;joint_state_n_lt_5;apparent_extreme_fraction_in_tiny_joint_state;age_model_newton_not_fully_converged,demographic|CBC|chemistry,True,0.000999000999000999,1.0,0.4405157732543995,cross_CBC_plus_chemistry_plus_demographic,cross,12
295,3_02340,3,folate_high|tli_high|CBC_neutrophilia,folate_high|tli_high|CBC_neutrophilia,14.783870776158029,0.08496477457562085,5,87,contingency_likelihood_ratio_G,empty_joint_state;joint_state_n_lt_3;joint_state_n_lt_5;apparent_extreme_fraction_in_tiny_joint_state,GI panel|GI panel|CBC,False,0.00999000999000999,1.0,0.4405157732543995,cross_CBC_plus_GI_panel,cross,4
296,3_15876,3,AUS_splenomegaly|AUS_ileus|CBC_basophilia,AUS_splenomegaly|AUS_ileus|CBC_basophilia,14.783542329490231,0.06844232559949182,4,108,contingency_likelihood_ratio_G,empty_joint_state;joint_state_n_lt_3;joint_state_n_lt_5;apparent_extreme_fraction_in_tiny_joint_state,AUS|AUS|CBC,False,0.005994005994005994,1.0,0.4405157732543995,cross_AUS_plus_CBC,cross,17
297,3_10423,3,clinical signs_weight loss|AUS_ileum|CBC_eosinophilia,clinical_signs_weight_loss|AUS_ileal_thickening|CBC_eosinophilia,14.783094969322637,0.0684402544876048,6,108,contingency_likelihood_ratio_G,empty_joint_state;joint_state_n_lt_3;joint_state_n_lt_5;apparent_extreme_fraction_in_tiny_joint_state,clinical signs|AUS|CBC,False,0.04195804195804196,1.0,0.46297521399088437,cross_AUS_plus_CBC_plus_clinical_signs,cross,7
299,3_06868,3,breed_group|AUS_enlarged pancreas|chem_hypokalemia,breed_group|AUS_enlarged_pancreas|chem_hypokalemia,14.753691370375625,0.06830412671470197,11,108,contingency_likelihood_ratio_G,joint_state_n_lt_3;joint_state_n_lt_5;apparent_extreme_fraction_in_tiny_joint_state,demographic|AUS|chemistry,False,0.3306693306693307,1.0,0.7263645655326765,cross_AUS_plus_chemistry_plus_demographic,cross,25
300,3_08333,3,clinical signs_vomiting|AUS_splenomegaly|CBC_neutropenia,clinical_signs_vomiting|AUS_splenomegaly|CBC_neutropenia,14.732364220933992,0.06820538991173145,6,108,contingency_likelihood_ratio_G,empty_joint_state;joint_state_n_lt_3;joint_state_n_lt_5;apparent_extreme_fraction_in_tiny_joint_state,clinical signs|AUS|CBC,False,0.016983016983016984,1.0,0.4405157732543995,cross_AUS_plus_CBC_plus_clinical_signs,cross,8
301,3_08783,3,clinical signs_diarrhea|clinical signs_weight loss|chem_azotemia,clinical_signs_diarrhea|clinical_signs_weight_loss|chem_azotemia,14.730126829933095,0.06819503162006063,7,108,contingency_likelihood_ratio_G,joint_state_n_lt_3;joint_state_n_lt_5;apparent_extreme_fraction_in_tiny_joint_state,clinical signs|clinical signs|chemistry,False,0.04495504495504495,1.0,0.47168063724355114,cross_chemistry_plus_clinical_signs,cross,2
302,3_05400,3,pli_abn|breed_group|clinical signs_weight loss,pli_abn|breed_group|clinical_signs_weight_loss,14.72786838942518,0.0856271417989836,12,86,contingency_likelihood_ratio_G,joint_state_n_lt_3;joint_state_n_lt_5;apparent_extreme_fraction_in_tiny_joint_state,GI panel|demographic|clinical signs,False,0.45354645354645357,1.0,0.8096549459929742,cross_GI_panel_plus_clinical_signs_plus_demographic,cross,17
303,3_00915,3,age|CBC_neutrophilia|chem_azotemia,age|CBC_neutrophilia|chem_azotemia,14.710784742675557,,4,108,logistic_deviance_improvement_age_linear_additive_to_joint_state,joint_state_n_lt_3;joint_state_n_lt_5;apparent_extreme_fraction_in_tiny_joint_state;age_model_newton_not_fully_converged,demographic|CBC|chemistry,True,0.003996003996003996,1.0,0.4405157732543995,cross_CBC_plus_chemistry_plus_demographic,cross,13
304,3_00273,3,age|breed_group|chem_hyperglycemia,age|breed_group|chem_hyperglycemia,14.710779078610003,,5,108,logistic_deviance_improvement_age_linear_additive_to_joint_state,joint_state_n_lt_3;joint_state_n_lt_5;apparent_extreme_fraction_in_tiny_joint_state;age_model_newton_not_fully_converged,demographic|demographic|chemistry,True,0.016983016983016984,1.0,0.4405157732543995,cross_chemistry_plus_demographic,cross,9
305,3_06514,3,breed_group|clinical signs_weight loss|AUS_chronic degenerative renal changes,breed_group|clinical_signs_weight_loss|AUS_chronic_degenerative_renal_changes,14.706155432285357,0.06808405292724702,14,108,contingency_likelihood_ratio_G,joint_state_n_lt_3;joint_state_n_lt_5;apparent_extreme_fraction_in_tiny_joint_state,demographic|clinical signs|AUS,False,0.6323676323676324,1.0,0.8982124338119856,cross_AUS_plus_clinical_signs_plus_demographic,cross,23
306,3_00899,3,age|CBC_neutrophilia|CBC_eosinophilia,age|CBC_neutrophilia|CBC_eosinophilia,14.663896365653798,,4,108,logistic_deviance_improvement_age_linear_additive_to_joint_state,joint_state_n_lt_3;joint_state_n_lt_5;apparent_extreme_fraction_in_tiny_joint_state;age_model_newton_not_fully_converged,demographic|CBC|CBC,True,0.005994005994005994,1.0,0.4405157732543995,cross_CBC_plus_demographic,cross,4
307,3_13285,3,AUS_jejunum|AUS_splenomegaly|CBC_basophilia,AUS_jejunal_thickening|AUS_splenomegaly|CBC_basophilia,14.66255413726543,0.06788219507993254,7,108,contingency_likelihood_ratio_G,joint_state_n_lt_3;joint_state_n_lt_5;apparent_extreme_fraction_in_tiny_joint_state,AUS|AUS|CBC,False,0.03896103896103896,1.0,0.4605046047979224,cross_AUS_plus_CBC,cross,18
308,3_17190,3,CBC_neutrophilia|chem_discordantly elevated bun|chem_hyperglycemia,CBC_neutrophilia|chem_discordantly_elevated_BUN|chem_hyperglycemia,14.656828044752597,0.06785568539237313,3,108,contingency_likelihood_ratio_G,empty_joint_state;joint_state_n_lt_3;joint_state_n_lt_5;apparent_extreme_fraction_in_tiny_joint_state,CBC|chemistry|chemistry,False,0.000999000999000999,1.0,0.4405157732543995,cross_CBC_plus_chemistry,cross,2
309,3_18832,3,chem_decreased alt|chem_discordantly elevated bun|chem_hyperglycemia,chem_decreased_ALT|chem_discordantly_elevated_BUN|chem_hyperglycemia,14.656828044752597,0.06785568539237313,3,108,contingency_likelihood_ratio_G,empty_joint_state;joint_state_n_lt_3;joint_state_n_lt_5;apparent_extreme_fraction_in_tiny_joint_state,chemistry|chemistry|chemistry,False,0.000999000999000999,1.0,0.4405157732543995,within_chemistry,within,1
310,3_06466,3,breed_group|clinical signs_hyporexia|clinical signs_weight loss,breed_group|clinical_signs_hyporexia|clinical_signs_weight_loss,14.655061667571209,0.06784750772023708,13,108,contingency_likelihood_ratio_G,joint_state_n_lt_3;joint_state_n_lt_5;apparent_extreme_fraction_in_tiny_joint_state,demographic|clinical signs|clinical signs,False,0.5544455544455544,1.0,0.8600782376892037,cross_clinical_signs_plus_demographic,cross,5
311,3_00276,3,age|breed_group|chem_hypokalemia,age|breed_group|chem_hypokalemia,14.650554566881553,,7,108,logistic_deviance_improvement_age_linear_additive_to_joint_state,joint_state_n_lt_3;joint_state_n_lt_5;apparent_extreme_fraction_in_tiny_joint_state;age_model_newton_not_fully_converged,demographic|demographic|chemistry,True,0.057942057942057944,1.0,0.4885119315274526,cross_chemistry_plus_demographic,cross,10
312,3_14706,3,AUS_mesenteric lymphadenopathy|AUS_splenomegaly|CBC_monocytosis,AUS_mesenteric_lymphadenopathy|AUS_splenomegaly|CBC_monocytosis,14.643133704703889,0.06779228566992541,7,108,contingency_likelihood_ratio_G,joint_state_n_lt_3;joint_state_n_lt_5;apparent_extreme_fraction_in_tiny_joint_state,AUS|AUS|CBC,False,0.07092907092907093,1.0,0.5067656882763986,cross_AUS_plus_CBC,cross,19
314,3_02444,3,folate_high|breed_group|chem_elevated ast,folate_high|breed_group|chem_elevated_AST,14.63720317285622,0.08131779540475678,9,90,contingency_likelihood_ratio_G,joint_state_n_lt_3;joint_state_n_lt_5;apparent_extreme_fraction_in_tiny_joint_state,GI panel|demographic|chemistry,False,0.16083916083916083,1.0,0.6110859564096973,cross_GI_panel_plus_chemistry_plus_demographic,cross,20
315,3_08111,3,clinical signs_vomiting|AUS_duodenum|AUS_splenomegaly,clinical_signs_vomiting|AUS_duodenal_thickening|AUS_splenomegaly,14.616946974767012,0.06767105080910654,7,108,contingency_likelihood_ratio_G,joint_state_n_lt_3;joint_state_n_lt_5;apparent_extreme_fraction_in_tiny_joint_state,clinical signs|AUS|AUS,False,0.07392607392607392,1.0,0.5133245133245133,cross_AUS_plus_clinical_signs,cross,5
317,3_02453,3,folate_high|breed_group|chem_hypophosphatemia,folate_high|breed_group|chem_hypophosphatemia,14.588036614549342,0.08104464785860746,9,90,contingency_likelihood_ratio_G,joint_state_n_lt_3;joint_state_n_lt_5;apparent_extreme_fraction_in_tiny_joint_state,GI panel|demographic|chemistry,False,0.14685314685314685,1.0,0.5950494518269454,cross_GI_panel_plus_chemistry_plus_demographic,cross,21
319,3_00266,3,age|breed_group|chem_decreased alt,age|breed_group|chem_decreased_ALT,14.579594367620402,,6,108,logistic_deviance_improvement_age_linear_additive_to_joint_state,joint_state_n_lt_3;joint_state_n_lt_5;apparent_extreme_fraction_in_tiny_joint_state;age_model_newton_not_fully_converged,demographic|demographic|chemistry,True,0.025974025974025976,1.0,0.4405157732543995,cross_chemistry_plus_demographic,cross,11
320,3_10623,3,clinical signs_weight loss|AUS_gall bladder sludge|CBC_no abnormalities,clinical_signs_weight_loss|AUS_gall_bladder_sludge|CBC_no_abnormalities,14.56215153007103,0.06741736819477329,7,108,contingency_likelihood_ratio_G,joint_state_n_lt_3;joint_state_n_lt_5;apparent_extreme_fraction_in_tiny_joint_state,clinical signs|AUS|CBC,False,0.06493506493506493,1.0,0.5000184101034648,cross_AUS_plus_CBC_plus_clinical_signs,cross,9
321,3_17133,3,CBC_neutrophilia|chem_hyperproteinemia|chem_discordantly elevated bun,CBC_neutrophilia|chem_hyperproteinemia|chem_discordantly_elevated_BUN,14.55291965917786,0.06737462805174935,3,108,contingency_likelihood_ratio_G,empty_joint_state;joint_state_n_lt_3;joint_state_n_lt_5;apparent_extreme_fraction_in_tiny_joint_state,CBC|chemistry|chemistry,False,0.004995004995004995,1.0,0.4405157732543995,cross_CBC_plus_chemistry,cross,3
322,3_17134,3,CBC_neutrophilia|chem_hyperproteinemia|chem_hyperglycemia,CBC_neutrophilia|chem_hyperproteinemia|chem_hyperglycemia,14.55291965917786,0.06737462805174935,3,108,contingency_likelihood_ratio_G,empty_joint_state;joint_state_n_lt_3;joint_state_n_lt_5;apparent_extreme_fraction_in_tiny_joint_state,CBC|chemistry|chemistry,False,0.000999000999000999,1.0,0.4405157732543995,cross_CBC_plus_chemistry,cross,4
323,3_18731,3,chem_hyperproteinemia|chem_decreased alt|chem_discordantly elevated bun,chem_hyperproteinemia|chem_decreased_ALT|chem_discordantly_elevated_BUN,14.55291965917786,0.06737462805174935,3,108,contingency_likelihood_ratio_G,empty_joint_state;joint_state_n_lt_3;joint_state_n_lt_5;apparent_extreme_fraction_in_tiny_joint_state,chemistry|chemistry|chemistry,False,0.001998001998001998,1.0,0.4405157732543995,within_chemistry,within,2
324,3_18732,3,chem_hyperproteinemia|chem_decreased alt|chem_hyperglycemia,chem_hyperproteinemia|chem_decreased_ALT|chem_hyperglycemia,14.55291965917786,0.06737462805174935,3,108,contingency_likelihood_ratio_G,empty_joint_state;joint_state_n_lt_3;joint_state_n_lt_5;apparent_extreme_fraction_in_tiny_joint_state,chemistry|chemistry|chemistry,False,0.000999000999000999,1.0,0.4405157732543995,within_chemistry,within,3
325,3_18777,3,chem_hyperproteinemia|chem_discordantly elevated bun|chem_hyperglycemia,chem_hyperproteinemia|chem_discordantly_elevated_BUN|chem_hyperglycemia,14.55291965917786,0.06737462805174935,3,108,contingency_likelihood_ratio_G,empty_joint_state;joint_state_n_lt_3;joint_state_n_lt_5;apparent_extreme_fraction_in_tiny_joint_state,chemistry|chemistry|chemistry,False,0.000999000999000999,1.0,0.4405157732543995,within_chemistry,within,4
326,3_02440,3,folate_high|breed_group|chem_hypoproteinemia,folate_high|breed_group|chem_hypoproteinemia,14.548004023499304,0.08082224457499614,10,90,contingency_likelihood_ratio_G,joint_state_n_lt_3;joint_state_n_lt_5;apparent_extreme_fraction_in_tiny_joint_state,GI panel|demographic|chemistry,False,0.24175824175824176,1.0,0.6709938236945536,cross_GI_panel_plus_chemistry_plus_demographic,cross,22
327,3_00252,3,age|breed_group|CBC_no abnormalities,age|breed_group|CBC_no_abnormalities,14.546847364079838,,8,108,logistic_deviance_improvement_age_linear_additive_to_joint_state,joint_state_n_lt_3;joint_state_n_lt_5;apparent_extreme_fraction_in_tiny_joint_state;age_model_newton_not_fully_converged,demographic|demographic|CBC,True,0.11188811188811189,1.0,0.5658996496985325,cross_CBC_plus_demographic,cross,5
328,3_01912,3,cobalamin_low|AUS_enlarged pancreas|CBC_neutrophilia,cobalamin_low|AUS_enlarged_pancreas|CBC_neutrophilia,14.546113118665907,0.08081173954814393,5,90,contingency_likelihood_ratio_G,empty_joint_state;joint_state_n_lt_3;joint_state_n_lt_5;apparent_extreme_fraction_in_tiny_joint_state,GI panel|AUS|CBC,False,0.00999000999000999,1.0,0.4405157732543995,cross_AUS_plus_CBC_plus_GI_panel,cross,4
330,3_01109,3,age|chem_hyperproteinemia|chem_elevated alp,age|chem_hyperproteinemia|chem_elevated_ALP,14.532979516946043,,4,108,logistic_deviance_improvement_age_linear_additive_to_joint_state,empty_joint_state;joint_state_n_lt_3;joint_state_n_lt_5;apparent_extreme_fraction_in_tiny_joint_state;age_model_newton_not_fully_converged,demographic|chemistry|chemistry,True,0.002997002997002997,1.0,0.4405157732543995,cross_chemistry_plus_demographic,cross,12
331,3_00905,3,age|CBC_neutrophilia|CBC_monocytosis,age|CBC_neutrophilia|CBC_monocytosis,14.532196841903044,,4,108,logistic_deviance_improvement_age_linear_additive_to_joint_state,joint_state_n_lt_3;joint_state_n_lt_5;apparent_extreme_fraction_in_tiny_joint_state;age_model_newton_not_fully_converged,demographic|CBC|CBC,True,0.003996003996003996,1.0,0.4405157732543995,cross_CBC_plus_demographic,cross,6
333,3_04589,3,tli_high|clinical signs_diarrhea|CBC_basophilia,tli_high|clinical_signs_diarrhea|CBC_basophilia,14.512702384818414,0.08340633554493342,6,87,contingency_likelihood_ratio_G,empty_joint_state;joint_state_n_lt_3;joint_state_n_lt_5;apparent_extreme_fraction_in_tiny_joint_state,GI panel|clinical signs|CBC,False,0.023976023976023976,1.0,0.4405157732543995,cross_CBC_plus_GI_panel_plus_clinical_signs,cross,1
334,3_00902,3,age|CBC_neutrophilia|CBC_basocytosis,age|CBC_neutrophilia|CBC_basocytosis,14.507223202575105,,4,108,logistic_deviance_improvement_age_linear_additive_to_joint_state,empty_joint_state;joint_state_n_lt_3;joint_state_n_lt_5;apparent_extreme_fraction_in_tiny_joint_state;age_model_newton_not_fully_converged,demographic|CBC|CBC,True,0.001998001998001998,1.0,0.4405157732543995,cross_CBC_plus_demographic,cross,7
335,3_02335,3,folate_high|tli_high|AUS_enlarged pancreas,folate_high|tli_high|AUS_enlarged_pancreas,14.489673816222911,0.08327398744955695,7,87,contingency_likelihood_ratio_G,joint_state_n_lt_5;apparent_extreme_fraction_in_tiny_joint_state,GI panel|GI panel|AUS,False,0.06893106893106893,1.0,0.5034642652775576,cross_AUS_plus_GI_panel,cross,3
336,3_01402,3,cobalamin_low|breed_group|chem_elevated alt,cobalamin_low|breed_group|chem_elevated_ALT,14.449701795259495,0.08027612108477497,11,90,contingency_likelihood_ratio_G,joint_state_n_lt_3;joint_state_n_lt_5;apparent_extreme_fraction_in_tiny_joint_state,GI panel|demographic|chemistry,False,0.3596403596403596,1.0,0.7442562879593466,cross_GI_panel_plus_chemistry_plus_demographic,cross,23
337,3_00391,3,age|clinical signs_diarrhea|chem_azotemia,age|clinical_signs_diarrhea|chem_azotemia,14.44257285562233,,4,108,logistic_deviance_improvement_age_linear_additive_to_joint_state,joint_state_n_lt_5;apparent_extreme_fraction_in_tiny_joint_state;age_model_newton_not_fully_converged,demographic|clinical signs|chemistry,True,0.007992007992007992,1.0,0.4405157732543995,cross_chemistry_plus_clinical_signs_plus_demographic,cross,13
338,3_00410,3,age|clinical signs_hyporexia|AUS_ileus,age|clinical_signs_hyporexia|AUS_ileus,14.440908987907164,,4,108,logistic_deviance_improvement_age_linear_additive_to_joint_state,joint_state_n_lt_3;joint_state_n_lt_5;apparent_extreme_fraction_in_tiny_joint_state;age_model_newton_not_fully_converged,demographic|clinical signs|AUS,True,0.006993006993006993,1.0,0.4405157732543995,cross_AUS_plus_clinical_signs_plus_demographic,cross,24
339,3_02432,3,folate_high|breed_group|CBC_eosinopenia,folate_high|breed_group|CBC_eosinopenia,14.42372698827293,0.08013181660151628,8,90,contingency_likelihood_ratio_G,joint_state_n_lt_3;joint_state_n_lt_5;apparent_extreme_fraction_in_tiny_joint_state,GI panel|demographic|CBC,False,0.10589410589410589,1.0,0.5586178527354998,cross_CBC_plus_GI_panel_plus_demographic,cross,11
340,3_02438,3,folate_high|breed_group|CBC_anemia,folate_high|breed_group|CBC_anemia,14.42372698827293,0.08013181660151628,8,90,contingency_likelihood_ratio_G,joint_state_n_lt_3;joint_state_n_lt_5;apparent_extreme_fraction_in_tiny_joint_state,GI panel|demographic|CBC,False,0.1018981018981019,1.0,0.5544609940717554,cross_CBC_plus_GI_panel_plus_demographic,cross,12
341,3_02445,3,folate_high|breed_group|chem_elevated alp,folate_high|breed_group|chem_elevated_ALP,14.42372698827293,0.08013181660151628,8,90,contingency_likelihood_ratio_G,joint_state_n_lt_3;joint_state_n_lt_5;apparent_extreme_fraction_in_tiny_joint_state,GI panel|demographic|chemistry,False,0.10589410589410589,1.0,0.5586178527354998,cross_GI_panel_plus_chemistry_plus_demographic,cross,24
342,3_02448,3,folate_high|breed_group|chem_discordantly elevated bun,folate_high|breed_group|chem_discordantly_elevated_BUN,14.42372698827293,0.08013181660151628,8,90,contingency_likelihood_ratio_G,joint_state_n_lt_3;joint_state_n_lt_5;apparent_extreme_fraction_in_tiny_joint_state,GI panel|demographic|chemistry,False,0.1068931068931069,1.0,0.5592327320450601,cross_GI_panel_plus_chemistry_plus_demographic,cross,25
343,3_15792,3,AUS_enlarged pancreas|chem_hyperproteinemia|chem_decreased alt,AUS_enlarged_pancreas|chem_hyperproteinemia|chem_decreased_ALT,14.399528873239237,0.06666448552425573,4,108,contingency_likelihood_ratio_G,empty_joint_state;joint_state_n_lt_3;joint_state_n_lt_5;apparent_extreme_fraction_in_tiny_joint_state,AUS|chemistry|chemistry,False,0.007992007992007992,1.0,0.4405157732543995,cross_AUS_plus_chemistry,cross,4
344,3_15798,3,AUS_enlarged pancreas|chem_hyperproteinemia|chem_discordantly elevated bun,AUS_enlarged_pancreas|chem_hyperproteinemia|chem_discordantly_elevated_BUN,14.399528873239237,0.06666448552425573,4,108,contingency_likelihood_ratio_G,empty_joint_state;joint_state_n_lt_3;joint_state_n_lt_5;apparent_extreme_fraction_in_tiny_joint_state,AUS|chemistry|chemistry,False,0.006993006993006993,1.0,0.4405157732543995,cross_AUS_plus_chemistry,cross,5
345,3_15799,3,AUS_enlarged pancreas|chem_hyperproteinemia|chem_hyperglycemia,AUS_enlarged_pancreas|chem_hyperproteinemia|chem_hyperglycemia,14.399528873239237,0.06666448552425573,4,108,contingency_likelihood_ratio_G,empty_joint_state;joint_state_n_lt_3;joint_state_n_lt_5;apparent_extreme_fraction_in_tiny_joint_state,AUS|chemistry|chemistry,False,0.007992007992007992,1.0,0.4405157732543995,cross_AUS_plus_chemistry,cross,6
346,3_16039,3,AUS_splenomegaly|CBC_basophilia|chem_elevated alp,AUS_splenomegaly|CBC_basophilia|chem_elevated_ALP,14.386957013252985,0.06660628246876382,4,108,contingency_likelihood_ratio_G,empty_joint_state;joint_state_n_lt_3;joint_state_n_lt_5;apparent_extreme_fraction_in_tiny_joint_state,AUS|CBC|chemistry,False,0.005994005994005994,1.0,0.4405157732543995,cross_AUS_plus_CBC_plus_chemistry,cross,13
347,3_06459,3,breed_group|clinical signs_diarrhea|chem_azotemia,breed_group|clinical_signs_diarrhea|chem_azotemia,14.385054845393194,0.0665974761360796,12,108,contingency_likelihood_ratio_G,joint_state_n_lt_3;joint_state_n_lt_5;apparent_extreme_fraction_in_tiny_joint_state,demographic|clinical signs|chemistry,False,0.46553446553446554,1.0,0.817167506115895,cross_chemistry_plus_clinical_signs_plus_demographic,cross,14
348,3_08340,3,clinical signs_vomiting|AUS_splenomegaly|CBC_monocytosis,clinical_signs_vomiting|AUS_splenomegaly|CBC_monocytosis,14.38263196673122,0.06658625910523713,7,108,contingency_likelihood_ratio_G,joint_state_n_lt_3;joint_state_n_lt_5;apparent_extreme_fraction_in_tiny_joint_state,clinical signs|AUS|CBC,False,0.06293706293706294,1.0,0.49794400356198115,cross_AUS_plus_CBC_plus_clinical_signs,cross,10
349,3_01387,3,cobalamin_low|breed_group|CBC_no abnormalities,cobalamin_low|breed_group|CBC_no_abnormalities,14.374883823068528,0.07986046568371405,13,90,contingency_likelihood_ratio_G,joint_state_n_lt_3;joint_state_n_lt_5;apparent_extreme_fraction_in_tiny_joint_state,GI panel|demographic|CBC,False,0.5784215784215784,1.0,0.874509029737658,cross_CBC_plus_GI_panel_plus_demographic,cross,13
350,3_01113,3,age|chem_hyperproteinemia|chem_hyperglycemia,age|chem_hyperproteinemia|chem_hyperglycemia,14.37380721272531,,4,108,logistic_deviance_improvement_age_linear_additive_to_joint_state,empty_joint_state;joint_state_n_lt_3;joint_state_n_lt_5;apparent_extreme_fraction_in_tiny_joint_state;age_model_newton_not_fully_converged,demographic|chemistry|chemistry,True,0.002997002997002997,1.0,0.4405157732543995,cross_chemistry_plus_demographic,cross,13
351,3_10727,3,clinical signs_weight loss|CBC_eosinophilia|chem_discordantly elevated bun,clinical_signs_weight_loss|CBC_eosinophilia|chem_discordantly_elevated_BUN,14.366652131077608,0.06651227838461855,5,108,contingency_likelihood_ratio_G,empty_joint_state;joint_state_n_lt_3;joint_state_n_lt_5;apparent_extreme_fraction_in_tiny_joint_state,clinical signs|CBC|chemistry,False,0.006993006993006993,1.0,0.4405157732543995,cross_CBC_plus_chemistry_plus_clinical_signs,cross,1
353,3_01150,3,age|chem_elevated alp|chem_discordantly elevated bun,age|chem_elevated_ALP|chem_discordantly_elevated_BUN,14.338376546266332,,4,108,logistic_deviance_improvement_age_linear_additive_to_joint_state,empty_joint_state;joint_state_n_lt_3;joint_state_n_lt_5;apparent_extreme_fraction_in_tiny_joint_state;age_model_newton_not_fully_converged,demographic|chemistry|chemistry,True,0.001998001998001998,1.0,0.4405157732543995,cross_chemistry_plus_demographic,cross,14
355,3_15585,3,AUS_enlarged pancreas|CBC_neutrophilia|CBC_eosinophilia,AUS_enlarged_pancreas|CBC_neutrophilia|CBC_eosinophilia,14.314399489865266,0.06627036800863549,5,108,contingency_likelihood_ratio_G,empty_joint_state;joint_state_n_lt_3;joint_state_n_lt_5;apparent_extreme_fraction_in_tiny_joint_state,AUS|CBC|CBC,False,0.006993006993006993,1.0,0.4405157732543995,cross_AUS_plus_CBC,cross,20
356,3_00407,3,age|clinical signs_hyporexia|AUS_chronic degenerative renal changes,age|clinical_signs_hyporexia|AUS_chronic_degenerative_renal_changes,14.311612810394934,,4,108,logistic_deviance_improvement_age_linear_additive_to_joint_state,joint_state_n_lt_3;joint_state_n_lt_5;apparent_extreme_fraction_in_tiny_joint_state;age_model_newton_not_fully_converged,demographic|clinical signs|AUS,True,0.007992007992007992,1.0,0.4405157732543995,cross_AUS_plus_clinical_signs_plus_demographic,cross,25
357,3_04577,3,tli_high|clinical signs_diarrhea|AUS_colon,tli_high|clinical_signs_diarrhea|AUS_colonic_thickening,14.307673850005825,0.08222801063221738,6,87,contingency_likelihood_ratio_G,empty_joint_state;joint_state_n_lt_3;joint_state_n_lt_5;apparent_extreme_fraction_in_tiny_joint_state,GI panel|clinical signs|AUS,False,0.04595404595404595,1.0,0.47251396521272127,cross_AUS_plus_GI_panel_plus_clinical_signs,cross,4
358,3_15647,3,AUS_enlarged pancreas|CBC_eosinophilia|chem_discordantly elevated bun,AUS_enlarged_pancreas|CBC_eosinophilia|chem_discordantly_elevated_BUN,14.305927990565204,0.06623114810446853,4,108,contingency_likelihood_ratio_G,empty_joint_state;joint_state_n_lt_3;joint_state_n_lt_5;apparent_extreme_fraction_in_tiny_joint_state,AUS|CBC|chemistry,False,0.006993006993006993,1.0,0.4405157732543995,cross_AUS_plus_CBC_plus_chemistry,cross,14
359,3_15648,3,AUS_enlarged pancreas|CBC_eosinophilia|chem_hyperglycemia,AUS_enlarged_pancreas|CBC_eosinophilia|chem_hyperglycemia,14.305927990565204,0.06623114810446853,4,108,contingency_likelihood_ratio_G,empty_joint_state;joint_state_n_lt_3;joint_state_n_lt_5;apparent_extreme_fraction_in_tiny_joint_state,AUS|CBC|chemistry,False,0.004995004995004995,1.0,0.4405157732543995,cross_AUS_plus_CBC_plus_chemistry,cross,15
361,3_09644,3,clinical signs_hyporexia|AUS_duodenum|AUS_ileus,clinical_signs_hyporexia|AUS_duodenal_thickening|AUS_ileus,14.297313651068762,0.06619126690309612,6,108,contingency_likelihood_ratio_G,empty_joint_state;joint_state_n_lt_3;joint_state_n_lt_5;apparent_extreme_fraction_in_tiny_joint_state,clinical signs|AUS|AUS,False,0.03896103896103896,1.0,0.4605046047979224,cross_AUS_plus_clinical_signs,cross,6
363,3_02436,3,folate_high|breed_group|CBC_lymphopenia,folate_high|breed_group|CBC_lymphopenia,14.271592880119897,0.07928662711177721,11,90,contingency_likelihood_ratio_G,joint_state_n_lt_3;joint_state_n_lt_5;apparent_extreme_fraction_in_tiny_joint_state,GI panel|demographic|CBC,False,0.3696303696303696,1.0,0.751997066603808,cross_CBC_plus_GI_panel_plus_demographic,cross,14
364,3_16033,3,AUS_splenomegaly|CBC_basophilia|chem_no abnormalities,AUS_splenomegaly|CBC_basophilia|chem_no_abnormalities,14.268180410847213,0.06605639079095932,6,108,contingency_likelihood_ratio_G,empty_joint_state;joint_state_n_lt_3;joint_state_n_lt_5;apparent_extreme_fraction_in_tiny_joint_state,AUS|CBC|chemistry,False,0.03396603396603397,1.0,0.4566918230284567,cross_AUS_plus_CBC_plus_chemistry,cross,16
366,3_08159,3,clinical signs_vomiting|AUS_jejunum|chem_no abnormalities,clinical_signs_vomiting|AUS_jejunal_thickening|chem_no_abnormalities,14.258326140231386,0.0660107691677379,7,108,contingency_likelihood_ratio_G,,clinical signs|AUS|chemistry,False,0.06793206793206794,1.0,0.5017577604990192,cross_AUS_plus_chemistry_plus_clinical_signs,cross,1
368,3_01374,3,cobalamin_low|breed_group|clinical signs_hairball obstruction,cobalamin_low|breed_group|clinical_signs_hairball_obstruction,14.232830639120714,0.07907128132844841,9,90,contingency_likelihood_ratio_G,joint_state_n_lt_3;joint_state_n_lt_5;apparent_extreme_fraction_in_tiny_joint_state,GI panel|demographic|clinical signs,False,0.18281718281718282,1.0,0.6303446281683497,cross_GI_panel_plus_clinical_signs_plus_demographic,cross,18
369,3_04603,3,tli_high|clinical signs_diarrhea|chem_azotemia,tli_high|clinical_signs_diarrhea|chem_azotemia,14.229407545734475,0.08177820428583031,7,87,contingency_likelihood_ratio_G,joint_state_n_lt_3;joint_state_n_lt_5;apparent_extreme_fraction_in_tiny_joint_state,GI panel|clinical signs|chemistry,False,0.06293706293706294,1.0,0.49794400356198115,cross_GI_panel_plus_chemistry_plus_clinical_signs,cross,2
371,3_01324,3,cobalamin_low|pli_abn|breed_group,cobalamin_low|pli_abn|breed_group,14.225051285765819,0.08270378654515011,11,86,contingency_likelihood_ratio_G,joint_state_n_lt_3;joint_state_n_lt_5;apparent_extreme_fraction_in_tiny_joint_state,GI panel|GI panel|demographic,False,0.3886113886113886,1.0,0.7647531021922906,cross_GI_panel_plus_demographic,cross,10
372,3_09836,3,clinical signs_hyporexia|AUS_enlarged pancreas|CBC_neutrophilia,clinical_signs_hyporexia|AUS_enlarged_pancreas|CBC_neutrophilia,14.222358761625353,0.0658442535260433,5,108,contingency_likelihood_ratio_G,empty_joint_state;joint_state_n_lt_3;joint_state_n_lt_5;apparent_extreme_fraction_in_tiny_joint_state,clinical signs|AUS|CBC,False,0.015984015984015984,1.0,0.4405157732543995,cross_AUS_plus_CBC_plus_clinical_signs,cross,11
373,3_01169,3,age|chem_discordantly elevated bun|chem_hyperglycemia,age|chem_discordantly_elevated_BUN|chem_hyperglycemia,14.215155774847318,,4,108,logistic_deviance_improvement_age_linear_additive_to_joint_state,empty_joint_state;joint_state_n_lt_3;joint_state_n_lt_5;apparent_extreme_fraction_in_tiny_joint_state;age_model_newton_not_fully_converged,demographic|chemistry|chemistry,True,0.001998001998001998,1.0,0.4405157732543995,cross_chemistry_plus_demographic,cross,15
375,3_00906,3,age|CBC_neutrophilia|CBC_anemia,age|CBC_neutrophilia|CBC_anemia,14.199964968091777,,4,108,logistic_deviance_improvement_age_linear_additive_to_joint_state,empty_joint_state;joint_state_n_lt_3;joint_state_n_lt_5;apparent_extreme_fraction_in_tiny_joint_state;age_model_newton_not_fully_converged,demographic|CBC|CBC,True,0.001998001998001998,1.0,0.4405157732543995,cross_CBC_plus_demographic,cross,8
377,3_06505,3,breed_group|clinical signs_hyporexia|chem_hypophosphatemia,breed_group|clinical_signs_hyporexia|chem_hypophosphatemia,14.185304243260767,0.06567270482991096,9,108,contingency_likelihood_ratio_G,joint_state_n_lt_3;joint_state_n_lt_5;apparent_extreme_fraction_in_tiny_joint_state,demographic|clinical signs|chemistry,False,0.18281718281718282,1.0,0.6303446281683497,cross_chemistry_plus_clinical_signs_plus_demographic,cross,15
379,3_02824,3,folate_high|AUS_ileum|AUS_mesenteric lymphadenopathy,folate_high|AUS_ileal_thickening|AUS_mesenteric_lymphadenopathy,14.176581884039763,0.07875878824466535,7,90,contingency_likelihood_ratio_G,joint_state_n_lt_3;joint_state_n_lt_5;apparent_extreme_fraction_in_tiny_joint_state,GI panel|AUS|AUS,False,0.08091908091908091,1.0,0.5197410697410697,cross_AUS_plus_GI_panel,cross,4
382,3_00919,3,age|CBC_neutrophilia|chem_hypercalcemia,age|CBC_neutrophilia|chem_hypercalcemia,14.167935292222495,,4,108,logistic_deviance_improvement_age_linear_additive_to_joint_state,empty_joint_state;joint_state_n_lt_3;joint_state_n_lt_5;apparent_extreme_fraction_in_tiny_joint_state;age_model_newton_not_fully_converged,demographic|CBC|chemistry,True,0.002997002997002997,1.0,0.4405157732543995,cross_CBC_plus_chemistry_plus_demographic,cross,14
389,3_01039,3,age|CBC_lymphocytosis|chem_discordantly elevated bun,age|CBC_lymphocytosis|chem_discordantly_elevated_BUN,14.11181641328136,,4,108,logistic_deviance_improvement_age_linear_additive_to_joint_state,empty_joint_state;joint_state_n_lt_3;joint_state_n_lt_5;apparent_extreme_fraction_in_tiny_joint_state;age_model_newton_not_fully_converged,demographic|CBC|chemistry,True,0.003996003996003996,1.0,0.4405157732543995,cross_CBC_plus_chemistry_plus_demographic,cross,15
390,3_06484,3,breed_group|clinical signs_hyporexia|CBC_eosinopenia,breed_group|clinical_signs_hyporexia|CBC_eosinopenia,14.108383478848786,0.06531659017985549,8,108,contingency_likelihood_ratio_G,joint_state_n_lt_3;joint_state_n_lt_5;apparent_extreme_fraction_in_tiny_joint_state,demographic|clinical signs|CBC,False,0.12987012987012986,1.0,0.5898729056623794,cross_CBC_plus_clinical_signs_plus_demographic,cross,10
391,3_06497,3,breed_group|clinical signs_hyporexia|chem_elevated alp,breed_group|clinical_signs_hyporexia|chem_elevated_ALP,14.108383478848786,0.06531659017985549,8,108,contingency_likelihood_ratio_G,joint_state_n_lt_3;joint_state_n_lt_5;apparent_extreme_fraction_in_tiny_joint_state,demographic|clinical signs|chemistry,False,0.13086913086913088,1.0,0.5898729056623794,cross_chemistry_plus_clinical_signs_plus_demographic,cross,16
392,3_00269,3,age|breed_group|chem_elevated alp,age|breed_group|chem_elevated_ALP,14.104764021689874,,5,108,logistic_deviance_improvement_age_linear_additive_to_joint_state,joint_state_n_lt_3;joint_state_n_lt_5;apparent_extreme_fraction_in_tiny_joint_state;age_model_newton_not_fully_converged,demographic|demographic|chemistry,True,0.016983016983016984,1.0,0.4405157732543995,cross_chemistry_plus_demographic,cross,16
393,3_00490,3,age|clinical signs_hairball obstruction|CBC_neutrophilia,age|clinical_signs_hairball_obstruction|CBC_neutrophilia,14.104080293071618,,4,108,logistic_deviance_improvement_age_linear_additive_to_joint_state,empty_joint_state;joint_state_n_lt_3;joint_state_n_lt_5;apparent_extreme_fraction_in_tiny_joint_state;age_model_newton_not_fully_converged,demographic|clinical signs|CBC,True,0.002997002997002997,1.0,0.4405157732543995,cross_CBC_plus_clinical_signs_plus_demographic,cross,11
394,3_04964,3,tli_high|AUS_chronic degenerative renal changes|CBC_basophilia,tli_high|AUS_chronic_degenerative_renal_changes|CBC_basophilia,14.094120106035303,0.08100069026457071,5,87,contingency_likelihood_ratio_G,empty_joint_state;joint_state_n_lt_3;joint_state_n_lt_5;apparent_extreme_fraction_in_tiny_joint_state,GI panel|AUS|CBC,False,0.02097902097902098,1.0,0.4405157732543995,cross_AUS_plus_CBC_plus_GI_panel,cross,5
396,3_15493,3,AUS_enlarged pancreas|AUS_splenomegaly|CBC_eosinophilia,AUS_enlarged_pancreas|AUS_splenomegaly|CBC_eosinophilia,14.085795088887666,0.06521201430040587,6,108,contingency_likelihood_ratio_G,empty_joint_state;joint_state_n_lt_3;joint_state_n_lt_5;apparent_extreme_fraction_in_tiny_joint_state,AUS|AUS|CBC,False,0.025974025974025976,1.0,0.4405157732543995,cross_AUS_plus_CBC,cross,21
399,3_13266,3,AUS_jejunum|AUS_enlarged pancreas|chem_decreased alt,AUS_jejunal_thickening|AUS_enlarged_pancreas|chem_decreased_ALT,14.061836563502826,0.06510109520140198,4,108,contingency_likelihood_ratio_G,empty_joint_state;joint_state_n_lt_3;joint_state_n_lt_5;apparent_extreme_fraction_in_tiny_joint_state,AUS|AUS|chemistry,False,0.008991008991008992,1.0,0.4405157732543995,cross_AUS_plus_chemistry,cross,7
400,3_13272,3,AUS_jejunum|AUS_enlarged pancreas|chem_discordantly elevated bun,AUS_jejunal_thickening|AUS_enlarged_pancreas|chem_discordantly_elevated_BUN,14.061836563502826,0.06510109520140198,4,108,contingency_likelihood_ratio_G,empty_joint_state;joint_state_n_lt_3;joint_state_n_lt_5;apparent_extreme_fraction_in_tiny_joint_state,AUS|AUS|chemistry,False,0.008991008991008992,1.0,0.4405157732543995,cross_AUS_plus_chemistry,cross,8
404,3_06467,3,breed_group|clinical signs_hyporexia|clinical signs_hairball obstruction,breed_group|clinical_signs_hyporexia|clinical_signs_hairball_obstruction,14.042376409378399,0.06501100189527037,8,108,contingency_likelihood_ratio_G,joint_state_n_lt_3;joint_state_n_lt_5;apparent_extreme_fraction_in_tiny_joint_state,demographic|clinical signs|clinical signs,False,0.13586413586413587,1.0,0.5910867164871741,cross_clinical_signs_plus_demographic,cross,6
405,3_07237,3,breed_group|chem_discordantly elevated bun|chem_hyperglycemia,breed_group|chem_discordantly_elevated_BUN|chem_hyperglycemia,14.030954760968639,0.06495812389337333,5,108,contingency_likelihood_ratio_G,joint_state_n_lt_3;joint_state_n_lt_5;apparent_extreme_fraction_in_tiny_joint_state,demographic|chemistry|chemistry,False,0.02197802197802198,1.0,0.4405157732543995,cross_chemistry_plus_demographic,cross,17
406,3_00432,3,age|clinical signs_hyporexia|chem_discordantly elevated bun,age|clinical_signs_hyporexia|chem_discordantly_elevated_BUN,14.005516041241165,,4,108,logistic_deviance_improvement_age_linear_additive_to_joint_state,empty_joint_state;joint_state_n_lt_3;joint_state_n_lt_5;apparent_extreme_fraction_in_tiny_joint_state;age_model_newton_not_fully_converged,demographic|clinical signs|chemistry,True,0.006993006993006993,1.0,0.4405157732543995,cross_chemistry_plus_clinical_signs_plus_demographic,cross,17
408,3_10720,3,clinical signs_weight loss|CBC_eosinophilia|chem_hyperproteinemia,clinical_signs_weight_loss|CBC_eosinophilia|chem_hyperproteinemia,13.979824849004498,0.06472141133798379,5,108,contingency_likelihood_ratio_G,empty_joint_state;joint_state_n_lt_3;joint_state_n_lt_5;apparent_extreme_fraction_in_tiny_joint_state,clinical signs|CBC|chemistry,False,0.01898101898101898,1.0,0.4405157732543995,cross_CBC_plus_chemistry_plus_clinical_signs,cross,2
410,3_00332,3,age|clinical signs_vomiting|CBC_neutrophilia,age|clinical_signs_vomiting|CBC_neutrophilia,13.9749275990509,,4,108,logistic_deviance_improvement_age_linear_additive_to_joint_state,joint_state_n_lt_3;joint_state_n_lt_5;apparent_extreme_fraction_in_tiny_joint_state;age_model_newton_not_fully_converged,demographic|clinical signs|CBC,True,0.005994005994005994,1.0,0.4405157732543995,cross_CBC_plus_clinical_signs_plus_demographic,cross,12
412,3_00908,3,age|CBC_neutrophilia|chem_hypoproteinemia,age|CBC_neutrophilia|chem_hypoproteinemia,13.940394470057726,,4,108,logistic_deviance_improvement_age_linear_additive_to_joint_state,empty_joint_state;joint_state_n_lt_3;joint_state_n_lt_5;apparent_extreme_fraction_in_tiny_joint_state;age_model_newton_not_fully_converged,demographic|CBC|chemistry,True,0.001998001998001998,1.0,0.4405157732543995,cross_CBC_plus_chemistry_plus_demographic,cross,16
413,3_16030,3,AUS_splenomegaly|CBC_basophilia|CBC_lymphopenia,AUS_splenomegaly|CBC_basophilia|CBC_lymphopenia,13.940307793114496,0.0645384620051597,5,108,contingency_likelihood_ratio_G,empty_joint_state;joint_state_n_lt_3;joint_state_n_lt_5;apparent_extreme_fraction_in_tiny_joint_state,AUS|CBC|CBC,False,0.02097902097902098,1.0,0.4405157732543995,cross_AUS_plus_CBC,cross,22
414,3_02957,3,folate_high|AUS_enlarged pancreas|CBC_basophilia,folate_high|AUS_enlarged_pancreas|CBC_basophilia,13.934657340509512,0.07741476300283062,6,90,contingency_likelihood_ratio_G,empty_joint_state;joint_state_n_lt_3;joint_state_n_lt_5;apparent_extreme_fraction_in_tiny_joint_state,GI panel|AUS|CBC,False,0.03196803196803197,1.0,0.4559461543707605,cross_AUS_plus_CBC_plus_GI_panel,cross,6
416,3_00255,3,age|breed_group|CBC_eosinophilia,age|breed_group|CBC_eosinophilia,13.922652761561977,,7,108,logistic_deviance_improvement_age_linear_additive_to_joint_state,joint_state_n_lt_3;joint_state_n_lt_5;apparent_extreme_fraction_in_tiny_joint_state;age_model_newton_not_fully_converged,demographic|demographic|CBC,True,0.07392607392607392,1.0,0.5133245133245133,cross_CBC_plus_demographic,cross,9
418,3_16105,3,AUS_splenomegaly|CBC_monocytosis|chem_hyperproteinemia,AUS_splenomegaly|CBC_monocytosis|chem_hyperproteinemia,13.920853619900646,0.06444839638842892,5,108,contingency_likelihood_ratio_G,empty_joint_state;joint_state_n_lt_3;joint_state_n_lt_5;apparent_extreme_fraction_in_tiny_joint_state,AUS|CBC|chemistry,False,0.02197802197802198,1.0,0.4405157732543995,cross_AUS_plus_CBC_plus_chemistry,cross,17
419,3_02415,3,folate_high|breed_group|clinical signs_hairball obstruction,folate_high|breed_group|clinical_signs_hairball_obstruction,13.903402892161205,0.07724112717867336,9,90,contingency_likelihood_ratio_G,joint_state_n_lt_3;joint_state_n_lt_5;apparent_extreme_fraction_in_tiny_joint_state,GI panel|demographic|clinical signs,False,0.1928071928071928,1.0,0.636950538601277,cross_GI_panel_plus_clinical_signs_plus_demographic,cross,19
420,3_02416,3,folate_high|breed_group|clinical signs_constipation,folate_high|breed_group|clinical_signs_constipation,13.903402892161205,0.07724112717867336,8,90,contingency_likelihood_ratio_G,joint_state_n_lt_3;joint_state_n_lt_5;apparent_extreme_fraction_in_tiny_joint_state,GI panel|demographic|clinical signs,False,0.12287712287712288,1.0,0.584034965034965,cross_GI_panel_plus_clinical_signs_plus_demographic,cross,20
422,3_00912,3,age|CBC_neutrophilia|chem_elevated ast,age|CBC_neutrophilia|chem_elevated_AST,13.889714245167127,,4,108,logistic_deviance_improvement_age_linear_additive_to_joint_state,empty_joint_state;joint_state_n_lt_3;joint_state_n_lt_5;apparent_extreme_fraction_in_tiny_joint_state;age_model_newton_not_fully_converged,demographic|CBC|chemistry,True,0.002997002997002997,1.0,0.4405157732543995,cross_CBC_plus_chemistry_plus_demographic,cross,17
423,3_06496,3,breed_group|clinical signs_hyporexia|chem_elevated ast,breed_group|clinical_signs_hyporexia|chem_elevated_AST,13.885539468447343,0.06428490494651548,8,108,contingency_likelihood_ratio_G,joint_state_n_lt_3;joint_state_n_lt_5;apparent_extreme_fraction_in_tiny_joint_state,demographic|clinical signs|chemistry,False,0.13686313686313686,1.0,0.5915076058290425,cross_chemistry_plus_clinical_signs_plus_demographic,cross,18
424,3_00539,3,age|clinical signs_constipation|chem_hyperproteinemia,age|clinical_signs_constipation|chem_hyperproteinemia,13.879694360407385,,4,108,logistic_deviance_improvement_age_linear_additive_to_joint_state,empty_joint_state;joint_state_n_lt_3;joint_state_n_lt_5;apparent_extreme_fraction_in_tiny_joint_state;age_model_newton_not_fully_converged,demographic|clinical signs|chemistry,True,0.003996003996003996,1.0,0.4405157732543995,cross_chemistry_plus_clinical_signs_plus_demographic,cross,19
425,3_04585,3,tli_high|clinical signs_diarrhea|CBC_neutrophilia,tli_high|clinical_signs_diarrhea|CBC_neutrophilia,13.875802287483264,0.0797459901579498,5,87,contingency_likelihood_ratio_G,empty_joint_state;joint_state_n_lt_3;joint_state_n_lt_5;apparent_extreme_fraction_in_tiny_joint_state,GI panel|clinical signs|CBC,False,0.01998001998001998,1.0,0.4405157732543995,cross_CBC_plus_GI_panel_plus_clinical_signs,cross,2
427,3_13190,3,AUS_jejunum|AUS_mesenteric lymphadenopathy|AUS_splenomegaly,AUS_jejunal_thickening|AUS_mesenteric_lymphadenopathy|AUS_splenomegaly,13.8658396478743,0.06419370207349212,7,108,contingency_likelihood_ratio_G,joint_state_n_lt_3;joint_state_n_lt_5;apparent_extreme_fraction_in_tiny_joint_state,AUS|AUS|AUS,False,0.07692307692307693,1.0,0.5138656143575329,within_AUS,within,4
428,3_00234,3,age|breed_group|clinical signs_none,age|breed_group|clinical_signs_none_reported,13.862842371500292,,7,108,logistic_deviance_improvement_age_linear_additive_to_joint_state,joint_state_n_lt_3;joint_state_n_lt_5;apparent_extreme_fraction_in_tiny_joint_state;age_model_newton_not_fully_converged,demographic|demographic|clinical signs,True,0.08091908091908091,1.0,0.5197410697410697,cross_clinical_signs_plus_demographic,cross,7
429,3_11244,3,clinical signs_hairball obstruction|AUS_splenomegaly|CBC_basophilia,clinical_signs_hairball_obstruction|AUS_splenomegaly|CBC_basophilia,13.858793402368168,0.0641610805665193,4,108,contingency_likelihood_ratio_G,empty_joint_state;joint_state_n_lt_3;joint_state_n_lt_5;apparent_extreme_fraction_in_tiny_joint_state,clinical signs|AUS|CBC,False,0.00999000999000999,1.0,0.4405157732543995,cross_AUS_plus_CBC_plus_clinical_signs,cross,12
431,3_00290,3,age|clinical signs_none|CBC_neutrophilia,age|clinical_signs_none_reported|CBC_neutrophilia,13.849154405629221,,4,108,logistic_deviance_improvement_age_linear_additive_to_joint_state,empty_joint_state;joint_state_n_lt_3;joint_state_n_lt_5;apparent_extreme_fraction_in_tiny_joint_state;age_model_newton_not_fully_converged,demographic|clinical signs|CBC,True,0.001998001998001998,1.0,0.4405157732543995,cross_CBC_plus_clinical_signs_plus_demographic,cross,13
432,3_00911,3,age|CBC_neutrophilia|chem_elevated alt,age|CBC_neutrophilia|chem_elevated_ALT,13.843845898858547,,4,108,logistic_deviance_improvement_age_linear_additive_to_joint_state,empty_joint_state;joint_state_n_lt_3;joint_state_n_lt_5;apparent_extreme_fraction_in_tiny_joint_state;age_model_newton_not_fully_converged,demographic|CBC|chemistry,True,0.004995004995004995,1.0,0.4405157732543995,cross_CBC_plus_chemistry_plus_demographic,cross,18
433,3_03452,3,folate_low|breed_group|clinical signs_vomiting,folate_low|breed_group|clinical_signs_vomiting,13.836618602347947,0.07687010334637748,10,90,contingency_likelihood_ratio_G,joint_state_n_lt_3;joint_state_n_lt_5;apparent_extreme_fraction_in_tiny_joint_state,GI panel|demographic|clinical signs,False,0.3026973026973027,1.0,0.7113573694537849,cross_GI_panel_plus_clinical_signs_plus_demographic,cross,21
434,3_09802,3,clinical signs_hyporexia|AUS_chronic degenerative renal changes|AUS_enlarged pancreas,clinical_signs_hyporexia|AUS_chronic_degenerative_renal_changes|AUS_enlarged_pancreas,13.830480404322453,0.06403000187186321,6,108,contingency_likelihood_ratio_G,empty_joint_state;joint_state_n_lt_3;joint_state_n_lt_5;apparent_extreme_fraction_in_tiny_joint_state,clinical signs|AUS|AUS,False,0.04295704295704296,1.0,0.4648260106427437,cross_AUS_plus_clinical_signs,cross,7
436,3_05062,3,tli_high|AUS_ileus|chem_azotemia,tli_high|AUS_ileus|chem_azotemia,13.82695360308413,0.07946525059243753,5,87,contingency_likelihood_ratio_G,empty_joint_state;joint_state_n_lt_3;joint_state_n_lt_5;apparent_extreme_fraction_in_tiny_joint_state,GI panel|AUS|chemistry,False,0.02097902097902098,1.0,0.4405157732543995,cross_AUS_plus_GI_panel_plus_chemistry,cross,1
438,3_00904,3,age|CBC_neutrophilia|CBC_lymphopenia,age|CBC_neutrophilia|CBC_lymphopenia,13.825415474040597,,4,108,logistic_deviance_improvement_age_linear_additive_to_joint_state,empty_joint_state;joint_state_n_lt_3;joint_state_n_lt_5;apparent_extreme_fraction_in_tiny_joint_state;age_model_newton_not_fully_converged,demographic|CBC|CBC,True,0.002997002997002997,1.0,0.4405157732543995,cross_CBC_plus_demographic,cross,10
439,3_05910,3,pli_abn|AUS_chronic degenerative renal changes|CBC_neutrophilia,pli_abn|AUS_chronic_degenerative_renal_changes|CBC_neutrophilia,13.809409029061696,0.08028726179687032,4,86,contingency_likelihood_ratio_G,empty_joint_state;joint_state_n_lt_3;joint_state_n_lt_5;apparent_extreme_fraction_in_tiny_joint_state,GI panel|AUS|CBC,False,0.013986013986013986,1.0,0.4405157732543995,cross_AUS_plus_CBC_plus_GI_panel,cross,7
441,3_15906,3,AUS_splenomegaly|AUS_gall bladder sludge|CBC_monocytosis,AUS_splenomegaly|AUS_gall_bladder_sludge|CBC_monocytosis,13.798684092003334,0.06388279672223766,7,108,contingency_likelihood_ratio_G,joint_state_n_lt_3;joint_state_n_lt_5;apparent_extreme_fraction_in_tiny_joint_state,AUS|AUS|CBC,False,0.07392607392607392,1.0,0.5133245133245133,cross_AUS_plus_CBC,cross,23
442,3_06440,3,breed_group|clinical signs_diarrhea|CBC_no abnormalities,breed_group|clinical_signs_diarrhea|CBC_no_abnormalities,13.798621694722506,0.06388250784593753,13,108,contingency_likelihood_ratio_G,joint_state_n_lt_3;joint_state_n_lt_5;apparent_extreme_fraction_in_tiny_joint_state,demographic|clinical signs|CBC,False,0.5864135864135864,1.0,0.878765279805715,cross_CBC_plus_clinical_signs_plus_demographic,cross,14
443,3_04537,3,tli_high|clinical signs_vomiting|AUS_mesenteric lymphadenopathy,tli_high|clinical_signs_vomiting|AUS_mesenteric_lymphadenopathy,13.79016623046321,0.0792538289107081,7,87,contingency_likelihood_ratio_G,,GI panel|clinical signs|AUS,False,0.0959040959040959,1.0,0.5459067878229555,cross_AUS_plus_GI_panel_plus_clinical_signs,cross,5
444,3_01163,3,age|chem_azotemia|chem_discordantly elevated bun,age|chem_azotemia|chem_discordantly_elevated_BUN,13.790094342605713,,4,108,logistic_deviance_improvement_age_linear_additive_to_joint_state,empty_joint_state;joint_state_n_lt_3;joint_state_n_lt_5;apparent_extreme_fraction_in_tiny_joint_state;age_model_newton_not_fully_converged,demographic|chemistry|chemistry,True,0.002997002997002997,1.0,0.4405157732543995,cross_chemistry_plus_demographic,cross,18
447,3_08711,3,clinical signs_diarrhea|clinical signs_hyporexia|clinical signs_weight loss,clinical_signs_diarrhea|clinical_signs_hyporexia|clinical_signs_weight_loss,13.773946909738546,0.06376827273027105,7,108,contingency_likelihood_ratio_G,joint_state_n_lt_3;joint_state_n_lt_5;apparent_extreme_fraction_in_tiny_joint_state,clinical signs|clinical signs|clinical signs,False,0.07392607392607392,1.0,0.5133245133245133,within_clinical_signs,within,1
448,3_16713,3,AUS_gall bladder sludge|CBC_lymphopenia|CBC_monocytosis,AUS_gall_bladder_sludge|CBC_lymphopenia|CBC_monocytosis,13.770441517809386,0.06375204406393234,5,108,contingency_likelihood_ratio_G,empty_joint_state;joint_state_n_lt_3;joint_state_n_lt_5;apparent_extreme_fraction_in_tiny_joint_state,AUS|CBC|CBC,False,0.023976023976023976,1.0,0.4405157732543995,cross_AUS_plus_CBC,cross,24
449,3_00425,3,age|clinical signs_hyporexia|chem_hyperproteinemia,age|clinical_signs_hyporexia|chem_hyperproteinemia,13.768678558500227,,4,108,logistic_deviance_improvement_age_linear_additive_to_joint_state,joint_state_n_lt_3;joint_state_n_lt_5;apparent_extreme_fraction_in_tiny_joint_state;age_model_newton_not_fully_converged,demographic|clinical signs|chemistry,True,0.011988011988011988,1.0,0.4405157732543995,cross_chemistry_plus_clinical_signs_plus_demographic,cross,20
450,3_00901,3,age|CBC_neutrophilia|CBC_basophilia,age|CBC_neutrophilia|CBC_basophilia,13.768070697521054,,4,108,logistic_deviance_improvement_age_linear_additive_to_joint_state,joint_state_n_lt_3;joint_state_n_lt_5;apparent_extreme_fraction_in_tiny_joint_state;age_model_newton_not_fully_converged,demographic|CBC|CBC,True,0.004995004995004995,1.0,0.4405157732543995,cross_CBC_plus_demographic,cross,11
452,3_00920,3,age|CBC_neutrophilia|chem_hypokalemia,age|CBC_neutrophilia|chem_hypokalemia,13.767201362636456,,4,108,logistic_deviance_improvement_age_linear_additive_to_joint_state,empty_joint_state;joint_state_n_lt_3;joint_state_n_lt_5;apparent_extreme_fraction_in_tiny_joint_state;age_model_newton_not_fully_converged,demographic|CBC|chemistry,True,0.004995004995004995,1.0,0.4405157732543995,cross_CBC_plus_chemistry_plus_demographic,cross,19
453,3_02429,3,folate_high|breed_group|CBC_neutrophilia,folate_high|breed_group|CBC_neutrophilia,13.7649599540773,0.07647199974487388,8,90,contingency_likelihood_ratio_G,joint_state_n_lt_3;joint_state_n_lt_5;apparent_extreme_fraction_in_tiny_joint_state,GI panel|demographic|CBC,False,0.12487512487512488,1.0,0.5857700158218293,cross_CBC_plus_GI_panel_plus_demographic,cross,15
454,3_00071,3,age|folate_high|CBC_neutrophilia,age|folate_high|CBC_neutrophilia,13.762033258134153,,4,90,logistic_deviance_improvement_age_linear_additive_to_joint_state,joint_state_n_lt_3;joint_state_n_lt_5;apparent_extreme_fraction_in_tiny_joint_state;age_model_newton_not_fully_converged,demographic|GI panel|CBC,True,0.004995004995004995,1.0,0.4405157732543995,cross_CBC_plus_GI_panel_plus_demographic,cross,16
455,3_00268,3,age|breed_group|chem_elevated ast,age|breed_group|chem_elevated_AST,13.760862067104867,,6,108,logistic_deviance_improvement_age_linear_additive_to_joint_state,joint_state_n_lt_3;joint_state_n_lt_5;apparent_extreme_fraction_in_tiny_joint_state;age_model_newton_not_fully_converged,demographic|demographic|chemistry,True,0.04895104895104895,1.0,0.4793792779658504,cross_chemistry_plus_demographic,cross,19
456,3_00452,3,age|clinical signs_weight loss|CBC_neutrophilia,age|clinical_signs_weight_loss|CBC_neutrophilia,13.760539842917936,,4,108,logistic_deviance_improvement_age_linear_additive_to_joint_state,empty_joint_state;joint_state_n_lt_3;joint_state_n_lt_5;apparent_extreme_fraction_in_tiny_joint_state;age_model_newton_not_fully_converged,demographic|clinical signs|CBC,True,0.005994005994005994,1.0,0.4405157732543995,cross_CBC_plus_clinical_signs_plus_demographic,cross,15
457,3_00024,3,age|cobalamin_low|CBC_neutrophilia,age|cobalamin_low|CBC_neutrophilia,13.749901497210857,,4,90,logistic_deviance_improvement_age_linear_additive_to_joint_state,empty_joint_state;joint_state_n_lt_3;joint_state_n_lt_5;apparent_extreme_fraction_in_tiny_joint_state;age_model_newton_not_fully_converged,demographic|GI panel|CBC,True,0.005994005994005994,1.0,0.4405157732543995,cross_CBC_plus_GI_panel_plus_demographic,cross,17
458,3_13267,3,AUS_jejunum|AUS_enlarged pancreas|chem_elevated alt,AUS_jejunal_thickening|AUS_enlarged_pancreas|chem_elevated_ALT,13.739683145859477,0.06360964419379388,7,108,contingency_likelihood_ratio_G,joint_state_n_lt_3;joint_state_n_lt_5;apparent_extreme_fraction_in_tiny_joint_state,AUS|AUS|chemistry,False,0.07392607392607392,1.0,0.5133245133245133,cross_AUS_plus_chemistry,cross,9
459,3_07181,3,breed_group|chem_hyperproteinemia|chem_hyperglycemia,breed_group|chem_hyperproteinemia|chem_hyperglycemia,13.738998630175894,0.06360647513970322,5,108,contingency_likelihood_ratio_G,joint_state_n_lt_3;joint_state_n_lt_5;apparent_extreme_fraction_in_tiny_joint_state,demographic|chemistry|chemistry,False,0.026973026973026972,1.0,0.4405594405594406,cross_chemistry_plus_demographic,cross,20
465,3_00277,3,age|breed_group|chem_hypophosphatemia,age|breed_group|chem_hypophosphatemia,13.725529902662359,,6,108,logistic_deviance_improvement_age_linear_additive_to_joint_state,joint_state_n_lt_3;joint_state_n_lt_5;apparent_extreme_fraction_in_tiny_joint_state;age_model_newton_not_fully_converged,demographic|demographic|chemistry,True,0.03996003996003996,1.0,0.4605046047979224,cross_chemistry_plus_demographic,cross,21
466,3_01111,3,age|chem_hyperproteinemia|chem_azotemia,age|chem_hyperproteinemia|chem_azotemia,13.72532035421392,,4,108,logistic_deviance_improvement_age_linear_additive_to_joint_state,joint_state_n_lt_3;joint_state_n_lt_5;apparent_extreme_fraction_in_tiny_joint_state;age_model_newton_not_fully_converged,demographic|chemistry|chemistry,True,0.008991008991008992,1.0,0.4405157732543995,cross_chemistry_plus_demographic,cross,22
467,3_00898,3,age|CBC_neutrophilia|CBC_neutropenia,age|CBC_neutrophilia|CBC_neutropenia,13.706063763592368,,4,108,logistic_deviance_improvement_age_linear_additive_to_joint_state,empty_joint_state;joint_state_n_lt_3;joint_state_n_lt_5;apparent_extreme_fraction_in_tiny_joint_state;age_model_newton_not_fully_converged,demographic|CBC|CBC,True,0.002997002997002997,1.0,0.4405157732543995,cross_CBC_plus_demographic,cross,12
468,3_07192,3,breed_group|chem_decreased alt|chem_hyperglycemia,breed_group|chem_decreased_ALT|chem_hyperglycemia,13.701011512497917,0.06343060885415702,6,108,contingency_likelihood_ratio_G,joint_state_n_lt_3;joint_state_n_lt_5;apparent_extreme_fraction_in_tiny_joint_state,demographic|chemistry|chemistry,False,0.03796203796203796,1.0,0.4605046047979224,cross_chemistry_plus_demographic,cross,23
469,3_16038,3,AUS_splenomegaly|CBC_basophilia|chem_elevated ast,AUS_splenomegaly|CBC_basophilia|chem_elevated_AST,13.685038984347939,0.06335666196457379,5,108,contingency_likelihood_ratio_G,empty_joint_state;joint_state_n_lt_3;joint_state_n_lt_5;apparent_extreme_fraction_in_tiny_joint_state,AUS|CBC|chemistry,False,0.015984015984015984,1.0,0.4405157732543995,cross_AUS_plus_CBC_plus_chemistry,cross,18
470,3_00373,3,age|clinical signs_diarrhea|CBC_neutrophilia,age|clinical_signs_diarrhea|CBC_neutrophilia,13.67923582307435,,4,108,logistic_deviance_improvement_age_linear_additive_to_joint_state,joint_state_n_lt_3;joint_state_n_lt_5;apparent_extreme_fraction_in_tiny_joint_state;age_model_newton_not_fully_converged,demographic|clinical signs|CBC,True,0.006993006993006993,1.0,0.4405157732543995,cross_CBC_plus_clinical_signs_plus_demographic,cross,16
472,3_10575,3,clinical signs_weight loss|AUS_splenomegaly|CBC_basophilia,clinical_signs_weight_loss|AUS_splenomegaly|CBC_basophilia,13.672037070409052,0.06329646791856043,6,108,contingency_likelihood_ratio_G,empty_joint_state;joint_state_n_lt_3;joint_state_n_lt_5;apparent_extreme_fraction_in_tiny_joint_state,clinical signs|AUS|CBC,False,0.029970029970029972,1.0,0.45114030862249394,cross_AUS_plus_CBC_plus_clinical_signs,cross,13
475,3_00235,3,age|breed_group|clinical signs_vomiting,age|breed_group|clinical_signs_vomiting,13.653386754702467,,8,108,logistic_deviance_improvement_age_linear_additive_to_joint_state,joint_state_n_lt_3;joint_state_n_lt_5;apparent_extreme_fraction_in_tiny_joint_state;age_model_newton_not_fully_converged,demographic|demographic|clinical signs,True,0.13886113886113885,1.0,0.5917084232134693,cross_clinical_signs_plus_demographic,cross,8
476,3_07937,3,clinical signs_vomiting|clinical signs_hyporexia|AUS_ileus,clinical_signs_vomiting|clinical_signs_hyporexia|AUS_ileus,13.651752407784333,0.06320255744344598,6,108,contingency_likelihood_ratio_G,empty_joint_state;joint_state_n_lt_3;joint_state_n_lt_5;apparent_extreme_fraction_in_tiny_joint_state,clinical signs|clinical signs|AUS,False,0.054945054945054944,1.0,0.48227857092123017,cross_AUS_plus_clinical_signs,cross,8
477,3_00259,3,age|breed_group|CBC_lymphocytosis,age|breed_group|CBC_lymphocytosis,13.64511759180452,,6,108,logistic_deviance_improvement_age_linear_additive_to_joint_state,joint_state_n_lt_3;joint_state_n_lt_5;apparent_extreme_fraction_in_tiny_joint_state;age_model_newton_not_fully_converged,demographic|demographic|CBC,True,0.04395604395604396,1.0,0.46870011648474913,cross_CBC_plus_demographic,cross,13
478,3_09090,3,clinical signs_diarrhea|AUS_enlarged pancreas|CBC_neutrophilia,clinical_signs_diarrhea|AUS_enlarged_pancreas|CBC_neutrophilia,13.641412904537857,0.06315468937286045,5,108,contingency_likelihood_ratio_G,empty_joint_state;joint_state_n_lt_3;joint_state_n_lt_5;apparent_extreme_fraction_in_tiny_joint_state,clinical signs|AUS|CBC,False,0.00999000999000999,1.0,0.4405157732543995,cross_AUS_plus_CBC_plus_clinical_signs,cross,14
479,3_04579,3,tli_high|clinical signs_diarrhea|AUS_chronic degenerative renal changes,tli_high|clinical_signs_diarrhea|AUS_chronic_degenerative_renal_changes,13.63001283909281,0.07833340712122305,7,87,contingency_likelihood_ratio_G,joint_state_n_lt_3;joint_state_n_lt_5;apparent_extreme_fraction_in_tiny_joint_state,GI panel|clinical signs|AUS,False,0.09490509490509491,1.0,0.545611026409333,cross_AUS_plus_GI_panel_plus_clinical_signs,cross,6
480,3_04948,3,tli_high|AUS_mesenteric lymphadenopathy|chem_azotemia,tli_high|AUS_mesenteric_lymphadenopathy|chem_azotemia,13.623920736219132,0.07829839503574214,7,87,contingency_likelihood_ratio_G,joint_state_n_lt_3;joint_state_n_lt_5;apparent_extreme_fraction_in_tiny_joint_state,GI panel|AUS|chemistry,False,0.10989010989010989,1.0,0.5629832307277739,cross_AUS_plus_GI_panel_plus_chemistry,cross,2
482,3_08342,3,clinical signs_vomiting|AUS_splenomegaly|chem_no abnormalities,clinical_signs_vomiting|AUS_splenomegaly|chem_no_abnormalities,13.600702529496965,0.0629662154143378,7,108,contingency_likelihood_ratio_G,joint_state_n_lt_3;joint_state_n_lt_5;apparent_extreme_fraction_in_tiny_joint_state,clinical signs|AUS|chemistry,False,0.07792207792207792,1.0,0.5149303251493033,cross_AUS_plus_chemistry_plus_clinical_signs,cross,2
483,3_00168,3,age|tli_high|CBC_basophilia,age|tli_high|CBC_basophilia,13.58933681423612,,4,87,logistic_deviance_improvement_age_linear_additive_to_joint_state,joint_state_n_lt_3;joint_state_n_lt_5;apparent_extreme_fraction_in_tiny_joint_state;age_model_newton_not_fully_converged,demographic|GI panel|CBC,True,0.01098901098901099,1.0,0.4405157732543995,cross_CBC_plus_GI_panel_plus_demographic,cross,18
484,3_05207,3,tli_high|CBC_basophilia|chem_hyperproteinemia,tli_high|CBC_basophilia|chem_hyperproteinemia,13.58883761564676,0.07809676790601586,5,87,contingency_likelihood_ratio_G,empty_joint_state;joint_state_n_lt_3;joint_state_n_lt_5;apparent_extreme_fraction_in_tiny_joint_state,GI panel|CBC|chemistry,False,0.016983016983016984,1.0,0.4405157732543995,cross_CBC_plus_GI_panel_plus_chemistry,cross,2
485,3_04473,3,tli_high|breed_group|CBC_monocytosis,tli_high|breed_group|CBC_monocytosis,13.581226964433617,0.07805302853122768,10,87,contingency_likelihood_ratio_G,joint_state_n_lt_3;joint_state_n_lt_5;apparent_extreme_fraction_in_tiny_joint_state,GI panel|demographic|CBC,False,0.2997002997002997,1.0,0.7104380644830501,cross_CBC_plus_GI_panel_plus_demographic,cross,19
486,3_00261,3,age|breed_group|CBC_monocytosis,age|breed_group|CBC_monocytosis,13.58009166892056,,7,108,logistic_deviance_improvement_age_linear_additive_to_joint_state,joint_state_n_lt_3;joint_state_n_lt_5;apparent_extreme_fraction_in_tiny_joint_state;age_model_newton_not_fully_converged,demographic|demographic|CBC,True,0.06793206793206794,1.0,0.5017577604990192,cross_CBC_plus_demographic,cross,14
488,3_08323,3,clinical signs_vomiting|AUS_enlarged pancreas|chem_discordantly elevated bun,clinical_signs_vomiting|AUS_enlarged_pancreas|chem_discordantly_elevated_BUN,13.545483924185138,0.06271057372307934,4,108,contingency_likelihood_ratio_G,empty_joint_state;joint_state_n_lt_3;joint_state_n_lt_5;apparent_extreme_fraction_in_tiny_joint_state,clinical signs|AUS|chemistry,False,0.014985014985014986,1.0,0.4405157732543995,cross_AUS_plus_chemistry_plus_clinical_signs,cross,3
489,3_04842,3,tli_high|AUS_jejunum|CBC_monocytosis,tli_high|AUS_jejunal_thickening|CBC_monocytosis,13.540628434396453,0.07781970364595663,7,87,contingency_likelihood_ratio_G,joint_state_n_lt_3;joint_state_n_lt_5;apparent_extreme_fraction_in_tiny_joint_state,GI panel|AUS|CBC,False,0.07592407592407592,1.0,0.5133245133245133,cross_AUS_plus_CBC_plus_GI_panel,cross,8
491,3_05025,3,tli_high|AUS_splenomegaly|CBC_monocytosis,tli_high|AUS_splenomegaly|CBC_monocytosis,13.529211484957514,0.07775408899400871,7,87,contingency_likelihood_ratio_G,joint_state_n_lt_3;joint_state_n_lt_5;apparent_extreme_fraction_in_tiny_joint_state,GI panel|AUS|CBC,False,0.08491508491508491,1.0,0.5284470030787544,cross_AUS_plus_CBC_plus_GI_panel,cross,9
492,3_06485,3,breed_group|clinical signs_hyporexia|CBC_basophilia,breed_group|clinical_signs_hyporexia|CBC_basophilia,13.528106313217835,0.06263012182045294,9,108,contingency_likelihood_ratio_G,joint_state_n_lt_3;joint_state_n_lt_5;apparent_extreme_fraction_in_tiny_joint_state,demographic|clinical signs|CBC,False,0.24975024975024976,1.0,0.6779342873003639,cross_CBC_plus_clinical_signs_plus_demographic,cross,17
496,3_09903,3,clinical signs_hyporexia|AUS_ileus|chem_hyperproteinemia,clinical_signs_hyporexia|AUS_ileus|chem_hyperproteinemia,13.517909601196813,0.06258291482035562,6,108,contingency_likelihood_ratio_G,empty_joint_state;joint_state_n_lt_3;joint_state_n_lt_5;apparent_extreme_fraction_in_tiny_joint_state,clinical signs|AUS|chemistry,False,0.04295704295704296,1.0,0.4648260106427437,cross_AUS_plus_chemistry_plus_clinical_signs,cross,4
500,3_00961,3,age|CBC_eosinophilia|chem_discordantly elevated bun,age|CBC_eosinophilia|chem_discordantly_elevated_BUN,13.50070447512367,,4,108,logistic_deviance_improvement_age_linear_additive_to_joint_state,empty_joint_state;joint_state_n_lt_3;joint_state_n_lt_5;apparent_extreme_fraction_in_tiny_joint_state;age_model_newton_not_fully_converged,demographic|CBC|chemistry,True,0.005994005994005994,1.0,0.4405157732543995,cross_CBC_plus_chemistry_plus_demographic,cross,20
503,3_09848,3,clinical signs_hyporexia|AUS_enlarged pancreas|chem_hyperproteinemia,clinical_signs_hyporexia|AUS_enlarged_pancreas|chem_hyperproteinemia,13.49360017969867,0.06247037120230866,6,108,contingency_likelihood_ratio_G,empty_joint_state;joint_state_n_lt_3;joint_state_n_lt_5;apparent_extreme_fraction_in_tiny_joint_state,clinical signs|AUS|chemistry,False,0.04795204795204795,1.0,0.47781149667942124,cross_AUS_plus_chemistry_plus_clinical_signs,cross,5
504,3_05120,3,tli_high|CBC_neutrophilia|chem_hypoproteinemia,tli_high|CBC_neutrophilia|chem_hypoproteinemia,13.492161657299906,0.07754115894999947,5,87,contingency_likelihood_ratio_G,empty_joint_state;joint_state_n_lt_3;joint_state_n_lt_5;apparent_extreme_fraction_in_tiny_joint_state,GI panel|CBC|chemistry,False,0.012987012987012988,1.0,0.4405157732543995,cross_CBC_plus_GI_panel_plus_chemistry,cross,3
506,3_01117,3,age|chem_hyperproteinemia|chem_hypophosphatemia,age|chem_hyperproteinemia|chem_hypophosphatemia,13.474649677514435,,4,108,logistic_deviance_improvement_age_linear_additive_to_joint_state,empty_joint_state;joint_state_n_lt_3;joint_state_n_lt_5;apparent_extreme_fraction_in_tiny_joint_state;age_model_newton_not_fully_converged,demographic|chemistry|chemistry,True,0.003996003996003996,1.0,0.4405157732543995,cross_chemistry_plus_demographic,cross,24
508,3_05179,3,tli_high|CBC_eosinopenia|CBC_basophilia,tli_high|CBC_eosinopenia|CBC_basophilia,13.46612616037502,0.0773915296573277,4,87,contingency_likelihood_ratio_G,empty_joint_state;joint_state_n_lt_3;joint_state_n_lt_5;apparent_extreme_fraction_in_tiny_joint_state,GI panel|CBC|CBC,False,0.004995004995004995,1.0,0.4405157732543995,cross_CBC_plus_GI_panel,cross,5
509,3_05214,3,tli_high|CBC_basophilia|chem_discordantly elevated bun,tli_high|CBC_basophilia|chem_discordantly_elevated_BUN,13.466126160375019,0.07739152965732769,4,87,contingency_likelihood_ratio_G,empty_joint_state;joint_state_n_lt_3;joint_state_n_lt_5;apparent_extreme_fraction_in_tiny_joint_state,GI panel|CBC|chemistry,False,0.004995004995004995,1.0,0.4405157732543995,cross_CBC_plus_GI_panel_plus_chemistry,cross,4
510,3_05215,3,tli_high|CBC_basophilia|chem_hyperglycemia,tli_high|CBC_basophilia|chem_hyperglycemia,13.466126160375019,0.07739152965732769,4,87,contingency_likelihood_ratio_G,empty_joint_state;joint_state_n_lt_3;joint_state_n_lt_5;apparent_extreme_fraction_in_tiny_joint_state,GI panel|CBC|chemistry,False,0.003996003996003996,1.0,0.4405157732543995,cross_CBC_plus_GI_panel_plus_chemistry,cross,5
511,3_09825,3,clinical signs_hyporexia|AUS_chronic degenerative renal changes|chem_azotemia,clinical_signs_hyporexia|AUS_chronic_degenerative_renal_changes|chem_azotemia,13.465899605888287,0.062342127805038366,6,108,contingency_likelihood_ratio_G,empty_joint_state;joint_state_n_lt_3;joint_state_n_lt_5;apparent_extreme_fraction_in_tiny_joint_state,clinical signs|AUS|chemistry,False,0.053946053946053944,1.0,0.48173902189872125,cross_AUS_plus_chemistry_plus_clinical_signs,cross,6
512,3_01110,3,age|chem_hyperproteinemia|chem_elevated total bilirubin,age|chem_hyperproteinemia|chem_elevated_total_bilirubin,13.460979134381773,,4,108,logistic_deviance_improvement_age_linear_additive_to_joint_state,empty_joint_state;joint_state_n_lt_3;joint_state_n_lt_5;apparent_extreme_fraction_in_tiny_joint_state;age_model_newton_not_fully_converged,demographic|chemistry|chemistry,True,0.004995004995004995,1.0,0.4405157732543995,cross_chemistry_plus_demographic,cross,25
513,3_16028,3,AUS_splenomegaly|CBC_basophilia|CBC_basocytosis,AUS_splenomegaly|CBC_basophilia|CBC_basocytosis,13.449466315306294,0.06226604775604766,4,108,contingency_likelihood_ratio_G,empty_joint_state;joint_state_n_lt_3;joint_state_n_lt_5;apparent_extreme_fraction_in_tiny_joint_state,AUS|CBC|CBC,False,0.004995004995004995,1.0,0.4405157732543995,cross_AUS_plus_CBC,cross,25
514,3_16045,3,AUS_splenomegaly|CBC_basophilia|chem_hypercalcemia,AUS_splenomegaly|CBC_basophilia|chem_hypercalcemia,13.449466315306294,0.06226604775604766,4,108,contingency_likelihood_ratio_G,empty_joint_state;joint_state_n_lt_3;joint_state_n_lt_5;apparent_extreme_fraction_in_tiny_joint_state,AUS|CBC|chemistry,False,0.011988011988011988,1.0,0.4405157732543995,cross_AUS_plus_CBC_plus_chemistry,cross,19
517,3_06419,3,breed_group|clinical signs_vomiting|chem_discordantly elevated bun,breed_group|clinical_signs_vomiting|chem_discordantly_elevated_BUN,13.435675186818846,0.06220219993897614,8,108,contingency_likelihood_ratio_G,joint_state_n_lt_3;joint_state_n_lt_5;apparent_extreme_fraction_in_tiny_joint_state,demographic|clinical signs|chemistry,False,0.15984015984015984,1.0,0.6098497127997429,cross_chemistry_plus_clinical_signs_plus_demographic,cross,21
518,3_04543,3,tli_high|clinical signs_vomiting|CBC_no abnormalities,tli_high|clinical_signs_vomiting|CBC_no_abnormalities,13.43353513938573,0.07720422493899845,7,87,contingency_likelihood_ratio_G,joint_state_n_lt_5;apparent_extreme_fraction_in_tiny_joint_state,GI panel|clinical signs|CBC,False,0.10589410589410589,1.0,0.5586178527354998,cross_CBC_plus_GI_panel_plus_clinical_signs,cross,3
520,3_00954,3,age|CBC_eosinophilia|chem_hyperproteinemia,age|CBC_eosinophilia|chem_hyperproteinemia,13.427197708733715,,4,108,logistic_deviance_improvement_age_linear_additive_to_joint_state,empty_joint_state;age_model_newton_not_fully_converged,demographic|CBC|chemistry,True,0.007992007992007992,1.0,0.4405157732543995,cross_CBC_plus_chemistry_plus_demographic,cross,21
521,3_15809,3,AUS_enlarged pancreas|chem_decreased alt|chem_discordantly elevated bun,AUS_enlarged_pancreas|chem_decreased_ALT|chem_discordantly_elevated_BUN,13.415293197712575,0.06210783887829896,3,108,contingency_likelihood_ratio_G,empty_joint_state;joint_state_n_lt_3;joint_state_n_lt_5;apparent_extreme_fraction_in_tiny_joint_state,AUS|chemistry|chemistry,False,0.003996003996003996,1.0,0.4405157732543995,cross_AUS_plus_chemistry,cross,10
522,3_15810,3,AUS_enlarged pancreas|chem_decreased alt|chem_hyperglycemia,AUS_enlarged_pancreas|chem_decreased_ALT|chem_hyperglycemia,13.415293197712575,0.06210783887829896,3,108,contingency_likelihood_ratio_G,empty_joint_state;joint_state_n_lt_3;joint_state_n_lt_5;apparent_extreme_fraction_in_tiny_joint_state,AUS|chemistry|chemistry,False,0.002997002997002997,1.0,0.4405157732543995,cross_AUS_plus_chemistry,cross,11
523,3_15855,3,AUS_enlarged pancreas|chem_discordantly elevated bun|chem_hyperglycemia,AUS_enlarged_pancreas|chem_discordantly_elevated_BUN|chem_hyperglycemia,13.415293197712575,0.06210783887829896,3,108,contingency_likelihood_ratio_G,empty_joint_state;joint_state_n_lt_3;joint_state_n_lt_5;apparent_extreme_fraction_in_tiny_joint_state,AUS|chemistry|chemistry,False,0.002997002997002997,1.0,0.4405157732543995,cross_AUS_plus_chemistry,cross,12
524,3_01317,3,cobalamin_low|tli_high|chem_azotemia,cobalamin_low|tli_high|chem_azotemia,13.413672770784347,0.07709007339531233,7,87,contingency_likelihood_ratio_G,joint_state_n_lt_3;joint_state_n_lt_5;apparent_extreme_fraction_in_tiny_joint_state,GI panel|GI panel|chemistry,False,0.11388611388611389,1.0,0.5694904779597046,cross_GI_panel_plus_chemistry,cross,3
525,3_05007,3,tli_high|AUS_enlarged pancreas|chem_azotemia,tli_high|AUS_enlarged_pancreas|chem_azotemia,13.403156770759589,0.07702963661356085,6,87,contingency_likelihood_ratio_G,empty_joint_state;joint_state_n_lt_3;joint_state_n_lt_5;apparent_extreme_fraction_in_tiny_joint_state,GI panel|AUS|chemistry,False,0.04995004995004995,1.0,0.4793792779658504,cross_AUS_plus_GI_panel_plus_chemistry,cross,3
526,3_10728,3,clinical signs_weight loss|CBC_eosinophilia|chem_hyperglycemia,clinical_signs_weight_loss|CBC_eosinophilia|chem_hyperglycemia,13.401571117879394,0.06204431073092312,4,108,contingency_likelihood_ratio_G,empty_joint_state;joint_state_n_lt_3;joint_state_n_lt_5;apparent_extreme_fraction_in_tiny_joint_state,clinical signs|CBC|chemistry,False,0.011988011988011988,1.0,0.4405157732543995,cross_CBC_plus_chemistry_plus_clinical_signs,cross,3
528,3_00236,3,age|breed_group|clinical signs_diarrhea,age|breed_group|clinical_signs_diarrhea,13.39978795587848,,8,108,logistic_deviance_improvement_age_linear_additive_to_joint_state,joint_state_n_lt_3;joint_state_n_lt_5;apparent_extreme_fraction_in_tiny_joint_state;age_model_newton_not_fully_converged,demographic|demographic|clinical signs,True,0.15284715284715283,1.0,0.6002747510700412,cross_clinical_signs_plus_demographic,cross,9
529,3_04403,3,tli_high|pli_abn|clinical signs_vomiting,tli_high|pli_abn|clinical_signs_vomiting,13.397659619959038,0.07789336988348278,7,86,contingency_likelihood_ratio_G,joint_state_n_lt_3;joint_state_n_lt_5;apparent_extreme_fraction_in_tiny_joint_state,GI panel|GI panel|clinical signs,False,0.07992007992007992,1.0,0.518934617295273,cross_GI_panel_plus_clinical_signs,cross,2
530,3_12712,3,AUS_duodenum|AUS_enlarged pancreas|AUS_splenomegaly,AUS_duodenal_thickening|AUS_enlarged_pancreas|AUS_splenomegaly,13.397421341307682,0.06202509880235038,7,108,contingency_likelihood_ratio_G,joint_state_n_lt_3;joint_state_n_lt_5;apparent_extreme_fraction_in_tiny_joint_state,AUS|AUS|AUS,False,0.08391608391608392,1.0,0.5270606499546044,within_AUS,within,5
532,3_04425,3,tli_high|pli_abn|CBC_basophilia,tli_high|pli_abn|CBC_basophilia,13.392787358934681,0.07786504278450396,6,86,contingency_likelihood_ratio_G,empty_joint_state;joint_state_n_lt_3;joint_state_n_lt_5;apparent_extreme_fraction_in_tiny_joint_state,GI panel|GI panel|CBC,False,0.03796203796203796,1.0,0.4605046047979224,cross_CBC_plus_GI_panel,cross,6
533,3_00260,3,age|breed_group|CBC_lymphopenia,age|breed_group|CBC_lymphopenia,13.378576662180137,,7,108,logistic_deviance_improvement_age_linear_additive_to_joint_state,joint_state_n_lt_3;joint_state_n_lt_5;apparent_extreme_fraction_in_tiny_joint_state;age_model_newton_not_fully_converged,demographic|demographic|CBC,True,0.08891108891108891,1.0,0.5369687491669702,cross_CBC_plus_demographic,cross,15
534,3_01199,3,cobalamin_low|folate_high|AUS_mesenteric lymphadenopathy,cobalamin_low|folate_high|AUS_mesenteric_lymphadenopathy,13.378135460860253,0.07432297478255696,7,90,contingency_likelihood_ratio_G,joint_state_n_lt_3;joint_state_n_lt_5;apparent_extreme_fraction_in_tiny_joint_state,GI panel|GI panel|AUS,False,0.0999000999000999,1.0,0.5522828436466122,cross_AUS_plus_GI_panel,cross,5
538,3_00173,3,age|tli_high|CBC_anemia,age|tli_high|CBC_anemia,13.3685124926116,,4,87,logistic_deviance_improvement_age_linear_additive_to_joint_state,empty_joint_state;joint_state_n_lt_3;joint_state_n_lt_5;apparent_extreme_fraction_in_tiny_joint_state;age_model_newton_not_fully_converged,demographic|GI panel|CBC,True,0.003996003996003996,1.0,0.4405157732543995,cross_CBC_plus_GI_panel_plus_demographic,cross,20
542,3_13273,3,AUS_jejunum|AUS_enlarged pancreas|chem_hyperglycemia,AUS_jejunal_thickening|AUS_enlarged_pancreas|chem_hyperglycemia,13.336339045772815,0.06174231039709637,4,108,contingency_likelihood_ratio_G,empty_joint_state;joint_state_n_lt_3;joint_state_n_lt_5;apparent_extreme_fraction_in_tiny_joint_state,AUS|AUS|chemistry,False,0.01098901098901099,1.0,0.4405157732543995,cross_AUS_plus_chemistry,cross,13
545,3_01352,3,cobalamin_low|pli_abn|CBC_monocytosis,cobalamin_low|pli_abn|CBC_monocytosis,13.316471260434554,0.0774213445374102,7,86,contingency_likelihood_ratio_G,joint_state_n_lt_3;joint_state_n_lt_5;apparent_extreme_fraction_in_tiny_joint_state,GI panel|GI panel|CBC,False,0.09090909090909091,1.0,0.5401136363636364,cross_CBC_plus_GI_panel,cross,7
546,3_07317,3,clinical signs_none|AUS_jejunum|AUS_enlarged pancreas,clinical_signs_none_reported|AUS_jejunal_thickening|AUS_enlarged_pancreas,13.307436695486677,0.06160850321984573,7,108,contingency_likelihood_ratio_G,joint_state_n_lt_3;joint_state_n_lt_5;apparent_extreme_fraction_in_tiny_joint_state,clinical signs|AUS|AUS,False,0.0899100899100899,1.0,0.5375379337643489,cross_AUS_plus_clinical_signs,cross,9
547,3_00546,3,age|clinical signs_constipation|chem_discordantly elevated bun,age|clinical_signs_constipation|chem_discordantly_elevated_BUN,13.304919368630493,,4,108,logistic_deviance_improvement_age_linear_additive_to_joint_state,empty_joint_state;joint_state_n_lt_3;joint_state_n_lt_5;apparent_extreme_fraction_in_tiny_joint_state;age_model_newton_not_fully_converged,demographic|clinical signs|chemistry,True,0.005994005994005994,1.0,0.4405157732543995,cross_chemistry_plus_clinical_signs_plus_demographic,cross,22
548,3_00975,3,age|CBC_eosinopenia|chem_hyperproteinemia,age|CBC_eosinopenia|chem_hyperproteinemia,13.29669337971464,,4,108,logistic_deviance_improvement_age_linear_additive_to_joint_state,empty_joint_state;joint_state_n_lt_3;joint_state_n_lt_5;apparent_extreme_fraction_in_tiny_joint_state;age_model_newton_not_fully_converged,demographic|CBC|chemistry,True,0.003996003996003996,1.0,0.4405157732543995,cross_CBC_plus_chemistry_plus_demographic,cross,22
549,3_04527,3,tli_high|clinical signs_vomiting|clinical signs_diarrhea,tli_high|clinical_signs_vomiting|clinical_signs_diarrhea,13.273540026352997,0.07628471279513216,7,87,contingency_likelihood_ratio_G,joint_state_n_lt_3;joint_state_n_lt_5;apparent_extreme_fraction_in_tiny_joint_state,GI panel|clinical signs|clinical signs,False,0.0969030969030969,1.0,0.5466829905999046,cross_GI_panel_plus_clinical_signs,cross,3
550,3_09924,3,clinical signs_hyporexia|AUS_gall bladder sludge|CBC_lymphopenia,clinical_signs_hyporexia|AUS_gall_bladder_sludge|CBC_lymphopenia,13.268943584098242,0.06143029437082519,6,108,contingency_likelihood_ratio_G,empty_joint_state;joint_state_n_lt_3;joint_state_n_lt_5;apparent_extreme_fraction_in_tiny_joint_state,clinical signs|AUS|CBC,False,0.07192807192807193,1.0,0.5096893415939261,cross_AUS_plus_CBC_plus_clinical_signs,cross,15
552,3_15503,3,AUS_enlarged pancreas|AUS_splenomegaly|chem_hyperproteinemia,AUS_enlarged_pancreas|AUS_splenomegaly|chem_hyperproteinemia,13.254625104975212,0.06136400511562598,5,108,contingency_likelihood_ratio_G,empty_joint_state;joint_state_n_lt_3;joint_state_n_lt_5;apparent_extreme_fraction_in_tiny_joint_state,AUS|AUS|chemistry,False,0.023976023976023976,1.0,0.4405157732543995,cross_AUS_plus_chemistry,cross,14
553,3_16113,3,AUS_splenomegaly|CBC_monocytosis|chem_hyperglycemia,AUS_splenomegaly|CBC_monocytosis|chem_hyperglycemia,13.250612825859449,0.0613454297493493,4,108,contingency_likelihood_ratio_G,empty_joint_state;joint_state_n_lt_3;joint_state_n_lt_5;apparent_extreme_fraction_in_tiny_joint_state,AUS|CBC|chemistry,False,0.01098901098901099,1.0,0.4405157732543995,cross_AUS_plus_CBC_plus_chemistry,cross,20
556,3_04467,3,tli_high|breed_group|CBC_eosinophilia,tli_high|breed_group|CBC_eosinophilia,13.2465517609385,0.07612960782148563,10,87,contingency_likelihood_ratio_G,joint_state_n_lt_3;joint_state_n_lt_5;apparent_extreme_fraction_in_tiny_joint_state,GI panel|demographic|CBC,False,0.3626373626373626,1.0,0.7462346074750014,cross_CBC_plus_GI_panel_plus_demographic,cross,21
558,3_09676,3,clinical signs_hyporexia|AUS_jejunum|AUS_enlarged pancreas,clinical_signs_hyporexia|AUS_jejunal_thickening|AUS_enlarged_pancreas,13.235637930955681,0.061276101532202226,7,108,contingency_likelihood_ratio_G,joint_state_n_lt_3;joint_state_n_lt_5;apparent_extreme_fraction_in_tiny_joint_state,clinical signs|AUS|AUS,False,0.11188811188811189,1.0,0.5658996496985325,cross_AUS_plus_clinical_signs,cross,10
559,3_06385,3,breed_group|clinical signs_vomiting|clinical signs_weight loss,breed_group|clinical_signs_vomiting|clinical_signs_weight_loss,13.234055638470627,0.061268776104030684,14,108,contingency_likelihood_ratio_G,joint_state_n_lt_3;joint_state_n_lt_5;apparent_extreme_fraction_in_tiny_joint_state,demographic|clinical signs|clinical signs,False,0.7322677322677322,1.0,0.9371843908363598,cross_clinical_signs_plus_demographic,cross,10
560,3_15598,3,AUS_enlarged pancreas|CBC_neutrophilia|chem_elevated ast,AUS_enlarged_pancreas|CBC_neutrophilia|chem_elevated_AST,13.230590811055524,0.06125273523636817,4,108,contingency_likelihood_ratio_G,empty_joint_state;joint_state_n_lt_3;joint_state_n_lt_5;apparent_extreme_fraction_in_tiny_joint_state,AUS|CBC|chemistry,False,0.003996003996003996,1.0,0.4405157732543995,cross_AUS_plus_CBC_plus_chemistry,cross,21
562,3_15596,3,AUS_enlarged pancreas|CBC_neutrophilia|chem_decreased alt,AUS_enlarged_pancreas|CBC_neutrophilia|chem_decreased_ALT,13.226489696251088,0.061233748593755036,4,108,contingency_likelihood_ratio_G,empty_joint_state;joint_state_n_lt_3;joint_state_n_lt_5;apparent_extreme_fraction_in_tiny_joint_state,AUS|CBC|chemistry,False,0.002997002997002997,1.0,0.4405157732543995,cross_AUS_plus_CBC_plus_chemistry,cross,22
563,3_15599,3,AUS_enlarged pancreas|CBC_neutrophilia|chem_elevated alp,AUS_enlarged_pancreas|CBC_neutrophilia|chem_elevated_ALP,13.226489696251088,0.061233748593755036,4,108,contingency_likelihood_ratio_G,empty_joint_state;joint_state_n_lt_3;joint_state_n_lt_5;apparent_extreme_fraction_in_tiny_joint_state,AUS|CBC|chemistry,False,0.001998001998001998,1.0,0.4405157732543995,cross_AUS_plus_CBC_plus_chemistry,cross,23
564,3_01369,3,cobalamin_low|breed_group|clinical signs_none,cobalamin_low|breed_group|clinical_signs_none_reported,13.224872508819441,0.07347151393788579,10,90,contingency_likelihood_ratio_G,joint_state_n_lt_3;joint_state_n_lt_5;apparent_extreme_fraction_in_tiny_joint_state,GI panel|demographic|clinical signs,False,0.3516483516483517,1.0,0.739305370069497,cross_GI_panel_plus_clinical_signs_plus_demographic,cross,22
565,3_05127,3,tli_high|CBC_neutrophilia|chem_azotemia,tli_high|CBC_neutrophilia|chem_azotemia,13.206394691120114,0.0758988200639087,5,87,contingency_likelihood_ratio_G,empty_joint_state;joint_state_n_lt_3;joint_state_n_lt_5;apparent_extreme_fraction_in_tiny_joint_state,GI panel|CBC|chemistry,False,0.026973026973026972,1.0,0.4405594405594406,cross_CBC_plus_GI_panel_plus_chemistry,cross,6
566,3_08769,3,clinical signs_diarrhea|clinical signs_weight loss|CBC_basophilia,clinical_signs_diarrhea|clinical_signs_weight_loss|CBC_basophilia,13.20382043466264,0.06112879830862333,7,108,contingency_likelihood_ratio_G,joint_state_n_lt_3;joint_state_n_lt_5;apparent_extreme_fraction_in_tiny_joint_state,clinical signs|clinical signs|CBC,False,0.061938061938061936,1.0,0.49540026654035907,cross_CBC_plus_clinical_signs,cross,3
568,3_04581,3,tli_high|clinical signs_diarrhea|AUS_splenomegaly,tli_high|clinical_signs_diarrhea|AUS_splenomegaly,13.190902855382685,0.07580978652518784,7,87,contingency_likelihood_ratio_G,joint_state_n_lt_3;joint_state_n_lt_5;apparent_extreme_fraction_in_tiny_joint_state,GI panel|clinical signs|AUS,False,0.11588411588411589,1.0,0.5741956766194452,cross_AUS_plus_GI_panel_plus_clinical_signs,cross,7
570,3_01396,3,cobalamin_low|breed_group|CBC_monocytosis,cobalamin_low|breed_group|CBC_monocytosis,13.185357354043607,0.07325198530024225,11,90,contingency_likelihood_ratio_G,joint_state_n_lt_3;joint_state_n_lt_5;apparent_extreme_fraction_in_tiny_joint_state,GI panel|demographic|CBC,False,0.43956043956043955,1.0,0.8006249355166771,cross_CBC_plus_GI_panel_plus_demographic,cross,22
571,3_08304,3,clinical signs_vomiting|AUS_enlarged pancreas|CBC_neutrophilia,clinical_signs_vomiting|AUS_enlarged_pancreas|CBC_neutrophilia,13.177651897876768,0.06100764767535541,5,108,contingency_likelihood_ratio_G,empty_joint_state;joint_state_n_lt_3;joint_state_n_lt_5;apparent_extreme_fraction_in_tiny_joint_state,clinical signs|AUS|CBC,False,0.02197802197802198,1.0,0.4405157732543995,cross_AUS_plus_CBC_plus_clinical_signs,cross,16
573,3_05074,3,tli_high|AUS_gall bladder sludge|CBC_basophilia,tli_high|AUS_gall_bladder_sludge|CBC_basophilia,13.168932630031925,0.07568352086225244,5,87,contingency_likelihood_ratio_G,empty_joint_state;joint_state_n_lt_3;joint_state_n_lt_5;apparent_extreme_fraction_in_tiny_joint_state,GI panel|AUS|CBC,False,0.026973026973026972,1.0,0.4405594405594406,cross_AUS_plus_CBC_plus_GI_panel,cross,10
574,3_04885,3,tli_high|AUS_ileum|chem_azotemia,tli_high|AUS_ileal_thickening|chem_azotemia,13.165921563149837,0.07566621588017147,7,87,contingency_likelihood_ratio_G,joint_state_n_lt_3;joint_state_n_lt_5;apparent_extreme_fraction_in_tiny_joint_state,GI panel|AUS|chemistry,False,0.0989010989010989,1.0,0.5501192780303371,cross_AUS_plus_GI_panel_plus_chemistry,cross,4
575,3_04993,3,tli_high|AUS_enlarged pancreas|CBC_basophilia,tli_high|AUS_enlarged_pancreas|CBC_basophilia,13.164967224627997,0.07566073117602297,5,87,contingency_likelihood_ratio_G,empty_joint_state;joint_state_n_lt_3;joint_state_n_lt_5;apparent_extreme_fraction_in_tiny_joint_state,GI panel|AUS|CBC,False,0.015984015984015984,1.0,0.4405157732543995,cross_AUS_plus_CBC_plus_GI_panel,cross,11
578,3_15681,3,AUS_enlarged pancreas|CBC_basophilia|chem_hyperproteinemia,AUS_enlarged_pancreas|CBC_basophilia|chem_hyperproteinemia,13.155470113432846,0.06090495422885577,5,108,contingency_likelihood_ratio_G,empty_joint_state;joint_state_n_lt_3;joint_state_n_lt_5;apparent_extreme_fraction_in_tiny_joint_state,AUS|CBC|chemistry,False,0.023976023976023976,1.0,0.4405157732543995,cross_AUS_plus_CBC_plus_chemistry,cross,24
579,3_00098,3,age|folate_low|breed_group,age|folate_low|breed_group,13.153929204135707,,7,90,logistic_deviance_improvement_age_linear_additive_to_joint_state,joint_state_n_lt_3;joint_state_n_lt_5;apparent_extreme_fraction_in_tiny_joint_state;age_model_newton_not_fully_converged,demographic|GI panel|demographic,True,0.09290709290709291,1.0,0.542824108896635,cross_GI_panel_plus_demographic,cross,11
582,3_12652,3,AUS_duodenum|AUS_mesenteric lymphadenopathy|AUS_enlarged pancreas,AUS_duodenal_thickening|AUS_mesenteric_lymphadenopathy|AUS_enlarged_pancreas,13.120245977074884,0.06074187952349483,7,108,contingency_likelihood_ratio_G,joint_state_n_lt_3;joint_state_n_lt_5;apparent_extreme_fraction_in_tiny_joint_state,AUS|AUS|AUS,False,0.0989010989010989,1.0,0.5501192780303371,within_AUS,within,6
583,3_04569,3,tli_high|clinical signs_diarrhea|clinical signs_hyporexia,tli_high|clinical_signs_diarrhea|clinical_signs_hyporexia,13.119525326868413,0.07539957084407134,6,87,contingency_likelihood_ratio_G,empty_joint_state;joint_state_n_lt_3;joint_state_n_lt_5;apparent_extreme_fraction_in_tiny_joint_state,GI panel|clinical signs|clinical signs,False,0.06593406593406594,1.0,0.501014572957019,cross_GI_panel_plus_clinical_signs,cross,4
584,3_16276,3,AUS_ileus|CBC_neutrophilia|chem_hyperproteinemia,AUS_ileus|CBC_neutrophilia|chem_hyperproteinemia,13.118317500916246,0.06073295139313077,4,108,contingency_likelihood_ratio_G,empty_joint_state;joint_state_n_lt_3;joint_state_n_lt_5;apparent_extreme_fraction_in_tiny_joint_state,AUS|CBC|chemistry,False,0.003996003996003996,1.0,0.4405157732543995,cross_AUS_plus_CBC_plus_chemistry,cross,25
585,3_16473,3,AUS_ileus|chem_hyperproteinemia|chem_decreased alt,AUS_ileus|chem_hyperproteinemia|chem_decreased_ALT,13.118317500916246,0.06073295139313077,4,108,contingency_likelihood_ratio_G,empty_joint_state;joint_state_n_lt_3;joint_state_n_lt_5;apparent_extreme_fraction_in_tiny_joint_state,AUS|chemistry|chemistry,False,0.005994005994005994,1.0,0.4405157732543995,cross_AUS_plus_chemistry,cross,15
586,3_16479,3,AUS_ileus|chem_hyperproteinemia|chem_discordantly elevated bun,AUS_ileus|chem_hyperproteinemia|chem_discordantly_elevated_BUN,13.118317500916246,0.06073295139313077,4,108,contingency_likelihood_ratio_G,empty_joint_state;joint_state_n_lt_3;joint_state_n_lt_5;apparent_extreme_fraction_in_tiny_joint_state,AUS|chemistry|chemistry,False,0.005994005994005994,1.0,0.4405157732543995,cross_AUS_plus_chemistry,cross,16
590,3_08723,3,clinical signs_diarrhea|clinical signs_hyporexia|AUS_ileus,clinical_signs_diarrhea|clinical_signs_hyporexia|AUS_ileus,13.094944921190248,0.060624745005510405,5,108,contingency_likelihood_ratio_G,empty_joint_state;joint_state_n_lt_3;joint_state_n_lt_5;apparent_extreme_fraction_in_tiny_joint_state,clinical signs|clinical signs|AUS,False,0.027972027972027972,1.0,0.44206500066849197,cross_AUS_plus_clinical_signs,cross,11
591,3_00431,3,age|clinical signs_hyporexia|chem_azotemia,age|clinical_signs_hyporexia|chem_azotemia,13.089749443445797,,4,108,logistic_deviance_improvement_age_linear_additive_to_joint_state,joint_state_n_lt_3;joint_state_n_lt_5;apparent_extreme_fraction_in_tiny_joint_state,demographic|clinical signs|chemistry,True,0.016983016983016984,1.0,0.4405157732543995,cross_chemistry_plus_clinical_signs_plus_demographic,cross,23
592,3_10353,3,clinical signs_weight loss|AUS_duodenum|CBC_no abnormalities,clinical_signs_weight_loss|AUS_duodenal_thickening|CBC_no_abnormalities,13.083976299922783,0.06057396435149437,7,108,contingency_likelihood_ratio_G,,clinical signs|AUS|CBC,False,0.1028971028971029,1.0,0.5545010545010545,cross_AUS_plus_CBC_plus_clinical_signs,cross,17
593,3_10573,3,clinical signs_weight loss|AUS_splenomegaly|CBC_eosinophilia,clinical_signs_weight_loss|AUS_splenomegaly|CBC_eosinophilia,13.073511502871293,0.06052551621699673,6,108,contingency_likelihood_ratio_G,empty_joint_state;joint_state_n_lt_3;joint_state_n_lt_5;apparent_extreme_fraction_in_tiny_joint_state,clinical signs|AUS|CBC,False,0.053946053946053944,1.0,0.48173902189872125,cross_AUS_plus_CBC_plus_clinical_signs,cross,18
594,3_01014,3,age|CBC_basocytosis|chem_hyperproteinemia,age|CBC_basocytosis|chem_hyperproteinemia,13.06092212894292,,4,108,logistic_deviance_improvement_age_linear_additive_to_joint_state,empty_joint_state;joint_state_n_lt_3;joint_state_n_lt_5;apparent_extreme_fraction_in_tiny_joint_state;age_model_newton_not_fully_converged,demographic|CBC|chemistry,True,0.003996003996003996,1.0,0.4405157732543995,cross_CBC_plus_chemistry_plus_demographic,cross,23
595,3_10718,3,clinical signs_weight loss|CBC_eosinophilia|chem_no abnormalities,clinical_signs_weight_loss|CBC_eosinophilia|chem_no_abnormalities,13.058343344657223,0.06045529326230196,6,108,contingency_likelihood_ratio_G,empty_joint_state;joint_state_n_lt_3;joint_state_n_lt_5;apparent_extreme_fraction_in_tiny_joint_state,clinical signs|CBC|chemistry,False,0.056943056943056944,1.0,0.48612545963241965,cross_CBC_plus_chemistry_plus_clinical_signs,cross,4
596,3_09838,3,clinical signs_hyporexia|AUS_enlarged pancreas|CBC_eosinophilia,clinical_signs_hyporexia|AUS_enlarged_pancreas|CBC_eosinophilia,13.04992091056956,0.06041630051189611,5,108,contingency_likelihood_ratio_G,empty_joint_state;joint_state_n_lt_3;joint_state_n_lt_5;apparent_extreme_fraction_in_tiny_joint_state,clinical signs|AUS|CBC,False,0.03696303696303696,1.0,0.4605046047979224,cross_AUS_plus_CBC_plus_clinical_signs,cross,19
599,3_06568,3,breed_group|clinical signs_hairball obstruction|chem_no abnormalities,breed_group|clinical_signs_hairball_obstruction|chem_no_abnormalities,13.046639805054443,0.060401110208585386,9,108,contingency_likelihood_ratio_G,joint_state_n_lt_3;joint_state_n_lt_5;apparent_extreme_fraction_in_tiny_joint_state,demographic|clinical signs|chemistry,False,0.25674325674325676,1.0,0.67973858755087,cross_chemistry_plus_clinical_signs_plus_demographic,cross,24
601,3_01794,3,cobalamin_low|AUS_ileum|CBC_basophilia,cobalamin_low|AUS_ileal_thickening|CBC_basophilia,13.03647580890911,0.07242486560505061,7,90,contingency_likelihood_ratio_G,joint_state_n_lt_3;joint_state_n_lt_5;apparent_extreme_fraction_in_tiny_joint_state,GI panel|AUS|CBC,False,0.08791208791208792,1.0,0.5339886950110593,cross_AUS_plus_CBC_plus_GI_panel,cross,12
606,3_10543,3,clinical signs_weight loss|AUS_enlarged pancreas|CBC_neutrophilia,clinical_signs_weight_loss|AUS_enlarged_pancreas|CBC_neutrophilia,13.015045525898456,0.06025484039767804,5,108,contingency_likelihood_ratio_G,empty_joint_state;joint_state_n_lt_3;joint_state_n_lt_5;apparent_extreme_fraction_in_tiny_joint_state,clinical signs|AUS|CBC,False,0.022977022977022976,1.0,0.4405157732543995,cross_AUS_plus_CBC_plus_clinical_signs,cross,20
607,3_00982,3,age|CBC_eosinopenia|chem_discordantly elevated bun,age|CBC_eosinopenia|chem_discordantly_elevated_BUN,13.013458345804082,,4,108,logistic_deviance_improvement_age_linear_additive_to_joint_state,empty_joint_state;joint_state_n_lt_3;joint_state_n_lt_5;apparent_extreme_fraction_in_tiny_joint_state;age_model_newton_not_fully_converged,demographic|CBC|chemistry,True,0.001998001998001998,1.0,0.4405157732543995,cross_CBC_plus_chemistry_plus_demographic,cross,24
608,3_05121,3,tli_high|CBC_neutrophilia|chem_hyperproteinemia,tli_high|CBC_neutrophilia|chem_hyperproteinemia,13.010874919412533,0.07477514321501456,5,87,contingency_likelihood_ratio_G,empty_joint_state;joint_state_n_lt_3;joint_state_n_lt_5;apparent_extreme_fraction_in_tiny_joint_state,GI panel|CBC|chemistry,False,0.01898101898101898,1.0,0.4405157732543995,cross_CBC_plus_GI_panel_plus_chemistry,cross,7
611,3_02430,3,folate_high|breed_group|CBC_neutropenia,folate_high|breed_group|CBC_neutropenia,13.000387117922564,0.07222437287734758,9,90,contingency_likelihood_ratio_G,joint_state_n_lt_3;joint_state_n_lt_5;apparent_extreme_fraction_in_tiny_joint_state,GI panel|demographic|CBC,False,0.25574425574425574,1.0,0.6789847493659811,cross_CBC_plus_GI_panel_plus_demographic,cross,23
612,3_02435,3,folate_high|breed_group|CBC_lymphocytosis,folate_high|breed_group|CBC_lymphocytosis,13.000387117922564,0.07222437287734758,9,90,contingency_likelihood_ratio_G,joint_state_n_lt_3;joint_state_n_lt_5;apparent_extreme_fraction_in_tiny_joint_state,GI panel|demographic|CBC,False,0.26673326673326675,1.0,0.6851956312839977,cross_CBC_plus_GI_panel_plus_demographic,cross,24
613,3_02434,3,folate_high|breed_group|CBC_basocytosis,folate_high|breed_group|CBC_basocytosis,13.000387117922562,0.07222437287734756,8,90,contingency_likelihood_ratio_G,joint_state_n_lt_3;joint_state_n_lt_5;apparent_extreme_fraction_in_tiny_joint_state,GI panel|demographic|CBC,False,0.16783216783216784,1.0,0.6201798201798202,cross_CBC_plus_GI_panel_plus_demographic,cross,25
616,3_09122,3,clinical signs_diarrhea|AUS_splenomegaly|CBC_basophilia,clinical_signs_diarrhea|AUS_splenomegaly|CBC_basophilia,12.965561737562682,0.06002574878501242,7,108,contingency_likelihood_ratio_G,joint_state_n_lt_3;joint_state_n_lt_5;apparent_extreme_fraction_in_tiny_joint_state,clinical signs|AUS|CBC,False,0.0959040959040959,1.0,0.5459067878229555,cross_AUS_plus_CBC_plus_clinical_signs,cross,21
617,3_07159,3,breed_group|CBC_anemia|chem_hypokalemia,breed_group|CBC_anemia|chem_hypokalemia,12.965306737425257,0.060024568228820636,8,108,contingency_likelihood_ratio_G,joint_state_n_lt_3;joint_state_n_lt_5;apparent_extreme_fraction_in_tiny_joint_state,demographic|CBC|chemistry,False,0.16183816183816183,1.0,0.6123118672372403,cross_CBC_plus_chemistry_plus_demographic,cross,25
620,3_06482,3,breed_group|clinical signs_hyporexia|CBC_neutropenia,breed_group|clinical_signs_hyporexia|CBC_neutropenia,12.9619634718301,0.06000909014736157,10,108,contingency_likelihood_ratio_G,joint_state_n_lt_3;joint_state_n_lt_5;apparent_extreme_fraction_in_tiny_joint_state,demographic|clinical signs|CBC,False,0.38461538461538464,1.0,0.7628907347217206,cross_CBC_plus_clinical_signs_plus_demographic,cross,18
627,3_06451,3,breed_group|clinical signs_diarrhea|chem_no abnormalities,breed_group|clinical_signs_diarrhea|chem_no_abnormalities,12.926077290554488,0.059842950419233744,13,108,contingency_likelihood_ratio_G,joint_state_n_lt_3;joint_state_n_lt_5;apparent_extreme_fraction_in_tiny_joint_state,demographic|clinical signs|chemistry,False,0.6773226773226774,1.0,0.9172759059122696,cross_chemistry_plus_clinical_signs_plus_demographic,cross,25
630,3_00240,3,age|breed_group|clinical signs_constipation,age|breed_group|clinical_signs_constipation,12.909416453420661,,5,108,logistic_deviance_improvement_age_linear_additive_to_joint_state,joint_state_n_lt_3;joint_state_n_lt_5;apparent_extreme_fraction_in_tiny_joint_state;age_model_newton_not_fully_converged,demographic|demographic|clinical signs,True,0.03896103896103896,1.0,0.4605046047979224,cross_clinical_signs_plus_demographic,cross,11
632,3_04592,3,tli_high|clinical signs_diarrhea|CBC_lymphopenia,tli_high|clinical_signs_diarrhea|CBC_lymphopenia,12.899030827666856,0.07413236107854515,6,87,contingency_likelihood_ratio_G,empty_joint_state;joint_state_n_lt_3;joint_state_n_lt_5;apparent_extreme_fraction_in_tiny_joint_state,GI panel|clinical signs|CBC,False,0.055944055944055944,1.0,0.48455963171225136,cross_CBC_plus_GI_panel_plus_clinical_signs,cross,4
635,3_05201,3,tli_high|CBC_basophilia|CBC_lymphocytosis,tli_high|CBC_basophilia|CBC_lymphocytosis,12.89097850083734,0.07408608333814563,4,87,contingency_likelihood_ratio_G,empty_joint_state;joint_state_n_lt_3;joint_state_n_lt_5;apparent_extreme_fraction_in_tiny_joint_state,GI panel|CBC|CBC,False,0.007992007992007992,1.0,0.4405157732543995,cross_CBC_plus_GI_panel,cross,8
636,3_08210,3,clinical signs_vomiting|AUS_colon|AUS_splenomegaly,clinical_signs_vomiting|AUS_colonic_thickening|AUS_splenomegaly,12.889959417490802,0.0596757380439389,7,108,contingency_likelihood_ratio_G,joint_state_n_lt_3;joint_state_n_lt_5;apparent_extreme_fraction_in_tiny_joint_state,clinical signs|AUS|AUS,False,0.1008991008991009,1.0,0.552503947665238,cross_AUS_plus_clinical_signs,cross,12
637,3_04929,3,tli_high|AUS_mesenteric lymphadenopathy|CBC_no abnormalities,tli_high|AUS_mesenteric_lymphadenopathy|CBC_no_abnormalities,12.889592888884563,0.07407812005106071,7,87,contingency_likelihood_ratio_G,joint_state_n_lt_5;apparent_extreme_fraction_in_tiny_joint_state,GI panel|AUS|CBC,False,0.12487512487512488,1.0,0.5857700158218293,cross_AUS_plus_CBC_plus_GI_panel,cross,13
639,3_09826,3,clinical signs_hyporexia|AUS_chronic degenerative renal changes|chem_discordantly elevated bun,clinical_signs_hyporexia|AUS_chronic_degenerative_renal_changes|chem_discordantly_elevated_BUN,12.886857534125571,0.05966137747280357,5,108,contingency_likelihood_ratio_G,empty_joint_state;joint_state_n_lt_3;joint_state_n_lt_5;apparent_extreme_fraction_in_tiny_joint_state,clinical signs|AUS|chemistry,False,0.024975024975024976,1.0,0.4405157732543995,cross_AUS_plus_chemistry_plus_clinical_signs,cross,7
640,3_08314,3,clinical signs_vomiting|AUS_enlarged pancreas|chem_no abnormalities,clinical_signs_vomiting|AUS_enlarged_pancreas|chem_no_abnormalities,12.883685519563851,0.05964669222020302,7,108,contingency_likelihood_ratio_G,joint_state_n_lt_5;apparent_extreme_fraction_in_tiny_joint_state,clinical signs|AUS|chemistry,False,0.0989010989010989,1.0,0.5501192780303371,cross_AUS_plus_chemistry_plus_clinical_signs,cross,8
645,3_10665,3,clinical signs_weight loss|CBC_neutrophilia|CBC_eosinophilia,clinical_signs_weight_loss|CBC_neutrophilia|CBC_eosinophilia,12.87470230944758,0.05960510328447954,5,108,contingency_likelihood_ratio_G,empty_joint_state;joint_state_n_lt_3;joint_state_n_lt_5;apparent_extreme_fraction_in_tiny_joint_state,clinical signs|CBC|CBC,False,0.02097902097902098,1.0,0.4405157732543995,cross_CBC_plus_clinical_signs,cross,4
646,3_05792,3,pli_abn|AUS_jejunum|CBC_monocytosis,pli_abn|AUS_jejunal_thickening|CBC_monocytosis,12.865439839244265,0.0747990688328155,7,86,contingency_likelihood_ratio_G,joint_state_n_lt_3;joint_state_n_lt_5;apparent_extreme_fraction_in_tiny_joint_state,GI panel|AUS|CBC,False,0.08591408591408592,1.0,0.5292931307189246,cross_AUS_plus_CBC_plus_GI_panel,cross,14
647,3_08209,3,clinical signs_vomiting|AUS_colon|AUS_enlarged pancreas,clinical_signs_vomiting|AUS_colonic_thickening|AUS_enlarged_pancreas,12.861898356801321,0.05954582572593204,6,108,contingency_likelihood_ratio_G,empty_joint_state;joint_state_n_lt_3;joint_state_n_lt_5;apparent_extreme_fraction_in_tiny_joint_state,clinical signs|AUS|AUS,False,0.058941058941058944,1.0,0.4906249617282893,cross_AUS_plus_clinical_signs,cross,13
649,3_04598,3,tli_high|clinical signs_diarrhea|chem_decreased alt,tli_high|clinical_signs_diarrhea|chem_decreased_ALT,12.851070376158088,0.07385672629975913,5,87,contingency_likelihood_ratio_G,empty_joint_state;joint_state_n_lt_3;joint_state_n_lt_5;apparent_extreme_fraction_in_tiny_joint_state,GI panel|clinical signs|chemistry,False,0.027972027972027972,1.0,0.44206500066849197,cross_GI_panel_plus_chemistry_plus_clinical_signs,cross,3
650,3_01294,3,cobalamin_low|tli_high|AUS_enlarged pancreas,cobalamin_low|tli_high|AUS_enlarged_pancreas,12.847076401787499,0.07383377242406608,7,87,contingency_likelihood_ratio_G,,GI panel|GI panel|AUS,False,0.13186813186813187,1.0,0.5901781833985225,cross_AUS_plus_GI_panel,cross,6
652,3_04838,3,tli_high|AUS_jejunum|CBC_basophilia,tli_high|AUS_jejunal_thickening|CBC_basophilia,12.842210599577111,0.07380580804354661,6,87,contingency_likelihood_ratio_G,empty_joint_state;joint_state_n_lt_3;joint_state_n_lt_5;apparent_extreme_fraction_in_tiny_joint_state,GI panel|AUS|CBC,False,0.05194805194805195,1.0,0.4803678811460913,cross_AUS_plus_CBC_plus_GI_panel,cross,15
653,3_09833,3,clinical signs_hyporexia|AUS_enlarged pancreas|AUS_ileus,clinical_signs_hyporexia|AUS_enlarged_pancreas|AUS_ileus,12.837637092194468,0.05943350505645587,5,108,contingency_likelihood_ratio_G,empty_joint_state;joint_state_n_lt_3;joint_state_n_lt_5;apparent_extreme_fraction_in_tiny_joint_state,clinical signs|AUS|AUS,False,0.03696303696303696,1.0,0.4605046047979224,cross_AUS_plus_clinical_signs,cross,14
654,3_05203,3,tli_high|CBC_basophilia|CBC_monocytosis,tli_high|CBC_basophilia|CBC_monocytosis,12.836375060137202,0.07377227046055863,6,87,contingency_likelihood_ratio_G,empty_joint_state;joint_state_n_lt_3;joint_state_n_lt_5;apparent_extreme_fraction_in_tiny_joint_state,GI panel|CBC|CBC,False,0.04595404595404595,1.0,0.47251396521272127,cross_CBC_plus_GI_panel,cross,9
664,3_05112,3,tli_high|CBC_neutrophilia|CBC_eosinopenia,tli_high|CBC_neutrophilia|CBC_eosinopenia,12.798218785249325,0.07355298152442141,4,87,contingency_likelihood_ratio_G,empty_joint_state;joint_state_n_lt_3;joint_state_n_lt_5;apparent_extreme_fraction_in_tiny_joint_state,GI panel|CBC|CBC,False,0.005994005994005994,1.0,0.4405157732543995,cross_CBC_plus_GI_panel,cross,10
665,3_05122,3,tli_high|CBC_neutrophilia|chem_decreased alt,tli_high|CBC_neutrophilia|chem_decreased_ALT,12.798218785249325,0.07355298152442141,4,87,contingency_likelihood_ratio_G,empty_joint_state;joint_state_n_lt_3;joint_state_n_lt_5;apparent_extreme_fraction_in_tiny_joint_state,GI panel|CBC|chemistry,False,0.006993006993006993,1.0,0.4405157732543995,cross_CBC_plus_GI_panel_plus_chemistry,cross,8
666,3_05128,3,tli_high|CBC_neutrophilia|chem_discordantly elevated bun,tli_high|CBC_neutrophilia|chem_discordantly_elevated_BUN,12.798218785249325,0.07355298152442141,4,87,contingency_likelihood_ratio_G,empty_joint_state;joint_state_n_lt_3;joint_state_n_lt_5;apparent_extreme_fraction_in_tiny_joint_state,GI panel|CBC|chemistry,False,0.006993006993006993,1.0,0.4405157732543995,cross_CBC_plus_GI_panel_plus_chemistry,cross,9
667,3_05129,3,tli_high|CBC_neutrophilia|chem_hyperglycemia,tli_high|CBC_neutrophilia|chem_hyperglycemia,12.798218785249325,0.07355298152442141,4,87,contingency_likelihood_ratio_G,empty_joint_state;joint_state_n_lt_3;joint_state_n_lt_5;apparent_extreme_fraction_in_tiny_joint_state,GI panel|CBC|chemistry,False,0.005994005994005994,1.0,0.4405157732543995,cross_CBC_plus_GI_panel_plus_chemistry,cross,10
668,3_05293,3,tli_high|CBC_anemia|chem_decreased alt,tli_high|CBC_anemia|chem_decreased_ALT,12.798218785249325,0.07355298152442141,3,87,contingency_likelihood_ratio_G,empty_joint_state;joint_state_n_lt_3;joint_state_n_lt_5;apparent_extreme_fraction_in_tiny_joint_state,GI panel|CBC|chemistry,False,0.003996003996003996,1.0,0.4405157732543995,cross_CBC_plus_GI_panel_plus_chemistry,cross,11
672,3_08350,3,clinical signs_vomiting|AUS_splenomegaly|chem_azotemia,clinical_signs_vomiting|AUS_splenomegaly|chem_azotemia,12.773598831161713,0.059137031625748675,7,108,contingency_likelihood_ratio_G,joint_state_n_lt_3;joint_state_n_lt_5;apparent_extreme_fraction_in_tiny_joint_state,clinical signs|AUS|chemistry,False,0.10789210789210789,1.0,0.5595321209069163,cross_AUS_plus_chemistry_plus_clinical_signs,cross,9
673,3_00358,3,age|clinical signs_diarrhea|clinical signs_weight loss,age|clinical_signs_diarrhea|clinical_signs_weight_loss,12.771298294294098,,4,108,logistic_deviance_improvement_age_linear_additive_to_joint_state,,demographic|clinical signs|clinical signs,True,0.014985014985014986,1.0,0.4405157732543995,cross_clinical_signs_plus_demographic,cross,12
674,3_05334,3,tli_high|chem_decreased alt|chem_azotemia,tli_high|chem_decreased_ALT|chem_azotemia,12.765226434296233,0.07336337031204732,4,87,contingency_likelihood_ratio_G,empty_joint_state;joint_state_n_lt_3;joint_state_n_lt_5;apparent_extreme_fraction_in_tiny_joint_state,GI panel|chemistry|chemistry,False,0.013986013986013986,1.0,0.4405157732543995,cross_GI_panel_plus_chemistry,cross,4
676,3_09891,3,clinical signs_hyporexia|AUS_ileus|CBC_neutrophilia,clinical_signs_hyporexia|AUS_ileus|CBC_neutrophilia,12.759373873033342,0.05907117533811732,4,108,contingency_likelihood_ratio_G,empty_joint_state;joint_state_n_lt_3;joint_state_n_lt_5;apparent_extreme_fraction_in_tiny_joint_state,clinical signs|AUS|CBC,False,0.01098901098901099,1.0,0.4405157732543995,cross_AUS_plus_CBC_plus_clinical_signs,cross,22
677,3_09904,3,clinical signs_hyporexia|AUS_ileus|chem_decreased alt,clinical_signs_hyporexia|AUS_ileus|chem_decreased_ALT,12.759373873033342,0.05907117533811732,4,108,contingency_likelihood_ratio_G,empty_joint_state;joint_state_n_lt_3;joint_state_n_lt_5;apparent_extreme_fraction_in_tiny_joint_state,clinical signs|AUS|chemistry,False,0.008991008991008992,1.0,0.4405157732543995,cross_AUS_plus_chemistry_plus_clinical_signs,cross,10
678,3_09910,3,clinical signs_hyporexia|AUS_ileus|chem_discordantly elevated bun,clinical_signs_hyporexia|AUS_ileus|chem_discordantly_elevated_BUN,12.759373873033342,0.05907117533811732,4,108,contingency_likelihood_ratio_G,empty_joint_state;joint_state_n_lt_3;joint_state_n_lt_5;apparent_extreme_fraction_in_tiny_joint_state,clinical signs|AUS|chemistry,False,0.01098901098901099,1.0,0.4405157732543995,cross_AUS_plus_chemistry_plus_clinical_signs,cross,11
683,3_05021,3,tli_high|AUS_splenomegaly|CBC_basophilia,tli_high|AUS_splenomegaly|CBC_basophilia,12.722749682626441,0.07311925104957724,5,87,contingency_likelihood_ratio_G,empty_joint_state;joint_state_n_lt_3;joint_state_n_lt_5;apparent_extreme_fraction_in_tiny_joint_state,GI panel|AUS|CBC,False,0.027972027972027972,1.0,0.44206500066849197,cross_AUS_plus_CBC_plus_GI_panel,cross,16
684,3_08744,3,clinical signs_diarrhea|clinical signs_hyporexia|chem_azotemia,clinical_signs_diarrhea|clinical_signs_hyporexia|chem_azotemia,12.717341839758554,0.05887658259147478,6,108,contingency_likelihood_ratio_G,empty_joint_state;joint_state_n_lt_3;joint_state_n_lt_5;apparent_extreme_fraction_in_tiny_joint_state,clinical signs|clinical signs|chemistry,False,0.06893106893106893,1.0,0.5034642652775576,cross_chemistry_plus_clinical_signs,cross,3
687,3_02497,3,folate_high|clinical signs_vomiting|AUS_duodenum,folate_high|clinical_signs_vomiting|AUS_duodenal_thickening,12.711842369607378,0.07062134649781877,7,90,contingency_likelihood_ratio_G,joint_state_n_lt_5;apparent_extreme_fraction_in_tiny_joint_state,GI panel|clinical signs|AUS,False,0.14785214785214784,1.0,0.5956696408063222,cross_AUS_plus_GI_panel_plus_clinical_signs,cross,8
689,3_09092,3,clinical signs_diarrhea|AUS_enlarged pancreas|CBC_eosinophilia,clinical_signs_diarrhea|AUS_enlarged_pancreas|CBC_eosinophilia,12.706746867479117,0.0588275317938848,7,108,contingency_likelihood_ratio_G,joint_state_n_lt_3;joint_state_n_lt_5;apparent_extreme_fraction_in_tiny_joint_state,clinical signs|AUS|CBC,False,0.1028971028971029,1.0,0.5545010545010545,cross_AUS_plus_CBC_plus_clinical_signs,cross,23
690,3_10719,3,clinical signs_weight loss|CBC_eosinophilia|chem_hypoproteinemia,clinical_signs_weight_loss|CBC_eosinophilia|chem_hypoproteinemia,12.706392578300578,0.05882589156620638,6,108,contingency_likelihood_ratio_G,empty_joint_state;joint_state_n_lt_3;joint_state_n_lt_5;apparent_extreme_fraction_in_tiny_joint_state,clinical signs|CBC|chemistry,False,0.06693306693306693,1.0,0.5017577604990192,cross_CBC_plus_chemistry_plus_clinical_signs,cross,5
692,3_04580,3,tli_high|clinical signs_diarrhea|AUS_enlarged pancreas,tli_high|clinical_signs_diarrhea|AUS_enlarged_pancreas,12.687450419452954,0.07291638172099399,7,87,contingency_likelihood_ratio_G,joint_state_n_lt_3;joint_state_n_lt_5;apparent_extreme_fraction_in_tiny_joint_state,GI panel|clinical signs|AUS,False,0.12187812187812187,1.0,0.5827834137693293,cross_AUS_plus_GI_panel_plus_clinical_signs,cross,9
694,3_08316,3,clinical signs_vomiting|AUS_enlarged pancreas|chem_hyperproteinemia,clinical_signs_vomiting|AUS_enlarged_pancreas|chem_hyperproteinemia,12.686937329960577,0.05873582097203971,7,108,contingency_likelihood_ratio_G,joint_state_n_lt_3;joint_state_n_lt_5;apparent_extreme_fraction_in_tiny_joint_state,clinical signs|AUS|chemistry,False,0.08891108891108891,1.0,0.5369687491669702,cross_AUS_plus_chemistry_plus_clinical_signs,cross,12
696,3_06468,3,breed_group|clinical signs_hyporexia|clinical signs_constipation,breed_group|clinical_signs_hyporexia|clinical_signs_constipation,12.68318411501522,0.05871844497692231,8,108,contingency_likelihood_ratio_G,joint_state_n_lt_3;joint_state_n_lt_5;apparent_extreme_fraction_in_tiny_joint_state,demographic|clinical signs|clinical signs,False,0.2047952047952048,1.0,0.6456992427141681,cross_clinical_signs_plus_demographic,cross,13
699,3_01908,3,cobalamin_low|AUS_enlarged pancreas|AUS_splenomegaly,cobalamin_low|AUS_enlarged_pancreas|AUS_splenomegaly,12.65749334769582,0.07031940748719899,7,90,contingency_likelihood_ratio_G,joint_state_n_lt_3;joint_state_n_lt_5;apparent_extreme_fraction_in_tiny_joint_state,GI panel|AUS|AUS,False,0.11288711288711288,1.0,0.5677803677803678,cross_AUS_plus_GI_panel,cross,7
700,3_01790,3,cobalamin_low|AUS_ileum|CBC_neutrophilia,cobalamin_low|AUS_ileal_thickening|CBC_neutrophilia,12.657064516985727,0.07031702509436515,5,90,contingency_likelihood_ratio_G,empty_joint_state;joint_state_n_lt_3;joint_state_n_lt_5;apparent_extreme_fraction_in_tiny_joint_state,GI panel|AUS|CBC,False,0.03396603396603397,1.0,0.4566918230284567,cross_AUS_plus_CBC_plus_GI_panel,cross,17
703,3_04971,3,tli_high|AUS_chronic degenerative renal changes|chem_hypoproteinemia,tli_high|AUS_chronic_degenerative_renal_changes|chem_hypoproteinemia,12.642366646247563,0.07265727957613542,6,87,contingency_likelihood_ratio_G,empty_joint_state;joint_state_n_lt_3;joint_state_n_lt_5;apparent_extreme_fraction_in_tiny_joint_state,GI panel|AUS|chemistry,False,0.061938061938061936,1.0,0.49540026654035907,cross_AUS_plus_GI_panel_plus_chemistry,cross,5
704,3_15803,3,AUS_enlarged pancreas|chem_hyperproteinemia|chem_hypophosphatemia,AUS_enlarged_pancreas|chem_hyperproteinemia|chem_hypophosphatemia,12.641598510967388,0.05852591903225642,4,108,contingency_likelihood_ratio_G,empty_joint_state;joint_state_n_lt_3;joint_state_n_lt_5;apparent_extreme_fraction_in_tiny_joint_state,AUS|chemistry|chemistry,False,0.012987012987012988,1.0,0.4405157732543995,cross_AUS_plus_chemistry,cross,17
705,3_02344,3,folate_high|tli_high|CBC_basophilia,folate_high|tli_high|CBC_basophilia,12.633352611440905,0.072605474778396,5,87,contingency_likelihood_ratio_G,empty_joint_state;joint_state_n_lt_3;joint_state_n_lt_5;apparent_extreme_fraction_in_tiny_joint_state,GI panel|GI panel|CBC,False,0.028971028971028972,1.0,0.44419129257838935,cross_CBC_plus_GI_panel,cross,11
707,3_09513,3,clinical signs_hyporexia|clinical signs_weight loss|CBC_eosinophilia,clinical_signs_hyporexia|clinical_signs_weight_loss|CBC_eosinophilia,12.61690344955645,0.058411590044242824,5,108,contingency_likelihood_ratio_G,empty_joint_state;joint_state_n_lt_3;joint_state_n_lt_5;apparent_extreme_fraction_in_tiny_joint_state,clinical signs|clinical signs|CBC,False,0.04795204795204795,1.0,0.47781149667942124,cross_CBC_plus_clinical_signs,cross,5
709,3_04629,3,tli_high|clinical signs_hyporexia|CBC_basophilia,tli_high|clinical_signs_hyporexia|CBC_basophilia,12.60728335253101,0.07245565145132764,5,87,contingency_likelihood_ratio_G,empty_joint_state;joint_state_n_lt_3;joint_state_n_lt_5;apparent_extreme_fraction_in_tiny_joint_state,GI panel|clinical signs|CBC,False,0.03396603396603397,1.0,0.4566918230284567,cross_CBC_plus_GI_panel_plus_clinical_signs,cross,5
710,3_06486,3,breed_group|clinical signs_hyporexia|CBC_basocytosis,breed_group|clinical_signs_hyporexia|CBC_basocytosis,12.597654746633989,0.058322475678861056,8,108,contingency_likelihood_ratio_G,joint_state_n_lt_3;joint_state_n_lt_5;apparent_extreme_fraction_in_tiny_joint_state,demographic|clinical signs|CBC,False,0.19880119880119881,1.0,0.6421353026857615,cross_CBC_plus_clinical_signs_plus_demographic,cross,19
711,3_06487,3,breed_group|clinical signs_hyporexia|CBC_lymphocytosis,breed_group|clinical_signs_hyporexia|CBC_lymphocytosis,12.597654746633989,0.058322475678861056,8,108,contingency_likelihood_ratio_G,joint_state_n_lt_3;joint_state_n_lt_5;apparent_extreme_fraction_in_tiny_joint_state,demographic|clinical signs|CBC,False,0.20279720279720279,1.0,0.6454395180032362,cross_CBC_plus_clinical_signs_plus_demographic,cross,20
713,3_00256,3,age|breed_group|CBC_eosinopenia,age|breed_group|CBC_eosinopenia,12.59294480324182,,5,108,logistic_deviance_improvement_age_linear_additive_to_joint_state,joint_state_n_lt_3;joint_state_n_lt_5;apparent_extreme_fraction_in_tiny_joint_state;age_model_newton_not_fully_converged,demographic|demographic|CBC,True,0.03396603396603397,1.0,0.4566918230284567,cross_CBC_plus_demographic,cross,16
714,3_04829,3,tli_high|AUS_jejunum|AUS_enlarged pancreas,tli_high|AUS_jejunal_thickening|AUS_enlarged_pancreas,12.584637209769596,0.07232550120557239,7,87,contingency_likelihood_ratio_G,joint_state_n_lt_3;joint_state_n_lt_5;apparent_extreme_fraction_in_tiny_joint_state,GI panel|AUS|AUS,False,0.1108891108891109,1.0,0.5650559571760323,cross_AUS_plus_GI_panel,cross,8
718,3_02358,3,folate_high|tli_high|chem_azotemia,folate_high|tli_high|chem_azotemia,12.578477361922035,0.07229009978116112,7,87,contingency_likelihood_ratio_G,joint_state_n_lt_3;joint_state_n_lt_5;apparent_extreme_fraction_in_tiny_joint_state,GI panel|GI panel|chemistry,False,0.13486513486513488,1.0,0.5906602036526017,cross_GI_panel_plus_chemistry,cross,5
723,3_08331,3,clinical signs_vomiting|AUS_splenomegaly|CBC_no abnormalities,clinical_signs_vomiting|AUS_splenomegaly|CBC_no_abnormalities,12.567445406996276,0.05818261762498276,7,108,contingency_likelihood_ratio_G,joint_state_n_lt_3;joint_state_n_lt_5;apparent_extreme_fraction_in_tiny_joint_state,clinical signs|AUS|CBC,False,0.13486513486513488,1.0,0.5906602036526017,cross_AUS_plus_CBC_plus_clinical_signs,cross,24
725,3_15530,3,AUS_enlarged pancreas|AUS_ileus|chem_hyperproteinemia,AUS_enlarged_pancreas|AUS_ileus|chem_hyperproteinemia,12.564905476124244,0.058170858685760385,5,108,contingency_likelihood_ratio_G,empty_joint_state;joint_state_n_lt_3;joint_state_n_lt_5;apparent_extreme_fraction_in_tiny_joint_state,AUS|AUS|chemistry,False,0.023976023976023976,1.0,0.4405157732543995,cross_AUS_plus_chemistry,cross,18
727,3_08785,3,clinical signs_diarrhea|clinical signs_weight loss|chem_hyperglycemia,clinical_signs_diarrhea|clinical_signs_weight_loss|chem_hyperglycemia,12.548430262275458,0.05809458454757156,4,108,contingency_likelihood_ratio_G,empty_joint_state;joint_state_n_lt_3;joint_state_n_lt_5;apparent_extreme_fraction_in_tiny_joint_state,clinical signs|clinical signs|chemistry,False,0.015984015984015984,1.0,0.4405157732543995,cross_chemistry_plus_clinical_signs,cross,4
732,3_01605,3,cobalamin_low|clinical signs_weight loss|chem_azotemia,cobalamin_low|clinical_signs_weight_loss|chem_azotemia,12.514911752315781,0.06952728751286545,7,90,contingency_likelihood_ratio_G,joint_state_n_lt_3;joint_state_n_lt_5;apparent_extreme_fraction_in_tiny_joint_state,GI panel|clinical signs|chemistry,False,0.11988011988011989,1.0,0.5802344295215985,cross_GI_panel_plus_chemistry_plus_clinical_signs,cross,4
735,3_08765,3,clinical signs_diarrhea|clinical signs_weight loss|CBC_neutrophilia,clinical_signs_diarrhea|clinical_signs_weight_loss|CBC_neutrophilia,12.504678752753351,0.057892031262746994,5,108,contingency_likelihood_ratio_G,empty_joint_state;joint_state_n_lt_3;joint_state_n_lt_5;apparent_extreme_fraction_in_tiny_joint_state,clinical signs|clinical signs|CBC,False,0.027972027972027972,1.0,0.44206500066849197,cross_CBC_plus_clinical_signs,cross,6
736,3_08778,3,clinical signs_diarrhea|clinical signs_weight loss|chem_decreased alt,clinical_signs_diarrhea|clinical_signs_weight_loss|chem_decreased_ALT,12.504678752753351,0.057892031262746994,5,108,contingency_likelihood_ratio_G,empty_joint_state;joint_state_n_lt_3;joint_state_n_lt_5;apparent_extreme_fraction_in_tiny_joint_state,clinical signs|clinical signs|chemistry,False,0.023976023976023976,1.0,0.4405157732543995,cross_chemistry_plus_clinical_signs,cross,5
737,3_05115,3,tli_high|CBC_neutrophilia|CBC_lymphocytosis,tli_high|CBC_neutrophilia|CBC_lymphocytosis,12.499230347353972,0.071834657168701,4,87,contingency_likelihood_ratio_G,empty_joint_state;joint_state_n_lt_3;joint_state_n_lt_5;apparent_extreme_fraction_in_tiny_joint_state,GI panel|CBC|CBC,False,0.005994005994005994,1.0,0.4405157732543995,cross_CBC_plus_GI_panel,cross,12
738,3_00239,3,age|breed_group|clinical signs_hairball obstruction,age|breed_group|clinical_signs_hairball_obstruction,12.494859670797013,,5,108,logistic_deviance_improvement_age_linear_additive_to_joint_state,joint_state_n_lt_5;apparent_extreme_fraction_in_tiny_joint_state,demographic|demographic|clinical signs,True,0.04095904095904096,1.0,0.4605046047979224,cross_clinical_signs_plus_demographic,cross,14
741,3_06522,3,breed_group|clinical signs_weight loss|CBC_eosinophilia,breed_group|clinical_signs_weight_loss|CBC_eosinophilia,12.483252089243159,0.0577928337464961,11,108,contingency_likelihood_ratio_G,joint_state_n_lt_3;joint_state_n_lt_5;apparent_extreme_fraction_in_tiny_joint_state,demographic|clinical signs|CBC,False,0.5044955044955045,1.0,0.837463418446567,cross_CBC_plus_clinical_signs_plus_demographic,cross,21
742,3_15504,3,AUS_enlarged pancreas|AUS_splenomegaly|chem_decreased alt,AUS_enlarged_pancreas|AUS_splenomegaly|chem_decreased_ALT,12.481651625877301,0.057785424193876396,4,108,contingency_likelihood_ratio_G,empty_joint_state;joint_state_n_lt_3;joint_state_n_lt_5;apparent_extreme_fraction_in_tiny_joint_state,AUS|AUS|chemistry,False,0.014985014985014986,1.0,0.4405157732543995,cross_AUS_plus_chemistry,cross,19
743,3_15511,3,AUS_enlarged pancreas|AUS_splenomegaly|chem_hyperglycemia,AUS_enlarged_pancreas|AUS_splenomegaly|chem_hyperglycemia,12.481651625877301,0.057785424193876396,4,108,contingency_likelihood_ratio_G,empty_joint_state;joint_state_n_lt_3;joint_state_n_lt_5;apparent_extreme_fraction_in_tiny_joint_state,AUS|AUS|chemistry,False,0.013986013986013986,1.0,0.4405157732543995,cross_AUS_plus_chemistry,cross,20
746,3_15795,3,AUS_enlarged pancreas|chem_hyperproteinemia|chem_elevated alp,AUS_enlarged_pancreas|chem_hyperproteinemia|chem_elevated_ALP,12.477651206413881,0.0577669037333976,4,108,contingency_likelihood_ratio_G,empty_joint_state;joint_state_n_lt_3;joint_state_n_lt_5;apparent_extreme_fraction_in_tiny_joint_state,AUS|chemistry|chemistry,False,0.00999000999000999,1.0,0.4405157732543995,cross_AUS_plus_chemistry,cross,21
752,3_01930,3,cobalamin_low|AUS_enlarged pancreas|chem_azotemia,cobalamin_low|AUS_enlarged_pancreas|chem_azotemia,12.424227656808693,0.06902348698227051,6,90,contingency_likelihood_ratio_G,empty_joint_state;joint_state_n_lt_3;joint_state_n_lt_5;apparent_extreme_fraction_in_tiny_joint_state,GI panel|AUS|chemistry,False,0.08091908091908091,1.0,0.5197410697410697,cross_AUS_plus_GI_panel_plus_chemistry,cross,6
753,3_04934,3,tli_high|AUS_mesenteric lymphadenopathy|CBC_basophilia,tli_high|AUS_mesenteric_lymphadenopathy|CBC_basophilia,12.419431009058652,0.07137604028194627,6,87,contingency_likelihood_ratio_G,empty_joint_state;joint_state_n_lt_3;joint_state_n_lt_5;apparent_extreme_fraction_in_tiny_joint_state,GI panel|AUS|CBC,False,0.060939060939060936,1.0,0.49406116271787914,cross_AUS_plus_CBC_plus_GI_panel,cross,18
757,3_02544,3,folate_high|clinical signs_diarrhea|AUS_enlarged pancreas,folate_high|clinical_signs_diarrhea|AUS_enlarged_pancreas,12.413485668253587,0.06896380926807548,7,90,contingency_likelihood_ratio_G,joint_state_n_lt_5;apparent_extreme_fraction_in_tiny_joint_state,GI panel|clinical signs|AUS,False,0.12887112887112886,1.0,0.5881175953187475,cross_AUS_plus_GI_panel_plus_clinical_signs,cross,10
758,3_05209,3,tli_high|CBC_basophilia|chem_elevated alt,tli_high|CBC_basophilia|chem_elevated_ALT,12.4108380037888,0.0713266551941885,5,87,contingency_likelihood_ratio_G,empty_joint_state;joint_state_n_lt_3;joint_state_n_lt_5;apparent_extreme_fraction_in_tiny_joint_state,GI panel|CBC|chemistry,False,0.03696303696303696,1.0,0.4605046047979224,cross_CBC_plus_GI_panel_plus_chemistry,cross,12
763,3_04491,3,tli_high|clinical signs_none|AUS_duodenum,tli_high|clinical_signs_none_reported|AUS_duodenal_thickening,12.394902268254626,0.0712350705072105,7,87,contingency_likelihood_ratio_G,joint_state_n_lt_3;joint_state_n_lt_5;apparent_extreme_fraction_in_tiny_joint_state,GI panel|clinical signs|AUS,False,0.11388611388611389,1.0,0.5694904779597046,cross_AUS_plus_GI_panel_plus_clinical_signs,cross,11
764,3_05136,3,tli_high|CBC_neutropenia|CBC_basophilia,tli_high|CBC_neutropenia|CBC_basophilia,12.39410465123002,0.07123048650132195,5,87,contingency_likelihood_ratio_G,empty_joint_state;joint_state_n_lt_3;joint_state_n_lt_5;apparent_extreme_fraction_in_tiny_joint_state,GI panel|CBC|CBC,False,0.02197802197802198,1.0,0.4405157732543995,cross_CBC_plus_GI_panel,cross,13
765,3_05158,3,tli_high|CBC_eosinophilia|CBC_basophilia,tli_high|CBC_eosinophilia|CBC_basophilia,12.39410465123002,0.07123048650132195,6,87,contingency_likelihood_ratio_G,empty_joint_state;joint_state_n_lt_3;joint_state_n_lt_5;apparent_extreme_fraction_in_tiny_joint_state,GI panel|CBC|CBC,False,0.04095904095904096,1.0,0.4605046047979224,cross_CBC_plus_GI_panel,cross,14
766,3_05219,3,tli_high|CBC_basophilia|chem_hypophosphatemia,tli_high|CBC_basophilia|chem_hypophosphatemia,12.39410465123002,0.07123048650132195,5,87,contingency_likelihood_ratio_G,empty_joint_state;joint_state_n_lt_3;joint_state_n_lt_5;apparent_extreme_fraction_in_tiny_joint_state,GI panel|CBC|chemistry,False,0.01898101898101898,1.0,0.4405157732543995,cross_CBC_plus_GI_panel_plus_chemistry,cross,13
769,3_09849,3,clinical signs_hyporexia|AUS_enlarged pancreas|chem_decreased alt,clinical_signs_hyporexia|AUS_enlarged_pancreas|chem_decreased_ALT,12.39365287695539,0.057378022578497175,4,108,contingency_likelihood_ratio_G,empty_joint_state;joint_state_n_lt_3;joint_state_n_lt_5;apparent_extreme_fraction_in_tiny_joint_state,clinical signs|AUS|chemistry,False,0.016983016983016984,1.0,0.4405157732543995,cross_AUS_plus_chemistry_plus_clinical_signs,cross,13
770,3_09855,3,clinical signs_hyporexia|AUS_enlarged pancreas|chem_discordantly elevated bun,clinical_signs_hyporexia|AUS_enlarged_pancreas|chem_discordantly_elevated_BUN,12.39365287695539,0.057378022578497175,4,108,contingency_likelihood_ratio_G,empty_joint_state;joint_state_n_lt_3;joint_state_n_lt_5;apparent_extreme_fraction_in_tiny_joint_state,clinical signs|AUS|chemistry,False,0.01998001998001998,1.0,0.4405157732543995,cross_AUS_plus_chemistry_plus_clinical_signs,cross,14
771,3_09856,3,clinical signs_hyporexia|AUS_enlarged pancreas|chem_hyperglycemia,clinical_signs_hyporexia|AUS_enlarged_pancreas|chem_hyperglycemia,12.39365287695539,0.057378022578497175,4,108,contingency_likelihood_ratio_G,empty_joint_state;joint_state_n_lt_3;joint_state_n_lt_5;apparent_extreme_fraction_in_tiny_joint_state,clinical signs|AUS|chemistry,False,0.017982017982017984,1.0,0.4405157732543995,cross_AUS_plus_chemistry_plus_clinical_signs,cross,15
773,3_11876,3,clinical signs_constipation|AUS_splenomegaly|CBC_basophilia,clinical_signs_constipation|AUS_splenomegaly|CBC_basophilia,12.389779349060356,0.057360089578983135,4,108,contingency_likelihood_ratio_G,empty_joint_state;joint_state_n_lt_3;joint_state_n_lt_5;apparent_extreme_fraction_in_tiny_joint_state,clinical signs|AUS|CBC,False,0.014985014985014986,1.0,0.4405157732543995,cross_AUS_plus_CBC_plus_clinical_signs,cross,25
775,3_08178,3,clinical signs_vomiting|AUS_ileum|AUS_splenomegaly,clinical_signs_vomiting|AUS_ileal_thickening|AUS_splenomegaly,12.383832855063702,0.057332559514183805,7,108,contingency_likelihood_ratio_G,joint_state_n_lt_3;joint_state_n_lt_5;apparent_extreme_fraction_in_tiny_joint_state,clinical signs|AUS|AUS,False,0.11788211788211789,1.0,0.5764338542116321,cross_AUS_plus_clinical_signs,cross,15
778,3_10717,3,clinical signs_weight loss|CBC_eosinophilia|CBC_anemia,clinical_signs_weight_loss|CBC_eosinophilia|CBC_anemia,12.37874684737185,0.05730901318227709,5,108,contingency_likelihood_ratio_G,empty_joint_state;joint_state_n_lt_3;joint_state_n_lt_5;apparent_extreme_fraction_in_tiny_joint_state,clinical signs|CBC|CBC,False,0.03896103896103896,1.0,0.4605046047979224,cross_CBC_plus_clinical_signs,cross,7
779,3_00147,3,age|tli_high|clinical signs_diarrhea,age|tli_high|clinical_signs_diarrhea,12.378649896397064,,4,87,logistic_deviance_improvement_age_linear_additive_to_joint_state,age_model_newton_not_fully_converged,demographic|GI panel|clinical signs,True,0.02097902097902098,1.0,0.4405157732543995,cross_GI_panel_plus_clinical_signs_plus_demographic,cross,23
780,3_05593,3,pli_abn|clinical signs_hyporexia|chem_azotemia,pli_abn|clinical_signs_hyporexia|chem_azotemia,12.376189163315575,0.07195458815881148,7,86,contingency_likelihood_ratio_G,joint_state_n_lt_3;joint_state_n_lt_5;apparent_extreme_fraction_in_tiny_joint_state,GI panel|clinical signs|chemistry,False,0.15184815184815184,1.0,0.5990738873079607,cross_GI_panel_plus_chemistry_plus_clinical_signs,cross,5
783,3_10711,3,clinical signs_weight loss|CBC_eosinophilia|CBC_eosinopenia,clinical_signs_weight_loss|CBC_eosinophilia|CBC_eosinopenia,12.369359231016169,0.057265551995445224,4,108,contingency_likelihood_ratio_G,empty_joint_state;joint_state_n_lt_3;joint_state_n_lt_5;apparent_extreme_fraction_in_tiny_joint_state,clinical signs|CBC|CBC,False,0.01098901098901099,1.0,0.4405157732543995,cross_CBC_plus_clinical_signs,cross,8
784,3_08930,3,clinical signs_diarrhea|AUS_jejunum|AUS_enlarged pancreas,clinical_signs_diarrhea|AUS_jejunal_thickening|AUS_enlarged_pancreas,12.36799024560346,0.05725921410001602,7,108,contingency_likelihood_ratio_G,joint_state_n_lt_5;apparent_extreme_fraction_in_tiny_joint_state,clinical signs|AUS|AUS,False,0.12387612387612387,1.0,0.5849808413146714,cross_AUS_plus_clinical_signs,cross,16
785,3_09851,3,clinical signs_hyporexia|AUS_enlarged pancreas|chem_elevated ast,clinical_signs_hyporexia|AUS_enlarged_pancreas|chem_elevated_AST,12.367984314714535,0.057259186642196924,5,108,contingency_likelihood_ratio_G,empty_joint_state;joint_state_n_lt_3;joint_state_n_lt_5;apparent_extreme_fraction_in_tiny_joint_state,clinical signs|AUS|chemistry,False,0.026973026973026972,1.0,0.4405594405594406,cross_AUS_plus_chemistry_plus_clinical_signs,cross,16
789,3_03361,3,folate_low|tli_high|breed_group,folate_low|tli_high|breed_group,12.362417443170518,0.07104837611017539,10,87,contingency_likelihood_ratio_G,joint_state_n_lt_3;joint_state_n_lt_5;apparent_extreme_fraction_in_tiny_joint_state,GI panel|GI panel|demographic,False,0.44755244755244755,1.0,0.8055350878412509,cross_GI_panel_plus_demographic,cross,12
791,3_15556,3,AUS_enlarged pancreas|AUS_gall bladder sludge|chem_hyperproteinemia,AUS_enlarged_pancreas|AUS_gall_bladder_sludge|chem_hyperproteinemia,12.360055200410923,0.057222477779680196,6,108,contingency_likelihood_ratio_G,empty_joint_state;joint_state_n_lt_3;joint_state_n_lt_5;apparent_extreme_fraction_in_tiny_joint_state,AUS|AUS|chemistry,False,0.07692307692307693,1.0,0.5138656143575329,cross_AUS_plus_chemistry,cross,22
794,3_02953,3,folate_high|AUS_enlarged pancreas|CBC_neutrophilia,folate_high|AUS_enlarged_pancreas|CBC_neutrophilia,12.356963629873576,0.06864979794374208,5,90,contingency_likelihood_ratio_G,empty_joint_state;joint_state_n_lt_3;joint_state_n_lt_5;apparent_extreme_fraction_in_tiny_joint_state,GI panel|AUS|CBC,False,0.022977022977022976,1.0,0.4405157732543995,cross_AUS_plus_CBC_plus_GI_panel,cross,19
795,3_08144,3,clinical signs_vomiting|AUS_jejunum|AUS_enlarged pancreas,clinical_signs_vomiting|AUS_jejunal_thickening|AUS_enlarged_pancreas,12.355568134122159,0.05720170432463962,7,108,contingency_likelihood_ratio_G,joint_state_n_lt_3;joint_state_n_lt_5;apparent_extreme_fraction_in_tiny_joint_state,clinical signs|AUS|AUS,False,0.12687312687312688,1.0,0.5873652802862757,cross_AUS_plus_clinical_signs,cross,17
798,3_09819,3,clinical signs_hyporexia|AUS_chronic degenerative renal changes|chem_hyperproteinemia,clinical_signs_hyporexia|AUS_chronic_degenerative_renal_changes|chem_hyperproteinemia,12.337574960301575,0.057118402593988774,6,108,contingency_likelihood_ratio_G,empty_joint_state;joint_state_n_lt_3;joint_state_n_lt_5;apparent_extreme_fraction_in_tiny_joint_state,clinical signs|AUS|chemistry,False,0.07992007992007992,1.0,0.518934617295273,cross_AUS_plus_chemistry_plus_clinical_signs,cross,17
800,3_04594,3,tli_high|clinical signs_diarrhea|CBC_anemia,tli_high|clinical_signs_diarrhea|CBC_anemia,12.336810313088106,0.07090120869590866,4,87,contingency_likelihood_ratio_G,empty_joint_state;joint_state_n_lt_3;joint_state_n_lt_5;apparent_extreme_fraction_in_tiny_joint_state,GI panel|clinical signs|CBC,False,0.016983016983016984,1.0,0.4405157732543995,cross_CBC_plus_GI_panel_plus_clinical_signs,cross,6
802,3_06445,3,breed_group|clinical signs_diarrhea|CBC_basophilia,breed_group|clinical_signs_diarrhea|CBC_basophilia,12.33253033481407,0.057095047846361435,11,108,contingency_likelihood_ratio_G,joint_state_n_lt_3;joint_state_n_lt_5;apparent_extreme_fraction_in_tiny_joint_state,demographic|clinical signs|CBC,False,0.5204795204795205,1.0,0.8435220052302996,cross_CBC_plus_clinical_signs_plus_demographic,cross,22
805,3_15793,3,AUS_enlarged pancreas|chem_hyperproteinemia|chem_elevated alt,AUS_enlarged_pancreas|chem_hyperproteinemia|chem_elevated_ALT,12.32290356502892,0.057050479467726484,6,108,contingency_likelihood_ratio_G,empty_joint_state;joint_state_n_lt_3;joint_state_n_lt_5;apparent_extreme_fraction_in_tiny_joint_state,AUS|chemistry|chemistry,False,0.06493506493506493,1.0,0.5000184101034648,cross_AUS_plus_chemistry,cross,23
812,3_12653,3,AUS_duodenum|AUS_mesenteric lymphadenopathy|AUS_splenomegaly,AUS_duodenal_thickening|AUS_mesenteric_lymphadenopathy|AUS_splenomegaly,12.307353135028999,0.056978486736245365,7,108,contingency_likelihood_ratio_G,joint_state_n_lt_3;joint_state_n_lt_5;apparent_extreme_fraction_in_tiny_joint_state,AUS|AUS|AUS,False,0.14085914085914086,1.0,0.5917084232134693,within_AUS,within,7
815,3_10649,3,clinical signs_weight loss|CBC_no abnormalities|chem_no abnormalities,clinical_signs_weight_loss|CBC_no_abnormalities|chem_no_abnormalities,12.2981354588525,0.056935812309502315,7,108,contingency_likelihood_ratio_G,joint_state_n_lt_5,clinical signs|CBC|chemistry,False,0.14185814185814186,1.0,0.5917084232134693,cross_CBC_plus_chemistry_plus_clinical_signs,cross,6
816,3_13214,3,AUS_jejunum|AUS_mesenteric lymphadenopathy|chem_hyperglycemia,AUS_jejunal_thickening|AUS_mesenteric_lymphadenopathy|chem_hyperglycemia,12.294177459312566,0.05691748823755818,4,108,contingency_likelihood_ratio_G,empty_joint_state;joint_state_n_lt_3;joint_state_n_lt_5;apparent_extreme_fraction_in_tiny_joint_state,AUS|AUS|chemistry,False,0.01898101898101898,1.0,0.4405157732543995,cross_AUS_plus_chemistry,cross,24
821,3_13271,3,AUS_jejunum|AUS_enlarged pancreas|chem_azotemia,AUS_jejunal_thickening|AUS_enlarged_pancreas|chem_azotemia,12.284240884608904,0.056871485576893074,6,108,contingency_likelihood_ratio_G,empty_joint_state;joint_state_n_lt_3;joint_state_n_lt_5;apparent_extreme_fraction_in_tiny_joint_state,AUS|AUS|chemistry,False,0.07492507492507493,1.0,0.5133245133245133,cross_AUS_plus_chemistry,cross,25
825,3_06357,3,breed_group|clinical signs_none|CBC_no abnormalities,breed_group|clinical_signs_none_reported|CBC_no_abnormalities,12.272306845138235,0.0568162353941585,11,108,contingency_likelihood_ratio_G,joint_state_n_lt_3;joint_state_n_lt_5;apparent_extreme_fraction_in_tiny_joint_state,demographic|clinical signs|CBC,False,0.5584415584415584,1.0,0.8631079513121622,cross_CBC_plus_clinical_signs_plus_demographic,cross,23
831,3_02955,3,folate_high|AUS_enlarged pancreas|CBC_eosinophilia,folate_high|AUS_enlarged_pancreas|CBC_eosinophilia,12.262306313309377,0.06812392396282987,7,90,contingency_likelihood_ratio_G,joint_state_n_lt_3;joint_state_n_lt_5;apparent_extreme_fraction_in_tiny_joint_state,GI panel|AUS|CBC,False,0.1108891108891109,1.0,0.5650559571760323,cross_AUS_plus_CBC_plus_GI_panel,cross,20
832,3_05914,3,pli_abn|AUS_chronic degenerative renal changes|CBC_basophilia,pli_abn|AUS_chronic_degenerative_renal_changes|CBC_basophilia,12.256686147008477,0.07125980318028184,5,86,contingency_likelihood_ratio_G,empty_joint_state;joint_state_n_lt_3;joint_state_n_lt_5;apparent_extreme_fraction_in_tiny_joint_state,GI panel|AUS|CBC,False,0.05094905094905095,1.0,0.4803678811460913,cross_AUS_plus_CBC_plus_GI_panel,cross,21
834,3_04583,3,tli_high|clinical signs_diarrhea|AUS_gall bladder sludge,tli_high|clinical_signs_diarrhea|AUS_gall_bladder_sludge,12.252932399778619,0.07041915172286563,6,87,contingency_likelihood_ratio_G,empty_joint_state;joint_state_n_lt_5;apparent_extreme_fraction_in_tiny_joint_state,GI panel|clinical signs|AUS,False,0.0989010989010989,1.0,0.5501192780303371,cross_AUS_plus_GI_panel_plus_clinical_signs,cross,12
843,3_05070,3,tli_high|AUS_gall bladder sludge|CBC_neutrophilia,tli_high|AUS_gall_bladder_sludge|CBC_neutrophilia,12.240410577925068,0.07034718722945442,5,87,contingency_likelihood_ratio_G,empty_joint_state;joint_state_n_lt_3;joint_state_n_lt_5;apparent_extreme_fraction_in_tiny_joint_state,GI panel|AUS|CBC,False,0.03196803196803197,1.0,0.4559461543707605,cross_AUS_plus_CBC_plus_GI_panel,cross,22
847,3_05608,3,pli_abn|clinical signs_weight loss|AUS_chronic degenerative renal changes,pli_abn|clinical_signs_weight_loss|AUS_chronic_degenerative_renal_changes,12.229635292349991,0.07110253076947669,7,86,contingency_likelihood_ratio_G,joint_state_n_lt_3;joint_state_n_lt_5;apparent_extreme_fraction_in_tiny_joint_state,GI panel|clinical signs|AUS,False,0.15284715284715283,1.0,0.6002747510700412,cross_AUS_plus_GI_panel_plus_clinical_signs,cross,13
849,3_16996,3,CBC_neutrophilia|CBC_eosinopenia|chem_hyperproteinemia,CBC_neutrophilia|CBC_eosinopenia|chem_hyperproteinemia,12.228587447751785,0.05661383077662863,3,108,contingency_likelihood_ratio_G,empty_joint_state;joint_state_n_lt_3;joint_state_n_lt_5;apparent_extreme_fraction_in_tiny_joint_state,CBC|CBC|chemistry,False,0.01098901098901099,1.0,0.4405157732543995,cross_CBC_plus_chemistry,cross,5
850,3_17101,3,CBC_neutrophilia|CBC_anemia|chem_hyperproteinemia,CBC_neutrophilia|CBC_anemia|chem_hyperproteinemia,12.228587447751785,0.05661383077662863,4,108,contingency_likelihood_ratio_G,empty_joint_state;joint_state_n_lt_3;joint_state_n_lt_5;apparent_extreme_fraction_in_tiny_joint_state,CBC|CBC|chemistry,False,0.01998001998001998,1.0,0.4405157732543995,cross_CBC_plus_chemistry,cross,6
851,3_18728,3,chem_hyperproteinemia|chem_decreased alt|chem_elevated alp,chem_hyperproteinemia|chem_decreased_ALT|chem_elevated_ALP,12.228587447751785,0.05661383077662863,3,108,contingency_likelihood_ratio_G,empty_joint_state;joint_state_n_lt_3;joint_state_n_lt_5;apparent_extreme_fraction_in_tiny_joint_state,chemistry|chemistry|chemistry,False,0.003996003996003996,1.0,0.4405157732543995,within_chemistry,within,5
852,3_18758,3,chem_hyperproteinemia|chem_elevated alp|chem_discordantly elevated bun,chem_hyperproteinemia|chem_elevated_ALP|chem_discordantly_elevated_BUN,12.228587447751785,0.05661383077662863,3,108,contingency_likelihood_ratio_G,empty_joint_state;joint_state_n_lt_3;joint_state_n_lt_5;apparent_extreme_fraction_in_tiny_joint_state,chemistry|chemistry|chemistry,False,0.007992007992007992,1.0,0.4405157732543995,within_chemistry,within,6
853,3_18759,3,chem_hyperproteinemia|chem_elevated alp|chem_hyperglycemia,chem_hyperproteinemia|chem_elevated_ALP|chem_hyperglycemia,12.228587447751785,0.05661383077662863,3,108,contingency_likelihood_ratio_G,empty_joint_state;joint_state_n_lt_3;joint_state_n_lt_5;apparent_extreme_fraction_in_tiny_joint_state,chemistry|chemistry|chemistry,False,0.003996003996003996,1.0,0.4405157732543995,within_chemistry,within,7
854,3_17127,3,CBC_neutrophilia|chem_hyperproteinemia|chem_decreased alt,CBC_neutrophilia|chem_hyperproteinemia|chem_decreased_ALT,12.228587447751783,0.056613830776628626,4,108,contingency_likelihood_ratio_G,empty_joint_state;joint_state_n_lt_3;joint_state_n_lt_5;apparent_extreme_fraction_in_tiny_joint_state,CBC|chemistry|chemistry,False,0.007992007992007992,1.0,0.4405157732543995,cross_CBC_plus_chemistry,cross,7
855,3_17130,3,CBC_neutrophilia|chem_hyperproteinemia|chem_elevated alp,CBC_neutrophilia|chem_hyperproteinemia|chem_elevated_ALP,12.228587447751783,0.056613830776628626,3,108,contingency_likelihood_ratio_G,empty_joint_state;joint_state_n_lt_3;joint_state_n_lt_5;apparent_extreme_fraction_in_tiny_joint_state,CBC|chemistry|chemistry,False,0.008991008991008992,1.0,0.4405157732543995,cross_CBC_plus_chemistry,cross,8
856,3_17779,3,CBC_eosinopenia|chem_hyperproteinemia|chem_decreased alt,CBC_eosinopenia|chem_hyperproteinemia|chem_decreased_ALT,12.228587447751783,0.056613830776628626,3,108,contingency_likelihood_ratio_G,empty_joint_state;joint_state_n_lt_3;joint_state_n_lt_5;apparent_extreme_fraction_in_tiny_joint_state,CBC|chemistry|chemistry,False,0.003996003996003996,1.0,0.4405157732543995,cross_CBC_plus_chemistry,cross,9
857,3_17785,3,CBC_eosinopenia|chem_hyperproteinemia|chem_discordantly elevated bun,CBC_eosinopenia|chem_hyperproteinemia|chem_discordantly_elevated_BUN,12.228587447751783,0.056613830776628626,3,108,contingency_likelihood_ratio_G,empty_joint_state;joint_state_n_lt_3;joint_state_n_lt_5;apparent_extreme_fraction_in_tiny_joint_state,CBC|chemistry|chemistry,False,0.005994005994005994,1.0,0.4405157732543995,cross_CBC_plus_chemistry,cross,10
858,3_17786,3,CBC_eosinopenia|chem_hyperproteinemia|chem_hyperglycemia,CBC_eosinopenia|chem_hyperproteinemia|chem_hyperglycemia,12.228587447751783,0.056613830776628626,3,108,contingency_likelihood_ratio_G,empty_joint_state;joint_state_n_lt_3;joint_state_n_lt_5;apparent_extreme_fraction_in_tiny_joint_state,CBC|chemistry|chemistry,False,0.004995004995004995,1.0,0.4405157732543995,cross_CBC_plus_chemistry,cross,11
859,3_18570,3,CBC_anemia|chem_hyperproteinemia|chem_decreased alt,CBC_anemia|chem_hyperproteinemia|chem_decreased_ALT,12.228587447751783,0.056613830776628626,4,108,contingency_likelihood_ratio_G,empty_joint_state;joint_state_n_lt_3;joint_state_n_lt_5;apparent_extreme_fraction_in_tiny_joint_state,CBC|chemistry|chemistry,False,0.01998001998001998,1.0,0.4405157732543995,cross_CBC_plus_chemistry,cross,12
860,3_18576,3,CBC_anemia|chem_hyperproteinemia|chem_discordantly elevated bun,CBC_anemia|chem_hyperproteinemia|chem_discordantly_elevated_BUN,12.228587447751783,0.056613830776628626,4,108,contingency_likelihood_ratio_G,empty_joint_state;joint_state_n_lt_3;joint_state_n_lt_5;apparent_extreme_fraction_in_tiny_joint_state,CBC|chemistry|chemistry,False,0.01898101898101898,1.0,0.4405157732543995,cross_CBC_plus_chemistry,cross,13
861,3_18577,3,CBC_anemia|chem_hyperproteinemia|chem_hyperglycemia,CBC_anemia|chem_hyperproteinemia|chem_hyperglycemia,12.228587447751783,0.056613830776628626,4,108,contingency_likelihood_ratio_G,empty_joint_state;joint_state_n_lt_3;joint_state_n_lt_5;apparent_extreme_fraction_in_tiny_joint_state,CBC|chemistry|chemistry,False,0.023976023976023976,1.0,0.4405157732543995,cross_CBC_plus_chemistry,cross,14
862,3_00419,3,age|clinical signs_hyporexia|CBC_lymphocytosis,age|clinical_signs_hyporexia|CBC_lymphocytosis,12.224699889976122,,4,108,logistic_deviance_improvement_age_linear_additive_to_joint_state,joint_state_n_lt_3;joint_state_n_lt_5;apparent_extreme_fraction_in_tiny_joint_state;age_model_newton_not_fully_converged,demographic|clinical signs|CBC,True,0.017982017982017984,1.0,0.4405157732543995,cross_CBC_plus_clinical_signs_plus_demographic,cross,24
865,3_04830,3,tli_high|AUS_jejunum|AUS_splenomegaly,tli_high|AUS_jejunal_thickening|AUS_splenomegaly,12.21679822606006,0.07021148405781644,7,87,contingency_likelihood_ratio_G,joint_state_n_lt_3;joint_state_n_lt_5;apparent_extreme_fraction_in_tiny_joint_state,GI panel|AUS|AUS,False,0.14585414585414586,1.0,0.5946770364527173,cross_AUS_plus_GI_panel,cross,9
868,3_17646,3,CBC_eosinophilia|chem_discordantly elevated bun|chem_hyperglycemia,CBC_eosinophilia|chem_discordantly_elevated_BUN|chem_hyperglycemia,12.213114812236345,0.056542198204797896,3,108,contingency_likelihood_ratio_G,empty_joint_state;joint_state_n_lt_3;joint_state_n_lt_5;apparent_extreme_fraction_in_tiny_joint_state,CBC|chemistry|chemistry,False,0.002997002997002997,1.0,0.4405157732543995,cross_CBC_plus_chemistry,cross,15
871,3_04906,3,tli_high|AUS_colon|CBC_lymphopenia,tli_high|AUS_colonic_thickening|CBC_lymphopenia,12.19918050048465,0.07011023276140603,6,87,contingency_likelihood_ratio_G,empty_joint_state;joint_state_n_lt_3;joint_state_n_lt_5;apparent_extreme_fraction_in_tiny_joint_state,GI panel|AUS|CBC,False,0.07192807192807193,1.0,0.5096893415939261,cross_AUS_plus_CBC_plus_GI_panel,cross,23
872,3_04494,3,tli_high|clinical signs_none|AUS_colon,tli_high|clinical_signs_none_reported|AUS_colonic_thickening,12.195264257725807,0.07008772561911383,6,87,contingency_likelihood_ratio_G,empty_joint_state;joint_state_n_lt_3;joint_state_n_lt_5;apparent_extreme_fraction_in_tiny_joint_state,GI panel|clinical signs|AUS,False,0.07292707292707293,1.0,0.5123760201365523,cross_AUS_plus_GI_panel_plus_clinical_signs,cross,14
885,3_04834,3,tli_high|AUS_jejunum|CBC_neutrophilia,tli_high|AUS_jejunal_thickening|CBC_neutrophilia,12.163002730879235,0.06990231454528296,5,87,contingency_likelihood_ratio_G,empty_joint_state;joint_state_n_lt_3;joint_state_n_lt_5;apparent_extreme_fraction_in_tiny_joint_state,GI panel|AUS|CBC,False,0.03896103896103896,1.0,0.4605046047979224,cross_AUS_plus_CBC_plus_GI_panel,cross,24
889,3_06383,3,breed_group|clinical signs_vomiting|clinical signs_diarrhea,breed_group|clinical_signs_vomiting|clinical_signs_diarrhea,12.154964448233262,0.05627298355663547,13,108,contingency_likelihood_ratio_G,joint_state_n_lt_3;joint_state_n_lt_5;apparent_extreme_fraction_in_tiny_joint_state,demographic|clinical signs|clinical signs,False,0.7202797202797203,1.0,0.9321324649076335,cross_clinical_signs_plus_demographic,cross,15
892,3_09820,3,clinical signs_hyporexia|AUS_chronic degenerative renal changes|chem_decreased alt,clinical_signs_hyporexia|AUS_chronic_degenerative_renal_changes|chem_decreased_ALT,12.152188105747566,0.056260130119201696,4,108,contingency_likelihood_ratio_G,empty_joint_state;joint_state_n_lt_3;joint_state_n_lt_5;apparent_extreme_fraction_in_tiny_joint_state,clinical signs|AUS|chemistry,False,0.01998001998001998,1.0,0.4405157732543995,cross_AUS_plus_chemistry_plus_clinical_signs,cross,18
893,3_09827,3,clinical signs_hyporexia|AUS_chronic degenerative renal changes|chem_hyperglycemia,clinical_signs_hyporexia|AUS_chronic_degenerative_renal_changes|chem_hyperglycemia,12.152188105747566,0.056260130119201696,4,108,contingency_likelihood_ratio_G,empty_joint_state;joint_state_n_lt_3;joint_state_n_lt_5;apparent_extreme_fraction_in_tiny_joint_state,clinical signs|AUS|chemistry,False,0.022977022977022976,1.0,0.4405157732543995,cross_AUS_plus_chemistry_plus_clinical_signs,cross,19
895,3_09968,3,clinical signs_hyporexia|CBC_neutrophilia|chem_hyperproteinemia,clinical_signs_hyporexia|CBC_neutrophilia|chem_hyperproteinemia,12.147294326982049,0.056237473736028006,4,108,contingency_likelihood_ratio_G,empty_joint_state;joint_state_n_lt_3;joint_state_n_lt_5;apparent_extreme_fraction_in_tiny_joint_state,clinical signs|CBC|chemistry,False,0.02097902097902098,1.0,0.4405157732543995,cross_CBC_plus_chemistry_plus_clinical_signs,cross,7
896,3_10165,3,clinical signs_hyporexia|chem_hyperproteinemia|chem_decreased alt,clinical_signs_hyporexia|chem_hyperproteinemia|chem_decreased_ALT,12.147294326982049,0.056237473736028006,4,108,contingency_likelihood_ratio_G,empty_joint_state;joint_state_n_lt_3;joint_state_n_lt_5;apparent_extreme_fraction_in_tiny_joint_state,clinical signs|chemistry|chemistry,False,0.017982017982017984,1.0,0.4405157732543995,cross_chemistry_plus_clinical_signs,cross,6
897,3_10171,3,clinical signs_hyporexia|chem_hyperproteinemia|chem_discordantly elevated bun,clinical_signs_hyporexia|chem_hyperproteinemia|chem_discordantly_elevated_BUN,12.147294326982049,0.056237473736028006,4,108,contingency_likelihood_ratio_G,empty_joint_state;joint_state_n_lt_3;joint_state_n_lt_5;apparent_extreme_fraction_in_tiny_joint_state,clinical signs|chemistry|chemistry,False,0.02197802197802198,1.0,0.4405157732543995,cross_chemistry_plus_clinical_signs,cross,7
898,3_10172,3,clinical signs_hyporexia|chem_hyperproteinemia|chem_hyperglycemia,clinical_signs_hyporexia|chem_hyperproteinemia|chem_hyperglycemia,12.147294326982049,0.056237473736028006,4,108,contingency_likelihood_ratio_G,empty_joint_state;joint_state_n_lt_3;joint_state_n_lt_5;apparent_extreme_fraction_in_tiny_joint_state,clinical signs|chemistry|chemistry,False,0.02097902097902098,1.0,0.4405157732543995,cross_chemistry_plus_clinical_signs,cross,8
899,3_03128,3,folate_high|CBC_eosinophilia|chem_no abnormalities,folate_high|CBC_eosinophilia|chem_no_abnormalities,12.14701803393043,0.06748343352183572,7,90,contingency_likelihood_ratio_G,joint_state_n_lt_3;joint_state_n_lt_5;apparent_extreme_fraction_in_tiny_joint_state,GI panel|CBC|chemistry,False,0.13486513486513488,1.0,0.5906602036526017,cross_CBC_plus_GI_panel_plus_chemistry,cross,14
900,3_08351,3,clinical signs_vomiting|AUS_splenomegaly|chem_discordantly elevated bun,clinical_signs_vomiting|AUS_splenomegaly|chem_discordantly_elevated_BUN,12.146855443625949,0.05623544186863865,5,108,contingency_likelihood_ratio_G,empty_joint_state;joint_state_n_lt_3;joint_state_n_lt_5;apparent_extreme_fraction_in_tiny_joint_state,clinical signs|AUS|chemistry,False,0.028971028971028972,1.0,0.44419129257838935,cross_AUS_plus_chemistry_plus_clinical_signs,cross,20
904,3_13158,3,AUS_jejunum|AUS_colon|AUS_enlarged pancreas,AUS_jejunal_thickening|AUS_colonic_thickening|AUS_enlarged_pancreas,12.136109435328517,0.05618569183022462,6,108,contingency_likelihood_ratio_G,empty_joint_state;joint_state_n_lt_3;joint_state_n_lt_5;apparent_extreme_fraction_in_tiny_joint_state,AUS|AUS|AUS,False,0.06893106893106893,1.0,0.5034642652775576,within_AUS,within,8
905,3_05923,3,pli_abn|AUS_chronic degenerative renal changes|chem_decreased alt,pli_abn|AUS_chronic_degenerative_renal_changes|chem_decreased_ALT,12.13294801363259,0.07054039542809645,5,86,contingency_likelihood_ratio_G,empty_joint_state;joint_state_n_lt_3;joint_state_n_lt_5;apparent_extreme_fraction_in_tiny_joint_state,GI panel|AUS|chemistry,False,0.04295704295704296,1.0,0.4648260106427437,cross_AUS_plus_GI_panel_plus_chemistry,cross,7
906,3_08318,3,clinical signs_vomiting|AUS_enlarged pancreas|chem_elevated alt,clinical_signs_vomiting|AUS_enlarged_pancreas|chem_elevated_ALT,12.1279922617646,0.05614811232298426,7,108,contingency_likelihood_ratio_G,joint_state_n_lt_3;joint_state_n_lt_5;apparent_extreme_fraction_in_tiny_joint_state,clinical signs|AUS|chemistry,False,0.13386613386613386,1.0,0.5906602036526017,cross_AUS_plus_chemistry_plus_clinical_signs,cross,21
907,3_05077,3,tli_high|AUS_gall bladder sludge|CBC_lymphopenia,tli_high|AUS_gall_bladder_sludge|CBC_lymphopenia,12.126115015453939,0.06969031618076976,6,87,contingency_likelihood_ratio_G,empty_joint_state;joint_state_n_lt_3;joint_state_n_lt_5;apparent_extreme_fraction_in_tiny_joint_state,GI panel|AUS|CBC,False,0.08791208791208792,1.0,0.5339886950110593,cross_AUS_plus_CBC_plus_GI_panel,cross,25
912,3_05117,3,tli_high|CBC_neutrophilia|CBC_monocytosis,tli_high|CBC_neutrophilia|CBC_monocytosis,12.118147685072856,0.06964452692570607,5,87,contingency_likelihood_ratio_G,empty_joint_state;joint_state_n_lt_3;joint_state_n_lt_5;apparent_extreme_fraction_in_tiny_joint_state,GI panel|CBC|CBC,False,0.028971028971028972,1.0,0.44419129257838935,cross_CBC_plus_GI_panel,cross,15
916,3_10651,3,clinical signs_weight loss|CBC_no abnormalities|chem_hyperproteinemia,clinical_signs_weight_loss|CBC_no_abnormalities|chem_hyperproteinemia,12.099385724099148,0.05601567464860717,6,108,contingency_likelihood_ratio_G,empty_joint_state;joint_state_n_lt_3;joint_state_n_lt_5;apparent_extreme_fraction_in_tiny_joint_state,clinical signs|CBC|chemistry,False,0.0899100899100899,1.0,0.5375379337643489,cross_CBC_plus_chemistry_plus_clinical_signs,cross,8
917,3_17003,3,CBC_neutrophilia|CBC_eosinopenia|chem_discordantly elevated bun,CBC_neutrophilia|CBC_eosinopenia|chem_discordantly_elevated_BUN,12.096815948843002,0.056003777540939825,3,108,contingency_likelihood_ratio_G,empty_joint_state;joint_state_n_lt_3;joint_state_n_lt_5;apparent_extreme_fraction_in_tiny_joint_state,CBC|CBC|chemistry,False,0.003996003996003996,1.0,0.4405157732543995,cross_CBC_plus_chemistry,cross,16
918,3_17004,3,CBC_neutrophilia|CBC_eosinopenia|chem_hyperglycemia,CBC_neutrophilia|CBC_eosinopenia|chem_hyperglycemia,12.096815948843002,0.056003777540939825,3,108,contingency_likelihood_ratio_G,empty_joint_state;joint_state_n_lt_3;joint_state_n_lt_5;apparent_extreme_fraction_in_tiny_joint_state,CBC|CBC|chemistry,False,0.004995004995004995,1.0,0.4405157732543995,cross_CBC_plus_chemistry,cross,17
919,3_17171,3,CBC_neutrophilia|chem_elevated alp|chem_discordantly elevated bun,CBC_neutrophilia|chem_elevated_ALP|chem_discordantly_elevated_BUN,12.096815948843002,0.056003777540939825,3,108,contingency_likelihood_ratio_G,empty_joint_state;joint_state_n_lt_3;joint_state_n_lt_5;apparent_extreme_fraction_in_tiny_joint_state,CBC|chemistry|chemistry,False,0.006993006993006993,1.0,0.4405157732543995,cross_CBC_plus_chemistry,cross,18
920,3_17172,3,CBC_neutrophilia|chem_elevated alp|chem_hyperglycemia,CBC_neutrophilia|chem_elevated_ALP|chem_hyperglycemia,12.096815948843002,0.056003777540939825,3,108,contingency_likelihood_ratio_G,empty_joint_state;joint_state_n_lt_3;joint_state_n_lt_5;apparent_extreme_fraction_in_tiny_joint_state,CBC|chemistry|chemistry,False,0.002997002997002997,1.0,0.4405157732543995,cross_CBC_plus_chemistry,cross,19
921,3_18813,3,chem_decreased alt|chem_elevated alp|chem_discordantly elevated bun,chem_decreased_ALT|chem_elevated_ALP|chem_discordantly_elevated_BUN,12.096815948843002,0.056003777540939825,3,108,contingency_likelihood_ratio_G,empty_joint_state;joint_state_n_lt_3;joint_state_n_lt_5;apparent_extreme_fraction_in_tiny_joint_state,chemistry|chemistry|chemistry,False,0.001998001998001998,1.0,0.4405157732543995,within_chemistry,within,8
922,3_18814,3,chem_decreased alt|chem_elevated alp|chem_hyperglycemia,chem_decreased_ALT|chem_elevated_ALP|chem_hyperglycemia,12.096815948843002,0.056003777540939825,3,108,contingency_likelihood_ratio_G,empty_joint_state;joint_state_n_lt_3;joint_state_n_lt_5;apparent_extreme_fraction_in_tiny_joint_state,chemistry|chemistry|chemistry,False,0.002997002997002997,1.0,0.4405157732543995,within_chemistry,within,9
923,3_17144,3,CBC_neutrophilia|chem_decreased alt|chem_discordantly elevated bun,CBC_neutrophilia|chem_decreased_ALT|chem_discordantly_elevated_BUN,12.096815948843,0.05600377754093982,4,108,contingency_likelihood_ratio_G,empty_joint_state;joint_state_n_lt_3;joint_state_n_lt_5;apparent_extreme_fraction_in_tiny_joint_state,CBC|chemistry|chemistry,False,0.003996003996003996,1.0,0.4405157732543995,cross_CBC_plus_chemistry,cross,20
924,3_17145,3,CBC_neutrophilia|chem_decreased alt|chem_hyperglycemia,CBC_neutrophilia|chem_decreased_ALT|chem_hyperglycemia,12.096815948843,0.05600377754093982,4,108,contingency_likelihood_ratio_G,empty_joint_state;joint_state_n_lt_3;joint_state_n_lt_5;apparent_extreme_fraction_in_tiny_joint_state,CBC|chemistry|chemistry,False,0.002997002997002997,1.0,0.4405157732543995,cross_CBC_plus_chemistry,cross,21
925,3_17796,3,CBC_eosinopenia|chem_decreased alt|chem_discordantly elevated bun,CBC_eosinopenia|chem_decreased_ALT|chem_discordantly_elevated_BUN,12.096815948843,0.05600377754093982,3,108,contingency_likelihood_ratio_G,empty_joint_state;joint_state_n_lt_3;joint_state_n_lt_5;apparent_extreme_fraction_in_tiny_joint_state,CBC|chemistry|chemistry,False,0.002997002997002997,1.0,0.4405157732543995,cross_CBC_plus_chemistry,cross,22
926,3_17797,3,CBC_eosinopenia|chem_decreased alt|chem_hyperglycemia,CBC_eosinopenia|chem_decreased_ALT|chem_hyperglycemia,12.096815948843,0.05600377754093982,3,108,contingency_likelihood_ratio_G,empty_joint_state;joint_state_n_lt_3;joint_state_n_lt_5;apparent_extreme_fraction_in_tiny_joint_state,CBC|chemistry|chemistry,False,0.002997002997002997,1.0,0.4405157732543995,cross_CBC_plus_chemistry,cross,23
927,3_17842,3,CBC_eosinopenia|chem_discordantly elevated bun|chem_hyperglycemia,CBC_eosinopenia|chem_discordantly_elevated_BUN|chem_hyperglycemia,12.096815948843,0.05600377754093982,3,108,contingency_likelihood_ratio_G,empty_joint_state;joint_state_n_lt_3;joint_state_n_lt_5;apparent_extreme_fraction_in_tiny_joint_state,CBC|chemistry|chemistry,False,0.001998001998001998,1.0,0.4405157732543995,cross_CBC_plus_chemistry,cross,24
928,3_18941,3,chem_elevated alp|chem_discordantly elevated bun|chem_hyperglycemia,chem_elevated_ALP|chem_discordantly_elevated_BUN|chem_hyperglycemia,12.096815948843,0.05600377754093982,3,108,contingency_likelihood_ratio_G,empty_joint_state;joint_state_n_lt_3;joint_state_n_lt_5;apparent_extreme_fraction_in_tiny_joint_state,chemistry|chemistry|chemistry,False,0.001998001998001998,1.0,0.4405157732543995,within_chemistry,within,10
929,3_00258,3,age|breed_group|CBC_basocytosis,age|breed_group|CBC_basocytosis,12.095477916765006,,5,108,logistic_deviance_improvement_age_linear_additive_to_joint_state,joint_state_n_lt_3;joint_state_n_lt_5;apparent_extreme_fraction_in_tiny_joint_state;age_model_newton_not_fully_converged,demographic|demographic|CBC,True,0.04595404595404595,1.0,0.47251396521272127,cross_CBC_plus_demographic,cross,17
931,3_06490,3,breed_group|clinical signs_hyporexia|CBC_anemia,breed_group|clinical_signs_hyporexia|CBC_anemia,12.089720253051183,0.05597092709745918,9,108,contingency_likelihood_ratio_G,joint_state_n_lt_3;joint_state_n_lt_5;apparent_extreme_fraction_in_tiny_joint_state,demographic|clinical signs|CBC,False,0.33166833166833165,1.0,0.7267118038121841,cross_CBC_plus_clinical_signs_plus_demographic,cross,25
932,3_09911,3,clinical signs_hyporexia|AUS_ileus|chem_hyperglycemia,clinical_signs_hyporexia|AUS_ileus|chem_hyperglycemia,12.089127215240163,0.05596818155203779,4,108,contingency_likelihood_ratio_G,empty_joint_state;joint_state_n_lt_3;joint_state_n_lt_5;apparent_extreme_fraction_in_tiny_joint_state,clinical signs|AUS|chemistry,False,0.01998001998001998,1.0,0.4405157732543995,cross_AUS_plus_chemistry_plus_clinical_signs,cross,22
945,3_02889,3,folate_high|AUS_mesenteric lymphadenopathy|AUS_enlarged pancreas,folate_high|AUS_mesenteric_lymphadenopathy|AUS_enlarged_pancreas,12.072772926773856,0.0670709607042992,7,90,contingency_likelihood_ratio_G,joint_state_n_lt_5;apparent_extreme_fraction_in_tiny_joint_state,GI panel|AUS|AUS,False,0.14385614385614387,1.0,0.5931453062227299,cross_AUS_plus_GI_panel,cross,10
949,3_04743,3,tli_high|clinical signs_constipation|CBC_basophilia,tli_high|clinical_signs_constipation|CBC_basophilia,12.052801480905119,0.06926897402819034,4,87,contingency_likelihood_ratio_G,empty_joint_state;joint_state_n_lt_3;joint_state_n_lt_5;apparent_extreme_fraction_in_tiny_joint_state,GI panel|clinical signs|CBC,False,0.00999000999000999,1.0,0.4405157732543995,cross_CBC_plus_GI_panel_plus_clinical_signs,cross,7
950,3_05200,3,tli_high|CBC_basophilia|CBC_basocytosis,tli_high|CBC_basophilia|CBC_basocytosis,12.052801480905119,0.06926897402819034,4,87,contingency_likelihood_ratio_G,empty_joint_state;joint_state_n_lt_3;joint_state_n_lt_5;apparent_extreme_fraction_in_tiny_joint_state,GI panel|CBC|CBC,False,0.007992007992007992,1.0,0.4405157732543995,cross_CBC_plus_GI_panel,cross,16
951,3_05212,3,tli_high|CBC_basophilia|chem_elevated total bilirubin,tli_high|CBC_basophilia|chem_elevated_total_bilirubin,12.052801480905119,0.06926897402819034,4,87,contingency_likelihood_ratio_G,empty_joint_state;joint_state_n_lt_3;joint_state_n_lt_5;apparent_extreme_fraction_in_tiny_joint_state,GI panel|CBC|chemistry,False,0.007992007992007992,1.0,0.4405157732543995,cross_CBC_plus_GI_panel_plus_chemistry,cross,15
956,3_09774,3,clinical signs_hyporexia|AUS_mesenteric lymphadenopathy|AUS_ileus,clinical_signs_hyporexia|AUS_mesenteric_lymphadenopathy|AUS_ileus,12.040810499206733,0.055744493051883025,6,108,contingency_likelihood_ratio_G,empty_joint_state;joint_state_n_lt_3;joint_state_n_lt_5;apparent_extreme_fraction_in_tiny_joint_state,clinical signs|AUS|AUS,False,0.08091908091908091,1.0,0.5197410697410697,cross_AUS_plus_clinical_signs,cross,18
960,3_00257,3,age|breed_group|CBC_basophilia,age|breed_group|CBC_basophilia,12.031531045672395,,6,108,logistic_deviance_improvement_age_linear_additive_to_joint_state,joint_state_n_lt_3;joint_state_n_lt_5;apparent_extreme_fraction_in_tiny_joint_state,demographic|demographic|CBC,True,0.0939060939060939,1.0,0.5441458876387252,cross_CBC_plus_demographic,cross,18
966,3_05205,3,tli_high|CBC_basophilia|chem_no abnormalities,tli_high|CBC_basophilia|chem_no_abnormalities,12.015517164810358,0.06905469634948481,6,87,contingency_likelihood_ratio_G,empty_joint_state;joint_state_n_lt_3;joint_state_n_lt_5;apparent_extreme_fraction_in_tiny_joint_state,GI panel|CBC|chemistry,False,0.08491508491508491,1.0,0.5284470030787544,cross_CBC_plus_GI_panel_plus_chemistry,cross,16
974,3_00254,3,age|breed_group|CBC_neutropenia,age|breed_group|CBC_neutropenia,11.998309364309122,,6,108,logistic_deviance_improvement_age_linear_additive_to_joint_state,joint_state_n_lt_3;joint_state_n_lt_5;apparent_extreme_fraction_in_tiny_joint_state;age_model_newton_not_fully_converged,demographic|demographic|CBC,True,0.09490509490509491,1.0,0.545611026409333,cross_CBC_plus_demographic,cross,19
978,3_04539,3,tli_high|clinical signs_vomiting|AUS_enlarged pancreas,tli_high|clinical_signs_vomiting|AUS_enlarged_pancreas,11.98365168787597,0.06887156142457454,7,87,contingency_likelihood_ratio_G,joint_state_n_lt_5,GI panel|clinical signs|AUS,False,0.15584415584415584,1.0,0.6031981048267694,cross_AUS_plus_GI_panel_plus_clinical_signs,cross,15
979,3_09817,3,clinical signs_hyporexia|AUS_chronic degenerative renal changes|chem_no abnormalities,clinical_signs_hyporexia|AUS_chronic_degenerative_renal_changes|chem_no_abnormalities,11.978487575173327,0.05545596099617281,6,108,contingency_likelihood_ratio_G,empty_joint_state;joint_state_n_lt_3;joint_state_n_lt_5;apparent_extreme_fraction_in_tiny_joint_state,clinical signs|AUS|chemistry,False,0.0969030969030969,1.0,0.5466829905999046,cross_AUS_plus_chemistry_plus_clinical_signs,cross,23
981,3_12554,3,AUS_duodenum|AUS_jejunum|AUS_mesenteric lymphadenopathy,AUS_duodenal_thickening|AUS_jejunal_thickening|AUS_mesenteric_lymphadenopathy,11.970383053384625,0.055418440061965855,7,108,contingency_likelihood_ratio_G,,AUS|AUS|AUS,False,0.14485514485514486,1.0,0.5936594123703415,within_AUS,within,9
987,3_04625,3,tli_high|clinical signs_hyporexia|CBC_neutrophilia,tli_high|clinical_signs_hyporexia|CBC_neutrophilia,11.96081411678901,0.06874031101602879,5,87,contingency_likelihood_ratio_G,empty_joint_state;joint_state_n_lt_3;joint_state_n_lt_5;apparent_extreme_fraction_in_tiny_joint_state,GI panel|clinical signs|CBC,False,0.03896103896103896,1.0,0.4605046047979224,cross_CBC_plus_GI_panel_plus_clinical_signs,cross,8
994,3_04818,3,tli_high|AUS_duodenum|chem_azotemia,tli_high|AUS_duodenal_thickening|chem_azotemia,11.943338815203344,0.06863987824829508,7,87,contingency_likelihood_ratio_G,joint_state_n_lt_3;joint_state_n_lt_5;apparent_extreme_fraction_in_tiny_joint_state,GI panel|AUS|chemistry,False,0.18081918081918083,1.0,0.6295063661846303,cross_AUS_plus_GI_panel_plus_chemistry,cross,8
1000,3_09832,3,clinical signs_hyporexia|AUS_enlarged pancreas|AUS_splenomegaly,clinical_signs_hyporexia|AUS_enlarged_pancreas|AUS_splenomegaly,11.93122783214599,0.05523716588956477,6,108,contingency_likelihood_ratio_G,empty_joint_state;joint_state_n_lt_3;joint_state_n_lt_5;apparent_extreme_fraction_in_tiny_joint_state,clinical signs|AUS|AUS,False,0.07792207792207792,1.0,0.5149303251493033,cross_AUS_plus_clinical_signs,cross,19
1002,3_05202,3,tli_high|CBC_basophilia|CBC_lymphopenia,tli_high|CBC_basophilia|CBC_lymphopenia,11.93082802844525,0.0685679771749727,5,87,contingency_likelihood_ratio_G,empty_joint_state;joint_state_n_lt_3;joint_state_n_lt_5;apparent_extreme_fraction_in_tiny_joint_state,GI panel|CBC|CBC,False,0.03796203796203796,1.0,0.4605046047979224,cross_CBC_plus_GI_panel,cross,17
1003,3_01718,3,cobalamin_low|AUS_duodenum|AUS_enlarged pancreas,cobalamin_low|AUS_duodenal_thickening|AUS_enlarged_pancreas,11.929857302637858,0.06627698501465476,7,90,contingency_likelihood_ratio_G,joint_state_n_lt_3;joint_state_n_lt_5;apparent_extreme_fraction_in_tiny_joint_state,GI panel|AUS|AUS,False,0.14585414585414586,1.0,0.5946770364527173,cross_AUS_plus_GI_panel,cross,11
1005,3_04597,3,tli_high|clinical signs_diarrhea|chem_hyperproteinemia,tli_high|clinical_signs_diarrhea|chem_hyperproteinemia,11.927302283986911,0.06854771427578685,6,87,contingency_likelihood_ratio_G,empty_joint_state;joint_state_n_lt_3;joint_state_n_lt_5;apparent_extreme_fraction_in_tiny_joint_state,GI panel|clinical signs|chemistry,False,0.08191808191808192,1.0,0.5210527177740293,cross_GI_panel_plus_chemistry_plus_clinical_signs,cross,6
1006,3_04506,3,tli_high|clinical signs_none|CBC_basophilia,tli_high|clinical_signs_none_reported|CBC_basophilia,11.926911785686407,0.0685454700326805,5,87,contingency_likelihood_ratio_G,empty_joint_state;joint_state_n_lt_3;joint_state_n_lt_5;apparent_extreme_fraction_in_tiny_joint_state,GI panel|clinical signs|CBC,False,0.04095904095904096,1.0,0.4605046047979224,cross_CBC_plus_GI_panel_plus_clinical_signs,cross,9
1007,3_15489,3,AUS_enlarged pancreas|AUS_splenomegaly|AUS_gall bladder sludge,AUS_enlarged_pancreas|AUS_splenomegaly|AUS_gall_bladder_sludge,11.926345936917691,0.05521456452276709,7,108,contingency_likelihood_ratio_G,joint_state_n_lt_3;joint_state_n_lt_5;apparent_extreme_fraction_in_tiny_joint_state,AUS|AUS|AUS,False,0.15784215784215785,1.0,0.6063639330966064,within_AUS,within,10
1008,3_01233,3,cobalamin_low|folate_low|breed_group,cobalamin_low|folate_low|breed_group,11.924004184107165,0.06624446768948425,11,90,contingency_likelihood_ratio_G,joint_state_n_lt_3;joint_state_n_lt_5;apparent_extreme_fraction_in_tiny_joint_state,GI panel|GI panel|demographic,False,0.6023976023976024,1.0,0.8856842639226059,cross_GI_panel_plus_demographic,cross,13
1009,3_09975,3,clinical signs_hyporexia|CBC_neutrophilia|chem_discordantly elevated bun,clinical_signs_hyporexia|CBC_neutrophilia|chem_discordantly_elevated_BUN,11.9187517605233,0.05517940629871898,3,108,contingency_likelihood_ratio_G,empty_joint_state;joint_state_n_lt_3;joint_state_n_lt_5;apparent_extreme_fraction_in_tiny_joint_state,clinical signs|CBC|chemistry,False,0.007992007992007992,1.0,0.4405157732543995,cross_CBC_plus_chemistry_plus_clinical_signs,cross,9
1010,3_09976,3,clinical signs_hyporexia|CBC_neutrophilia|chem_hyperglycemia,clinical_signs_hyporexia|CBC_neutrophilia|chem_hyperglycemia,11.9187517605233,0.05517940629871898,3,108,contingency_likelihood_ratio_G,empty_joint_state;joint_state_n_lt_3;joint_state_n_lt_5;apparent_extreme_fraction_in_tiny_joint_state,clinical signs|CBC|chemistry,False,0.012987012987012988,1.0,0.4405157732543995,cross_CBC_plus_chemistry_plus_clinical_signs,cross,10
1011,3_10182,3,clinical signs_hyporexia|chem_decreased alt|chem_discordantly elevated bun,clinical_signs_hyporexia|chem_decreased_ALT|chem_discordantly_elevated_BUN,11.9187517605233,0.05517940629871898,3,108,contingency_likelihood_ratio_G,empty_joint_state;joint_state_n_lt_3;joint_state_n_lt_5;apparent_extreme_fraction_in_tiny_joint_state,clinical signs|chemistry|chemistry,False,0.00999000999000999,1.0,0.4405157732543995,cross_chemistry_plus_clinical_signs,cross,9
1012,3_10183,3,clinical signs_hyporexia|chem_decreased alt|chem_hyperglycemia,clinical_signs_hyporexia|chem_decreased_ALT|chem_hyperglycemia,11.9187517605233,0.05517940629871898,3,108,contingency_likelihood_ratio_G,empty_joint_state;joint_state_n_lt_3;joint_state_n_lt_5;apparent_extreme_fraction_in_tiny_joint_state,clinical signs|chemistry|chemistry,False,0.011988011988011988,1.0,0.4405157732543995,cross_chemistry_plus_clinical_signs,cross,10
1013,3_10228,3,clinical signs_hyporexia|chem_discordantly elevated bun|chem_hyperglycemia,clinical_signs_hyporexia|chem_discordantly_elevated_BUN|chem_hyperglycemia,11.9187517605233,0.05517940629871898,3,108,contingency_likelihood_ratio_G,empty_joint_state;joint_state_n_lt_3;joint_state_n_lt_5;apparent_extreme_fraction_in_tiny_joint_state,clinical signs|chemistry|chemistry,False,0.011988011988011988,1.0,0.4405157732543995,cross_chemistry_plus_clinical_signs,cross,11
1014,3_08233,3,clinical signs_vomiting|AUS_colon|chem_discordantly elevated bun,clinical_signs_vomiting|AUS_colonic_thickening|chem_discordantly_elevated_BUN,11.918166048353434,0.05517669466830294,4,108,contingency_likelihood_ratio_G,empty_joint_state;joint_state_n_lt_3;joint_state_n_lt_5;apparent_extreme_fraction_in_tiny_joint_state,clinical signs|AUS|chemistry,False,0.027972027972027972,1.0,0.44206500066849197,cross_AUS_plus_chemistry_plus_clinical_signs,cross,24
1016,3_17589,3,CBC_eosinophilia|chem_hyperproteinemia|chem_discordantly elevated bun,CBC_eosinophilia|chem_hyperproteinemia|chem_discordantly_elevated_BUN,11.916871187734746,0.05517069994321641,3,108,contingency_likelihood_ratio_G,empty_joint_state;joint_state_n_lt_3;joint_state_n_lt_5;apparent_extreme_fraction_in_tiny_joint_state,CBC|chemistry|chemistry,False,0.011988011988011988,1.0,0.4405157732543995,cross_CBC_plus_chemistry,cross,25
1021,3_04660,3,tli_high|clinical signs_weight loss|AUS_splenomegaly,tli_high|clinical_signs_weight_loss|AUS_splenomegaly,11.905416441294538,0.06842193357065826,7,87,contingency_likelihood_ratio_G,joint_state_n_lt_3;joint_state_n_lt_5;apparent_extreme_fraction_in_tiny_joint_state,GI panel|clinical signs|AUS,False,0.15884115884115885,1.0,0.6067687586674928,cross_AUS_plus_GI_panel_plus_clinical_signs,cross,16
1023,3_09772,3,clinical signs_hyporexia|AUS_mesenteric lymphadenopathy|AUS_enlarged pancreas,clinical_signs_hyporexia|AUS_mesenteric_lymphadenopathy|AUS_enlarged_pancreas,11.903527539849051,0.05510892379559746,7,108,contingency_likelihood_ratio_G,joint_state_n_lt_3;joint_state_n_lt_5;apparent_extreme_fraction_in_tiny_joint_state,clinical signs|AUS|AUS,False,0.14285714285714285,1.0,0.5926249181758674,cross_AUS_plus_clinical_signs,cross,20
1027,3_04502,3,tli_high|clinical signs_none|CBC_neutrophilia,tli_high|clinical_signs_none_reported|CBC_neutrophilia,11.895273542644281,0.06836364104967978,5,87,contingency_likelihood_ratio_G,empty_joint_state;joint_state_n_lt_3;joint_state_n_lt_5;apparent_extreme_fraction_in_tiny_joint_state,GI panel|clinical signs|CBC,False,0.03396603396603397,1.0,0.4566918230284567,cross_CBC_plus_GI_panel_plus_clinical_signs,cross,10
1028,3_02976,3,folate_high|AUS_enlarged pancreas|chem_hypokalemia,folate_high|AUS_enlarged_pancreas|chem_hypokalemia,11.893122671719585,0.06607290373177548,6,90,contingency_likelihood_ratio_G,empty_joint_state;joint_state_n_lt_3;joint_state_n_lt_5;apparent_extreme_fraction_in_tiny_joint_state,GI panel|AUS|chemistry,False,0.06993006993006994,1.0,0.5045580605352902,cross_AUS_plus_GI_panel_plus_chemistry,cross,9
1031,3_01851,3,cobalamin_low|AUS_mesenteric lymphadenopathy|AUS_gall bladder sludge,cobalamin_low|AUS_mesenteric_lymphadenopathy|AUS_gall_bladder_sludge,11.888578561722746,0.06604765867623748,7,90,contingency_likelihood_ratio_G,joint_state_n_lt_3;joint_state_n_lt_5;apparent_extreme_fraction_in_tiny_joint_state,GI panel|AUS|AUS,False,0.14785214785214784,1.0,0.5956696408063222,cross_AUS_plus_GI_panel,cross,12
1033,3_00262,3,age|breed_group|CBC_anemia,age|breed_group|CBC_anemia,11.888298944699699,,5,108,logistic_deviance_improvement_age_linear_additive_to_joint_state,joint_state_n_lt_5,demographic|demographic|CBC,True,0.060939060939060936,1.0,0.49406116271787914,cross_CBC_plus_demographic,cross,20
1037,3_09108,3,clinical signs_diarrhea|AUS_enlarged pancreas|chem_azotemia,clinical_signs_diarrhea|AUS_enlarged_pancreas|chem_azotemia,11.87288867281635,0.05496707718896458,6,108,contingency_likelihood_ratio_G,empty_joint_state;joint_state_n_lt_5;apparent_extreme_fraction_in_tiny_joint_state,clinical signs|AUS|chemistry,False,0.08091908091908091,1.0,0.5197410697410697,cross_AUS_plus_chemistry_plus_clinical_signs,cross,25
1043,3_09641,3,clinical signs_hyporexia|AUS_duodenum|AUS_chronic degenerative renal changes,clinical_signs_hyporexia|AUS_duodenal_thickening|AUS_chronic_degenerative_renal_changes,11.841225422243488,0.05482048806594207,6,108,contingency_likelihood_ratio_G,empty_joint_state;joint_state_n_lt_3;joint_state_n_lt_5;apparent_extreme_fraction_in_tiny_joint_state,clinical signs|AUS|AUS,False,0.1068931068931069,1.0,0.5592327320450601,cross_AUS_plus_clinical_signs,cross,21
1044,3_05110,3,tli_high|CBC_neutrophilia|CBC_neutropenia,tli_high|CBC_neutrophilia|CBC_neutropenia,11.840610372672788,0.06804948490041833,5,87,contingency_likelihood_ratio_G,empty_joint_state;joint_state_n_lt_3;joint_state_n_lt_5;apparent_extreme_fraction_in_tiny_joint_state,GI panel|CBC|CBC,False,0.011988011988011988,1.0,0.4405157732543995,cross_CBC_plus_GI_panel,cross,18
1045,3_05133,3,tli_high|CBC_neutrophilia|chem_hypophosphatemia,tli_high|CBC_neutrophilia|chem_hypophosphatemia,11.840610372672788,0.06804948490041833,5,87,contingency_likelihood_ratio_G,empty_joint_state;joint_state_n_lt_3;joint_state_n_lt_5;apparent_extreme_fraction_in_tiny_joint_state,GI panel|CBC|chemistry,False,0.011988011988011988,1.0,0.4405157732543995,cross_CBC_plus_GI_panel_plus_chemistry,cross,17
1050,3_08894,3,clinical signs_diarrhea|AUS_duodenum|AUS_mesenteric lymphadenopathy,clinical_signs_diarrhea|AUS_duodenal_thickening|AUS_mesenteric_lymphadenopathy,11.83419595551753,0.05478794423850708,7,108,contingency_likelihood_ratio_G,joint_state_n_lt_3;joint_state_n_lt_5;apparent_extreme_fraction_in_tiny_joint_state,clinical signs|AUS|AUS,False,0.13086913086913088,1.0,0.5898729056623794,cross_AUS_plus_clinical_signs,cross,22
1059,3_14225,3,AUS_colon|AUS_enlarged pancreas|AUS_splenomegaly,AUS_colonic_thickening|AUS_enlarged_pancreas|AUS_splenomegaly,11.821510329803212,0.05472921448982969,6,108,contingency_likelihood_ratio_G,empty_joint_state;joint_state_n_lt_3;joint_state_n_lt_5;apparent_extreme_fraction_in_tiny_joint_state,AUS|AUS|AUS,False,0.07292707292707293,1.0,0.5123760201365523,within_AUS,within,11
1064,3_00238,3,age|breed_group|clinical signs_weight loss,age|breed_group|clinical_signs_weight_loss,11.817182297124475,,8,108,logistic_deviance_improvement_age_linear_additive_to_joint_state,joint_state_n_lt_5,demographic|demographic|clinical signs,True,0.24975024975024976,1.0,0.6779342873003639,cross_clinical_signs_plus_demographic,cross,16
1066,3_06045,3,pli_abn|CBC_no abnormalities|chem_no abnormalities,pli_abn|CBC_no_abnormalities|chem_no_abnormalities,11.814552479433456,0.0686892586013573,7,86,contingency_likelihood_ratio_G,joint_state_n_lt_5;apparent_extreme_fraction_in_tiny_joint_state,GI panel|CBC|chemistry,False,0.1878121878121878,1.0,0.6337708901268223,cross_CBC_plus_GI_panel_plus_chemistry,cross,18
1068,3_04973,3,tli_high|AUS_chronic degenerative renal changes|chem_decreased alt,tli_high|AUS_chronic_degenerative_renal_changes|chem_decreased_ALT,11.812506096494412,0.06788796607180696,4,87,contingency_likelihood_ratio_G,empty_joint_state;joint_state_n_lt_3;joint_state_n_lt_5;apparent_extreme_fraction_in_tiny_joint_state,GI panel|AUS|chemistry,False,0.03196803196803197,1.0,0.4559461543707605,cross_AUS_plus_GI_panel_plus_chemistry,cross,10
1070,3_14636,3,AUS_mesenteric lymphadenopathy|AUS_chronic degenerative renal changes|AUS_enlarged pancreas,AUS_mesenteric_lymphadenopathy|AUS_chronic_degenerative_renal_changes|AUS_enlarged_pancreas,11.81066067052013,0.054678984585741344,6,108,contingency_likelihood_ratio_G,empty_joint_state;joint_state_n_lt_3;joint_state_n_lt_5;apparent_extreme_fraction_in_tiny_joint_state,AUS|AUS|AUS,False,0.10589410589410589,1.0,0.5586178527354998,within_AUS,within,12
1071,3_00357,3,age|clinical signs_diarrhea|clinical signs_hyporexia,age|clinical_signs_diarrhea|clinical_signs_hyporexia,11.81049432155092,,4,108,logistic_deviance_improvement_age_linear_additive_to_joint_state,joint_state_n_lt_3;joint_state_n_lt_5;apparent_extreme_fraction_in_tiny_joint_state,demographic|clinical signs|clinical signs,True,0.024975024975024976,1.0,0.4405157732543995,cross_clinical_signs_plus_demographic,cross,17
1073,3_04664,3,tli_high|clinical signs_weight loss|CBC_neutrophilia,tli_high|clinical_signs_weight_loss|CBC_neutrophilia,11.808412530242222,0.06786443982897829,5,87,contingency_likelihood_ratio_G,empty_joint_state;joint_state_n_lt_3;joint_state_n_lt_5;apparent_extreme_fraction_in_tiny_joint_state,GI panel|clinical signs|CBC,False,0.03196803196803197,1.0,0.4559461543707605,cross_CBC_plus_GI_panel_plus_clinical_signs,cross,11
1075,3_00400,3,age|clinical signs_hyporexia|clinical signs_constipation,age|clinical_signs_hyporexia|clinical_signs_constipation,11.80198162846385,,4,108,logistic_deviance_improvement_age_linear_additive_to_joint_state,empty_joint_state;joint_state_n_lt_3;joint_state_n_lt_5;apparent_extreme_fraction_in_tiny_joint_state;age_model_newton_not_fully_converged,demographic|clinical signs|clinical signs,True,0.01098901098901099,1.0,0.4405157732543995,cross_clinical_signs_plus_demographic,cross,18
1079,3_01295,3,cobalamin_low|tli_high|AUS_splenomegaly,cobalamin_low|tli_high|AUS_splenomegaly,11.79604196774383,0.06779334464220592,7,87,contingency_likelihood_ratio_G,joint_state_n_lt_3;joint_state_n_lt_5;apparent_extreme_fraction_in_tiny_joint_state,GI panel|GI panel|AUS,False,0.16083916083916083,1.0,0.6110859564096973,cross_AUS_plus_GI_panel,cross,13
1089,3_05218,3,tli_high|CBC_basophilia|chem_hypokalemia,tli_high|CBC_basophilia|chem_hypokalemia,11.778256797376507,0.06769113101940522,5,87,contingency_likelihood_ratio_G,empty_joint_state;joint_state_n_lt_3;joint_state_n_lt_5;apparent_extreme_fraction_in_tiny_joint_state,GI panel|CBC|chemistry,False,0.03896103896103896,1.0,0.4605046047979224,cross_CBC_plus_GI_panel_plus_chemistry,cross,19
1090,3_03406,3,folate_low|pli_abn|breed_group,folate_low|pli_abn|breed_group,11.776761857101802,0.06846954568082443,9,86,contingency_likelihood_ratio_G,joint_state_n_lt_3;joint_state_n_lt_5;apparent_extreme_fraction_in_tiny_joint_state,GI panel|GI panel|demographic,False,0.3786213786213786,1.0,0.7578805696304117,cross_GI_panel_plus_demographic,cross,14
1092,3_10539,3,clinical signs_weight loss|AUS_enlarged pancreas|AUS_splenomegaly,clinical_signs_weight_loss|AUS_enlarged_pancreas|AUS_splenomegaly,11.77090133691605,0.05449491359683356,7,108,contingency_likelihood_ratio_G,joint_state_n_lt_3;joint_state_n_lt_5;apparent_extreme_fraction_in_tiny_joint_state,clinical signs|AUS|AUS,False,0.13786213786213786,1.0,0.5915222218539754,cross_AUS_plus_clinical_signs,cross,23
1093,3_02661,3,folate_high|clinical signs_hairball obstruction|AUS_enlarged pancreas,folate_high|clinical_signs_hairball_obstruction|AUS_enlarged_pancreas,11.768709186768024,0.0653817177042668,5,90,contingency_likelihood_ratio_G,empty_joint_state;joint_state_n_lt_3;joint_state_n_lt_5;apparent_extreme_fraction_in_tiny_joint_state,GI panel|clinical signs|AUS,False,0.03396603396603397,1.0,0.4566918230284567,cross_AUS_plus_GI_panel_plus_clinical_signs,cross,17
1098,3_08443,3,clinical signs_vomiting|CBC_neutrophilia|chem_discordantly elevated bun,clinical_signs_vomiting|CBC_neutrophilia|chem_discordantly_elevated_BUN,11.765391348538808,0.05446940439138337,4,108,contingency_likelihood_ratio_G,empty_joint_state;joint_state_n_lt_3;joint_state_n_lt_5;apparent_extreme_fraction_in_tiny_joint_state,clinical signs|CBC|chemistry,False,0.016983016983016984,1.0,0.4405157732543995,cross_CBC_plus_chemistry_plus_clinical_signs,cross,11
1112,3_05323,3,tli_high|chem_hyperproteinemia|chem_azotemia,tli_high|chem_hyperproteinemia|chem_azotemia,11.751027934529937,0.0675346433018962,6,87,contingency_likelihood_ratio_G,empty_joint_state;joint_state_n_lt_3;joint_state_n_lt_5;apparent_extreme_fraction_in_tiny_joint_state,GI panel|chemistry|chemistry,False,0.08091908091908091,1.0,0.5197410697410697,cross_GI_panel_plus_chemistry,cross,6
1114,3_03545,3,folate_low|clinical signs_vomiting|AUS_splenomegaly,folate_low|clinical_signs_vomiting|AUS_splenomegaly,11.750462688260368,0.06528034826811316,6,90,contingency_likelihood_ratio_G,empty_joint_state;joint_state_n_lt_3;joint_state_n_lt_5;apparent_extreme_fraction_in_tiny_joint_state,GI panel|clinical signs|AUS,False,0.08591408591408592,1.0,0.5292931307189246,cross_AUS_plus_GI_panel_plus_clinical_signs,cross,18
1116,3_05379,3,tli_high|chem_azotemia|chem_hypokalemia,tli_high|chem_azotemia|chem_hypokalemia,11.746352326697291,0.06750777199251316,6,87,contingency_likelihood_ratio_G,empty_joint_state;joint_state_n_lt_3;joint_state_n_lt_5;apparent_extreme_fraction_in_tiny_joint_state,GI panel|chemistry|chemistry,False,0.1018981018981019,1.0,0.5544609940717554,cross_GI_panel_plus_chemistry,cross,7
1118,3_04985,3,tli_high|AUS_enlarged pancreas|AUS_splenomegaly,tli_high|AUS_enlarged_pancreas|AUS_splenomegaly,11.7415774921474,0.06748033041464023,7,87,contingency_likelihood_ratio_G,joint_state_n_lt_3;joint_state_n_lt_5;apparent_extreme_fraction_in_tiny_joint_state,GI panel|AUS|AUS,False,0.15484515484515485,1.0,0.6031981048267694,cross_AUS_plus_GI_panel,cross,14
1130,3_03385,3,folate_low|tli_high|CBC_basophilia,folate_low|tli_high|CBC_basophilia,11.715010864614902,0.06732764864721208,5,87,contingency_likelihood_ratio_G,empty_joint_state;joint_state_n_lt_3;joint_state_n_lt_5;apparent_extreme_fraction_in_tiny_joint_state,GI panel|GI panel|CBC,False,0.04295704295704296,1.0,0.4648260106427437,cross_CBC_plus_GI_panel,cross,19
1132,3_02503,3,folate_high|clinical signs_vomiting|AUS_enlarged pancreas,folate_high|clinical_signs_vomiting|AUS_enlarged_pancreas,11.711578733989704,0.0650643262999428,7,90,contingency_likelihood_ratio_G,joint_state_n_lt_5;apparent_extreme_fraction_in_tiny_joint_state,GI panel|clinical signs|AUS,False,0.17082917082917082,1.0,0.6230201795135614,cross_AUS_plus_GI_panel_plus_clinical_signs,cross,19
1133,3_04668,3,tli_high|clinical signs_weight loss|CBC_basophilia,tli_high|clinical_signs_weight_loss|CBC_basophilia,11.70789552838482,0.06728675591025758,6,87,contingency_likelihood_ratio_G,empty_joint_state;joint_state_n_lt_3;joint_state_n_lt_5;apparent_extreme_fraction_in_tiny_joint_state,GI panel|clinical signs|CBC,False,0.07392607392607392,1.0,0.5133245133245133,cross_CBC_plus_GI_panel_plus_clinical_signs,cross,12
1138,3_02971,3,folate_high|AUS_enlarged pancreas|chem_azotemia,folate_high|AUS_enlarged_pancreas|chem_azotemia,11.70142250912268,0.06500790282845934,6,90,contingency_likelihood_ratio_G,empty_joint_state;joint_state_n_lt_3;joint_state_n_lt_5;apparent_extreme_fraction_in_tiny_joint_state,GI panel|AUS|chemistry,False,0.1048951048951049,1.0,0.55690190847968,cross_AUS_plus_GI_panel_plus_chemistry,cross,11
1139,3_08772,3,clinical signs_diarrhea|clinical signs_weight loss|CBC_lymphopenia,clinical_signs_diarrhea|clinical_signs_weight_loss|CBC_lymphopenia,11.700733098527513,0.05417006064133108,6,108,contingency_likelihood_ratio_G,empty_joint_state;joint_state_n_lt_3;joint_state_n_lt_5;apparent_extreme_fraction_in_tiny_joint_state,clinical signs|clinical signs|CBC,False,0.08891108891108891,1.0,0.5369687491669702,cross_CBC_plus_clinical_signs,cross,9
1140,3_01338,3,cobalamin_low|pli_abn|AUS_chronic degenerative renal changes,cobalamin_low|pli_abn|AUS_chronic_degenerative_renal_changes,11.700552197967733,0.06802646626725427,7,86,contingency_likelihood_ratio_G,joint_state_n_lt_3;joint_state_n_lt_5;apparent_extreme_fraction_in_tiny_joint_state,GI panel|GI panel|AUS,False,0.1838161838161838,1.0,0.6304732611786553,cross_AUS_plus_GI_panel,cross,15
1141,3_04796,3,tli_high|AUS_duodenum|AUS_splenomegaly,tli_high|AUS_duodenal_thickening|AUS_splenomegaly,11.699279191212739,0.0672372367311077,7,87,contingency_likelihood_ratio_G,joint_state_n_lt_3;joint_state_n_lt_5;apparent_extreme_fraction_in_tiny_joint_state,GI panel|AUS|AUS,False,0.15184815184815184,1.0,0.5990738873079607,cross_AUS_plus_GI_panel,cross,16
1148,3_01299,3,cobalamin_low|tli_high|CBC_neutrophilia,cobalamin_low|tli_high|CBC_neutrophilia,11.684486465946723,0.06715222106865933,5,87,contingency_likelihood_ratio_G,empty_joint_state;joint_state_n_lt_3;joint_state_n_lt_5;apparent_extreme_fraction_in_tiny_joint_state,GI panel|GI panel|CBC,False,0.04095904095904096,1.0,0.4605046047979224,cross_CBC_plus_GI_panel,cross,20
1151,3_10383,3,clinical signs_weight loss|AUS_jejunum|AUS_enlarged pancreas,clinical_signs_weight_loss|AUS_jejunal_thickening|AUS_enlarged_pancreas,11.67628913600513,0.05405689414817189,7,108,contingency_likelihood_ratio_G,joint_state_n_lt_5;apparent_extreme_fraction_in_tiny_joint_state,clinical signs|AUS|AUS,False,0.15184815184815184,1.0,0.5990738873079607,cross_AUS_plus_clinical_signs,cross,24
1153,3_04548,3,tli_high|clinical signs_vomiting|CBC_basophilia,tli_high|clinical_signs_vomiting|CBC_basophilia,11.672697186029962,0.0670844665863791,5,87,contingency_likelihood_ratio_G,empty_joint_state;joint_state_n_lt_3;joint_state_n_lt_5;apparent_extreme_fraction_in_tiny_joint_state,GI panel|clinical signs|CBC,False,0.04995004995004995,1.0,0.4793792779658504,cross_CBC_plus_GI_panel_plus_clinical_signs,cross,13
1155,3_04404,3,tli_high|pli_abn|clinical signs_diarrhea,tli_high|pli_abn|clinical_signs_diarrhea,11.668613952571368,0.06784077879401958,7,86,contingency_likelihood_ratio_G,joint_state_n_lt_3;joint_state_n_lt_5;apparent_extreme_fraction_in_tiny_joint_state,GI panel|GI panel|clinical signs,False,0.13486513486513488,1.0,0.5906602036526017,cross_GI_panel_plus_clinical_signs,cross,5
1156,3_04596,3,tli_high|clinical signs_diarrhea|chem_hypoproteinemia,tli_high|clinical_signs_diarrhea|chem_hypoproteinemia,11.66511559684612,0.06704089423474781,6,87,contingency_likelihood_ratio_G,empty_joint_state;joint_state_n_lt_3;joint_state_n_lt_5;apparent_extreme_fraction_in_tiny_joint_state,GI panel|clinical signs|chemistry,False,0.07992007992007992,1.0,0.518934617295273,cross_GI_panel_plus_chemistry_plus_clinical_signs,cross,7
1171,3_04595,3,tli_high|clinical signs_diarrhea|chem_no abnormalities,tli_high|clinical_signs_diarrhea|chem_no_abnormalities,11.649745759961656,0.06695256183886009,7,87,contingency_likelihood_ratio_G,joint_state_n_lt_5;apparent_extreme_fraction_in_tiny_joint_state,GI panel|clinical signs|chemistry,False,0.17282717282717283,1.0,0.625507369082469,cross_GI_panel_plus_chemistry_plus_clinical_signs,cross,8
1177,3_07936,3,clinical signs_vomiting|clinical signs_hyporexia|AUS_splenomegaly,clinical_signs_vomiting|clinical_signs_hyporexia|AUS_splenomegaly,11.637360923167385,0.053876670940589746,6,108,contingency_likelihood_ratio_G,empty_joint_state;joint_state_n_lt_3;joint_state_n_lt_5;apparent_extreme_fraction_in_tiny_joint_state,clinical signs|clinical signs|AUS,False,0.0979020979020979,1.0,0.5490603791488747,cross_AUS_plus_clinical_signs,cross,25
1178,3_05520,3,pli_abn|clinical signs_diarrhea|clinical signs_weight loss,pli_abn|clinical_signs_diarrhea|clinical_signs_weight_loss,11.633660550646821,0.06763756134096989,7,86,contingency_likelihood_ratio_G,joint_state_n_lt_3;joint_state_n_lt_5;apparent_extreme_fraction_in_tiny_joint_state,GI panel|clinical signs|clinical signs,False,0.14685314685314685,1.0,0.5950494518269454,cross_GI_panel_plus_clinical_signs,cross,6
1190,3_08777,3,clinical signs_diarrhea|clinical signs_weight loss|chem_hyperproteinemia,clinical_signs_diarrhea|clinical_signs_weight_loss|chem_hyperproteinemia,11.609678829721679,0.053748513100563326,6,108,contingency_likelihood_ratio_G,empty_joint_state;joint_state_n_lt_3;joint_state_n_lt_5;apparent_extreme_fraction_in_tiny_joint_state,clinical signs|clinical signs|chemistry,False,0.08691308691308691,1.0,0.5321712104320799,cross_chemistry_plus_clinical_signs,cross,12
1191,3_01803,3,cobalamin_low|AUS_ileum|chem_decreased alt,cobalamin_low|AUS_ileal_thickening|chem_decreased_ALT,11.607757934116147,0.06448754407842304,5,90,contingency_likelihood_ratio_G,empty_joint_state;joint_state_n_lt_3;joint_state_n_lt_5;apparent_extreme_fraction_in_tiny_joint_state,GI panel|AUS|chemistry,False,0.04595404595404595,1.0,0.47251396521272127,cross_AUS_plus_GI_panel_plus_chemistry,cross,12
1205,3_04739,3,tli_high|clinical signs_constipation|CBC_neutrophilia,tli_high|clinical_signs_constipation|CBC_neutrophilia,11.59024762394074,0.06661061852839506,4,87,contingency_likelihood_ratio_G,empty_joint_state;joint_state_n_lt_3;joint_state_n_lt_5;apparent_extreme_fraction_in_tiny_joint_state,GI panel|clinical signs|CBC,False,0.01098901098901099,1.0,0.4405157732543995,cross_CBC_plus_GI_panel_plus_clinical_signs,cross,14
1206,3_05114,3,tli_high|CBC_neutrophilia|CBC_basocytosis,tli_high|CBC_neutrophilia|CBC_basocytosis,11.59024762394074,0.06661061852839506,4,87,contingency_likelihood_ratio_G,empty_joint_state;joint_state_n_lt_3;joint_state_n_lt_5;apparent_extreme_fraction_in_tiny_joint_state,GI panel|CBC|CBC,False,0.007992007992007992,1.0,0.4405157732543995,cross_CBC_plus_GI_panel,cross,21
1207,3_05126,3,tli_high|CBC_neutrophilia|chem_elevated total bilirubin,tli_high|CBC_neutrophilia|chem_elevated_total_bilirubin,11.59024762394074,0.06661061852839506,4,87,contingency_likelihood_ratio_G,empty_joint_state;joint_state_n_lt_3;joint_state_n_lt_5;apparent_extreme_fraction_in_tiny_joint_state,GI panel|CBC|chemistry,False,0.006993006993006993,1.0,0.4405157732543995,cross_CBC_plus_GI_panel_plus_chemistry,cross,20
1211,3_05132,3,tli_high|CBC_neutrophilia|chem_hypokalemia,tli_high|CBC_neutrophilia|chem_hypokalemia,11.57449502177333,0.06652008633203063,5,87,contingency_likelihood_ratio_G,empty_joint_state;joint_state_n_lt_3;joint_state_n_lt_5;apparent_extreme_fraction_in_tiny_joint_state,GI panel|CBC|chemistry,False,0.028971028971028972,1.0,0.44419129257838935,cross_CBC_plus_GI_panel_plus_chemistry,cross,21
1212,3_05217,3,tli_high|CBC_basophilia|chem_hypercalcemia,tli_high|CBC_basophilia|chem_hypercalcemia,11.57427208396073,0.06651880508023408,4,87,contingency_likelihood_ratio_G,empty_joint_state;joint_state_n_lt_3;joint_state_n_lt_5;apparent_extreme_fraction_in_tiny_joint_state,GI panel|CBC|chemistry,False,0.015984015984015984,1.0,0.4405157732543995,cross_CBC_plus_GI_panel_plus_chemistry,cross,22
1225,3_13753,3,AUS_ileum|AUS_enlarged pancreas|AUS_splenomegaly,AUS_ileal_thickening|AUS_enlarged_pancreas|AUS_splenomegaly,11.534731907660374,0.05340153660953877,7,108,contingency_likelihood_ratio_G,joint_state_n_lt_3;joint_state_n_lt_5;apparent_extreme_fraction_in_tiny_joint_state,AUS|AUS|AUS,False,0.13386613386613386,1.0,0.5906602036526017,within_AUS,within,13
1226,3_12557,3,AUS_duodenum|AUS_jejunum|AUS_splenomegaly,AUS_duodenal_thickening|AUS_jejunal_thickening|AUS_splenomegaly,11.53454706180123,0.05340068084167236,7,108,contingency_likelihood_ratio_G,joint_state_n_lt_3;joint_state_n_lt_5;apparent_extreme_fraction_in_tiny_joint_state,AUS|AUS|AUS,False,0.15184815184815184,1.0,0.5990738873079607,within_AUS,within,14
1227,3_05206,3,tli_high|CBC_basophilia|chem_hypoproteinemia,tli_high|CBC_basophilia|chem_hypoproteinemia,11.533571889644904,0.06628489591749945,5,87,contingency_likelihood_ratio_G,empty_joint_state;joint_state_n_lt_3;joint_state_n_lt_5;apparent_extreme_fraction_in_tiny_joint_state,GI panel|CBC|chemistry,False,0.04195804195804196,1.0,0.46297521399088437,cross_CBC_plus_GI_panel_plus_chemistry,cross,23
1228,3_05398,3,pli_abn|breed_group|clinical signs_diarrhea,pli_abn|breed_group|clinical_signs_diarrhea,11.533336617632356,0.06705428266065323,12,86,contingency_likelihood_ratio_G,joint_state_n_lt_3;joint_state_n_lt_5;apparent_extreme_fraction_in_tiny_joint_state,GI panel|demographic|clinical signs,False,0.7272727272727273,1.0,0.9349455061808839,cross_GI_panel_plus_clinical_signs_plus_demographic,cross,24
1229,3_05123,3,tli_high|CBC_neutrophilia|chem_elevated alt,tli_high|CBC_neutrophilia|chem_elevated_ALT,11.531263794613444,0.06627163100352554,5,87,contingency_likelihood_ratio_G,empty_joint_state;joint_state_n_lt_3;joint_state_n_lt_5;apparent_extreme_fraction_in_tiny_joint_state,GI panel|CBC|chemistry,False,0.03596403596403597,1.0,0.46043653316380595,cross_CBC_plus_GI_panel_plus_chemistry,cross,24
1234,3_18729,3,chem_hyperproteinemia|chem_decreased alt|chem_elevated total bilirubin,chem_hyperproteinemia|chem_decreased_ALT|chem_elevated_total_bilirubin,11.529708626674413,0.05337828067904821,3,108,contingency_likelihood_ratio_G,empty_joint_state;joint_state_n_lt_3;joint_state_n_lt_5;apparent_extreme_fraction_in_tiny_joint_state,chemistry|chemistry|chemistry,False,0.005994005994005994,1.0,0.4405157732543995,within_chemistry,within,11
1235,3_18736,3,chem_hyperproteinemia|chem_decreased alt|chem_hypophosphatemia,chem_hyperproteinemia|chem_decreased_ALT|chem_hypophosphatemia,11.529708626674413,0.05337828067904821,3,108,contingency_likelihood_ratio_G,empty_joint_state;joint_state_n_lt_3;joint_state_n_lt_5;apparent_extreme_fraction_in_tiny_joint_state,chemistry|chemistry|chemistry,False,0.006993006993006993,1.0,0.4405157732543995,within_chemistry,within,12
1236,3_18765,3,chem_hyperproteinemia|chem_elevated total bilirubin|chem_discordantly elevated bun,chem_hyperproteinemia|chem_elevated_total_bilirubin|chem_discordantly_elevated_BUN,11.529708626674413,0.05337828067904821,3,108,contingency_likelihood_ratio_G,empty_joint_state;joint_state_n_lt_3;joint_state_n_lt_5;apparent_extreme_fraction_in_tiny_joint_state,chemistry|chemistry|chemistry,False,0.008991008991008992,1.0,0.4405157732543995,within_chemistry,within,13
1237,3_18766,3,chem_hyperproteinemia|chem_elevated total bilirubin|chem_hyperglycemia,chem_hyperproteinemia|chem_elevated_total_bilirubin|chem_hyperglycemia,11.529708626674413,0.05337828067904821,3,108,contingency_likelihood_ratio_G,empty_joint_state;joint_state_n_lt_3;joint_state_n_lt_5;apparent_extreme_fraction_in_tiny_joint_state,chemistry|chemistry|chemistry,False,0.005994005994005994,1.0,0.4405157732543995,within_chemistry,within,14
1238,3_18781,3,chem_hyperproteinemia|chem_discordantly elevated bun|chem_hypophosphatemia,chem_hyperproteinemia|chem_discordantly_elevated_BUN|chem_hypophosphatemia,11.529708626674413,0.05337828067904821,3,108,contingency_likelihood_ratio_G,empty_joint_state;joint_state_n_lt_3;joint_state_n_lt_5;apparent_extreme_fraction_in_tiny_joint_state,chemistry|chemistry|chemistry,False,0.00999000999000999,1.0,0.4405157732543995,within_chemistry,within,15
1239,3_18785,3,chem_hyperproteinemia|chem_hyperglycemia|chem_hypophosphatemia,chem_hyperproteinemia|chem_hyperglycemia|chem_hypophosphatemia,11.529708626674413,0.05337828067904821,3,108,contingency_likelihood_ratio_G,empty_joint_state;joint_state_n_lt_3;joint_state_n_lt_5;apparent_extreme_fraction_in_tiny_joint_state,chemistry|chemistry|chemistry,False,0.008991008991008992,1.0,0.4405157732543995,within_chemistry,within,16
1247,3_04520,3,tli_high|clinical signs_none|chem_azotemia,tli_high|clinical_signs_none_reported|chem_azotemia,11.525618590851835,0.06623918730374617,6,87,contingency_likelihood_ratio_G,empty_joint_state;joint_state_n_lt_3;joint_state_n_lt_5;apparent_extreme_fraction_in_tiny_joint_state,GI panel|clinical signs|chemistry,False,0.12887112887112886,1.0,0.5881175953187475,cross_GI_panel_plus_chemistry_plus_clinical_signs,cross,9
1252,3_01303,3,cobalamin_low|tli_high|CBC_basophilia,cobalamin_low|tli_high|CBC_basophilia,11.516236234108606,0.06618526571326785,6,87,contingency_likelihood_ratio_G,empty_joint_state;joint_state_n_lt_3;joint_state_n_lt_5;apparent_extreme_fraction_in_tiny_joint_state,GI panel|GI panel|CBC,False,0.07492507492507493,1.0,0.5133245133245133,cross_CBC_plus_GI_panel,cross,22
1253,3_04451,3,tli_high|breed_group|clinical signs_hairball obstruction,tli_high|breed_group|clinical_signs_hairball_obstruction,11.51237216719958,0.0661630584321815,8,87,contingency_likelihood_ratio_G,joint_state_n_lt_3;joint_state_n_lt_5;apparent_extreme_fraction_in_tiny_joint_state,GI panel|demographic|clinical signs,False,0.27372627372627373,1.0,0.6909298879559103,cross_GI_panel_plus_clinical_signs_plus_demographic,cross,25
1254,3_01443,3,cobalamin_low|clinical signs_none|chem_azotemia,cobalamin_low|clinical_signs_none_reported|chem_azotemia,11.510481222062497,0.06394711790034721,6,90,contingency_likelihood_ratio_G,empty_joint_state;joint_state_n_lt_3;joint_state_n_lt_5;apparent_extreme_fraction_in_tiny_joint_state,GI panel|clinical signs|chemistry,False,0.1048951048951049,1.0,0.55690190847968,cross_GI_panel_plus_chemistry_plus_clinical_signs,cross,10
1255,3_02302,3,cobalamin_low|chem_azotemia|chem_hypokalemia,cobalamin_low|chem_azotemia|chem_hypokalemia,11.510481222062495,0.0639471179003472,6,90,contingency_likelihood_ratio_G,empty_joint_state;joint_state_n_lt_3;joint_state_n_lt_5;apparent_extreme_fraction_in_tiny_joint_state,GI panel|chemistry|chemistry,False,0.1088911088911089,1.0,0.5611921285545574,cross_GI_panel_plus_chemistry,cross,8
1266,3_04540,3,tli_high|clinical signs_vomiting|AUS_splenomegaly,tli_high|clinical_signs_vomiting|AUS_splenomegaly,11.495053594721831,0.0660635264064473,7,87,contingency_likelihood_ratio_G,joint_state_n_lt_3;joint_state_n_lt_5;apparent_extreme_fraction_in_tiny_joint_state,GI panel|clinical signs|AUS,False,0.18681318681318682,1.0,0.6335519635555311,cross_AUS_plus_GI_panel_plus_clinical_signs,cross,20
1274,3_11351,3,clinical signs_hairball obstruction|CBC_neutrophilia|chem_discordantly elevated bun,clinical_signs_hairball_obstruction|CBC_neutrophilia|chem_discordantly_elevated_BUN,11.483297156488591,0.053163412761521256,3,108,contingency_likelihood_ratio_G,empty_joint_state;joint_state_n_lt_3;joint_state_n_lt_5;apparent_extreme_fraction_in_tiny_joint_state,clinical signs|CBC|chemistry,False,0.012987012987012988,1.0,0.4405157732543995,cross_CBC_plus_chemistry_plus_clinical_signs,cross,12
1275,3_11558,3,clinical signs_hairball obstruction|chem_decreased alt|chem_discordantly elevated bun,clinical_signs_hairball_obstruction|chem_decreased_ALT|chem_discordantly_elevated_BUN,11.483297156488591,0.053163412761521256,3,108,contingency_likelihood_ratio_G,empty_joint_state;joint_state_n_lt_3;joint_state_n_lt_5;apparent_extreme_fraction_in_tiny_joint_state,clinical signs|chemistry|chemistry,False,0.007992007992007992,1.0,0.4405157732543995,cross_chemistry_plus_clinical_signs,cross,13
1279,3_11344,3,clinical signs_hairball obstruction|CBC_neutrophilia|chem_hyperproteinemia,clinical_signs_hairball_obstruction|CBC_neutrophilia|chem_hyperproteinemia,11.478526666339436,0.05314132715897887,3,108,contingency_likelihood_ratio_G,empty_joint_state;joint_state_n_lt_3;joint_state_n_lt_5;apparent_extreme_fraction_in_tiny_joint_state,clinical signs|CBC|chemistry,False,0.013986013986013986,1.0,0.4405157732543995,cross_CBC_plus_chemistry_plus_clinical_signs,cross,13
1280,3_11541,3,clinical signs_hairball obstruction|chem_hyperproteinemia|chem_decreased alt,clinical_signs_hairball_obstruction|chem_hyperproteinemia|chem_decreased_ALT,11.478526666339436,0.05314132715897887,3,108,contingency_likelihood_ratio_G,empty_joint_state;joint_state_n_lt_3;joint_state_n_lt_5;apparent_extreme_fraction_in_tiny_joint_state,clinical signs|chemistry|chemistry,False,0.008991008991008992,1.0,0.4405157732543995,cross_chemistry_plus_clinical_signs,cross,14
1281,3_11547,3,clinical signs_hairball obstruction|chem_hyperproteinemia|chem_discordantly elevated bun,clinical_signs_hairball_obstruction|chem_hyperproteinemia|chem_discordantly_elevated_BUN,11.478526666339436,0.05314132715897887,3,108,contingency_likelihood_ratio_G,empty_joint_state;joint_state_n_lt_3;joint_state_n_lt_5;apparent_extreme_fraction_in_tiny_joint_state,clinical signs|chemistry|chemistry,False,0.014985014985014986,1.0,0.4405157732543995,cross_chemistry_plus_clinical_signs,cross,15
1283,3_04706,3,tli_high|clinical signs_hairball obstruction|CBC_basophilia,tli_high|clinical_signs_hairball_obstruction|CBC_basophilia,11.477653821367435,0.06596352770900825,4,87,contingency_likelihood_ratio_G,empty_joint_state;joint_state_n_lt_3;joint_state_n_lt_5;apparent_extreme_fraction_in_tiny_joint_state,GI panel|clinical signs|CBC,False,0.014985014985014986,1.0,0.4405157732543995,cross_CBC_plus_GI_panel_plus_clinical_signs,cross,15
1284,3_05210,3,tli_high|CBC_basophilia|chem_elevated ast,tli_high|CBC_basophilia|chem_elevated_AST,11.477653821367435,0.06596352770900825,4,87,contingency_likelihood_ratio_G,empty_joint_state;joint_state_n_lt_3;joint_state_n_lt_5;apparent_extreme_fraction_in_tiny_joint_state,GI panel|CBC|chemistry,False,0.015984015984015984,1.0,0.4405157732543995,cross_CBC_plus_GI_panel_plus_chemistry,cross,25
1286,3_04544,3,tli_high|clinical signs_vomiting|CBC_neutrophilia,tli_high|clinical_signs_vomiting|CBC_neutrophilia,11.476671848937979,0.06595788418929872,5,87,contingency_likelihood_ratio_G,empty_joint_state;joint_state_n_lt_3;joint_state_n_lt_5;apparent_extreme_fraction_in_tiny_joint_state,GI panel|clinical signs|CBC,False,0.04695304695304695,1.0,0.47482517482517483,cross_CBC_plus_GI_panel_plus_clinical_signs,cross,16
1290,3_00143,3,age|tli_high|pli_abn,age|tli_high|pli_abn,11.47067127042375,,4,86,logistic_deviance_improvement_age_linear_additive_to_joint_state,joint_state_n_lt_5;apparent_extreme_fraction_in_tiny_joint_state,demographic|GI panel|GI panel,True,0.028971028971028972,1.0,0.44419129257838935,cross_GI_panel_plus_demographic,cross,15
1291,3_04924,3,tli_high|AUS_mesenteric lymphadenopathy|AUS_chronic degenerative renal changes,tli_high|AUS_mesenteric_lymphadenopathy|AUS_chronic_degenerative_renal_changes,11.46699550208534,0.06590227300049045,7,87,contingency_likelihood_ratio_G,joint_state_n_lt_3;joint_state_n_lt_5;apparent_extreme_fraction_in_tiny_joint_state,GI panel|AUS|AUS,False,0.17682317682317683,1.0,0.627576618666279,cross_AUS_plus_GI_panel,cross,17
1317,3_05111,3,tli_high|CBC_neutrophilia|CBC_eosinophilia,tli_high|CBC_neutrophilia|CBC_eosinophilia,11.39219672178131,0.06547239495276615,5,87,contingency_likelihood_ratio_G,empty_joint_state;joint_state_n_lt_3;joint_state_n_lt_5;apparent_extreme_fraction_in_tiny_joint_state,GI panel|CBC|CBC,False,0.04395604395604396,1.0,0.46870011648474913,cross_CBC_plus_GI_panel,cross,23
1325,3_04421,3,tli_high|pli_abn|CBC_neutrophilia,tli_high|pli_abn|CBC_neutrophilia,11.382995251358684,0.06618020494975979,5,86,contingency_likelihood_ratio_G,empty_joint_state;joint_state_n_lt_3;joint_state_n_lt_5;apparent_extreme_fraction_in_tiny_joint_state,GI panel|GI panel|CBC,False,0.04395604395604396,1.0,0.46870011648474913,cross_CBC_plus_GI_panel,cross,24
1331,3_02793,3,folate_high|AUS_jejunum|AUS_enlarged pancreas,folate_high|AUS_jejunal_thickening|AUS_enlarged_pancreas,11.372668439803748,0.06318149133224304,7,90,contingency_likelihood_ratio_G,joint_state_n_lt_3;joint_state_n_lt_5;apparent_extreme_fraction_in_tiny_joint_state,GI panel|AUS|AUS,False,0.17582417582417584,1.0,0.627576618666279,cross_AUS_plus_GI_panel,cross,18
1333,3_01462,3,cobalamin_low|clinical signs_vomiting|AUS_enlarged pancreas,cobalamin_low|clinical_signs_vomiting|AUS_enlarged_pancreas,11.370760198746293,0.06317088999303497,7,90,contingency_likelihood_ratio_G,joint_state_n_lt_5,GI panel|clinical signs|AUS,False,0.17882117882117882,1.0,0.6279549781581552,cross_AUS_plus_GI_panel_plus_clinical_signs,cross,21
1339,3_00950,3,age|CBC_eosinophilia|CBC_monocytosis,age|CBC_eosinophilia|CBC_monocytosis,11.347556438519774,,4,108,logistic_deviance_improvement_age_linear_additive_to_joint_state,joint_state_n_lt_5;apparent_extreme_fraction_in_tiny_joint_state,demographic|CBC|CBC,True,0.03596403596403597,1.0,0.46043653316380595,cross_CBC_plus_demographic,cross,21
1347,3_10724,3,clinical signs_weight loss|CBC_eosinophilia|chem_elevated alp,clinical_signs_weight_loss|CBC_eosinophilia|chem_elevated_ALP,11.329119620368978,0.0524496278720786,4,108,contingency_likelihood_ratio_G,empty_joint_state;joint_state_n_lt_3;joint_state_n_lt_5;apparent_extreme_fraction_in_tiny_joint_state,clinical signs|CBC|chemistry,False,0.02097902097902098,1.0,0.4405157732543995,cross_CBC_plus_chemistry_plus_clinical_signs,cross,14
1353,3_00948,3,age|CBC_eosinophilia|CBC_lymphocytosis,age|CBC_eosinophilia|CBC_lymphocytosis,11.316407649165924,,4,108,logistic_deviance_improvement_age_linear_additive_to_joint_state,empty_joint_state;joint_state_n_lt_3;joint_state_n_lt_5;apparent_extreme_fraction_in_tiny_joint_state;age_model_newton_not_fully_converged,demographic|CBC|CBC,True,0.012987012987012988,1.0,0.4405157732543995,cross_CBC_plus_demographic,cross,22
1359,3_04604,3,tli_high|clinical signs_diarrhea|chem_discordantly elevated bun,tli_high|clinical_signs_diarrhea|chem_discordantly_elevated_BUN,11.31207840176293,0.065011944837718,4,87,contingency_likelihood_ratio_G,empty_joint_state;joint_state_n_lt_3;joint_state_n_lt_5;apparent_extreme_fraction_in_tiny_joint_state,GI panel|clinical signs|chemistry,False,0.026973026973026972,1.0,0.4405594405594406,cross_GI_panel_plus_chemistry_plus_clinical_signs,cross,11
1360,3_04605,3,tli_high|clinical signs_diarrhea|chem_hyperglycemia,tli_high|clinical_signs_diarrhea|chem_hyperglycemia,11.31207840176293,0.065011944837718,4,87,contingency_likelihood_ratio_G,empty_joint_state;joint_state_n_lt_3;joint_state_n_lt_5;apparent_extreme_fraction_in_tiny_joint_state,GI panel|clinical signs|chemistry,False,0.026973026973026972,1.0,0.4405594405594406,cross_GI_panel_plus_chemistry_plus_clinical_signs,cross,12
1367,3_05311,3,tli_high|chem_hypoproteinemia|chem_azotemia,tli_high|chem_hypoproteinemia|chem_azotemia,11.298190550331551,0.06493212959960662,6,87,contingency_likelihood_ratio_G,empty_joint_state;joint_state_n_lt_3;joint_state_n_lt_5;apparent_extreme_fraction_in_tiny_joint_state,GI panel|chemistry|chemistry,False,0.11788211788211789,1.0,0.5764338542116321,cross_GI_panel_plus_chemistry,cross,9
1368,3_02966,3,folate_high|AUS_enlarged pancreas|chem_decreased alt,folate_high|AUS_enlarged_pancreas|chem_decreased_ALT,11.295402746769238,0.06275223748205132,4,90,contingency_likelihood_ratio_G,empty_joint_state;joint_state_n_lt_3;joint_state_n_lt_5;apparent_extreme_fraction_in_tiny_joint_state,GI panel|AUS|chemistry,False,0.023976023976023976,1.0,0.4405157732543995,cross_AUS_plus_GI_panel_plus_chemistry,cross,13
1382,3_10714,3,clinical signs_weight loss|CBC_eosinophilia|CBC_lymphocytosis,clinical_signs_weight_loss|CBC_eosinophilia|CBC_lymphocytosis,11.26372496055042,0.052146874817363055,4,108,contingency_likelihood_ratio_G,empty_joint_state;joint_state_n_lt_3;joint_state_n_lt_5;apparent_extreme_fraction_in_tiny_joint_state,clinical signs|CBC|CBC,False,0.029970029970029972,1.0,0.45114030862249394,cross_CBC_plus_clinical_signs,cross,10
1383,3_10725,3,clinical signs_weight loss|CBC_eosinophilia|chem_elevated total bilirubin,clinical_signs_weight_loss|CBC_eosinophilia|chem_elevated_total_bilirubin,11.26372496055042,0.052146874817363055,4,108,contingency_likelihood_ratio_G,empty_joint_state;joint_state_n_lt_3;joint_state_n_lt_5;apparent_extreme_fraction_in_tiny_joint_state,clinical signs|CBC|chemistry,False,0.03396603396603397,1.0,0.4566918230284567,cross_CBC_plus_chemistry_plus_clinical_signs,cross,15
1384,3_10732,3,clinical signs_weight loss|CBC_eosinophilia|chem_hypophosphatemia,clinical_signs_weight_loss|CBC_eosinophilia|chem_hypophosphatemia,11.26372496055042,0.052146874817363055,4,108,contingency_likelihood_ratio_G,empty_joint_state;joint_state_n_lt_3;joint_state_n_lt_5;apparent_extreme_fraction_in_tiny_joint_state,clinical signs|CBC|chemistry,False,0.02197802197802198,1.0,0.4405157732543995,cross_CBC_plus_chemistry_plus_clinical_signs,cross,16
1388,3_05054,3,tli_high|AUS_ileus|chem_no abnormalities,tli_high|AUS_ileus|chem_no_abnormalities,11.258490196317013,0.06470396664550007,5,87,contingency_likelihood_ratio_G,empty_joint_state;joint_state_n_lt_3;joint_state_n_lt_5;apparent_extreme_fraction_in_tiny_joint_state,GI panel|AUS|chemistry,False,0.06893106893106893,1.0,0.5034642652775576,cross_AUS_plus_GI_panel_plus_chemistry,cross,14
1404,3_04587,3,tli_high|clinical signs_diarrhea|CBC_eosinophilia,tli_high|clinical_signs_diarrhea|CBC_eosinophilia,11.232210125562508,0.06455293175610637,7,87,contingency_likelihood_ratio_G,joint_state_n_lt_3;joint_state_n_lt_5;apparent_extreme_fraction_in_tiny_joint_state,GI panel|clinical signs|CBC,False,0.16483516483516483,1.0,0.6168988491823137,cross_CBC_plus_GI_panel_plus_clinical_signs,cross,17
1406,3_05116,3,tli_high|CBC_neutrophilia|CBC_lymphopenia,tli_high|CBC_neutrophilia|CBC_lymphopenia,11.219593638221532,0.06448042320816973,5,87,contingency_likelihood_ratio_G,empty_joint_state;joint_state_n_lt_3;joint_state_n_lt_5;apparent_extreme_fraction_in_tiny_joint_state,GI panel|CBC|CBC,False,0.04895104895104895,1.0,0.4793792779658504,cross_CBC_plus_GI_panel,cross,25
1418,3_01333,3,cobalamin_low|pli_abn|AUS_duodenum,cobalamin_low|pli_abn|AUS_duodenal_thickening,11.185557597754002,0.06503231161484885,6,86,contingency_likelihood_ratio_G,empty_joint_state;joint_state_n_lt_3;joint_state_n_lt_5;apparent_extreme_fraction_in_tiny_joint_state,GI panel|GI panel|AUS,False,0.13986013986013987,1.0,0.5917084232134693,cross_AUS_plus_GI_panel,cross,19
1421,3_04600,3,tli_high|clinical signs_diarrhea|chem_elevated ast,tli_high|clinical_signs_diarrhea|chem_elevated_AST,11.180963182389235,0.064258409094191,5,87,contingency_likelihood_ratio_G,empty_joint_state;joint_state_n_lt_3;joint_state_n_lt_5;apparent_extreme_fraction_in_tiny_joint_state,GI panel|clinical signs|chemistry,False,0.052947052947052944,1.0,0.4809504876394508,cross_GI_panel_plus_chemistry_plus_clinical_signs,cross,13
1434,3_04956,3,tli_high|AUS_chronic degenerative renal changes|AUS_splenomegaly,tli_high|AUS_chronic_degenerative_renal_changes|AUS_splenomegaly,11.16123120672365,0.0641450069351934,6,87,contingency_likelihood_ratio_G,empty_joint_state;joint_state_n_lt_3;joint_state_n_lt_5;apparent_extreme_fraction_in_tiny_joint_state,GI panel|AUS|AUS,False,0.12887112887112886,1.0,0.5881175953187475,cross_AUS_plus_GI_panel,cross,20
1436,3_10757,3,clinical signs_weight loss|CBC_basophilia|CBC_monocytosis,clinical_signs_weight_loss|CBC_basophilia|CBC_monocytosis,11.15566325379979,0.051646589137961996,7,108,contingency_likelihood_ratio_G,joint_state_n_lt_3;joint_state_n_lt_5;apparent_extreme_fraction_in_tiny_joint_state,clinical signs|CBC|CBC,False,0.16283716283716285,1.0,0.6135275742885731,cross_CBC_plus_clinical_signs,cross,11
1442,3_05318,3,tli_high|chem_hyperproteinemia|chem_decreased alt,tli_high|chem_hyperproteinemia|chem_decreased_ALT,11.140152418232233,0.06402386447259904,4,87,contingency_likelihood_ratio_G,empty_joint_state;joint_state_n_lt_3;joint_state_n_lt_5;apparent_extreme_fraction_in_tiny_joint_state,GI panel|chemistry|chemistry,False,0.024975024975024976,1.0,0.4405157732543995,cross_GI_panel_plus_chemistry,cross,10
1443,3_01585,3,cobalamin_low|clinical signs_weight loss|AUS_gall bladder sludge,cobalamin_low|clinical_signs_weight_loss|AUS_gall_bladder_sludge,11.136956932466063,0.06187198295814479,7,90,contingency_likelihood_ratio_G,joint_state_n_lt_3;joint_state_n_lt_5;apparent_extreme_fraction_in_tiny_joint_state,GI panel|clinical signs|AUS,False,0.1888111888111888,1.0,0.6337708901268223,cross_AUS_plus_GI_panel_plus_clinical_signs,cross,22
1445,3_10768,3,clinical signs_weight loss|CBC_basophilia|chem_discordantly elevated bun,clinical_signs_weight_loss|CBC_basophilia|chem_discordantly_elevated_BUN,11.133064969583156,0.05154196745177387,5,108,contingency_likelihood_ratio_G,empty_joint_state;joint_state_n_lt_3;joint_state_n_lt_5;apparent_extreme_fraction_in_tiny_joint_state,clinical signs|CBC|chemistry,False,0.028971028971028972,1.0,0.44419129257838935,cross_CBC_plus_chemistry_plus_clinical_signs,cross,17
1447,3_10682,3,clinical signs_weight loss|CBC_neutrophilia|chem_discordantly elevated bun,clinical_signs_weight_loss|CBC_neutrophilia|chem_discordantly_elevated_BUN,11.130438707198886,0.05152980882962447,4,108,contingency_likelihood_ratio_G,empty_joint_state;joint_state_n_lt_3;joint_state_n_lt_5;apparent_extreme_fraction_in_tiny_joint_state,clinical signs|CBC|chemistry,False,0.011988011988011988,1.0,0.4405157732543995,cross_CBC_plus_chemistry_plus_clinical_signs,cross,18
1448,3_10889,3,clinical signs_weight loss|chem_decreased alt|chem_discordantly elevated bun,clinical_signs_weight_loss|chem_decreased_ALT|chem_discordantly_elevated_BUN,11.130438707198886,0.05152980882962447,4,108,contingency_likelihood_ratio_G,empty_joint_state;joint_state_n_lt_3;joint_state_n_lt_5;apparent_extreme_fraction_in_tiny_joint_state,clinical signs|chemistry|chemistry,False,0.008991008991008992,1.0,0.4405157732543995,cross_chemistry_plus_clinical_signs,cross,16
1464,3_12713,3,AUS_duodenum|AUS_enlarged pancreas|AUS_ileus,AUS_duodenal_thickening|AUS_enlarged_pancreas|AUS_ileus,11.118134554997908,0.05147284516202735,5,108,contingency_likelihood_ratio_G,empty_joint_state;joint_state_n_lt_3;joint_state_n_lt_5;apparent_extreme_fraction_in_tiny_joint_state,AUS|AUS|AUS,False,0.055944055944055944,1.0,0.48455963171225136,within_AUS,within,15
1467,3_10761,3,clinical signs_weight loss|CBC_basophilia|chem_hyperproteinemia,clinical_signs_weight_loss|CBC_basophilia|chem_hyperproteinemia,11.11550899635909,0.05146068979795875,5,108,contingency_likelihood_ratio_G,empty_joint_state;joint_state_n_lt_3;joint_state_n_lt_5;apparent_extreme_fraction_in_tiny_joint_state,clinical signs|CBC|chemistry,False,0.06293706293706294,1.0,0.49794400356198115,cross_CBC_plus_chemistry_plus_clinical_signs,cross,19
1473,3_04926,3,tli_high|AUS_mesenteric lymphadenopathy|AUS_splenomegaly,tli_high|AUS_mesenteric_lymphadenopathy|AUS_splenomegaly,11.091484577322191,0.06374416423748386,7,87,contingency_likelihood_ratio_G,joint_state_n_lt_3;joint_state_n_lt_5;apparent_extreme_fraction_in_tiny_joint_state,GI panel|AUS|AUS,False,0.23576423576423577,1.0,0.6661241864095186,cross_AUS_plus_GI_panel,cross,21
1474,3_10675,3,clinical signs_weight loss|CBC_neutrophilia|chem_hyperproteinemia,clinical_signs_weight_loss|CBC_neutrophilia|chem_hyperproteinemia,11.091440954567705,0.05134926367855419,4,108,contingency_likelihood_ratio_G,empty_joint_state;joint_state_n_lt_3;joint_state_n_lt_5;apparent_extreme_fraction_in_tiny_joint_state,clinical signs|CBC|chemistry,False,0.03296703296703297,1.0,0.4566918230284567,cross_CBC_plus_chemistry_plus_clinical_signs,cross,20
1475,3_10872,3,clinical signs_weight loss|chem_hyperproteinemia|chem_decreased alt,clinical_signs_weight_loss|chem_hyperproteinemia|chem_decreased_ALT,11.091440954567705,0.05134926367855419,4,108,contingency_likelihood_ratio_G,empty_joint_state;joint_state_n_lt_3;joint_state_n_lt_5;apparent_extreme_fraction_in_tiny_joint_state,clinical signs|chemistry|chemistry,False,0.03196803196803197,1.0,0.4559461543707605,cross_chemistry_plus_clinical_signs,cross,17
1482,3_08774,3,clinical signs_diarrhea|clinical signs_weight loss|CBC_anemia,clinical_signs_diarrhea|clinical_signs_weight_loss|CBC_anemia,11.07221956688325,0.05126027577260764,5,108,contingency_likelihood_ratio_G,empty_joint_state;joint_state_n_lt_3;joint_state_n_lt_5;apparent_extreme_fraction_in_tiny_joint_state,clinical signs|clinical signs|CBC,False,0.053946053946053944,1.0,0.48173902189872125,cross_CBC_plus_clinical_signs,cross,12
1485,3_02951,3,folate_high|AUS_enlarged pancreas|AUS_gall bladder sludge,folate_high|AUS_enlarged_pancreas|AUS_gall_bladder_sludge,11.067496311155564,0.06148609061753091,7,90,contingency_likelihood_ratio_G,joint_state_n_lt_3;joint_state_n_lt_5;apparent_extreme_fraction_in_tiny_joint_state,GI panel|AUS|AUS,False,0.16583416583416583,1.0,0.6183249972228203,cross_AUS_plus_GI_panel,cross,22
1488,3_09426,3,clinical signs_diarrhea|chem_hyperproteinemia|chem_hyperglycemia,clinical_signs_diarrhea|chem_hyperproteinemia|chem_hyperglycemia,11.062800591669335,0.051216669405876554,4,108,contingency_likelihood_ratio_G,empty_joint_state;joint_state_n_lt_3;joint_state_n_lt_5;apparent_extreme_fraction_in_tiny_joint_state,clinical signs|chemistry|chemistry,False,0.030969030969030968,1.0,0.4553621166150168,cross_chemistry_plus_clinical_signs,cross,18
1492,3_08639,3,clinical signs_vomiting|chem_hyperproteinemia|chem_discordantly elevated bun,clinical_signs_vomiting|chem_hyperproteinemia|chem_discordantly_elevated_BUN,11.05150238808153,0.051164362907784866,4,108,contingency_likelihood_ratio_G,empty_joint_state;joint_state_n_lt_3;joint_state_n_lt_5;apparent_extreme_fraction_in_tiny_joint_state,clinical signs|chemistry|chemistry,False,0.03296703296703297,1.0,0.4566918230284567,cross_chemistry_plus_clinical_signs,cross,19
1495,3_05002,3,tli_high|AUS_enlarged pancreas|chem_decreased alt,tli_high|AUS_enlarged_pancreas|chem_decreased_ALT,11.049738054368525,0.06350424169177313,4,87,contingency_likelihood_ratio_G,empty_joint_state;joint_state_n_lt_3;joint_state_n_lt_5;apparent_extreme_fraction_in_tiny_joint_state,GI panel|AUS|chemistry,False,0.03396603396603397,1.0,0.4566918230284567,cross_AUS_plus_GI_panel_plus_chemistry,cross,15
1504,3_01871,3,cobalamin_low|AUS_mesenteric lymphadenopathy|chem_azotemia,cobalamin_low|AUS_mesenteric_lymphadenopathy|chem_azotemia,11.035366824998194,0.061307593472212187,7,90,contingency_likelihood_ratio_G,joint_state_n_lt_3;joint_state_n_lt_5;apparent_extreme_fraction_in_tiny_joint_state,GI panel|AUS|chemistry,False,0.1958041958041958,1.0,0.6396270396270397,cross_AUS_plus_GI_panel_plus_chemistry,cross,16
1507,3_00969,3,age|CBC_eosinopenia|CBC_lymphocytosis,age|CBC_eosinopenia|CBC_lymphocytosis,11.031351916576469,,4,108,logistic_deviance_improvement_age_linear_additive_to_joint_state,empty_joint_state;joint_state_n_lt_3;joint_state_n_lt_5;apparent_extreme_fraction_in_tiny_joint_state;age_model_newton_not_fully_converged,demographic|CBC|CBC,True,0.007992007992007992,1.0,0.4405157732543995,cross_CBC_plus_demographic,cross,23
1509,3_04562,3,tli_high|clinical signs_vomiting|chem_azotemia,tli_high|clinical_signs_vomiting|chem_azotemia,11.03027577379664,0.0633923895045784,7,87,contingency_likelihood_ratio_G,joint_state_n_lt_3;joint_state_n_lt_5;apparent_extreme_fraction_in_tiny_joint_state,GI panel|clinical signs|chemistry,False,0.2137862137862138,1.0,0.650238296735112,cross_GI_panel_plus_chemistry_plus_clinical_signs,cross,14
1513,3_01741,3,cobalamin_low|AUS_duodenum|chem_azotemia,cobalamin_low|AUS_duodenal_thickening|chem_azotemia,11.022763032209674,0.061237572401164855,7,90,contingency_likelihood_ratio_G,joint_state_n_lt_3;joint_state_n_lt_5;apparent_extreme_fraction_in_tiny_joint_state,GI panel|AUS|chemistry,False,0.1968031968031968,1.0,0.6400311969932223,cross_AUS_plus_GI_panel_plus_chemistry,cross,17
1530,3_04591,3,tli_high|clinical signs_diarrhea|CBC_lymphocytosis,tli_high|clinical_signs_diarrhea|CBC_lymphocytosis,10.980628508534963,0.0631070603938791,5,87,contingency_likelihood_ratio_G,empty_joint_state;joint_state_n_lt_3;joint_state_n_lt_5;apparent_extreme_fraction_in_tiny_joint_state,GI panel|clinical signs|CBC,False,0.061938061938061936,1.0,0.49540026654035907,cross_CBC_plus_GI_panel_plus_clinical_signs,cross,18
1531,3_09477,3,clinical signs_diarrhea|chem_azotemia|chem_hyperglycemia,clinical_signs_diarrhea|chem_azotemia|chem_hyperglycemia,10.9802320262887,0.050834407529114355,4,108,contingency_likelihood_ratio_G,empty_joint_state;joint_state_n_lt_3;joint_state_n_lt_5;apparent_extreme_fraction_in_tiny_joint_state,clinical signs|chemistry|chemistry,False,0.024975024975024976,1.0,0.4405157732543995,cross_chemistry_plus_clinical_signs,cross,20
1532,3_02967,3,folate_high|AUS_enlarged pancreas|chem_elevated alt,folate_high|AUS_enlarged_pancreas|chem_elevated_ALT,10.978723297359531,0.06099290720755295,6,90,contingency_likelihood_ratio_G,empty_joint_state;joint_state_n_lt_3;joint_state_n_lt_5;apparent_extreme_fraction_in_tiny_joint_state,GI panel|AUS|chemistry,False,0.13786213786213786,1.0,0.5915222218539754,cross_AUS_plus_GI_panel_plus_chemistry,cross,18
1544,3_18820,3,chem_decreased alt|chem_elevated total bilirubin|chem_discordantly elevated bun,chem_decreased_ALT|chem_elevated_total_bilirubin|chem_discordantly_elevated_BUN,10.96350571876533,0.05075697092020986,3,108,contingency_likelihood_ratio_G,empty_joint_state;joint_state_n_lt_3;joint_state_n_lt_5;apparent_extreme_fraction_in_tiny_joint_state,chemistry|chemistry|chemistry,False,0.017982017982017984,1.0,0.4405157732543995,within_chemistry,within,17
1545,3_18821,3,chem_decreased alt|chem_elevated total bilirubin|chem_hyperglycemia,chem_decreased_ALT|chem_elevated_total_bilirubin|chem_hyperglycemia,10.96350571876533,0.05075697092020986,3,108,contingency_likelihood_ratio_G,empty_joint_state;joint_state_n_lt_3;joint_state_n_lt_5;apparent_extreme_fraction_in_tiny_joint_state,chemistry|chemistry|chemistry,False,0.01098901098901099,1.0,0.4405157732543995,within_chemistry,within,18
1546,3_18836,3,chem_decreased alt|chem_discordantly elevated bun|chem_hypophosphatemia,chem_decreased_ALT|chem_discordantly_elevated_BUN|chem_hypophosphatemia,10.96350571876533,0.05075697092020986,3,108,contingency_likelihood_ratio_G,empty_joint_state;joint_state_n_lt_3;joint_state_n_lt_5;apparent_extreme_fraction_in_tiny_joint_state,chemistry|chemistry|chemistry,False,0.02197802197802198,1.0,0.4405157732543995,within_chemistry,within,19
1547,3_18840,3,chem_decreased alt|chem_hyperglycemia|chem_hypophosphatemia,chem_decreased_ALT|chem_hyperglycemia|chem_hypophosphatemia,10.96350571876533,0.05075697092020986,3,108,contingency_likelihood_ratio_G,empty_joint_state;joint_state_n_lt_3;joint_state_n_lt_5;apparent_extreme_fraction_in_tiny_joint_state,chemistry|chemistry|chemistry,False,0.013986013986013986,1.0,0.4405157732543995,within_chemistry,within,20
1548,3_18995,3,chem_discordantly elevated bun|chem_hyperglycemia|chem_hypophosphatemia,chem_discordantly_elevated_BUN|chem_hyperglycemia|chem_hypophosphatemia,10.96350571876533,0.05075697092020986,3,108,contingency_likelihood_ratio_G,empty_joint_state;joint_state_n_lt_3;joint_state_n_lt_5;apparent_extreme_fraction_in_tiny_joint_state,chemistry|chemistry|chemistry,False,0.012987012987012988,1.0,0.4405157732543995,within_chemistry,within,21
1552,3_18962,3,chem_elevated total bilirubin|chem_discordantly elevated bun|chem_hyperglycemia,chem_elevated_total_bilirubin|chem_discordantly_elevated_BUN|chem_hyperglycemia,10.963505718765328,0.05075697092020985,3,108,contingency_likelihood_ratio_G,empty_joint_state;joint_state_n_lt_3;joint_state_n_lt_5;apparent_extreme_fraction_in_tiny_joint_state,chemistry|chemistry|chemistry,False,0.012987012987012988,1.0,0.4405157732543995,within_chemistry,within,22
1557,3_01545,3,cobalamin_low|clinical signs_hyporexia|AUS_ileus,cobalamin_low|clinical_signs_hyporexia|AUS_ileus,10.957420521998653,0.060874558455548074,6,90,contingency_likelihood_ratio_G,empty_joint_state;joint_state_n_lt_3;joint_state_n_lt_5;apparent_extreme_fraction_in_tiny_joint_state,GI panel|clinical signs|AUS,False,0.11388611388611389,1.0,0.5694904779597046,cross_AUS_plus_GI_panel_plus_clinical_signs,cross,23
1566,3_04682,3,tli_high|clinical signs_weight loss|chem_azotemia,tli_high|clinical_signs_weight_loss|chem_azotemia,10.942648385053085,0.06288878382214416,6,87,contingency_likelihood_ratio_G,empty_joint_state;joint_state_n_lt_3;joint_state_n_lt_5;apparent_extreme_fraction_in_tiny_joint_state,GI panel|clinical signs|chemistry,False,0.14085914085914086,1.0,0.5917084232134693,cross_GI_panel_plus_chemistry_plus_clinical_signs,cross,15
1577,3_04913,3,tli_high|AUS_colon|chem_elevated alt,tli_high|AUS_colonic_thickening|chem_elevated_ALT,10.917938884516692,0.0627467751983718,6,87,contingency_likelihood_ratio_G,empty_joint_state;joint_state_n_lt_3;joint_state_n_lt_5;apparent_extreme_fraction_in_tiny_joint_state,GI panel|AUS|chemistry,False,0.12987012987012986,1.0,0.5898729056623794,cross_AUS_plus_GI_panel_plus_chemistry,cross,19
1580,3_02350,3,folate_high|tli_high|chem_no abnormalities,folate_high|tli_high|chem_no_abnormalities,10.91230514333334,0.06271439737547896,7,87,contingency_likelihood_ratio_G,joint_state_n_lt_5;apparent_extreme_fraction_in_tiny_joint_state,GI panel|GI panel|chemistry,False,0.21878121878121878,1.0,0.6535934210352815,cross_GI_panel_plus_chemistry,cross,11
1584,3_05335,3,tli_high|chem_decreased alt|chem_discordantly elevated bun,tli_high|chem_decreased_ALT|chem_discordantly_elevated_BUN,10.90566411149412,0.06267623052582828,3,87,contingency_likelihood_ratio_G,empty_joint_state;joint_state_n_lt_3;joint_state_n_lt_5;apparent_extreme_fraction_in_tiny_joint_state,GI panel|chemistry|chemistry,False,0.005994005994005994,1.0,0.4405157732543995,cross_GI_panel_plus_chemistry,cross,12
1585,3_05336,3,tli_high|chem_decreased alt|chem_hyperglycemia,tli_high|chem_decreased_ALT|chem_hyperglycemia,10.90566411149412,0.06267623052582828,3,87,contingency_likelihood_ratio_G,empty_joint_state;joint_state_n_lt_3;joint_state_n_lt_5;apparent_extreme_fraction_in_tiny_joint_state,GI panel|chemistry|chemistry,False,0.006993006993006993,1.0,0.4405157732543995,cross_GI_panel_plus_chemistry,cross,13
1590,3_08650,3,clinical signs_vomiting|chem_decreased alt|chem_discordantly elevated bun,clinical_signs_vomiting|chem_decreased_ALT|chem_discordantly_elevated_BUN,10.889205995723586,0.050412990720942526,3,108,contingency_likelihood_ratio_G,empty_joint_state;joint_state_n_lt_3;joint_state_n_lt_5;apparent_extreme_fraction_in_tiny_joint_state,clinical signs|chemistry|chemistry,False,0.00999000999000999,1.0,0.4405157732543995,cross_chemistry_plus_clinical_signs,cross,21
1591,3_08696,3,clinical signs_vomiting|chem_discordantly elevated bun|chem_hyperglycemia,clinical_signs_vomiting|chem_discordantly_elevated_BUN|chem_hyperglycemia,10.889205995723586,0.050412990720942526,3,108,contingency_likelihood_ratio_G,empty_joint_state;joint_state_n_lt_3;joint_state_n_lt_5;apparent_extreme_fraction_in_tiny_joint_state,clinical signs|chemistry|chemistry,False,0.01098901098901099,1.0,0.4405157732543995,cross_chemistry_plus_clinical_signs,cross,22
1592,3_09230,3,clinical signs_diarrhea|CBC_neutrophilia|chem_hyperglycemia,clinical_signs_diarrhea|CBC_neutrophilia|chem_hyperglycemia,10.888182094143483,0.050408250435849455,4,108,contingency_likelihood_ratio_G,empty_joint_state;joint_state_n_lt_3;joint_state_n_lt_5;apparent_extreme_fraction_in_tiny_joint_state,clinical signs|CBC|chemistry,False,0.01998001998001998,1.0,0.4405157732543995,cross_CBC_plus_chemistry_plus_clinical_signs,cross,21
1593,3_09437,3,clinical signs_diarrhea|chem_decreased alt|chem_hyperglycemia,clinical_signs_diarrhea|chem_decreased_ALT|chem_hyperglycemia,10.888182094143483,0.050408250435849455,4,108,contingency_likelihood_ratio_G,empty_joint_state;joint_state_n_lt_3;joint_state_n_lt_5;apparent_extreme_fraction_in_tiny_joint_state,clinical signs|chemistry|chemistry,False,0.017982017982017984,1.0,0.4405157732543995,cross_chemistry_plus_clinical_signs,cross,23
1594,3_09482,3,clinical signs_diarrhea|chem_discordantly elevated bun|chem_hyperglycemia,clinical_signs_diarrhea|chem_discordantly_elevated_BUN|chem_hyperglycemia,10.888182094143483,0.050408250435849455,4,108,contingency_likelihood_ratio_G,empty_joint_state;joint_state_n_lt_3;joint_state_n_lt_5;apparent_extreme_fraction_in_tiny_joint_state,clinical signs|chemistry|chemistry,False,0.016983016983016984,1.0,0.4405157732543995,cross_chemistry_plus_clinical_signs,cross,24
1598,3_04852,3,tli_high|AUS_jejunum|chem_azotemia,tli_high|AUS_jejunal_thickening|chem_azotemia,10.88186982727604,0.06253948176595425,7,87,contingency_likelihood_ratio_G,joint_state_n_lt_3;joint_state_n_lt_5;apparent_extreme_fraction_in_tiny_joint_state,GI panel|AUS|chemistry,False,0.21178821178821178,1.0,0.6496478674600649,cross_AUS_plus_GI_panel_plus_chemistry,cross,20
1599,3_04702,3,tli_high|clinical signs_hairball obstruction|CBC_neutrophilia,tli_high|clinical_signs_hairball_obstruction|CBC_neutrophilia,10.880552149722753,0.0625319089064526,4,87,contingency_likelihood_ratio_G,empty_joint_state;joint_state_n_lt_3;joint_state_n_lt_5;apparent_extreme_fraction_in_tiny_joint_state,GI panel|clinical signs|CBC,False,0.014985014985014986,1.0,0.4405157732543995,cross_CBC_plus_GI_panel_plus_clinical_signs,cross,19
1614,3_04574,3,tli_high|clinical signs_diarrhea|AUS_duodenum,tli_high|clinical_signs_diarrhea|AUS_duodenal_thickening,10.85381746412565,0.06237826128807845,7,87,contingency_likelihood_ratio_G,joint_state_n_lt_5;apparent_extreme_fraction_in_tiny_joint_state,GI panel|clinical signs|AUS,False,0.2097902097902098,1.0,0.6483308628952322,cross_AUS_plus_GI_panel_plus_clinical_signs,cross,24
1632,3_01008,3,age|CBC_basocytosis|CBC_lymphocytosis,age|CBC_basocytosis|CBC_lymphocytosis,10.817450017343134,,4,108,logistic_deviance_improvement_age_linear_additive_to_joint_state,empty_joint_state;joint_state_n_lt_3;joint_state_n_lt_5;apparent_extreme_fraction_in_tiny_joint_state;age_model_newton_not_fully_converged,demographic|CBC|CBC,True,0.00999000999000999,1.0,0.4405157732543995,cross_CBC_plus_demographic,cross,24
1633,3_01465,3,cobalamin_low|clinical signs_vomiting|AUS_gall bladder sludge,cobalamin_low|clinical_signs_vomiting|AUS_gall_bladder_sludge,10.812118728095758,0.060067326267198656,7,90,contingency_likelihood_ratio_G,joint_state_n_lt_3;joint_state_n_lt_5;apparent_extreme_fraction_in_tiny_joint_state,GI panel|clinical signs|AUS,False,0.21978021978021978,1.0,0.6536055038079329,cross_AUS_plus_GI_panel_plus_clinical_signs,cross,25
1636,3_02965,3,folate_high|AUS_enlarged pancreas|chem_hyperproteinemia,folate_high|AUS_enlarged_pancreas|chem_hyperproteinemia,10.808063934486539,0.060044799636036324,6,90,contingency_likelihood_ratio_G,empty_joint_state;joint_state_n_lt_3;joint_state_n_lt_5;apparent_extreme_fraction_in_tiny_joint_state,GI panel|AUS|chemistry,False,0.1008991008991009,1.0,0.552503947665238,cross_AUS_plus_GI_panel_plus_chemistry,cross,21
1637,3_02949,3,folate_high|AUS_enlarged pancreas|AUS_splenomegaly,folate_high|AUS_enlarged_pancreas|AUS_splenomegaly,10.807324518898664,0.060040691771659244,7,90,contingency_likelihood_ratio_G,joint_state_n_lt_3;joint_state_n_lt_5;apparent_extreme_fraction_in_tiny_joint_state,GI panel|AUS|AUS,False,0.21078921078921078,1.0,0.6487816861784808,cross_AUS_plus_GI_panel,cross,23
1644,3_05088,3,tli_high|AUS_gall bladder sludge|chem_azotemia,tli_high|AUS_gall_bladder_sludge|chem_azotemia,10.796338684701036,0.06204792347529331,7,87,contingency_likelihood_ratio_G,joint_state_n_lt_3;joint_state_n_lt_5;apparent_extreme_fraction_in_tiny_joint_state,GI panel|AUS|chemistry,False,0.22077922077922077,1.0,0.6536055038079329,cross_AUS_plus_GI_panel_plus_chemistry,cross,22
1651,3_04411,3,tli_high|pli_abn|AUS_jejunum,tli_high|pli_abn|AUS_jejunal_thickening,10.787588725492336,0.06271853910169962,7,86,contingency_likelihood_ratio_G,joint_state_n_lt_3;joint_state_n_lt_5;apparent_extreme_fraction_in_tiny_joint_state,GI panel|GI panel|AUS,False,0.2087912087912088,1.0,0.6483308628952322,cross_AUS_plus_GI_panel,cross,24
1662,3_04955,3,tli_high|AUS_chronic degenerative renal changes|AUS_enlarged pancreas,tli_high|AUS_chronic_degenerative_renal_changes|AUS_enlarged_pancreas,10.775868001648268,0.06193027587154177,6,87,contingency_likelihood_ratio_G,empty_joint_state;joint_state_n_lt_3;joint_state_n_lt_5;apparent_extreme_fraction_in_tiny_joint_state,GI panel|AUS|AUS,False,0.13986013986013987,1.0,0.5917084232134693,cross_AUS_plus_GI_panel,cross,25
1679,3_02968,3,folate_high|AUS_enlarged pancreas|chem_elevated ast,folate_high|AUS_enlarged_pancreas|chem_elevated_AST,10.755323495553927,0.05975179719752182,5,90,contingency_likelihood_ratio_G,empty_joint_state;joint_state_n_lt_3;joint_state_n_lt_5;apparent_extreme_fraction_in_tiny_joint_state,GI panel|AUS|chemistry,False,0.053946053946053944,1.0,0.48173902189872125,cross_AUS_plus_GI_panel_plus_chemistry,cross,23
1690,3_05375,3,tli_high|chem_azotemia|chem_discordantly elevated bun,tli_high|chem_azotemia|chem_discordantly_elevated_BUN,10.746501975714416,0.06176150560755412,4,87,contingency_likelihood_ratio_G,empty_joint_state;joint_state_n_lt_3;joint_state_n_lt_5;apparent_extreme_fraction_in_tiny_joint_state,GI panel|chemistry|chemistry,False,0.04095904095904096,1.0,0.4605046047979224,cross_GI_panel_plus_chemistry,cross,14
1691,3_05376,3,tli_high|chem_azotemia|chem_hyperglycemia,tli_high|chem_azotemia|chem_hyperglycemia,10.746501975714416,0.06176150560755412,4,87,contingency_likelihood_ratio_G,empty_joint_state;joint_state_n_lt_3;joint_state_n_lt_5;apparent_extreme_fraction_in_tiny_joint_state,GI panel|chemistry|chemistry,False,0.03496503496503497,1.0,0.4587682848552414,cross_GI_panel_plus_chemistry,cross,15
1693,3_04666,3,tli_high|clinical signs_weight loss|CBC_eosinophilia,tli_high|clinical_signs_weight_loss|CBC_eosinophilia,10.74393919226249,0.0617467769670258,7,87,contingency_likelihood_ratio_G,joint_state_n_lt_3;joint_state_n_lt_5;apparent_extreme_fraction_in_tiny_joint_state,GI panel|clinical signs|CBC,False,0.1938061938061938,1.0,0.6380334816698453,cross_CBC_plus_GI_panel_plus_clinical_signs,cross,20
1698,3_11548,3,clinical signs_hairball obstruction|chem_hyperproteinemia|chem_hyperglycemia,clinical_signs_hairball_obstruction|chem_hyperproteinemia|chem_hyperglycemia,10.73409349795392,0.04969487730534222,3,108,contingency_likelihood_ratio_G,empty_joint_state;joint_state_n_lt_3;joint_state_n_lt_5;apparent_extreme_fraction_in_tiny_joint_state,clinical signs|chemistry|chemistry,False,0.011988011988011988,1.0,0.4405157732543995,cross_chemistry_plus_clinical_signs,cross,25
1699,3_11976,3,clinical signs_constipation|CBC_neutrophilia|chem_hyperproteinemia,clinical_signs_constipation|CBC_neutrophilia|chem_hyperproteinemia,10.73409349795392,0.04969487730534222,3,108,contingency_likelihood_ratio_G,empty_joint_state;joint_state_n_lt_3;joint_state_n_lt_5;apparent_extreme_fraction_in_tiny_joint_state,clinical signs|CBC|chemistry,False,0.016983016983016984,1.0,0.4405157732543995,cross_CBC_plus_chemistry_plus_clinical_signs,cross,22
1708,3_18734,3,chem_hyperproteinemia|chem_decreased alt|chem_hypercalcemia,chem_hyperproteinemia|chem_decreased_ALT|chem_hypercalcemia,10.73409349795392,0.04969487730534222,3,108,contingency_likelihood_ratio_G,empty_joint_state;joint_state_n_lt_3;joint_state_n_lt_5;apparent_extreme_fraction_in_tiny_joint_state,chemistry|chemistry|chemistry,False,0.00999000999000999,1.0,0.4405157732543995,within_chemistry,within,23
1709,3_18779,3,chem_hyperproteinemia|chem_discordantly elevated bun|chem_hypercalcemia,chem_hyperproteinemia|chem_discordantly_elevated_BUN|chem_hypercalcemia,10.73409349795392,0.04969487730534222,3,108,contingency_likelihood_ratio_G,empty_joint_state;joint_state_n_lt_3;joint_state_n_lt_5;apparent_extreme_fraction_in_tiny_joint_state,chemistry|chemistry|chemistry,False,0.013986013986013986,1.0,0.4405157732543995,within_chemistry,within,24
1710,3_18783,3,chem_hyperproteinemia|chem_hyperglycemia|chem_hypercalcemia,chem_hyperproteinemia|chem_hyperglycemia|chem_hypercalcemia,10.73409349795392,0.04969487730534222,3,108,contingency_likelihood_ratio_G,empty_joint_state;joint_state_n_lt_3;joint_state_n_lt_5;apparent_extreme_fraction_in_tiny_joint_state,chemistry|chemistry|chemistry,False,0.011988011988011988,1.0,0.4405157732543995,within_chemistry,within,25
1736,3_04972,3,tli_high|AUS_chronic degenerative renal changes|chem_hyperproteinemia,tli_high|AUS_chronic_degenerative_renal_changes|chem_hyperproteinemia,10.697014596617093,0.06147709538285685,7,87,contingency_likelihood_ratio_G,joint_state_n_lt_3;joint_state_n_lt_5;apparent_extreme_fraction_in_tiny_joint_state,GI panel|AUS|chemistry,False,0.2127872127872128,1.0,0.6500900674129021,cross_AUS_plus_GI_panel_plus_chemistry,cross,24
1766,3_10722,3,clinical signs_weight loss|CBC_eosinophilia|chem_elevated alt,clinical_signs_weight_loss|CBC_eosinophilia|chem_elevated_ALT,10.669471455612879,0.049395701183392954,5,108,contingency_likelihood_ratio_G,empty_joint_state;joint_state_n_lt_3;joint_state_n_lt_5;apparent_extreme_fraction_in_tiny_joint_state,clinical signs|CBC|chemistry,False,0.08291708291708291,1.0,0.5235534973163668,cross_CBC_plus_chemistry_plus_clinical_signs,cross,23
1771,3_13250,3,AUS_jejunum|AUS_enlarged pancreas|AUS_ileus,AUS_jejunal_thickening|AUS_enlarged_pancreas|AUS_ileus,10.65988501192027,0.04935131949963088,5,108,contingency_likelihood_ratio_G,empty_joint_state;joint_state_n_lt_3;joint_state_n_lt_5,AUS|AUS|AUS,False,0.06493506493506493,1.0,0.5000184101034648,within_AUS,within,16
1773,3_04978,3,tli_high|AUS_chronic degenerative renal changes|chem_azotemia,tli_high|AUS_chronic_degenerative_renal_changes|chem_azotemia,10.65768574199328,0.06125106748272,7,87,contingency_likelihood_ratio_G,joint_state_n_lt_3;joint_state_n_lt_5;apparent_extreme_fraction_in_tiny_joint_state,GI panel|AUS|chemistry,False,0.23476523476523475,1.0,0.6648825626927816,cross_AUS_plus_GI_panel_plus_chemistry,cross,25
1776,3_10712,3,clinical signs_weight loss|CBC_eosinophilia|CBC_basophilia,clinical_signs_weight_loss|CBC_eosinophilia|CBC_basophilia,10.651651446977134,0.04931320114341266,6,108,contingency_likelihood_ratio_G,empty_joint_state;joint_state_n_lt_3;joint_state_n_lt_5;apparent_extreme_fraction_in_tiny_joint_state,clinical signs|CBC|CBC,False,0.12187812187812187,1.0,0.5827834137693293,cross_CBC_plus_clinical_signs,cross,13
1785,3_01548,3,cobalamin_low|clinical signs_hyporexia|CBC_neutrophilia,cobalamin_low|clinical_signs_hyporexia|CBC_neutrophilia,10.644563896382676,0.05913646609101487,4,90,contingency_likelihood_ratio_G,empty_joint_state;joint_state_n_lt_3;joint_state_n_lt_5;apparent_extreme_fraction_in_tiny_joint_state,GI panel|clinical signs|CBC,False,0.03796203796203796,1.0,0.4605046047979224,cross_CBC_plus_GI_panel_plus_clinical_signs,cross,21
1799,3_13251,3,AUS_jejunum|AUS_enlarged pancreas|AUS_gall bladder sludge,AUS_jejunal_thickening|AUS_enlarged_pancreas|AUS_gall_bladder_sludge,10.629073618395347,0.04920867415923772,7,108,contingency_likelihood_ratio_G,joint_state_n_lt_3;joint_state_n_lt_5;apparent_extreme_fraction_in_tiny_joint_state,AUS|AUS|AUS,False,0.2047952047952048,1.0,0.6456992427141681,within_AUS,within,17
1819,3_12556,3,AUS_duodenum|AUS_jejunum|AUS_enlarged pancreas,AUS_duodenal_thickening|AUS_jejunal_thickening|AUS_enlarged_pancreas,10.60325781892308,0.049089156569088334,7,108,contingency_likelihood_ratio_G,joint_state_n_lt_3;joint_state_n_lt_5;apparent_extreme_fraction_in_tiny_joint_state,AUS|AUS|AUS,False,0.19880119880119881,1.0,0.6421353026857615,within_AUS,within,18
1835,3_04406,3,tli_high|pli_abn|clinical signs_weight loss,tli_high|pli_abn|clinical_signs_weight_loss,10.580121431466832,0.061512333903876934,6,86,contingency_likelihood_ratio_G,empty_joint_state;joint_state_n_lt_5;apparent_extreme_fraction_in_tiny_joint_state,GI panel|GI panel|clinical signs,False,0.16183816183816183,1.0,0.6123118672372403,cross_GI_panel_plus_clinical_signs,cross,7
1891,3_09222,3,clinical signs_diarrhea|CBC_neutrophilia|chem_hyperproteinemia,clinical_signs_diarrhea|CBC_neutrophilia|chem_hyperproteinemia,10.52050285312021,0.04870603172740838,5,108,contingency_likelihood_ratio_G,empty_joint_state;joint_state_n_lt_3;joint_state_n_lt_5;apparent_extreme_fraction_in_tiny_joint_state,clinical signs|CBC|chemistry,False,0.058941058941058944,1.0,0.4906249617282893,cross_CBC_plus_chemistry_plus_clinical_signs,cross,24
1895,3_07059,3,breed_group|CBC_basophilia|CBC_monocytosis,breed_group|CBC_basophilia|CBC_monocytosis,10.519073075451917,0.04869941238635147,9,108,contingency_likelihood_ratio_G,joint_state_n_lt_3;joint_state_n_lt_5;apparent_extreme_fraction_in_tiny_joint_state,demographic|CBC|CBC,False,0.4255744255744256,1.0,0.7906020108482489,cross_CBC_plus_demographic,cross,25
1897,3_10721,3,clinical signs_weight loss|CBC_eosinophilia|chem_decreased alt,clinical_signs_weight_loss|CBC_eosinophilia|chem_decreased_ALT,10.51676594592054,0.048688731231113606,4,108,contingency_likelihood_ratio_G,empty_joint_state;joint_state_n_lt_3;joint_state_n_lt_5;apparent_extreme_fraction_in_tiny_joint_state,clinical signs|CBC|chemistry,False,0.030969030969030968,1.0,0.4553621166150168,cross_CBC_plus_chemistry_plus_clinical_signs,cross,25
1898,3_10688,3,clinical signs_weight loss|CBC_neutropenia|CBC_eosinophilia,clinical_signs_weight_loss|CBC_neutropenia|CBC_eosinophilia,10.516339448367006,0.0486867567054028,5,108,contingency_likelihood_ratio_G,empty_joint_state;joint_state_n_lt_3;joint_state_n_lt_5;apparent_extreme_fraction_in_tiny_joint_state,clinical signs|CBC|CBC,False,0.0939060939060939,1.0,0.5441458876387252,cross_CBC_plus_clinical_signs,cross,14
1900,3_04434,3,tli_high|pli_abn|chem_decreased alt,tli_high|pli_abn|chem_decreased_ALT,10.51545773048182,0.061136382153964074,5,86,contingency_likelihood_ratio_G,empty_joint_state;joint_state_n_lt_3;joint_state_n_lt_5;apparent_extreme_fraction_in_tiny_joint_state,GI panel|GI panel|chemistry,False,0.059940059940059943,1.0,0.4922593605099005,cross_GI_panel_plus_chemistry,cross,16
1901,3_13219,3,AUS_jejunum|AUS_chronic degenerative renal changes|AUS_enlarged pancreas,AUS_jejunal_thickening|AUS_chronic_degenerative_renal_changes|AUS_enlarged_pancreas,10.51153185097184,0.048664499310054815,7,108,contingency_likelihood_ratio_G,joint_state_n_lt_3;joint_state_n_lt_5;apparent_extreme_fraction_in_tiny_joint_state,AUS|AUS|AUS,False,0.21978021978021978,1.0,0.6536055038079329,within_AUS,within,19
1928,3_04432,3,tli_high|pli_abn|chem_hypoproteinemia,tli_high|pli_abn|chem_hypoproteinemia,10.4813448255517,0.060938051311347094,6,86,contingency_likelihood_ratio_G,empty_joint_state;joint_state_n_lt_3;joint_state_n_lt_5;apparent_extreme_fraction_in_tiny_joint_state,GI panel|GI panel|chemistry,False,0.16183816183816183,1.0,0.6123118672372403,cross_GI_panel_plus_chemistry,cross,17
1936,3_02257,3,cobalamin_low|chem_decreased alt|chem_azotemia,cobalamin_low|chem_decreased_ALT|chem_azotemia,10.460414418642277,0.05811341343690154,5,90,contingency_likelihood_ratio_G,empty_joint_state;joint_state_n_lt_3;joint_state_n_lt_5;apparent_extreme_fraction_in_tiny_joint_state,GI panel|chemistry|chemistry,False,0.06893106893106893,1.0,0.5034642652775576,cross_GI_panel_plus_chemistry,cross,18
1944,3_01492,3,cobalamin_low|clinical signs_diarrhea|clinical signs_hyporexia,cobalamin_low|clinical_signs_diarrhea|clinical_signs_hyporexia,10.455909163972064,0.05808838424428925,6,90,contingency_likelihood_ratio_G,empty_joint_state;joint_state_n_lt_3;joint_state_n_lt_5;apparent_extreme_fraction_in_tiny_joint_state,GI panel|clinical signs|clinical signs,False,0.14585414585414586,1.0,0.5946770364527173,cross_GI_panel_plus_clinical_signs,cross,8
1948,3_10258,3,clinical signs_weight loss|clinical signs_hairball obstruction|CBC_eosinophilia,clinical_signs_weight_loss|clinical_signs_hairball_obstruction|CBC_eosinophilia,10.44918574526465,0.048375859931780785,4,108,contingency_likelihood_ratio_G,empty_joint_state;joint_state_n_lt_3;joint_state_n_lt_5;apparent_extreme_fraction_in_tiny_joint_state,clinical signs|clinical signs|CBC,False,0.04495504495504495,1.0,0.47168063724355114,cross_CBC_plus_clinical_signs,cross,15
1960,3_04588,3,tli_high|clinical signs_diarrhea|CBC_eosinopenia,tli_high|clinical_signs_diarrhea|CBC_eosinopenia,10.43387371059883,0.05996479144022316,4,87,contingency_likelihood_ratio_G,empty_joint_state;joint_state_n_lt_3;joint_state_n_lt_5;apparent_extreme_fraction_in_tiny_joint_state,GI panel|clinical signs|CBC,False,0.03596403596403597,1.0,0.46043653316380595,cross_CBC_plus_GI_panel_plus_clinical_signs,cross,22
1967,3_01566,3,cobalamin_low|clinical signs_hyporexia|chem_azotemia,cobalamin_low|clinical_signs_hyporexia|chem_azotemia,10.426689390324793,0.05792605216847107,7,90,contingency_likelihood_ratio_G,joint_state_n_lt_3;joint_state_n_lt_5;apparent_extreme_fraction_in_tiny_joint_state,GI panel|clinical signs|chemistry,False,0.2597402597402597,1.0,0.6800966558575703,cross_GI_panel_plus_chemistry_plus_clinical_signs,cross,16
1982,3_01533,3,cobalamin_low|clinical signs_hyporexia|clinical signs_weight loss,cobalamin_low|clinical_signs_hyporexia|clinical_signs_weight_loss,10.401238008750713,0.05778465560417063,7,90,contingency_likelihood_ratio_G,joint_state_n_lt_3;joint_state_n_lt_5;apparent_extreme_fraction_in_tiny_joint_state,GI panel|clinical signs|clinical signs,False,0.23476523476523475,1.0,0.6648825626927816,cross_GI_panel_plus_clinical_signs,cross,9
2004,3_04593,3,tli_high|clinical signs_diarrhea|CBC_monocytosis,tli_high|clinical_signs_diarrhea|CBC_monocytosis,10.366294972653836,0.05957640788881515,7,87,contingency_likelihood_ratio_G,joint_state_n_lt_3;joint_state_n_lt_5;apparent_extreme_fraction_in_tiny_joint_state,GI panel|clinical signs|CBC,False,0.2757242757242757,1.0,0.693212103950004,cross_CBC_plus_GI_panel_plus_clinical_signs,cross,23
2020,3_00399,3,age|clinical signs_hyporexia|clinical signs_hairball obstruction,age|clinical_signs_hyporexia|clinical_signs_hairball_obstruction,10.33664938113067,,4,108,logistic_deviance_improvement_age_linear_additive_to_joint_state,empty_joint_state;joint_state_n_lt_5;apparent_extreme_fraction_in_tiny_joint_state,demographic|clinical signs|clinical signs,True,0.027972027972027972,1.0,0.44206500066849197,cross_clinical_signs_plus_demographic,cross,19
2056,3_10295,3,clinical signs_weight loss|clinical signs_constipation|CBC_eosinophilia,clinical_signs_weight_loss|clinical_signs_constipation|CBC_eosinophilia,10.284564446205724,0.04761372428798946,4,108,contingency_likelihood_ratio_G,empty_joint_state;joint_state_n_lt_3;joint_state_n_lt_5;apparent_extreme_fraction_in_tiny_joint_state,clinical signs|clinical signs|CBC,False,0.03496503496503497,1.0,0.4587682848552414,cross_CBC_plus_clinical_signs,cross,16
2121,3_01625,3,cobalamin_low|clinical signs_hairball obstruction|CBC_neutrophilia,cobalamin_low|clinical_signs_hairball_obstruction|CBC_neutrophilia,10.23071694170544,0.056837316342808,4,90,contingency_likelihood_ratio_G,empty_joint_state;joint_state_n_lt_3;joint_state_n_lt_5;apparent_extreme_fraction_in_tiny_joint_state,GI panel|clinical signs|CBC,False,0.01898101898101898,1.0,0.4405157732543995,cross_CBC_plus_GI_panel_plus_clinical_signs,cross,24
2124,3_01362,3,cobalamin_low|pli_abn|chem_azotemia,cobalamin_low|pli_abn|chem_azotemia,10.228767501044112,0.05946957849444252,7,86,contingency_likelihood_ratio_G,joint_state_n_lt_3;joint_state_n_lt_5;apparent_extreme_fraction_in_tiny_joint_state,GI panel|GI panel|chemistry,False,0.3256743256743257,1.0,0.7229939607333349,cross_GI_panel_plus_chemistry,cross,19
2158,3_00398,3,age|clinical signs_hyporexia|clinical signs_weight loss,age|clinical_signs_hyporexia|clinical_signs_weight_loss,10.186162156984878,,4,108,logistic_deviance_improvement_age_linear_additive_to_joint_state,,demographic|clinical signs|clinical signs,True,0.059940059940059943,1.0,0.4922593605099005,cross_clinical_signs_plus_demographic,cross,20
2174,3_10716,3,clinical signs_weight loss|CBC_eosinophilia|CBC_monocytosis,clinical_signs_weight_loss|CBC_eosinophilia|CBC_monocytosis,10.166890208849907,0.0470689361520829,6,108,contingency_likelihood_ratio_G,empty_joint_state;joint_state_n_lt_3;joint_state_n_lt_5;apparent_extreme_fraction_in_tiny_joint_state,clinical signs|CBC|CBC,False,0.1798201798201798,1.0,0.6290232306791644,cross_CBC_plus_clinical_signs,cross,17
2184,3_04638,3,tli_high|clinical signs_hyporexia|chem_decreased alt,tli_high|clinical_signs_hyporexia|chem_decreased_ALT,10.154261420782799,0.058357824257372404,4,87,contingency_likelihood_ratio_G,empty_joint_state;joint_state_n_lt_3;joint_state_n_lt_5;apparent_extreme_fraction_in_tiny_joint_state,GI panel|clinical signs|chemistry,False,0.052947052947052944,1.0,0.4809504876394508,cross_GI_panel_plus_chemistry_plus_clinical_signs,cross,17
2205,3_07981,3,clinical signs_vomiting|clinical signs_weight loss|CBC_eosinophilia,clinical_signs_vomiting|clinical_signs_weight_loss|CBC_eosinophilia,10.12944888120045,0.0468955966722243,5,108,contingency_likelihood_ratio_G,empty_joint_state;joint_state_n_lt_3;joint_state_n_lt_5;apparent_extreme_fraction_in_tiny_joint_state,clinical signs|clinical signs|CBC,False,0.0979020979020979,1.0,0.5490603791488747,cross_CBC_plus_clinical_signs,cross,18
2212,3_13126,3,AUS_jejunum|AUS_ileum|AUS_enlarged pancreas,AUS_jejunal_thickening|AUS_ileal_thickening|AUS_enlarged_pancreas,10.118940944961858,0.04684694881926786,7,108,contingency_likelihood_ratio_G,joint_state_n_lt_3;joint_state_n_lt_5;apparent_extreme_fraction_in_tiny_joint_state,AUS|AUS|AUS,False,0.24075924075924077,1.0,0.6697855846231615,within_AUS,within,20
2217,3_00316,3,age|clinical signs_vomiting|clinical signs_hyporexia,age|clinical_signs_vomiting|clinical_signs_hyporexia,10.10564321313933,,4,108,logistic_deviance_improvement_age_linear_additive_to_joint_state,,demographic|clinical signs|clinical signs,True,0.061938061938061936,1.0,0.49540026654035907,cross_clinical_signs_plus_demographic,cross,21
2222,3_04586,3,tli_high|clinical signs_diarrhea|CBC_neutropenia,tli_high|clinical_signs_diarrhea|CBC_neutropenia,10.101247863222284,0.058053148639208525,5,87,contingency_likelihood_ratio_G,empty_joint_state;joint_state_n_lt_3;joint_state_n_lt_5;apparent_extreme_fraction_in_tiny_joint_state,GI panel|clinical signs|CBC,False,0.08391608391608392,1.0,0.5270606499546044,cross_CBC_plus_GI_panel_plus_clinical_signs,cross,25
2223,3_04609,3,tli_high|clinical signs_diarrhea|chem_hypophosphatemia,tli_high|clinical_signs_diarrhea|chem_hypophosphatemia,10.101247863222284,0.058053148639208525,5,87,contingency_likelihood_ratio_G,empty_joint_state;joint_state_n_lt_3;joint_state_n_lt_5;apparent_extreme_fraction_in_tiny_joint_state,GI panel|clinical signs|chemistry,False,0.08091908091908091,1.0,0.5197410697410697,cross_GI_panel_plus_chemistry_plus_clinical_signs,cross,18
2233,3_08768,3,clinical signs_diarrhea|clinical signs_weight loss|CBC_eosinopenia,clinical_signs_diarrhea|clinical_signs_weight_loss|CBC_eosinopenia,10.0874820871941,0.04670130595923195,4,108,contingency_likelihood_ratio_G,empty_joint_state;joint_state_n_lt_3;joint_state_n_lt_5;apparent_extreme_fraction_in_tiny_joint_state,clinical signs|clinical signs|CBC,False,0.03596403596403597,1.0,0.46043653316380595,cross_CBC_plus_clinical_signs,cross,19
2255,3_04599,3,tli_high|clinical signs_diarrhea|chem_elevated alt,tli_high|clinical_signs_diarrhea|chem_elevated_ALT,10.062066923213024,0.05782797082306335,6,87,contingency_likelihood_ratio_G,empty_joint_state;joint_state_n_lt_3;joint_state_n_lt_5;apparent_extreme_fraction_in_tiny_joint_state,GI panel|clinical signs|chemistry,False,0.16983016983016982,1.0,0.6214032311030002,cross_GI_panel_plus_chemistry_plus_clinical_signs,cross,19
2291,3_14696,3,AUS_mesenteric lymphadenopathy|AUS_splenomegaly|AUS_gall bladder sludge,AUS_mesenteric_lymphadenopathy|AUS_splenomegaly|AUS_gall_bladder_sludge,10.037682572418365,0.046470752650085025,7,108,contingency_likelihood_ratio_G,joint_state_n_lt_3;joint_state_n_lt_5;apparent_extreme_fraction_in_tiny_joint_state,AUS|AUS|AUS,False,0.3006993006993007,1.0,0.7104380644830501,within_AUS,within,21
2302,3_08773,3,clinical signs_diarrhea|clinical signs_weight loss|CBC_monocytosis,clinical_signs_diarrhea|clinical_signs_weight_loss|CBC_monocytosis,10.029920658413422,0.046434817863025106,7,108,contingency_likelihood_ratio_G,joint_state_n_lt_5;apparent_extreme_fraction_in_tiny_joint_state,clinical signs|clinical signs|CBC,False,0.26073926073926074,1.0,0.6814922773130087,cross_CBC_plus_clinical_signs,cross,20
2305,3_04340,3,folate_low|chem_decreased alt|chem_discordantly elevated bun,folate_low|chem_decreased_ALT|chem_discordantly_elevated_BUN,10.025263916604363,0.055695910647802015,3,90,contingency_likelihood_ratio_G,empty_joint_state;joint_state_n_lt_3;joint_state_n_lt_5;apparent_extreme_fraction_in_tiny_joint_state,GI panel|chemistry|chemistry,False,0.007992007992007992,1.0,0.4405157732543995,cross_GI_panel_plus_chemistry,cross,20
2365,3_07884,3,clinical signs_vomiting|clinical signs_diarrhea|clinical signs_hyporexia,clinical_signs_vomiting|clinical_signs_diarrhea|clinical_signs_hyporexia,9.96930673845413,0.046154197863213564,7,108,contingency_likelihood_ratio_G,joint_state_n_lt_3;joint_state_n_lt_5;apparent_extreme_fraction_in_tiny_joint_state,clinical signs|clinical signs|clinical signs,False,0.25574425574425574,1.0,0.6789847493659811,within_clinical_signs,within,2
2424,3_12741,3,AUS_duodenum|AUS_splenomegaly|AUS_ileus,AUS_duodenal_thickening|AUS_splenomegaly|AUS_ileus,9.936447088095264,0.04600206985229289,5,108,contingency_likelihood_ratio_G,empty_joint_state;joint_state_n_lt_3;joint_state_n_lt_5;apparent_extreme_fraction_in_tiny_joint_state,AUS|AUS|AUS,False,0.1108891108891109,1.0,0.5650559571760323,within_AUS,within,22
2437,3_01284,3,cobalamin_low|tli_high|clinical signs_weight loss,cobalamin_low|tli_high|clinical_signs_weight_loss,9.92661675656286,0.05704952158944172,7,87,contingency_likelihood_ratio_G,joint_state_n_lt_5;apparent_extreme_fraction_in_tiny_joint_state,GI panel|GI panel|clinical signs,False,0.27372627372627373,1.0,0.6909298879559103,cross_GI_panel_plus_clinical_signs,cross,10
2439,3_05340,3,tli_high|chem_decreased alt|chem_hypophosphatemia,tli_high|chem_decreased_ALT|chem_hypophosphatemia,9.924956043938016,0.05703997726401158,4,87,contingency_likelihood_ratio_G,empty_joint_state;joint_state_n_lt_3;joint_state_n_lt_5;apparent_extreme_fraction_in_tiny_joint_state,GI panel|chemistry|chemistry,False,0.03196803196803197,1.0,0.4559461543707605,cross_GI_panel_plus_chemistry,cross,21
2445,3_05344,3,tli_high|chem_elevated alt|chem_azotemia,tli_high|chem_elevated_ALT|chem_azotemia,9.913482788616877,0.05697403901503952,6,87,contingency_likelihood_ratio_G,empty_joint_state;joint_state_n_lt_3;joint_state_n_lt_5;apparent_extreme_fraction_in_tiny_joint_state,GI panel|chemistry|chemistry,False,0.2177822177822178,1.0,0.6523515872814754,cross_GI_panel_plus_chemistry,cross,22
2473,3_02353,3,folate_high|tli_high|chem_decreased alt,folate_high|tli_high|chem_decreased_ALT,9.884008287074451,0.05680464532801409,4,87,contingency_likelihood_ratio_G,empty_joint_state;joint_state_n_lt_3;joint_state_n_lt_5;apparent_extreme_fraction_in_tiny_joint_state,GI panel|GI panel|chemistry,False,0.054945054945054944,1.0,0.48227857092123017,cross_GI_panel_plus_chemistry,cross,23
2477,3_05380,3,tli_high|chem_azotemia|chem_hypophosphatemia,tli_high|chem_azotemia|chem_hypophosphatemia,9.881851800939504,0.056792251729537384,5,87,contingency_likelihood_ratio_G,empty_joint_state;joint_state_n_lt_3;joint_state_n_lt_5;apparent_extreme_fraction_in_tiny_joint_state,GI panel|chemistry|chemistry,False,0.0989010989010989,1.0,0.5501192780303371,cross_GI_panel_plus_chemistry,cross,24
2505,3_10713,3,clinical signs_weight loss|CBC_eosinophilia|CBC_basocytosis,clinical_signs_weight_loss|CBC_eosinophilia|CBC_basocytosis,9.85086968372568,0.045605878165396664,4,108,contingency_likelihood_ratio_G,empty_joint_state;joint_state_n_lt_3;joint_state_n_lt_5;apparent_extreme_fraction_in_tiny_joint_state,clinical signs|CBC|CBC,False,0.04295704295704296,1.0,0.4648260106427437,cross_CBC_plus_clinical_signs,cross,21
2507,3_16971,3,CBC_neutrophilia|CBC_eosinophilia|CBC_monocytosis,CBC_neutrophilia|CBC_eosinophilia|CBC_monocytosis,9.848598098932158,0.04559536156913036,5,108,contingency_likelihood_ratio_G,empty_joint_state;joint_state_n_lt_3;joint_state_n_lt_5;apparent_extreme_fraction_in_tiny_joint_state,CBC|CBC|CBC,False,0.09090909090909091,1.0,0.5401136363636364,within_CBC,within,1
2514,3_05330,3,tli_high|chem_decreased alt|chem_elevated alt,tli_high|chem_decreased_ALT|chem_elevated_ALT,9.840131295957324,0.056552478712398414,4,87,contingency_likelihood_ratio_G,empty_joint_state;joint_state_n_lt_3;joint_state_n_lt_5;apparent_extreme_fraction_in_tiny_joint_state,GI panel|chemistry|chemistry,False,0.059940059940059943,1.0,0.4922593605099005,cross_GI_panel_plus_chemistry,cross,25
2560,3_02323,3,folate_high|tli_high|clinical signs_diarrhea,folate_high|tli_high|clinical_signs_diarrhea,9.805336900215087,0.05635251092077636,7,87,contingency_likelihood_ratio_G,joint_state_n_lt_5;apparent_extreme_fraction_in_tiny_joint_state,GI panel|GI panel|clinical signs,False,0.2937062937062937,1.0,0.7061133100586817,cross_GI_panel_plus_clinical_signs,cross,11
2599,3_04757,3,tli_high|clinical signs_constipation|chem_azotemia,tli_high|clinical_signs_constipation|chem_azotemia,9.76413680082727,0.05611572874038661,4,87,contingency_likelihood_ratio_G,empty_joint_state;joint_state_n_lt_3;joint_state_n_lt_5;apparent_extreme_fraction_in_tiny_joint_state,GI panel|clinical signs|chemistry,False,0.052947052947052944,1.0,0.4809504876394508,cross_GI_panel_plus_chemistry_plus_clinical_signs,cross,20
2613,3_15488,3,AUS_enlarged pancreas|AUS_splenomegaly|AUS_ileus,AUS_enlarged_pancreas|AUS_splenomegaly|AUS_ileus,9.741152067575294,0.04509792623877451,4,108,contingency_likelihood_ratio_G,empty_joint_state,AUS|AUS|AUS,False,0.057942057942057944,1.0,0.4885119315274526,within_AUS,within,23
2631,3_00049,3,age|folate_high|tli_high,age|folate_high|tli_high,9.72470490296186,,4,87,logistic_deviance_improvement_age_linear_additive_to_joint_state,,demographic|GI panel|GI panel,True,0.07292707292707293,1.0,0.5123760201365523,cross_GI_panel_plus_demographic,cross,16
2724,3_04572,3,tli_high|clinical signs_diarrhea|clinical signs_constipation,tli_high|clinical_signs_diarrhea|clinical_signs_constipation,9.641971207994077,0.05541362763214987,4,87,contingency_likelihood_ratio_G,empty_joint_state;joint_state_n_lt_3;joint_state_n_lt_5;apparent_extreme_fraction_in_tiny_joint_state,GI panel|clinical signs|clinical signs,False,0.054945054945054944,1.0,0.48227857092123017,cross_GI_panel_plus_clinical_signs,cross,12
2726,3_04602,3,tli_high|clinical signs_diarrhea|chem_elevated total bilirubin,tli_high|clinical_signs_diarrhea|chem_elevated_total_bilirubin,9.641971207994077,0.05541362763214987,4,87,contingency_likelihood_ratio_G,empty_joint_state;joint_state_n_lt_3;joint_state_n_lt_5;apparent_extreme_fraction_in_tiny_joint_state,GI panel|clinical signs|chemistry,False,0.05194805194805195,1.0,0.4803678811460913,cross_GI_panel_plus_chemistry_plus_clinical_signs,cross,21
2731,3_09959,3,clinical signs_hyporexia|CBC_neutrophilia|CBC_eosinopenia,clinical_signs_hyporexia|CBC_neutrophilia|CBC_eosinopenia,9.629990482800551,0.044583289272224776,3,108,contingency_likelihood_ratio_G,empty_joint_state;joint_state_n_lt_3;joint_state_n_lt_5;apparent_extreme_fraction_in_tiny_joint_state,clinical signs|CBC|CBC,False,0.023976023976023976,1.0,0.4405157732543995,cross_CBC_plus_clinical_signs,cross,22
2801,3_04752,3,tli_high|clinical signs_constipation|chem_decreased alt,tli_high|clinical_signs_constipation|chem_decreased_ALT,9.597651241796306,0.05515891518273739,3,87,contingency_likelihood_ratio_G,empty_joint_state;joint_state_n_lt_3;joint_state_n_lt_5;apparent_extreme_fraction_in_tiny_joint_state,GI panel|clinical signs|chemistry,False,0.015984015984015984,1.0,0.4405157732543995,cross_GI_panel_plus_chemistry_plus_clinical_signs,cross,22
2810,3_17468,3,CBC_eosinophilia|CBC_basophilia|CBC_monocytosis,CBC_eosinophilia|CBC_basophilia|CBC_monocytosis,9.58819718768153,0.044389801794821895,7,108,contingency_likelihood_ratio_G,joint_state_n_lt_3;joint_state_n_lt_5;apparent_extreme_fraction_in_tiny_joint_state,CBC|CBC|CBC,False,0.28771228771228774,1.0,0.7022706398749538,within_CBC,within,2
2851,3_01526,3,cobalamin_low|clinical signs_diarrhea|chem_azotemia,cobalamin_low|clinical_signs_diarrhea|chem_azotemia,9.552744072864686,0.05307080040480381,7,90,contingency_likelihood_ratio_G,joint_state_n_lt_3;joint_state_n_lt_5;apparent_extreme_fraction_in_tiny_joint_state,GI panel|clinical signs|chemistry,False,0.2947052947052947,1.0,0.7074415483506393,cross_GI_panel_plus_chemistry_plus_clinical_signs,cross,23
2855,3_10715,3,clinical signs_weight loss|CBC_eosinophilia|CBC_lymphopenia,clinical_signs_weight_loss|CBC_eosinophilia|CBC_lymphopenia,9.546287381051677,0.04419577491227628,5,108,contingency_likelihood_ratio_G,empty_joint_state;joint_state_n_lt_3;joint_state_n_lt_5;apparent_extreme_fraction_in_tiny_joint_state,clinical signs|CBC|CBC,False,0.15784215784215785,1.0,0.6063639330966064,cross_CBC_plus_clinical_signs,cross,23
2920,3_04515,3,tli_high|clinical signs_none|chem_decreased alt,tli_high|clinical_signs_none_reported|chem_decreased_ALT,9.492637881382665,0.05455539012288888,4,87,contingency_likelihood_ratio_G,empty_joint_state;joint_state_n_lt_3;joint_state_n_lt_5;apparent_extreme_fraction_in_tiny_joint_state,GI panel|clinical signs|chemistry,False,0.06793206793206794,1.0,0.5017577604990192,cross_GI_panel_plus_chemistry_plus_clinical_signs,cross,24
2921,3_01278,3,cobalamin_low|tli_high|pli_abn,cobalamin_low|tli_high|pli_abn,9.488981739554342,0.05516849848578106,6,86,contingency_likelihood_ratio_G,empty_joint_state;joint_state_n_lt_5;apparent_extreme_fraction_in_tiny_joint_state,GI panel|GI panel|GI panel,False,0.2547452547452547,1.0,0.6780367889145712,within_GI_panel,within,1
2925,3_10758,3,clinical signs_weight loss|CBC_basophilia|CBC_anemia,clinical_signs_weight_loss|CBC_basophilia|CBC_anemia,9.48046864475258,0.04389105854052121,5,108,contingency_likelihood_ratio_G,empty_joint_state;joint_state_n_lt_3;joint_state_n_lt_5;apparent_extreme_fraction_in_tiny_joint_state,clinical signs|CBC|CBC,False,0.12387612387612387,1.0,0.5849808413146714,cross_CBC_plus_clinical_signs,cross,24
2932,3_08726,3,clinical signs_diarrhea|clinical signs_hyporexia|CBC_neutrophilia,clinical_signs_diarrhea|clinical_signs_hyporexia|CBC_neutrophilia,9.478706646458242,0.04388290114101038,5,108,contingency_likelihood_ratio_G,empty_joint_state;joint_state_n_lt_3;joint_state_n_lt_5;apparent_extreme_fraction_in_tiny_joint_state,clinical signs|clinical signs|CBC,False,0.11788211788211789,1.0,0.5764338542116321,cross_CBC_plus_clinical_signs,cross,25
2975,3_00477,3,age|clinical signs_hairball obstruction|clinical signs_constipation,age|clinical_signs_hairball_obstruction|clinical_signs_constipation,9.443590792526123,,4,108,logistic_deviance_improvement_age_linear_additive_to_joint_state,empty_joint_state;joint_state_n_lt_3;joint_state_n_lt_5;apparent_extreme_fraction_in_tiny_joint_state;age_model_newton_not_fully_converged,demographic|clinical signs|clinical signs,True,0.022977022977022976,1.0,0.4405157732543995,cross_clinical_signs_plus_demographic,cross,22
2990,3_04559,3,tli_high|clinical signs_vomiting|chem_elevated ast,tli_high|clinical_signs_vomiting|chem_elevated_AST,9.426737259032231,0.054176650913978344,5,87,contingency_likelihood_ratio_G,empty_joint_state;joint_state_n_lt_3;joint_state_n_lt_5;apparent_extreme_fraction_in_tiny_joint_state,GI panel|clinical signs|chemistry,False,0.0999000999000999,1.0,0.5522828436466122,cross_GI_panel_plus_chemistry_plus_clinical_signs,cross,25
2991,3_03364,3,folate_low|tli_high|clinical signs_diarrhea,folate_low|tli_high|clinical_signs_diarrhea,9.426250827454643,0.0541738553301991,5,87,contingency_likelihood_ratio_G,empty_joint_state;joint_state_n_lt_3;joint_state_n_lt_5;apparent_extreme_fraction_in_tiny_joint_state,GI panel|GI panel|clinical signs,False,0.12287712287712288,1.0,0.584034965034965,cross_GI_panel_plus_clinical_signs,cross,13
3021,3_12589,3,AUS_duodenum|AUS_ileum|AUS_enlarged pancreas,AUS_duodenal_thickening|AUS_ileal_thickening|AUS_enlarged_pancreas,9.401022263015765,0.04352325121766558,7,108,contingency_likelihood_ratio_G,joint_state_n_lt_3;joint_state_n_lt_5;apparent_extreme_fraction_in_tiny_joint_state,AUS|AUS|AUS,False,0.3036963036963037,1.0,0.7120918417783814,within_AUS,within,24
3103,3_15079,3,AUS_chronic degenerative renal changes|AUS_enlarged pancreas|AUS_gall bladder sludge,AUS_chronic_degenerative_renal_changes|AUS_enlarged_pancreas|AUS_gall_bladder_sludge,9.304472341472337,0.04307626084014971,6,108,contingency_likelihood_ratio_G,empty_joint_state;joint_state_n_lt_3;joint_state_n_lt_5;apparent_extreme_fraction_in_tiny_joint_state,AUS|AUS|AUS,False,0.22077922077922077,1.0,0.6536055038079329,within_AUS,within,25
3110,3_00319,3,age|clinical signs_vomiting|clinical signs_constipation,age|clinical_signs_vomiting|clinical_signs_constipation,9.298047362410443,,4,108,logistic_deviance_improvement_age_linear_additive_to_joint_state,empty_joint_state;joint_state_n_lt_3;joint_state_n_lt_5;apparent_extreme_fraction_in_tiny_joint_state;age_model_newton_not_fully_converged,demographic|clinical signs|clinical signs,True,0.027972027972027972,1.0,0.44206500066849197,cross_clinical_signs_plus_demographic,cross,23
3123,3_01184,3,cobalamin_low|folate_high|tli_high,cobalamin_low|folate_high|tli_high,9.287513046795898,0.053376511763194814,7,87,contingency_likelihood_ratio_G,joint_state_n_lt_3;joint_state_n_lt_5;apparent_extreme_fraction_in_tiny_joint_state,GI panel|GI panel|GI panel,False,0.34165834165834164,1.0,0.7325538511864836,within_GI_panel,within,2
3140,3_01493,3,cobalamin_low|clinical signs_diarrhea|clinical signs_weight loss,cobalamin_low|clinical_signs_diarrhea|clinical_signs_weight_loss,9.263152936066655,0.051461960755925865,7,90,contingency_likelihood_ratio_G,joint_state_n_lt_3;joint_state_n_lt_5,GI panel|clinical signs|clinical signs,False,0.3076923076923077,1.0,0.7147905857583278,cross_GI_panel_plus_clinical_signs,cross,14
3160,3_04571,3,tli_high|clinical signs_diarrhea|clinical signs_hairball obstruction,tli_high|clinical_signs_diarrhea|clinical_signs_hairball_obstruction,9.233941495939145,0.053068629287006584,4,87,contingency_likelihood_ratio_G,empty_joint_state;joint_state_n_lt_3;joint_state_n_lt_5;apparent_extreme_fraction_in_tiny_joint_state,GI panel|clinical signs|clinical signs,False,0.07392607392607392,1.0,0.5133245133245133,cross_GI_panel_plus_clinical_signs,cross,15
3189,3_08751,3,clinical signs_diarrhea|clinical signs_weight loss|clinical signs_hairball obstruction,clinical_signs_diarrhea|clinical_signs_weight_loss|clinical_signs_hairball_obstruction,9.214517796404749,0.04265980461298495,4,108,contingency_likelihood_ratio_G,empty_joint_state;joint_state_n_lt_5;apparent_extreme_fraction_in_tiny_joint_state,clinical signs|clinical signs|clinical signs,False,0.06593406593406594,1.0,0.501014572957019,within_clinical_signs,within,3
3226,3_01282,3,cobalamin_low|tli_high|clinical signs_diarrhea,cobalamin_low|tli_high|clinical_signs_diarrhea,9.191010293203842,0.05282189823680369,7,87,contingency_likelihood_ratio_G,joint_state_n_lt_3;joint_state_n_lt_5;apparent_extreme_fraction_in_tiny_joint_state,GI panel|GI panel|clinical signs,False,0.32167832167832167,1.0,0.7210266743395722,cross_GI_panel_plus_clinical_signs,cross,16
3305,3_00096,3,age|folate_low|tli_high,age|folate_low|tli_high,9.121092563906458,,4,87,logistic_deviance_improvement_age_linear_additive_to_joint_state,joint_state_n_lt_3;joint_state_n_lt_5;apparent_extreme_fraction_in_tiny_joint_state;age_model_newton_not_fully_converged,demographic|GI panel|GI panel,True,0.07092907092907093,1.0,0.5067656882763986,cross_GI_panel_plus_demographic,cross,17
3335,3_07885,3,clinical signs_vomiting|clinical signs_diarrhea|clinical signs_weight loss,clinical_signs_vomiting|clinical_signs_diarrhea|clinical_signs_weight_loss,9.090817606678097,0.042087118549435636,7,108,contingency_likelihood_ratio_G,,clinical signs|clinical signs|clinical signs,False,0.2857142857142857,1.0,0.7008127983486002,within_clinical_signs,within,4
3339,3_00439,3,age|clinical signs_weight loss|clinical signs_constipation,age|clinical_signs_weight_loss|clinical_signs_constipation,9.087621960731227,,4,108,logistic_deviance_improvement_age_linear_additive_to_joint_state,empty_joint_state;joint_state_n_lt_3;joint_state_n_lt_5;apparent_extreme_fraction_in_tiny_joint_state;age_model_newton_not_fully_converged,demographic|clinical signs|clinical signs,True,0.022977022977022976,1.0,0.4405157732543995,cross_clinical_signs_plus_demographic,cross,24
3365,3_00360,3,age|clinical signs_diarrhea|clinical signs_constipation,age|clinical_signs_diarrhea|clinical_signs_constipation,9.06310916067747,,4,108,logistic_deviance_improvement_age_linear_additive_to_joint_state,empty_joint_state;joint_state_n_lt_3;joint_state_n_lt_5;apparent_extreme_fraction_in_tiny_joint_state;age_model_newton_not_fully_converged,demographic|clinical signs|clinical signs,True,0.022977022977022976,1.0,0.4405157732543995,cross_clinical_signs_plus_demographic,cross,25
3401,3_04405,3,tli_high|pli_abn|clinical signs_hyporexia,tli_high|pli_abn|clinical_signs_hyporexia,9.039840311887241,0.052557211115623496,6,86,contingency_likelihood_ratio_G,empty_joint_state;joint_state_n_lt_3;joint_state_n_lt_5;apparent_extreme_fraction_in_tiny_joint_state,GI panel|GI panel|clinical signs,False,0.25874125874125875,1.0,0.6800966558575703,cross_GI_panel_plus_clinical_signs,cross,17
3449,3_02319,3,folate_high|tli_high|pli_abn,folate_high|tli_high|pli_abn,8.99728181653062,0.052309778003085,6,86,contingency_likelihood_ratio_G,empty_joint_state;joint_state_n_lt_5;apparent_extreme_fraction_in_tiny_joint_state,GI panel|GI panel|GI panel,False,0.25674325674325676,1.0,0.67973858755087,within_GI_panel,within,3
3474,3_00003,3,age|cobalamin_low|pli_abn,age|cobalamin_low|pli_abn,8.976066162430627,,4,86,logistic_deviance_improvement_age_linear_additive_to_joint_state,,demographic|GI panel|GI panel,True,0.0959040959040959,1.0,0.5459067878229555,cross_GI_panel_plus_demographic,cross,18
3533,3_02325,3,folate_high|tli_high|clinical signs_weight loss,folate_high|tli_high|clinical_signs_weight_loss,8.916912803297887,0.0512466253063097,7,87,contingency_likelihood_ratio_G,joint_state_n_lt_5;apparent_extreme_fraction_in_tiny_joint_state,GI panel|GI panel|clinical signs,False,0.34865134865134867,1.0,0.7364247795311011,cross_GI_panel_plus_clinical_signs,cross,18
3716,3_00002,3,age|cobalamin_low|tli_high,age|cobalamin_low|tli_high,8.75705390315133,,4,87,logistic_deviance_improvement_age_linear_additive_to_joint_state,,demographic|GI panel|GI panel,True,0.09090909090909091,1.0,0.5401136363636364,cross_GI_panel_plus_demographic,cross,19
3819,3_02326,3,folate_high|tli_high|clinical signs_hairball obstruction,folate_high|tli_high|clinical_signs_hairball_obstruction,8.660616922310172,0.04977366047304697,5,87,contingency_likelihood_ratio_G,empty_joint_state;joint_state_n_lt_3;joint_state_n_lt_5;apparent_extreme_fraction_in_tiny_joint_state,GI panel|GI panel|clinical signs,False,0.13786213786213786,1.0,0.5915222218539754,cross_GI_panel_plus_clinical_signs,cross,19
3906,3_02324,3,folate_high|tli_high|clinical signs_hyporexia,folate_high|tli_high|clinical_signs_hyporexia,8.597123391415261,0.049408755123076215,7,87,contingency_likelihood_ratio_G,joint_state_n_lt_3;joint_state_n_lt_5;apparent_extreme_fraction_in_tiny_joint_state,GI panel|GI panel|clinical signs,False,0.3986013986013986,1.0,0.7717117912637261,cross_GI_panel_plus_clinical_signs,cross,20
3979,3_16990,3,CBC_neutrophilia|CBC_eosinopenia|CBC_lymphocytosis,CBC_neutrophilia|CBC_eosinopenia|CBC_lymphocytosis,8.539151831801423,0.039533110332413995,3,108,contingency_likelihood_ratio_G,empty_joint_state;joint_state_n_lt_3;joint_state_n_lt_5;apparent_extreme_fraction_in_tiny_joint_state,CBC|CBC|CBC,False,0.03696303696303696,1.0,0.4605046047979224,within_CBC,within,3
4191,3_00000,3,age|cobalamin_low|folate_high,age|cobalamin_low|folate_high,8.408626823664548,,4,90,logistic_deviance_improvement_age_linear_additive_to_joint_state,,demographic|GI panel|GI panel,True,0.0989010989010989,1.0,0.5501192780303371,cross_GI_panel_plus_demographic,cross,20
4334,3_16966,3,CBC_neutrophilia|CBC_eosinophilia|CBC_eosinopenia,CBC_neutrophilia|CBC_eosinophilia|CBC_eosinopenia,8.298694207025427,0.038419880588080685,4,108,contingency_likelihood_ratio_G,empty_joint_state;joint_state_n_lt_3;joint_state_n_lt_5;apparent_extreme_fraction_in_tiny_joint_state,CBC|CBC|CBC,False,0.12887112887112886,1.0,0.5881175953187475,within_CBC,within,4
4561,3_00050,3,age|folate_high|pli_abn,age|folate_high|pli_abn,8.146634322469225,,4,86,logistic_deviance_improvement_age_linear_additive_to_joint_state,,demographic|GI panel|GI panel,True,0.11288711288711288,1.0,0.5677803677803678,cross_GI_panel_plus_demographic,cross,21
4588,3_04402,3,tli_high|pli_abn|clinical signs_none,tli_high|pli_abn|clinical_signs_none_reported,8.130407887276718,0.04726981329812045,6,86,contingency_likelihood_ratio_G,empty_joint_state;joint_state_n_lt_3;joint_state_n_lt_5;apparent_extreme_fraction_in_tiny_joint_state,GI panel|GI panel|clinical signs,False,0.34765234765234765,1.0,0.7352131739228513,cross_GI_panel_plus_clinical_signs,cross,21
4610,3_04408,3,tli_high|pli_abn|clinical signs_constipation,tli_high|pli_abn|clinical_signs_constipation,8.109697400182844,0.04714940348943514,4,86,contingency_likelihood_ratio_G,empty_joint_state;joint_state_n_lt_3;joint_state_n_lt_5;apparent_extreme_fraction_in_tiny_joint_state,GI panel|GI panel|clinical signs,False,0.1028971028971029,1.0,0.5545010545010545,cross_GI_panel_plus_clinical_signs,cross,22
4654,3_02322,3,folate_high|tli_high|clinical signs_vomiting,folate_high|tli_high|clinical_signs_vomiting,8.077480987754113,0.04642230452732249,7,87,contingency_likelihood_ratio_G,joint_state_n_lt_5,GI panel|GI panel|clinical signs,False,0.42657342657342656,1.0,0.790912228009946,cross_GI_panel_plus_clinical_signs,cross,23
4703,3_03365,3,folate_low|tli_high|clinical signs_hyporexia,folate_low|tli_high|clinical_signs_hyporexia,8.049512005991172,0.04626156325282283,6,87,contingency_likelihood_ratio_G,empty_joint_state;joint_state_n_lt_3;joint_state_n_lt_5;apparent_extreme_fraction_in_tiny_joint_state,GI panel|GI panel|clinical signs,False,0.3886113886113886,1.0,0.7647531021922906,cross_GI_panel_plus_clinical_signs,cross,24
4863,3_16992,3,CBC_neutrophilia|CBC_eosinopenia|CBC_monocytosis,CBC_neutrophilia|CBC_eosinopenia|CBC_monocytosis,7.949214862330514,0.036801920658937566,4,108,contingency_likelihood_ratio_G,empty_joint_state;joint_state_n_lt_3;joint_state_n_lt_5;apparent_extreme_fraction_in_tiny_joint_state,CBC|CBC|CBC,False,0.057942057942057944,1.0,0.4885119315274526,within_CBC,within,5
4874,3_00001,3,age|cobalamin_low|folate_low,age|cobalamin_low|folate_low,7.945819044540784,,4,90,logistic_deviance_improvement_age_linear_additive_to_joint_state,joint_state_n_lt_3;joint_state_n_lt_5;apparent_extreme_fraction_in_tiny_joint_state;age_model_newton_not_fully_converged,demographic|GI panel|GI panel,True,0.13486513486513488,1.0,0.5906602036526017,cross_GI_panel_plus_demographic,cross,22
4907,3_01451,3,cobalamin_low|clinical signs_vomiting|clinical signs_hyporexia,cobalamin_low|clinical_signs_vomiting|clinical_signs_hyporexia,7.930598251254865,0.04405887917363814,7,90,contingency_likelihood_ratio_G,joint_state_n_lt_3;joint_state_n_lt_5;apparent_extreme_fraction_in_tiny_joint_state,GI panel|clinical signs|clinical signs,False,0.4755244755244755,1.0,0.8214311583382999,cross_GI_panel_plus_clinical_signs,cross,25
4968,3_16988,3,CBC_neutrophilia|CBC_eosinopenia|CBC_basophilia,CBC_neutrophilia|CBC_eosinopenia|CBC_basophilia,7.889753021828829,0.03652663436031865,4,108,contingency_likelihood_ratio_G,empty_joint_state;joint_state_n_lt_3;joint_state_n_lt_5;apparent_extreme_fraction_in_tiny_joint_state,CBC|CBC|CBC,False,0.0979020979020979,1.0,0.5490603791488747,within_CBC,within,6
5070,3_16989,3,CBC_neutrophilia|CBC_eosinopenia|CBC_basocytosis,CBC_neutrophilia|CBC_eosinopenia|CBC_basocytosis,7.827173655054014,0.03623691506969451,3,108,contingency_likelihood_ratio_G,empty_joint_state;joint_state_n_lt_3;joint_state_n_lt_5;apparent_extreme_fraction_in_tiny_joint_state,CBC|CBC|CBC,False,0.05194805194805195,1.0,0.4803678811460913,within_CBC,within,7
5556,3_03360,3,folate_low|tli_high|pli_abn,folate_low|tli_high|pli_abn,7.5751529359437555,0.0440415868368823,5,86,contingency_likelihood_ratio_G,empty_joint_state;joint_state_n_lt_3;joint_state_n_lt_5;apparent_extreme_fraction_in_tiny_joint_state,GI panel|GI panel|GI panel,False,0.25674325674325676,1.0,0.67973858755087,within_GI_panel,within,4
5920,3_16991,3,CBC_neutrophilia|CBC_eosinopenia|CBC_lymphopenia,CBC_neutrophilia|CBC_eosinopenia|CBC_lymphopenia,7.369310944354789,0.03411718029793884,3,108,contingency_likelihood_ratio_G,empty_joint_state;joint_state_n_lt_3;joint_state_n_lt_5;apparent_extreme_fraction_in_tiny_joint_state,CBC|CBC|CBC,False,0.0989010989010989,1.0,0.5501192780303371,within_CBC,within,8
5950,3_08752,3,clinical signs_diarrhea|clinical signs_weight loss|clinical signs_constipation,clinical_signs_diarrhea|clinical_signs_weight_loss|clinical_signs_constipation,7.35548521673471,0.03405317229969773,4,108,contingency_likelihood_ratio_G,empty_joint_state;joint_state_n_lt_3;joint_state_n_lt_5;apparent_extreme_fraction_in_tiny_joint_state,clinical signs|clinical signs|clinical signs,False,0.12887112887112886,1.0,0.5881175953187475,within_clinical_signs,within,5
6049,3_17012,3,CBC_neutrophilia|CBC_basophilia|CBC_monocytosis,CBC_neutrophilia|CBC_basophilia|CBC_monocytosis,7.2987275038091,0.033790405110227316,5,108,contingency_likelihood_ratio_G,empty_joint_state;joint_state_n_lt_3;joint_state_n_lt_5;apparent_extreme_fraction_in_tiny_joint_state,CBC|CBC|CBC,False,0.27472527472527475,1.0,0.6925320767802869,within_CBC,within,9
6273,3_16969,3,CBC_neutrophilia|CBC_eosinophilia|CBC_lymphocytosis,CBC_neutrophilia|CBC_eosinophilia|CBC_lymphocytosis,7.184659378201206,0.033262311936116694,4,108,contingency_likelihood_ratio_G,empty_joint_state;joint_state_n_lt_3;joint_state_n_lt_5;apparent_extreme_fraction_in_tiny_joint_state,CBC|CBC|CBC,False,0.1968031968031968,1.0,0.6400311969932223,within_CBC,within,10
6344,3_16944,3,CBC_neutrophilia|CBC_neutropenia|CBC_eosinopenia,CBC_neutrophilia|CBC_neutropenia|CBC_eosinopenia,7.165555471426563,0.03317386792327112,3,108,contingency_likelihood_ratio_G,empty_joint_state;joint_state_n_lt_3;joint_state_n_lt_5;apparent_extreme_fraction_in_tiny_joint_state,CBC|CBC|CBC,False,0.08091908091908091,1.0,0.5197410697410697,within_CBC,within,11
6366,3_17049,3,CBC_neutrophilia|CBC_lymphocytosis|CBC_monocytosis,CBC_neutrophilia|CBC_lymphocytosis|CBC_monocytosis,7.158443401999772,0.03314094167592487,4,108,contingency_likelihood_ratio_G,empty_joint_state;joint_state_n_lt_3;joint_state_n_lt_5;apparent_extreme_fraction_in_tiny_joint_state,CBC|CBC|CBC,False,0.15384615384615385,1.0,0.6017122149605179,within_CBC,within,12
6414,3_16993,3,CBC_neutrophilia|CBC_eosinopenia|CBC_anemia,CBC_neutrophilia|CBC_eosinopenia|CBC_anemia,7.144420708996452,0.0330760218009095,3,108,contingency_likelihood_ratio_G,empty_joint_state;joint_state_n_lt_3;joint_state_n_lt_5;apparent_extreme_fraction_in_tiny_joint_state,CBC|CBC|CBC,False,0.1028971028971029,1.0,0.5545010545010545,within_CBC,within,13
6861,3_00097,3,age|folate_low|pli_abn,age|folate_low|pli_abn,6.906793726433463,,4,86,logistic_deviance_improvement_age_linear_additive_to_joint_state,empty_joint_state,demographic|GI panel|GI panel,True,0.09490509490509491,1.0,0.545611026409333,cross_GI_panel_plus_demographic,cross,23
6897,3_17029,3,CBC_neutrophilia|CBC_basocytosis|CBC_lymphocytosis,CBC_neutrophilia|CBC_basocytosis|CBC_lymphocytosis,6.899664334459679,0.031942890437313326,3,108,contingency_likelihood_ratio_G,empty_joint_state;joint_state_n_lt_3;joint_state_n_lt_5;apparent_extreme_fraction_in_tiny_joint_state,CBC|CBC|CBC,False,0.13586413586413587,1.0,0.5910867164871741,within_CBC,within,14
7050,3_17010,3,CBC_neutrophilia|CBC_basophilia|CBC_lymphocytosis,CBC_neutrophilia|CBC_basophilia|CBC_lymphocytosis,6.828157735257104,0.031611841366931036,4,108,contingency_likelihood_ratio_G,empty_joint_state;joint_state_n_lt_3;joint_state_n_lt_5;apparent_extreme_fraction_in_tiny_joint_state,CBC|CBC|CBC,False,0.21578421578421578,1.0,0.6509821501887513,within_CBC,within,15
7250,3_08712,3,clinical signs_diarrhea|clinical signs_hyporexia|clinical signs_hairball obstruction,clinical_signs_diarrhea|clinical_signs_hyporexia|clinical_signs_hairball_obstruction,6.715901307500078,0.031092135682870732,4,108,contingency_likelihood_ratio_G,empty_joint_state;joint_state_n_lt_3;joint_state_n_lt_5;apparent_extreme_fraction_in_tiny_joint_state,clinical signs|clinical signs|clinical signs,False,0.24375624375624375,1.0,0.6731000299627751,within_clinical_signs,within,6
7553,3_07925,3,clinical signs_vomiting|clinical signs_hyporexia|clinical signs_weight loss,clinical_signs_vomiting|clinical_signs_hyporexia|clinical_signs_weight_loss,6.56714132532417,0.03040343206168597,7,108,contingency_likelihood_ratio_G,joint_state_n_lt_3;joint_state_n_lt_5;apparent_extreme_fraction_in_tiny_joint_state,clinical signs|clinical signs|clinical signs,False,0.6083916083916084,1.0,0.8873877348142054,within_clinical_signs,within,7
7592,3_16948,3,CBC_neutrophilia|CBC_neutropenia|CBC_lymphopenia,CBC_neutrophilia|CBC_neutropenia|CBC_lymphopenia,6.546190695772852,0.030306438406355798,4,108,contingency_likelihood_ratio_G,empty_joint_state;joint_state_n_lt_3;joint_state_n_lt_5;apparent_extreme_fraction_in_tiny_joint_state,CBC|CBC|CBC,False,0.35564435564435565,1.0,0.7411498947178,within_CBC,within,16
7708,3_16968,3,CBC_neutrophilia|CBC_eosinophilia|CBC_basocytosis,CBC_neutrophilia|CBC_eosinophilia|CBC_basocytosis,6.48719112347297,0.030033292238300785,4,108,contingency_likelihood_ratio_G,empty_joint_state;joint_state_n_lt_3;joint_state_n_lt_5;apparent_extreme_fraction_in_tiny_joint_state,CBC|CBC|CBC,False,0.24275724275724275,1.0,0.6722943480408885,within_CBC,within,17
7926,3_17230,3,CBC_neutropenia|CBC_eosinopenia|CBC_lymphopenia,CBC_neutropenia|CBC_eosinopenia|CBC_lymphopenia,6.399715353990315,0.029628311824029235,4,108,contingency_likelihood_ratio_G,empty_joint_state;joint_state_n_lt_3;joint_state_n_lt_5;apparent_extreme_fraction_in_tiny_joint_state,CBC|CBC|CBC,False,0.27172827172827174,1.0,0.689456546389684,within_CBC,within,18
7966,3_17031,3,CBC_neutrophilia|CBC_basocytosis|CBC_monocytosis,CBC_neutrophilia|CBC_basocytosis|CBC_monocytosis,6.384589206449533,0.029558283363192283,4,108,contingency_likelihood_ratio_G,empty_joint_state;joint_state_n_lt_3;joint_state_n_lt_5;apparent_extreme_fraction_in_tiny_joint_state,CBC|CBC|CBC,False,0.2047952047952048,1.0,0.6456992427141681,within_CBC,within,19
8007,3_01185,3,cobalamin_low|folate_high|pli_abn,cobalamin_low|folate_high|pli_abn,6.365452395176363,0.03700844415800211,7,86,contingency_likelihood_ratio_G,joint_state_n_lt_3;joint_state_n_lt_5;apparent_extreme_fraction_in_tiny_joint_state,GI panel|GI panel|GI panel,False,0.6593406593406593,1.0,0.9121169443750089,within_GI_panel,within,5
8060,3_17083,3,CBC_neutrophilia|CBC_monocytosis|CBC_anemia,CBC_neutrophilia|CBC_monocytosis|CBC_anemia,6.342245480459701,0.029362247594720836,5,108,contingency_likelihood_ratio_G,empty_joint_state;joint_state_n_lt_3;joint_state_n_lt_5;apparent_extreme_fraction_in_tiny_joint_state,CBC|CBC|CBC,False,0.3756243756243756,1.0,0.7555406929084457,within_CBC,within,20
8195,3_17664,3,CBC_eosinopenia|CBC_basophilia|CBC_monocytosis,CBC_eosinopenia|CBC_basophilia|CBC_monocytosis,6.252231216280005,0.028945514890185205,4,108,contingency_likelihood_ratio_G,empty_joint_state;joint_state_n_lt_3;joint_state_n_lt_5;apparent_extreme_fraction_in_tiny_joint_state,CBC|CBC|CBC,False,0.23476523476523475,1.0,0.6648825626927816,within_CBC,within,21
8259,3_16947,3,CBC_neutrophilia|CBC_neutropenia|CBC_lymphocytosis,CBC_neutrophilia|CBC_neutropenia|CBC_lymphocytosis,6.227381548647469,0.02883047013262717,3,108,contingency_likelihood_ratio_G,empty_joint_state;joint_state_n_lt_3;joint_state_n_lt_5;apparent_extreme_fraction_in_tiny_joint_state,CBC|CBC|CBC,False,0.2037962037962038,1.0,0.6454395180032362,within_CBC,within,22
8354,3_16967,3,CBC_neutrophilia|CBC_eosinophilia|CBC_basophilia,CBC_neutrophilia|CBC_eosinophilia|CBC_basophilia,6.195001339045801,0.02868056175484167,5,108,contingency_likelihood_ratio_G,empty_joint_state;joint_state_n_lt_3;joint_state_n_lt_5;apparent_extreme_fraction_in_tiny_joint_state,CBC|CBC|CBC,False,0.5504495504495505,1.0,0.8572367998973504,within_CBC,within,23
8393,3_17048,3,CBC_neutrophilia|CBC_lymphocytosis|CBC_lymphopenia,CBC_neutrophilia|CBC_lymphocytosis|CBC_lymphopenia,6.1792905554253466,0.028607826645487715,3,108,contingency_likelihood_ratio_G,empty_joint_state;joint_state_n_lt_3;joint_state_n_lt_5;apparent_extreme_fraction_in_tiny_joint_state,CBC|CBC|CBC,False,0.2177822177822178,1.0,0.6523515872814754,within_CBC,within,24
8469,3_17050,3,CBC_neutrophilia|CBC_lymphocytosis|CBC_anemia,CBC_neutrophilia|CBC_lymphocytosis|CBC_anemia,6.169306744001388,0.028561605296302722,3,108,contingency_likelihood_ratio_G,empty_joint_state;joint_state_n_lt_3;joint_state_n_lt_5;apparent_extreme_fraction_in_tiny_joint_state,CBC|CBC|CBC,False,0.18581418581418582,1.0,0.6326467229046026,within_CBC,within,25
8798,3_08713,3,clinical signs_diarrhea|clinical signs_hyporexia|clinical signs_constipation,clinical_signs_diarrhea|clinical_signs_hyporexia|clinical_signs_constipation,6.00093573189923,0.027782109869903843,4,108,contingency_likelihood_ratio_G,empty_joint_state;joint_state_n_lt_3;joint_state_n_lt_5;apparent_extreme_fraction_in_tiny_joint_state,clinical signs|clinical signs|clinical signs,False,0.26973026973026976,1.0,0.6877832467961223,within_clinical_signs,within,8
8857,3_01231,3,cobalamin_low|folate_low|tli_high,cobalamin_low|folate_low|tli_high,5.960407731045625,0.0342552168450898,6,87,contingency_likelihood_ratio_G,empty_joint_state;joint_state_n_lt_3;joint_state_n_lt_5;apparent_extreme_fraction_in_tiny_joint_state,GI panel|GI panel|GI panel,False,0.6043956043956044,1.0,0.8864966232656404,within_GI_panel,within,6
10367,3_09498,3,clinical signs_hyporexia|clinical signs_weight loss|clinical signs_constipation,clinical_signs_hyporexia|clinical_signs_weight_loss|clinical_signs_constipation,5.347827703459126,0.024758461590088546,4,108,contingency_likelihood_ratio_G,empty_joint_state;joint_state_n_lt_3;joint_state_n_lt_5;apparent_extreme_fraction_in_tiny_joint_state,clinical signs|clinical signs|clinical signs,False,0.3146853146853147,1.0,0.7171897869572288,within_clinical_signs,within,9
10629,3_09497,3,clinical signs_hyporexia|clinical signs_weight loss|clinical signs_hairball obstruction,clinical_signs_hyporexia|clinical_signs_weight_loss|clinical_signs_hairball_obstruction,5.196096100486019,0.024056000465213053,4,108,contingency_likelihood_ratio_G,empty_joint_state;joint_state_n_lt_5;apparent_extreme_fraction_in_tiny_joint_state,clinical signs|clinical signs|clinical signs,False,0.3836163836163836,1.0,0.7620222218487812,within_clinical_signs,within,10
10636,3_09536,3,clinical signs_hyporexia|clinical signs_hairball obstruction|clinical signs_constipation,clinical_signs_hyporexia|clinical_signs_hairball_obstruction|clinical_signs_constipation,5.19086403240323,0.024031777927792732,3,108,contingency_likelihood_ratio_G,empty_joint_state;joint_state_n_lt_3;joint_state_n_lt_5;apparent_extreme_fraction_in_tiny_joint_state,clinical signs|clinical signs|clinical signs,False,0.18281718281718282,1.0,0.6303446281683497,within_clinical_signs,within,11
11527,3_07926,3,clinical signs_vomiting|clinical signs_hyporexia|clinical signs_hairball obstruction,clinical_signs_vomiting|clinical_signs_hyporexia|clinical_signs_hairball_obstruction,4.766194736151927,0.022065716371073733,4,108,contingency_likelihood_ratio_G,empty_joint_state;joint_state_n_lt_5;apparent_extreme_fraction_in_tiny_joint_state,clinical signs|clinical signs|clinical signs,False,0.3826173826173826,1.0,0.7613901693868199,within_clinical_signs,within,12
11853,3_07927,3,clinical signs_vomiting|clinical signs_hyporexia|clinical signs_constipation,clinical_signs_vomiting|clinical_signs_hyporexia|clinical_signs_constipation,4.589856890479143,0.02124933745592196,4,108,contingency_likelihood_ratio_G,empty_joint_state;joint_state_n_lt_3;joint_state_n_lt_5;apparent_extreme_fraction_in_tiny_joint_state,clinical signs|clinical signs|clinical signs,False,0.3856143856143856,1.0,0.7635180899084253,within_clinical_signs,within,13
12962,3_07886,3,clinical signs_vomiting|clinical signs_diarrhea|clinical signs_hairball obstruction,clinical_signs_vomiting|clinical_signs_diarrhea|clinical_signs_hairball_obstruction,4.040997776707174,0.01870832304031099,4,108,contingency_likelihood_ratio_G,empty_joint_state;joint_state_n_lt_5;apparent_extreme_fraction_in_tiny_joint_state,clinical signs|clinical signs|clinical signs,False,0.4675324675324675,1.0,0.8187093370845788,within_clinical_signs,within,14
13794,3_01232,3,cobalamin_low|folate_low|pli_abn,cobalamin_low|folate_low|pli_abn,3.6573807536669847,0.02126384159108712,5,86,contingency_likelihood_ratio_G,empty_joint_state;joint_state_n_lt_3;joint_state_n_lt_5;apparent_extreme_fraction_in_tiny_joint_state,GI panel|GI panel|GI panel,False,0.7482517482517482,1.0,0.9422906695212451,within_GI_panel,within,7
13835,3_08790,3,clinical signs_diarrhea|clinical signs_hairball obstruction|clinical signs_constipation,clinical_signs_diarrhea|clinical_signs_hairball_obstruction|clinical_signs_constipation,3.638782444726929,0.01684621502188393,3,108,contingency_likelihood_ratio_G,empty_joint_state;joint_state_n_lt_3;joint_state_n_lt_5;apparent_extreme_fraction_in_tiny_joint_state,clinical signs|clinical signs|clinical signs,False,0.4255744255744256,1.0,0.7906020108482489,within_clinical_signs,within,15
15260,3_08004,3,clinical signs_vomiting|clinical signs_hairball obstruction|clinical signs_constipation,clinical_signs_vomiting|clinical_signs_hairball_obstruction|clinical_signs_constipation,3.04195343333242,0.014083117746909353,3,108,contingency_likelihood_ratio_G,empty_joint_state;joint_state_n_lt_3;joint_state_n_lt_5;apparent_extreme_fraction_in_tiny_joint_state,clinical signs|clinical signs|clinical signs,False,0.5914085914085914,1.0,0.8806971206908545,within_clinical_signs,within,16
15389,3_07887,3,clinical signs_vomiting|clinical signs_diarrhea|clinical signs_constipation,clinical_signs_vomiting|clinical_signs_diarrhea|clinical_signs_constipation,2.979514291108867,0.013794047644022532,4,108,contingency_likelihood_ratio_G,empty_joint_state;joint_state_n_lt_3;joint_state_n_lt_5;apparent_extreme_fraction_in_tiny_joint_state,clinical signs|clinical signs|clinical signs,False,0.6463536463536463,1.0,0.9054952121785811,within_clinical_signs,within,17
15426,3_10243,3,clinical signs_weight loss|clinical signs_hairball obstruction|clinical signs_constipation,clinical_signs_weight_loss|clinical_signs_hairball_obstruction|clinical_signs_constipation,2.9624819394433572,0.013715194164089617,3,108,contingency_likelihood_ratio_G,empty_joint_state;joint_state_n_lt_3;joint_state_n_lt_5;apparent_extreme_fraction_in_tiny_joint_state,clinical signs|clinical signs|clinical signs,False,0.6003996003996004,1.0,0.8846622648064173,within_clinical_signs,within,18
16047,3_07966,3,clinical signs_vomiting|clinical signs_weight loss|clinical signs_constipation,clinical_signs_vomiting|clinical_signs_weight_loss|clinical_signs_constipation,2.6802876666846713,0.012408739197614219,4,108,contingency_likelihood_ratio_G,empty_joint_state;joint_state_n_lt_3;joint_state_n_lt_5;apparent_extreme_fraction_in_tiny_joint_state,clinical signs|clinical signs|clinical signs,False,0.7102897102897103,1.0,0.9277930588820318,within_clinical_signs,within,19
16090,3_07965,3,clinical signs_vomiting|clinical signs_weight loss|clinical signs_hairball obstruction,clinical_signs_vomiting|clinical_signs_weight_loss|clinical_signs_hairball_obstruction,2.6614702439331728,0.012321621499690615,4,108,contingency_likelihood_ratio_G,empty_joint_state;joint_state_n_lt_5;apparent_extreme_fraction_in_tiny_joint_state,clinical signs|clinical signs|clinical signs,False,0.7102897102897103,1.0,0.9277930588820318,within_clinical_signs,within,20
