rank_by_association_statistic,candidate_id,combination_size,variables,display_variables,association_statistic,mutual_information_nats,degrees_of_freedom,usable_n,statistic_type,sparse_warnings,sources,contains_age,raw_empirical_p_value,search_adjusted_empirical_p_value,bh_fdr_q_value
1,2_00025,2,age|CBC_neutrophilia,age|CBC_neutrophilia,13.664060442359684,,2,108,logistic_deviance_improvement_age_linear_additive_to_joint_state,joint_state_n_lt_3;joint_state_n_lt_5;apparent_extreme_fraction_in_tiny_joint_state;age_model_newton_not_fully_converged,demographic|CBC,True,0.001998001998001998,0.7742257742257742,0.42977206279958574
2,2_00292,2,breed_group|AUS_duodenum,breed_group|AUS_duodenal_thickening,13.446008571786393,0.06225003968419626,7,108,contingency_likelihood_ratio_G,joint_state_n_lt_3;joint_state_n_lt_5;apparent_extreme_fraction_in_tiny_joint_state,demographic|AUS,False,0.08791208791208792,0.8011988011988012,0.5759650185879694
3,2_00101,2,folate_high|breed_group,folate_high|breed_group,12.177310457450519,0.06765172476361399,7,90,contingency_likelihood_ratio_G,joint_state_n_lt_3;joint_state_n_lt_5;apparent_extreme_fraction_in_tiny_joint_state,GI panel|demographic,False,0.14185814185814186,0.919080919080919,0.5822516245969015
4,2_00037,2,age|chem_hyperproteinemia,age|chem_hyperproteinemia,12.12030881962005,,2,108,logistic_deviance_improvement_age_linear_additive_to_joint_state,age_model_newton_not_fully_converged,demographic|chemistry,True,0.002997002997002997,0.922077922077922,0.42977206279958574
5,2_00287,2,breed_group|clinical signs_hyporexia,breed_group|clinical_signs_hyporexia,11.810940896236302,0.054680281927019916,7,108,contingency_likelihood_ratio_G,joint_state_n_lt_3;joint_state_n_lt_5;apparent_extreme_fraction_in_tiny_joint_state,demographic|clinical signs,False,0.16783216783216784,0.945054945054945,0.6109288941147348
6,2_00859,2,AUS_splenomegaly|CBC_basophilia,AUS_splenomegaly|CBC_basophilia,11.751496409004933,0.05440507596761543,3,108,contingency_likelihood_ratio_G,joint_state_n_lt_3;joint_state_n_lt_5;apparent_extreme_fraction_in_tiny_joint_state,AUS|CBC,False,0.00999000999000999,0.948051948051948,0.42977206279958574
7,2_00044,2,age|chem_discordantly elevated bun,age|chem_discordantly_elevated_BUN,11.70754405151186,,2,108,logistic_deviance_improvement_age_linear_additive_to_joint_state,joint_state_n_lt_3;joint_state_n_lt_5;apparent_extreme_fraction_in_tiny_joint_state;age_model_newton_not_fully_converged,demographic|chemistry,True,0.001998001998001998,0.9530469530469531,0.42977206279958574
8,2_00005,2,age|breed_group,age|breed_group,11.30327398433785,,4,108,logistic_deviance_improvement_age_linear_additive_to_joint_state,,demographic|demographic,True,0.03496503496503497,0.97002997002997,0.42977206279958574
9,2_00218,2,tli_high|CBC_basophilia,tli_high|CBC_basophilia,11.23296891363583,0.06455729260710247,3,87,contingency_likelihood_ratio_G,joint_state_n_lt_3;joint_state_n_lt_5;apparent_extreme_fraction_in_tiny_joint_state,GI panel|CBC,False,0.005994005994005994,0.9760239760239761,0.42977206279958574
10,2_00827,2,AUS_enlarged pancreas|CBC_neutrophilia,AUS_enlarged_pancreas|CBC_neutrophilia,11.174694407623493,0.051734696331590245,3,108,contingency_likelihood_ratio_G,joint_state_n_lt_3;joint_state_n_lt_5;apparent_extreme_fraction_in_tiny_joint_state,AUS|CBC,False,0.001998001998001998,0.978021978021978,0.42977206279958574
11,2_00020,2,age|AUS_enlarged pancreas,age|AUS_enlarged_pancreas,11.030934088842486,,2,108,logistic_deviance_improvement_age_linear_additive_to_joint_state,,demographic|AUS,True,0.002997002997002997,0.9820179820179821,0.42977206279958574
12,2_00298,2,breed_group|AUS_enlarged pancreas,breed_group|AUS_enlarged_pancreas,10.765123248659682,0.04983853355860964,7,108,contingency_likelihood_ratio_G,joint_state_n_lt_3;joint_state_n_lt_5;apparent_extreme_fraction_in_tiny_joint_state,demographic|AUS,False,0.21578421578421578,0.987012987012987,0.6526414761708879
13,2_00214,2,tli_high|CBC_neutrophilia,tli_high|CBC_neutrophilia,10.700841069983188,0.06149908660909878,3,87,contingency_likelihood_ratio_G,joint_state_n_lt_3;joint_state_n_lt_5;apparent_extreme_fraction_in_tiny_joint_state,GI panel|CBC,False,0.006993006993006993,0.987012987012987,0.42977206279958574
14,2_00194,2,tli_high|breed_group,tli_high|breed_group,10.694333081934083,0.061461684378931514,7,87,contingency_likelihood_ratio_G,joint_state_n_lt_3;joint_state_n_lt_5;apparent_extreme_fraction_in_tiny_joint_state,GI panel|demographic,False,0.22877122877122877,0.987012987012987,0.6658106044898497
15,2_00915,2,AUS_gall bladder sludge|CBC_lymphopenia,AUS_gall_bladder_sludge|CBC_lymphopenia,10.677636360859257,0.049433501670644704,3,108,contingency_likelihood_ratio_G,joint_state_n_lt_3;joint_state_n_lt_5;apparent_extreme_fraction_in_tiny_joint_state,AUS|CBC,False,0.015984015984015984,0.988011988011988,0.42977206279958574
16,2_00839,2,AUS_enlarged pancreas|chem_hyperproteinemia,AUS_enlarged_pancreas|chem_hyperproteinemia,10.598085273851932,0.04906520960116635,3,108,contingency_likelihood_ratio_G,joint_state_n_lt_3;joint_state_n_lt_5;apparent_extreme_fraction_in_tiny_joint_state,AUS|chemistry,False,0.011988011988011988,0.991008991008991,0.42977206279958574
17,2_00038,2,age|chem_decreased alt,age|chem_decreased_ALT,10.563002273101532,,2,108,logistic_deviance_improvement_age_linear_additive_to_joint_state,joint_state_n_lt_3;joint_state_n_lt_5;apparent_extreme_fraction_in_tiny_joint_state;age_model_newton_not_fully_converged,demographic|chemistry,True,0.004995004995004995,0.9920079920079921,0.42977206279958574
18,2_00009,2,age|clinical signs_hyporexia,age|clinical_signs_hyporexia,9.990333682109522,,2,108,logistic_deviance_improvement_age_linear_additive_to_joint_state,,demographic|clinical signs,True,0.013986013986013986,0.997002997002997,0.42977206279958574
19,2_00959,2,CBC_neutrophilia|chem_hyperproteinemia,CBC_neutrophilia|chem_hyperproteinemia,9.948374041638502,0.046057287229807876,2,108,contingency_likelihood_ratio_G,empty_joint_state;joint_state_n_lt_3;joint_state_n_lt_5;apparent_extreme_fraction_in_tiny_joint_state,CBC|chemistry,False,0.01998001998001998,0.997002997002997,0.42977206279958574
20,2_01156,2,chem_hyperproteinemia|chem_decreased alt,chem_hyperproteinemia|chem_decreased_ALT,9.948374041638502,0.046057287229807876,2,108,contingency_likelihood_ratio_G,empty_joint_state;joint_state_n_lt_3;joint_state_n_lt_5;apparent_extreme_fraction_in_tiny_joint_state,chemistry|chemistry,False,0.011988011988011988,0.997002997002997,0.42977206279958574
21,2_01162,2,chem_hyperproteinemia|chem_discordantly elevated bun,chem_hyperproteinemia|chem_discordantly_elevated_BUN,9.948374041638502,0.046057287229807876,2,108,contingency_likelihood_ratio_G,empty_joint_state;joint_state_n_lt_3;joint_state_n_lt_5;apparent_extreme_fraction_in_tiny_joint_state,chemistry|chemistry,False,0.014985014985014986,0.997002997002997,0.42977206279958574
22,2_01163,2,chem_hyperproteinemia|chem_hyperglycemia,chem_hyperproteinemia|chem_hyperglycemia,9.948374041638502,0.046057287229807876,2,108,contingency_likelihood_ratio_G,empty_joint_state;joint_state_n_lt_3;joint_state_n_lt_5;apparent_extreme_fraction_in_tiny_joint_state,chemistry|chemistry,False,0.012987012987012988,0.997002997002997,0.42977206279958574
23,2_00041,2,age|chem_elevated alp,age|chem_elevated_ALP,9.926895072634593,,2,108,logistic_deviance_improvement_age_linear_additive_to_joint_state,joint_state_n_lt_3;joint_state_n_lt_5;apparent_extreme_fraction_in_tiny_joint_state;age_model_newton_not_fully_converged,demographic|chemistry,True,0.005994005994005994,0.997002997002997,0.42977206279958574
24,2_00829,2,AUS_enlarged pancreas|CBC_eosinophilia,AUS_enlarged_pancreas|CBC_eosinophilia,9.910530181675666,0.04588208417442438,3,108,contingency_likelihood_ratio_G,joint_state_n_lt_3;joint_state_n_lt_5;apparent_extreme_fraction_in_tiny_joint_state,AUS|CBC,False,0.01998001998001998,0.998001998001998,0.42977206279958574
25,2_00031,2,age|CBC_lymphocytosis,age|CBC_lymphocytosis,9.901722070028256,,2,108,logistic_deviance_improvement_age_linear_additive_to_joint_state,joint_state_n_lt_3;joint_state_n_lt_5;apparent_extreme_fraction_in_tiny_joint_state;age_model_newton_not_fully_converged,demographic|CBC,True,0.008991008991008992,0.998001998001998,0.42977206279958574
26,2_00045,2,age|chem_hyperglycemia,age|chem_hyperglycemia,9.753164707207489,,2,108,logistic_deviance_improvement_age_linear_additive_to_joint_state,joint_state_n_lt_3;joint_state_n_lt_5;apparent_extreme_fraction_in_tiny_joint_state;age_model_newton_not_fully_converged,demographic|chemistry,True,0.005994005994005994,0.998001998001998,0.42977206279958574
27,2_00667,2,AUS_jejunum|AUS_enlarged pancreas,AUS_jejunal_thickening|AUS_enlarged_pancreas,9.665556534869342,0.0447479469206914,3,108,contingency_likelihood_ratio_G,,AUS|AUS,False,0.02197802197802198,0.998001998001998,0.42977206279958574
28,2_00966,2,CBC_neutrophilia|chem_discordantly elevated bun,CBC_neutrophilia|chem_discordantly_elevated_BUN,9.586365263256297,0.044381320663223596,2,108,contingency_likelihood_ratio_G,empty_joint_state;joint_state_n_lt_3;joint_state_n_lt_5;apparent_extreme_fraction_in_tiny_joint_state,CBC|chemistry,False,0.011988011988011988,0.999000999000999,0.42977206279958574
29,2_00967,2,CBC_neutrophilia|chem_hyperglycemia,CBC_neutrophilia|chem_hyperglycemia,9.586365263256297,0.044381320663223596,2,108,contingency_likelihood_ratio_G,empty_joint_state;joint_state_n_lt_3;joint_state_n_lt_5;apparent_extreme_fraction_in_tiny_joint_state,CBC|chemistry,False,0.00999000999000999,0.999000999000999,0.42977206279958574
30,2_01173,2,chem_decreased alt|chem_discordantly elevated bun,chem_decreased_ALT|chem_discordantly_elevated_BUN,9.586365263256297,0.044381320663223596,2,108,contingency_likelihood_ratio_G,empty_joint_state;joint_state_n_lt_3;joint_state_n_lt_5;apparent_extreme_fraction_in_tiny_joint_state,chemistry|chemistry,False,0.008991008991008992,0.999000999000999,0.42977206279958574
31,2_01174,2,chem_decreased alt|chem_hyperglycemia,chem_decreased_ALT|chem_hyperglycemia,9.586365263256297,0.044381320663223596,2,108,contingency_likelihood_ratio_G,empty_joint_state;joint_state_n_lt_3;joint_state_n_lt_5;apparent_extreme_fraction_in_tiny_joint_state,chemistry|chemistry,False,0.005994005994005994,0.999000999000999,0.42977206279958574
32,2_01219,2,chem_discordantly elevated bun|chem_hyperglycemia,chem_discordantly_elevated_BUN|chem_hyperglycemia,9.586365263256297,0.044381320663223596,2,108,contingency_likelihood_ratio_G,empty_joint_state;joint_state_n_lt_3;joint_state_n_lt_5;apparent_extreme_fraction_in_tiny_joint_state,chemistry|chemistry,False,0.004995004995004995,0.999000999000999,0.42977206279958574
33,2_00035,2,age|chem_no abnormalities,age|chem_no_abnormalities,9.516204881422297,,2,108,logistic_deviance_improvement_age_linear_additive_to_joint_state,,demographic|chemistry,True,0.007992007992007992,0.999000999000999,0.42977206279958574
34,2_00300,2,breed_group|AUS_ileus,breed_group|AUS_ileus,9.431241123068144,0.0436631533475377,6,108,contingency_likelihood_ratio_G,joint_state_n_lt_3;joint_state_n_lt_5;apparent_extreme_fraction_in_tiny_joint_state,demographic|AUS,False,0.23276723276723277,0.999000999000999,0.6708547266686802
35,2_00504,2,clinical signs_weight loss|CBC_eosinophilia,clinical_signs_weight_loss|CBC_eosinophilia,9.33182672030754,0.04320290148290527,3,108,contingency_likelihood_ratio_G,joint_state_n_lt_3;joint_state_n_lt_5;apparent_extreme_fraction_in_tiny_joint_state,clinical signs|CBC,False,0.026973026973026972,1.0,0.42977206279958574
36,2_00018,2,age|AUS_mesenteric lymphadenopathy,age|AUS_mesenteric_lymphadenopathy,9.269950037152412,,2,108,logistic_deviance_improvement_age_linear_additive_to_joint_state,,demographic|AUS,True,0.013986013986013986,1.0,0.42977206279958574
37,2_00054,2,cobalamin_low|breed_group,cobalamin_low|breed_group,9.228806403738837,0.05127114668743798,7,90,contingency_likelihood_ratio_G,joint_state_n_lt_3;joint_state_n_lt_5;apparent_extreme_fraction_in_tiny_joint_state,GI panel|demographic,False,0.33466533466533466,1.0,0.7921584119302751
38,2_00840,2,AUS_enlarged pancreas|chem_decreased alt,AUS_enlarged_pancreas|chem_decreased_ALT,9.171000066084847,0.0424583336392817,2,108,contingency_likelihood_ratio_G,empty_joint_state;joint_state_n_lt_3;joint_state_n_lt_5;apparent_extreme_fraction_in_tiny_joint_state,AUS|chemistry,False,0.006993006993006993,1.0,0.42977206279958574
39,2_00846,2,AUS_enlarged pancreas|chem_discordantly elevated bun,AUS_enlarged_pancreas|chem_discordantly_elevated_BUN,9.171000066084847,0.0424583336392817,2,108,contingency_likelihood_ratio_G,empty_joint_state;joint_state_n_lt_3;joint_state_n_lt_5;apparent_extreme_fraction_in_tiny_joint_state,AUS|chemistry,False,0.008991008991008992,1.0,0.42977206279958574
40,2_00847,2,AUS_enlarged pancreas|chem_hyperglycemia,AUS_enlarged_pancreas|chem_hyperglycemia,9.171000066084847,0.0424583336392817,2,108,contingency_likelihood_ratio_G,empty_joint_state;joint_state_n_lt_3;joint_state_n_lt_5;apparent_extreme_fraction_in_tiny_joint_state,AUS|chemistry,False,0.007992007992007992,1.0,0.42977206279958574
41,2_00046,2,age|chem_hypercholesterolemia,age|chem_hypercholesterolemia,9.149809359023706,,2,108,logistic_deviance_improvement_age_linear_additive_to_joint_state,joint_state_n_lt_3;joint_state_n_lt_5;apparent_extreme_fraction_in_tiny_joint_state;age_model_newton_not_fully_converged,demographic|chemistry,True,0.006993006993006993,1.0,0.42977206279958574
42,2_00043,2,age|chem_azotemia,age|chem_azotemia,9.121863173280715,,2,108,logistic_deviance_improvement_age_linear_additive_to_joint_state,,demographic|chemistry,True,0.014985014985014986,1.0,0.42977206279958574
43,2_00012,2,age|clinical signs_constipation,age|clinical_signs_constipation,9.055622497439202,,2,108,logistic_deviance_improvement_age_linear_additive_to_joint_state,joint_state_n_lt_3;joint_state_n_lt_5;apparent_extreme_fraction_in_tiny_joint_state;age_model_newton_not_fully_converged,demographic|clinical signs,True,0.006993006993006993,1.0,0.42977206279958574
44,2_00027,2,age|CBC_eosinophilia,age|CBC_eosinophilia,8.96173548812078,,2,108,logistic_deviance_improvement_age_linear_additive_to_joint_state,,demographic|CBC,True,0.01998001998001998,1.0,0.42977206279958574
45,2_00021,2,age|AUS_splenomegaly,age|AUS_splenomegaly,8.949061875427063,,2,108,logistic_deviance_improvement_age_linear_additive_to_joint_state,,demographic|AUS,True,0.013986013986013986,1.0,0.42977206279958574
46,2_00197,2,tli_high|clinical signs_diarrhea,tli_high|clinical_signs_diarrhea,8.894881736203672,0.05112000997818202,3,87,contingency_likelihood_ratio_G,,GI panel|clinical signs,False,0.03796203796203796,1.0,0.42977206279958574
47,2_00239,2,pli_abn|breed_group,pli_abn|breed_group,8.879097977465612,0.05162266265968379,6,86,contingency_likelihood_ratio_G,joint_state_n_lt_3;joint_state_n_lt_5;apparent_extreme_fraction_in_tiny_joint_state,GI panel|demographic,False,0.26673326673326675,1.0,0.7197856609621315
48,2_00022,2,age|AUS_ileus,age|AUS_ileus,8.850268677922543,,2,108,logistic_deviance_improvement_age_linear_additive_to_joint_state,,demographic|AUS,True,0.02097902097902098,1.0,0.42977206279958574
49,2_00323,2,breed_group|chem_hyperglycemia,breed_group|chem_hyperglycemia,8.813017513421366,0.040801007006580396,4,108,contingency_likelihood_ratio_G,joint_state_n_lt_3;joint_state_n_lt_5;apparent_extreme_fraction_in_tiny_joint_state,demographic|chemistry,False,0.0899100899100899,1.0,0.5759650185879694
50,2_00232,2,tli_high|chem_azotemia,tli_high|chem_azotemia,8.790780071308363,0.05052172454774922,3,87,contingency_likelihood_ratio_G,,GI panel|chemistry,False,0.04995004995004995,1.0,0.48362406823945286
51,2_00227,2,tli_high|chem_decreased alt,tli_high|chem_decreased_ALT,8.742729155083097,0.050245569856799406,2,87,contingency_likelihood_ratio_G,empty_joint_state;joint_state_n_lt_3;joint_state_n_lt_5;apparent_extreme_fraction_in_tiny_joint_state,GI panel|chemistry,False,0.011988011988011988,1.0,0.42977206279958574
52,2_00003,2,age|tli_high,age|tli_high,8.740057641074245,,2,87,logistic_deviance_improvement_age_linear_additive_to_joint_state,,demographic|GI panel,True,0.016983016983016984,1.0,0.42977206279958574
53,2_00223,2,tli_high|CBC_anemia,tli_high|CBC_anemia,8.664837547588139,0.04979791694016172,2,87,contingency_likelihood_ratio_G,empty_joint_state;joint_state_n_lt_3;joint_state_n_lt_5;apparent_extreme_fraction_in_tiny_joint_state,GI panel|CBC,False,0.005994005994005994,1.0,0.42977206279958574
54,2_00458,2,clinical signs_hyporexia|AUS_enlarged pancreas,clinical_signs_hyporexia|AUS_enlarged_pancreas,8.639799486690007,0.03999907169763892,3,108,contingency_likelihood_ratio_G,joint_state_n_lt_5;apparent_extreme_fraction_in_tiny_joint_state,clinical signs|AUS,False,0.04795204795204795,1.0,0.48362406823945286
55,2_00049,2,age|chem_hypophosphatemia,age|chem_hypophosphatemia,8.630321343028626,,2,108,logistic_deviance_improvement_age_linear_additive_to_joint_state,joint_state_n_lt_3;joint_state_n_lt_5;apparent_extreme_fraction_in_tiny_joint_state;age_model_newton_not_fully_converged,demographic|chemistry,True,0.01098901098901099,1.0,0.42977206279958574
56,2_00028,2,age|CBC_eosinopenia,age|CBC_eosinopenia,8.622783079666235,,2,108,logistic_deviance_improvement_age_linear_additive_to_joint_state,joint_state_n_lt_3;joint_state_n_lt_5;apparent_extreme_fraction_in_tiny_joint_state;age_model_newton_not_fully_converged,demographic|CBC,True,0.006993006993006993,1.0,0.42977206279958574
57,2_00042,2,age|chem_elevated total bilirubin,age|chem_elevated_total_bilirubin,8.617764697468203,,2,108,logistic_deviance_improvement_age_linear_additive_to_joint_state,joint_state_n_lt_3;joint_state_n_lt_5;apparent_extreme_fraction_in_tiny_joint_state;age_model_newton_not_fully_converged,demographic|chemistry,True,0.01098901098901099,1.0,0.42977206279958574
58,2_00894,2,AUS_ileus|chem_hyperproteinemia,AUS_ileus|chem_hyperproteinemia,8.413604153236985,0.03895187107980086,3,108,contingency_likelihood_ratio_G,joint_state_n_lt_3;joint_state_n_lt_5;apparent_extreme_fraction_in_tiny_joint_state,AUS|chemistry,False,0.03596403596403597,1.0,0.42977206279958574
59,2_00017,2,age|AUS_colon,age|AUS_colonic_thickening,8.31983375287966,,2,108,logistic_deviance_improvement_age_linear_additive_to_joint_state,,demographic|AUS,True,0.028971028971028972,1.0,0.42977206279958574
60,2_00460,2,clinical signs_hyporexia|AUS_ileus,clinical_signs_hyporexia|AUS_ileus,8.270042205471288,0.03828723243273745,3,108,contingency_likelihood_ratio_G,joint_state_n_lt_3;joint_state_n_lt_5;apparent_extreme_fraction_in_tiny_joint_state,clinical signs|AUS,False,0.053946053946053944,1.0,0.5005220343566208
61,2_00030,2,age|CBC_basocytosis,age|CBC_basocytosis,8.259868352362048,,2,108,logistic_deviance_improvement_age_linear_additive_to_joint_state,joint_state_n_lt_3;joint_state_n_lt_5;apparent_extreme_fraction_in_tiny_joint_state;age_model_newton_not_fully_converged,demographic|CBC,True,0.007992007992007992,1.0,0.42977206279958574
62,2_00823,2,AUS_enlarged pancreas|AUS_splenomegaly,AUS_enlarged_pancreas|AUS_splenomegaly,8.249551878494655,0.03819236980784563,3,108,contingency_likelihood_ratio_G,,AUS|AUS,False,0.030969030969030968,1.0,0.42977206279958574
63,2_00016,2,age|AUS_ileum,age|AUS_ileal_thickening,8.191110288529842,,2,108,logistic_deviance_improvement_age_linear_additive_to_joint_state,,demographic|AUS,True,0.022977022977022976,1.0,0.42977206279958574
64,2_00863,2,AUS_splenomegaly|CBC_monocytosis,AUS_splenomegaly|CBC_monocytosis,8.14437109398484,0.0377054217314113,3,108,contingency_likelihood_ratio_G,joint_state_n_lt_5;apparent_extreme_fraction_in_tiny_joint_state,AUS|CBC,False,0.055944055944055944,1.0,0.5113701113701115
65,2_00475,2,clinical signs_hyporexia|chem_hyperproteinemia,clinical_signs_hyporexia|chem_hyperproteinemia,8.01900481387421,0.03712502228645467,3,108,contingency_likelihood_ratio_G,joint_state_n_lt_3;joint_state_n_lt_5;apparent_extreme_fraction_in_tiny_joint_state,clinical signs|chemistry,False,0.060939060939060936,1.0,0.5409985697755482
66,2_00377,2,clinical signs_vomiting|AUS_enlarged pancreas,clinical_signs_vomiting|AUS_enlarged_pancreas,7.990491850754082,0.03699301782756519,3,108,contingency_likelihood_ratio_G,,clinical signs|AUS,False,0.058941058941058944,1.0,0.5308997571771294
67,2_00029,2,age|CBC_basophilia,age|CBC_basophilia,7.9721916955305545,,2,108,logistic_deviance_improvement_age_linear_additive_to_joint_state,,demographic|CBC,True,0.017982017982017984,1.0,0.42977206279958574
68,2_00831,2,AUS_enlarged pancreas|CBC_basophilia,AUS_enlarged_pancreas|CBC_basophilia,7.954173634953911,0.03682487793960144,3,108,contingency_likelihood_ratio_G,joint_state_n_lt_3;joint_state_n_lt_5;apparent_extreme_fraction_in_tiny_joint_state,AUS|CBC,False,0.04095904095904096,1.0,0.4433636538899697
69,2_00047,2,age|chem_hypercalcemia,age|chem_hypercalcemia,7.94754965510748,,2,108,logistic_deviance_improvement_age_linear_additive_to_joint_state,joint_state_n_lt_3;joint_state_n_lt_5;apparent_extreme_fraction_in_tiny_joint_state;age_model_newton_not_fully_converged,demographic|chemistry,True,0.014985014985014986,1.0,0.42977206279958574
70,2_00457,2,clinical signs_hyporexia|AUS_chronic degenerative renal changes,clinical_signs_hyporexia|AUS_chronic_degenerative_renal_changes,7.902460477212859,0.036585465172281756,3,108,contingency_likelihood_ratio_G,joint_state_n_lt_3;joint_state_n_lt_5;apparent_extreme_fraction_in_tiny_joint_state,clinical signs|AUS,False,0.05194805194805195,1.0,0.4893427183503519
71,2_00023,2,age|AUS_gall bladder sludge,age|AUS_gall_bladder_sludge,7.872000904261682,,2,108,logistic_deviance_improvement_age_linear_additive_to_joint_state,,demographic|AUS,True,0.028971028971028972,1.0,0.42977206279958574
72,2_00024,2,age|CBC_no abnormalities,age|CBC_no_abnormalities,7.8584153563222685,,2,108,logistic_deviance_improvement_age_linear_additive_to_joint_state,,demographic|CBC,True,0.024975024975024976,1.0,0.42977206279958574
73,2_00011,2,age|clinical signs_hairball obstruction,age|clinical_signs_hairball_obstruction,7.856664008455596,,2,108,logistic_deviance_improvement_age_linear_additive_to_joint_state,joint_state_n_lt_5;apparent_extreme_fraction_in_tiny_joint_state,demographic|clinical signs,True,0.023976023976023976,1.0,0.42977206279958574
74,2_00322,2,breed_group|chem_discordantly elevated bun,breed_group|chem_discordantly_elevated_BUN,7.8419912999737615,0.036305515277656304,4,108,contingency_likelihood_ratio_G,joint_state_n_lt_3;joint_state_n_lt_5;apparent_extreme_fraction_in_tiny_joint_state,demographic|chemistry,False,0.13086913086913088,1.0,0.5822516245969015
75,2_00208,2,tli_high|AUS_chronic degenerative renal changes,tli_high|AUS_chronic_degenerative_renal_changes,7.8380597335065385,0.04504632030750884,3,87,contingency_likelihood_ratio_G,,GI panel|AUS,False,0.07392607392607392,1.0,0.5759650185879694
76,2_00294,2,breed_group|AUS_ileum,breed_group|AUS_ileal_thickening,7.820724370335151,0.03620705727007015,7,108,contingency_likelihood_ratio_G,joint_state_n_lt_3;joint_state_n_lt_5;apparent_extreme_fraction_in_tiny_joint_state,demographic|AUS,False,0.44755244755244755,1.0,0.8752451985415536
77,2_00013,2,age|AUS_no abnormalities,age|AUS_no_abnormalities,7.784424326920302,,2,108,logistic_deviance_improvement_age_linear_additive_to_joint_state,joint_state_n_lt_5;apparent_extreme_fraction_in_tiny_joint_state,demographic|AUS,True,0.022977022977022976,1.0,0.42977206279958574
78,2_00033,2,age|CBC_monocytosis,age|CBC_monocytosis,7.764260316720808,,2,108,logistic_deviance_improvement_age_linear_additive_to_joint_state,,demographic|CBC,True,0.022977022977022976,1.0,0.42977206279958574
79,2_00019,2,age|AUS_chronic degenerative renal changes,age|AUS_chronic_degenerative_renal_changes,7.75649361327055,,2,108,logistic_deviance_improvement_age_linear_additive_to_joint_state,,demographic|AUS,True,0.027972027972027972,1.0,0.42977206279958574
80,2_00034,2,age|CBC_anemia,age|CBC_anemia,7.746112143089277,,2,108,logistic_deviance_improvement_age_linear_additive_to_joint_state,joint_state_n_lt_5;apparent_extreme_fraction_in_tiny_joint_state,demographic|CBC,True,0.025974025974025976,1.0,0.42977206279958574
81,2_00116,2,folate_high|AUS_enlarged pancreas,folate_high|AUS_enlarged_pancreas,7.718416127500229,0.042880089597223496,3,90,contingency_likelihood_ratio_G,,GI panel|AUS,False,0.054945054945054944,1.0,0.5059865507626701
82,2_00074,2,cobalamin_low|CBC_neutrophilia,cobalamin_low|CBC_neutrophilia,7.715925321379016,0.04286625178543898,2,90,contingency_likelihood_ratio_G,empty_joint_state;joint_state_n_lt_3;joint_state_n_lt_5;apparent_extreme_fraction_in_tiny_joint_state,GI panel|CBC,False,0.01998001998001998,1.0,0.42977206279958574
83,2_01025,2,CBC_eosinopenia|chem_hyperproteinemia,CBC_eosinopenia|chem_hyperproteinemia,7.710468448274236,0.0356966131864548,2,108,contingency_likelihood_ratio_G,empty_joint_state;joint_state_n_lt_3;joint_state_n_lt_5;apparent_extreme_fraction_in_tiny_joint_state,CBC|chemistry,False,0.023976023976023976,1.0,0.42977206279958574
84,2_01130,2,CBC_anemia|chem_hyperproteinemia,CBC_anemia|chem_hyperproteinemia,7.710468448274236,0.0356966131864548,3,108,contingency_likelihood_ratio_G,joint_state_n_lt_3;joint_state_n_lt_5;apparent_extreme_fraction_in_tiny_joint_state,CBC|chemistry,False,0.061938061938061936,1.0,0.5420678612167973
85,2_01159,2,chem_hyperproteinemia|chem_elevated alp,chem_hyperproteinemia|chem_elevated_ALP,7.710468448274236,0.0356966131864548,2,108,contingency_likelihood_ratio_G,empty_joint_state;joint_state_n_lt_3;joint_state_n_lt_5;apparent_extreme_fraction_in_tiny_joint_state,chemistry|chemistry,False,0.027972027972027972,1.0,0.42977206279958574
86,2_00039,2,age|chem_elevated alt,age|chem_elevated_ALT,7.6655751292881575,,2,108,logistic_deviance_improvement_age_linear_additive_to_joint_state,,demographic|chemistry,True,0.028971028971028972,1.0,0.42977206279958574
87,2_00014,2,age|AUS_duodenum,age|AUS_duodenal_thickening,7.611120497354108,,2,108,logistic_deviance_improvement_age_linear_additive_to_joint_state,,demographic|AUS,True,0.022977022977022976,1.0,0.42977206279958574
88,2_00040,2,age|chem_elevated ast,age|chem_elevated_AST,7.576763168482643,,2,108,logistic_deviance_improvement_age_linear_additive_to_joint_state,joint_state_n_lt_3;joint_state_n_lt_5;apparent_extreme_fraction_in_tiny_joint_state,demographic|chemistry,True,0.014985014985014986,1.0,0.42977206279958574
89,2_00007,2,age|clinical signs_vomiting,age|clinical_signs_vomiting,7.571963274713738,,2,108,logistic_deviance_improvement_age_linear_additive_to_joint_state,,demographic|clinical signs,True,0.030969030969030968,1.0,0.42977206279958574
90,2_00015,2,age|AUS_jejunum,age|AUS_jejunal_thickening,7.568131609847754,,2,108,logistic_deviance_improvement_age_linear_additive_to_joint_state,,demographic|AUS,True,0.029970029970029972,1.0,0.42977206279958574
91,2_00315,2,breed_group|chem_hyperproteinemia,breed_group|chem_hyperproteinemia,7.550035169181015,0.03495386652398618,4,108,contingency_likelihood_ratio_G,,demographic|chemistry,False,0.14185814185814186,1.0,0.5822516245969015
92,2_00036,2,age|chem_hypoproteinemia,age|chem_hypoproteinemia,7.547858029619377,,2,108,logistic_deviance_improvement_age_linear_additive_to_joint_state,,demographic|chemistry,True,0.03196803196803197,1.0,0.42977206279958574
93,2_00316,2,breed_group|chem_decreased alt,breed_group|chem_decreased_ALT,7.512048051503038,0.03477800023843999,5,108,contingency_likelihood_ratio_G,joint_state_n_lt_3;joint_state_n_lt_5;apparent_extreme_fraction_in_tiny_joint_state,demographic|chemistry,False,0.19080919080919082,1.0,0.6278284050167339
94,2_00378,2,clinical signs_vomiting|AUS_splenomegaly,clinical_signs_vomiting|AUS_splenomegaly,7.506274988189209,0.03475127309346856,3,108,contingency_likelihood_ratio_G,,clinical signs|AUS,False,0.07592407592407592,1.0,0.5759650185879694
95,2_00032,2,age|CBC_lymphopenia,age|CBC_lymphopenia,7.473997208686015,,2,108,logistic_deviance_improvement_age_linear_additive_to_joint_state,,demographic|CBC,True,0.025974025974025976,1.0,0.42977206279958574
96,2_00209,2,tli_high|AUS_enlarged pancreas,tli_high|AUS_enlarged_pancreas,7.472751435099501,0.04294684732815805,3,87,contingency_likelihood_ratio_G,,GI panel|AUS,False,0.06993006993006994,1.0,0.5752913752913753
97,2_00006,2,age|clinical signs_none,age|clinical_signs_none_reported,7.458359471180927,,2,108,logistic_deviance_improvement_age_linear_additive_to_joint_state,,demographic|clinical signs,True,0.027972027972027972,1.0,0.42977206279958574
98,2_00008,2,age|clinical signs_diarrhea,age|clinical_signs_diarrhea,7.441008056860738,,2,108,logistic_deviance_improvement_age_linear_additive_to_joint_state,,demographic|clinical signs,True,0.03296703296703297,1.0,0.42977206279958574
99,2_00048,2,age|chem_hypokalemia,age|chem_hypokalemia,7.432937213325758,,2,108,logistic_deviance_improvement_age_linear_additive_to_joint_state,,demographic|chemistry,True,0.029970029970029972,1.0,0.42977206279958574
100,2_00010,2,age|clinical signs_weight loss,age|clinical_signs_weight_loss,7.395101370237697,,2,108,logistic_deviance_improvement_age_linear_additive_to_joint_state,,demographic|clinical signs,True,0.027972027972027972,1.0,0.42977206279958574
101,2_00026,2,age|CBC_neutropenia,age|CBC_neutropenia,7.389923060990483,,2,108,logistic_deviance_improvement_age_linear_additive_to_joint_state,joint_state_n_lt_5;apparent_extreme_fraction_in_tiny_joint_state,demographic|CBC,True,0.027972027972027972,1.0,0.42977206279958574
102,2_00463,2,clinical signs_hyporexia|CBC_neutrophilia,clinical_signs_hyporexia|CBC_neutrophilia,7.3879857166953755,0.0342036375772934,2,108,contingency_likelihood_ratio_G,empty_joint_state;joint_state_n_lt_3;joint_state_n_lt_5;apparent_extreme_fraction_in_tiny_joint_state,clinical signs|CBC,False,0.03396603396603397,1.0,0.42977206279958574
103,2_00476,2,clinical signs_hyporexia|chem_decreased alt,clinical_signs_hyporexia|chem_decreased_ALT,7.3879857166953755,0.0342036375772934,2,108,contingency_likelihood_ratio_G,empty_joint_state;joint_state_n_lt_3;joint_state_n_lt_5;apparent_extreme_fraction_in_tiny_joint_state,clinical signs|chemistry,False,0.03396603396603397,1.0,0.42977206279958574
104,2_00482,2,clinical signs_hyporexia|chem_discordantly elevated bun,clinical_signs_hyporexia|chem_discordantly_elevated_BUN,7.3879857166953755,0.0342036375772934,2,108,contingency_likelihood_ratio_G,empty_joint_state;joint_state_n_lt_3;joint_state_n_lt_5;apparent_extreme_fraction_in_tiny_joint_state,clinical signs|chemistry,False,0.03196803196803197,1.0,0.42977206279958574
105,2_00483,2,clinical signs_hyporexia|chem_hyperglycemia,clinical_signs_hyporexia|chem_hyperglycemia,7.3879857166953755,0.0342036375772934,2,108,contingency_likelihood_ratio_G,empty_joint_state;joint_state_n_lt_3;joint_state_n_lt_5;apparent_extreme_fraction_in_tiny_joint_state,clinical signs|chemistry,False,0.03296703296703297,1.0,0.42977206279958574
106,2_00193,2,tli_high|pli_abn,tli_high|pli_abn,7.271520380250613,0.04227628128052682,3,86,contingency_likelihood_ratio_G,joint_state_n_lt_5;apparent_extreme_fraction_in_tiny_joint_state,GI panel|GI panel,False,0.07492507492507493,1.0,0.5759650185879694
107,2_00650,2,AUS_duodenum|chem_hyperproteinemia,AUS_duodenal_thickening|chem_hyperproteinemia,7.263990070228912,0.03362958365846719,3,108,contingency_likelihood_ratio_G,joint_state_n_lt_5;apparent_extreme_fraction_in_tiny_joint_state,AUS|chemistry,False,0.07692307692307693,1.0,0.5759650185879694
108,2_01004,2,CBC_eosinophilia|chem_hyperproteinemia,CBC_eosinophilia|chem_hyperproteinemia,7.254940627915353,0.03358768809220071,2,108,contingency_likelihood_ratio_G,empty_joint_state,CBC|chemistry,False,0.03896103896103896,1.0,0.4370720188902007
109,2_00841,2,AUS_enlarged pancreas|chem_elevated alt,AUS_enlarged_pancreas|chem_elevated_ALT,7.194695190876463,0.03330877403183548,3,108,contingency_likelihood_ratio_G,joint_state_n_lt_5;apparent_extreme_fraction_in_tiny_joint_state,AUS|chemistry,False,0.09090909090909091,1.0,0.5759650185879694
110,2_00293,2,breed_group|AUS_jejunum,breed_group|AUS_jejunal_thickening,7.192425581117858,0.03329826657924934,7,108,contingency_likelihood_ratio_G,joint_state_n_lt_3;joint_state_n_lt_5;apparent_extreme_fraction_in_tiny_joint_state,demographic|AUS,False,0.5184815184815185,1.0,0.924131983124789
111,2_01082,2,CBC_lymphocytosis|chem_hyperproteinemia,CBC_lymphocytosis|chem_hyperproteinemia,7.175326024398349,0.03321910196480717,2,108,contingency_likelihood_ratio_G,empty_joint_state;joint_state_n_lt_3;joint_state_n_lt_5;apparent_extreme_fraction_in_tiny_joint_state,CBC|chemistry,False,0.03496503496503497,1.0,0.42977206279958574
112,2_01160,2,chem_hyperproteinemia|chem_elevated total bilirubin,chem_hyperproteinemia|chem_elevated_total_bilirubin,7.175326024398349,0.03321910196480717,2,108,contingency_likelihood_ratio_G,empty_joint_state;joint_state_n_lt_3;joint_state_n_lt_5;apparent_extreme_fraction_in_tiny_joint_state,chemistry|chemistry,False,0.03196803196803197,1.0,0.42977206279958574
113,2_01167,2,chem_hyperproteinemia|chem_hypophosphatemia,chem_hyperproteinemia|chem_hypophosphatemia,7.175326024398349,0.03321910196480717,2,108,contingency_likelihood_ratio_G,empty_joint_state;joint_state_n_lt_3;joint_state_n_lt_5;apparent_extreme_fraction_in_tiny_joint_state,chemistry|chemistry,False,0.03796203796203796,1.0,0.42977206279958574
114,2_00226,2,tli_high|chem_hyperproteinemia,tli_high|chem_hyperproteinemia,7.144729562790577,0.04106166415396883,3,87,contingency_likelihood_ratio_G,joint_state_n_lt_3;joint_state_n_lt_5;apparent_extreme_fraction_in_tiny_joint_state,GI panel|chemistry,False,0.07492507492507493,1.0,0.5759650185879694
115,2_00950,2,CBC_neutrophilia|CBC_eosinopenia,CBC_neutrophilia|CBC_eosinopenia,7.123362529931656,0.03297853023116507,2,108,contingency_likelihood_ratio_G,empty_joint_state;joint_state_n_lt_3;joint_state_n_lt_5;apparent_extreme_fraction_in_tiny_joint_state,CBC|CBC,False,0.03596403596403597,1.0,0.42977206279958574
116,2_00960,2,CBC_neutrophilia|chem_decreased alt,CBC_neutrophilia|chem_decreased_ALT,7.123362529931656,0.03297853023116507,3,108,contingency_likelihood_ratio_G,joint_state_n_lt_3;joint_state_n_lt_5;apparent_extreme_fraction_in_tiny_joint_state,CBC|chemistry,False,0.027972027972027972,1.0,0.42977206279958574
117,2_00963,2,CBC_neutrophilia|chem_elevated alp,CBC_neutrophilia|chem_elevated_ALP,7.123362529931656,0.03297853023116507,2,108,contingency_likelihood_ratio_G,empty_joint_state;joint_state_n_lt_3;joint_state_n_lt_5;apparent_extreme_fraction_in_tiny_joint_state,CBC|chemistry,False,0.027972027972027972,1.0,0.42977206279958574
118,2_01026,2,CBC_eosinopenia|chem_decreased alt,CBC_eosinopenia|chem_decreased_ALT,7.123362529931656,0.03297853023116507,2,108,contingency_likelihood_ratio_G,empty_joint_state;joint_state_n_lt_3;joint_state_n_lt_5;apparent_extreme_fraction_in_tiny_joint_state,CBC|chemistry,False,0.026973026973026972,1.0,0.42977206279958574
119,2_01032,2,CBC_eosinopenia|chem_discordantly elevated bun,CBC_eosinopenia|chem_discordantly_elevated_BUN,7.123362529931656,0.03297853023116507,2,108,contingency_likelihood_ratio_G,empty_joint_state;joint_state_n_lt_3;joint_state_n_lt_5;apparent_extreme_fraction_in_tiny_joint_state,CBC|chemistry,False,0.03396603396603397,1.0,0.42977206279958574
120,2_01033,2,CBC_eosinopenia|chem_hyperglycemia,CBC_eosinopenia|chem_hyperglycemia,7.123362529931656,0.03297853023116507,2,108,contingency_likelihood_ratio_G,empty_joint_state;joint_state_n_lt_3;joint_state_n_lt_5;apparent_extreme_fraction_in_tiny_joint_state,CBC|chemistry,False,0.027972027972027972,1.0,0.42977206279958574
121,2_01170,2,chem_decreased alt|chem_elevated alp,chem_decreased_ALT|chem_elevated_ALP,7.123362529931656,0.03297853023116507,2,108,contingency_likelihood_ratio_G,empty_joint_state;joint_state_n_lt_3;joint_state_n_lt_5;apparent_extreme_fraction_in_tiny_joint_state,chemistry|chemistry,False,0.024975024975024976,1.0,0.42977206279958574
122,2_01200,2,chem_elevated alp|chem_discordantly elevated bun,chem_elevated_ALP|chem_discordantly_elevated_BUN,7.123362529931656,0.03297853023116507,2,108,contingency_likelihood_ratio_G,empty_joint_state;joint_state_n_lt_3;joint_state_n_lt_5;apparent_extreme_fraction_in_tiny_joint_state,chemistry|chemistry,False,0.03796203796203796,1.0,0.42977206279958574
123,2_01201,2,chem_elevated alp|chem_hyperglycemia,chem_elevated_ALP|chem_hyperglycemia,7.123362529931656,0.03297853023116507,2,108,contingency_likelihood_ratio_G,empty_joint_state;joint_state_n_lt_3;joint_state_n_lt_5;apparent_extreme_fraction_in_tiny_joint_state,chemistry|chemistry,False,0.026973026973026972,1.0,0.42977206279958574
124,2_00830,2,AUS_enlarged pancreas|CBC_eosinopenia,AUS_enlarged_pancreas|CBC_eosinopenia,7.119204777457252,0.03295928137711691,2,108,contingency_likelihood_ratio_G,empty_joint_state;joint_state_n_lt_3;joint_state_n_lt_5;apparent_extreme_fraction_in_tiny_joint_state,AUS|CBC,False,0.01898101898101898,1.0,0.42977206279958574
125,2_00843,2,AUS_enlarged pancreas|chem_elevated alp,AUS_enlarged_pancreas|chem_elevated_ALP,7.119204777457252,0.03295928137711691,2,108,contingency_likelihood_ratio_G,empty_joint_state;joint_state_n_lt_3;joint_state_n_lt_5;apparent_extreme_fraction_in_tiny_joint_state,AUS|chemistry,False,0.014985014985014986,1.0,0.42977206279958574
126,2_00326,2,breed_group|chem_hypokalemia,breed_group|chem_hypokalemia,7.108448238678957,0.03290948258647665,6,108,contingency_likelihood_ratio_G,joint_state_n_lt_3;joint_state_n_lt_5;apparent_extreme_fraction_in_tiny_joint_state,demographic|chemistry,False,0.39760239760239763,1.0,0.8401393127420526
127,2_00313,2,breed_group|chem_no abnormalities,breed_group|chem_no_abnormalities,7.098752089561103,0.03286459300722733,7,108,contingency_likelihood_ratio_G,joint_state_n_lt_5;apparent_extreme_fraction_in_tiny_joint_state,demographic|chemistry,False,0.5364635364635365,1.0,0.9297696685337135
128,2_00882,2,AUS_ileus|CBC_neutrophilia,AUS_ileus|CBC_neutrophilia,7.055746907938165,0.03266549494415817,2,108,contingency_likelihood_ratio_G,empty_joint_state;joint_state_n_lt_3;joint_state_n_lt_5;apparent_extreme_fraction_in_tiny_joint_state,AUS|CBC,False,0.05094905094905095,1.0,0.48362406823945286
129,2_00895,2,AUS_ileus|chem_decreased alt,AUS_ileus|chem_decreased_ALT,7.055746907938165,0.03266549494415817,2,108,contingency_likelihood_ratio_G,empty_joint_state;joint_state_n_lt_3;joint_state_n_lt_5;apparent_extreme_fraction_in_tiny_joint_state,AUS|chemistry,False,0.04295704295704296,1.0,0.45306829922214537
130,2_00901,2,AUS_ileus|chem_discordantly elevated bun,AUS_ileus|chem_discordantly_elevated_BUN,7.055746907938165,0.03266549494415817,2,108,contingency_likelihood_ratio_G,empty_joint_state;joint_state_n_lt_3;joint_state_n_lt_5;apparent_extreme_fraction_in_tiny_joint_state,AUS|chemistry,False,0.052947052947052944,1.0,0.4949747222474495
131,2_01011,2,CBC_eosinophilia|chem_discordantly elevated bun,CBC_eosinophilia|chem_discordantly_elevated_BUN,7.055746907938165,0.03266549494415817,2,108,contingency_likelihood_ratio_G,empty_joint_state;joint_state_n_lt_3;joint_state_n_lt_5;apparent_extreme_fraction_in_tiny_joint_state,CBC|chemistry,False,0.06893106893106893,1.0,0.5747360747360748
132,2_01012,2,CBC_eosinophilia|chem_hyperglycemia,CBC_eosinophilia|chem_hyperglycemia,7.055746907938165,0.03266549494415817,2,108,contingency_likelihood_ratio_G,empty_joint_state;joint_state_n_lt_3;joint_state_n_lt_5;apparent_extreme_fraction_in_tiny_joint_state,CBC|chemistry,False,0.061938061938061936,1.0,0.5420678612167973
133,2_01045,2,CBC_basophilia|chem_hyperproteinemia,CBC_basophilia|chem_hyperproteinemia,7.038777923310144,0.03258693483013956,2,108,contingency_likelihood_ratio_G,empty_joint_state,CBC|chemistry,False,0.029970029970029972,1.0,0.42977206279958574
134,2_00851,2,AUS_enlarged pancreas|chem_hypophosphatemia,AUS_enlarged_pancreas|chem_hypophosphatemia,6.991565072962932,0.03236835681927283,2,108,contingency_likelihood_ratio_G,empty_joint_state;joint_state_n_lt_3;joint_state_n_lt_5;apparent_extreme_fraction_in_tiny_joint_state,AUS|chemistry,False,0.023976023976023976,1.0,0.42977206279958574
135,2_00225,2,tli_high|chem_hypoproteinemia,tli_high|chem_hypoproteinemia,6.987002966827655,0.04015518946452675,3,87,contingency_likelihood_ratio_G,joint_state_n_lt_3;joint_state_n_lt_5;apparent_extreme_fraction_in_tiny_joint_state,GI panel|chemistry,False,0.06793206793206794,1.0,0.5741655604669303
136,2_00552,2,clinical signs_hairball obstruction|chem_hyperproteinemia,clinical_signs_hairball_obstruction|chem_hyperproteinemia,6.915008488185042,0.03201392818604186,2,108,contingency_likelihood_ratio_G,empty_joint_state;joint_state_n_lt_5;apparent_extreme_fraction_in_tiny_joint_state,clinical signs|chemistry,False,0.08191808191808192,1.0,0.5759650185879694
137,2_00004,2,age|pli_abn,age|pli_abn,6.899126314466116,,2,86,logistic_deviance_improvement_age_linear_additive_to_joint_state,,demographic|GI panel,True,0.03496503496503497,1.0,0.42977206279958574
138,2_00222,2,tli_high|CBC_monocytosis,tli_high|CBC_monocytosis,6.8932537820144155,0.03961640104605986,3,87,contingency_likelihood_ratio_G,,GI panel|CBC,False,0.09290709290709291,1.0,0.5759650185879694
139,2_00001,2,age|folate_high,age|folate_high,6.8163083938579945,,2,90,logistic_deviance_improvement_age_linear_additive_to_joint_state,,demographic|GI panel,True,0.03996003996003996,1.0,0.4402740117025831
140,2_00825,2,AUS_enlarged pancreas|AUS_gall bladder sludge,AUS_enlarged_pancreas|AUS_gall_bladder_sludge,6.776431751238931,0.03137236921869876,3,108,contingency_likelihood_ratio_G,joint_state_n_lt_5;apparent_extreme_fraction_in_tiny_joint_state,AUS|AUS,False,0.09090909090909091,1.0,0.5759650185879694
141,2_00408,2,clinical signs_diarrhea|clinical signs_weight loss,clinical_signs_diarrhea|clinical_signs_weight_loss,6.750865320081758,0.03125400611148962,3,108,contingency_likelihood_ratio_G,,clinical signs|clinical signs,False,0.08891108891108891,1.0,0.5759650185879694
142,2_00739,2,AUS_colon|CBC_eosinophilia,AUS_colonic_thickening|CBC_eosinophilia,6.721353999670018,0.031117379628101932,3,108,contingency_likelihood_ratio_G,joint_state_n_lt_3;joint_state_n_lt_5;apparent_extreme_fraction_in_tiny_joint_state,AUS|CBC,False,0.14185814185814186,1.0,0.5822516245969015
143,2_01052,2,CBC_basophilia|chem_discordantly elevated bun,CBC_basophilia|chem_discordantly_elevated_BUN,6.704813796215829,0.03104080461211032,2,108,contingency_likelihood_ratio_G,empty_joint_state;joint_state_n_lt_3;joint_state_n_lt_5;apparent_extreme_fraction_in_tiny_joint_state,CBC|chemistry,False,0.04195804195804196,1.0,0.4463467566915843
144,2_01053,2,CBC_basophilia|chem_hyperglycemia,CBC_basophilia|chem_hyperglycemia,6.704813796215829,0.03104080461211032,2,108,contingency_likelihood_ratio_G,empty_joint_state;joint_state_n_lt_3;joint_state_n_lt_5;apparent_extreme_fraction_in_tiny_joint_state,CBC|chemistry,False,0.03696303696303696,1.0,0.42977206279958574
145,2_00635,2,AUS_duodenum|AUS_ileus,AUS_duodenal_thickening|AUS_ileus,6.694582334282594,0.030993436732789786,3,108,contingency_likelihood_ratio_G,joint_state_n_lt_3;joint_state_n_lt_5;apparent_extreme_fraction_in_tiny_joint_state,AUS|AUS,False,0.10989010989010989,1.0,0.5759650185879694
146,2_00321,2,breed_group|chem_azotemia,breed_group|chem_azotemia,6.6663406297640515,0.030862688100759497,7,108,contingency_likelihood_ratio_G,joint_state_n_lt_3;joint_state_n_lt_5;apparent_extreme_fraction_in_tiny_joint_state,demographic|chemistry,False,0.6063936063936064,1.0,0.9387537402065247
147,2_00217,2,tli_high|CBC_eosinopenia,tli_high|CBC_eosinopenia,6.645351439816959,0.03819167494147677,2,87,contingency_likelihood_ratio_G,empty_joint_state;joint_state_n_lt_3;joint_state_n_lt_5;apparent_extreme_fraction_in_tiny_joint_state,GI panel|CBC,False,0.022977022977022976,1.0,0.42977206279958574
148,2_00233,2,tli_high|chem_discordantly elevated bun,tli_high|chem_discordantly_elevated_BUN,6.645351439816959,0.03819167494147677,2,87,contingency_likelihood_ratio_G,empty_joint_state;joint_state_n_lt_3;joint_state_n_lt_5;apparent_extreme_fraction_in_tiny_joint_state,GI panel|chemistry,False,0.028971028971028972,1.0,0.42977206279958574
149,2_00234,2,tli_high|chem_hyperglycemia,tli_high|chem_hyperglycemia,6.645351439816959,0.03819167494147677,2,87,contingency_likelihood_ratio_G,empty_joint_state;joint_state_n_lt_3;joint_state_n_lt_5;apparent_extreme_fraction_in_tiny_joint_state,GI panel|chemistry,False,0.02097902097902098,1.0,0.42977206279958574
150,2_00842,2,AUS_enlarged pancreas|chem_elevated ast,AUS_enlarged_pancreas|chem_elevated_AST,6.644651685515571,0.030762276321831348,2,108,contingency_likelihood_ratio_G,empty_joint_state;joint_state_n_lt_3;joint_state_n_lt_5;apparent_extreme_fraction_in_tiny_joint_state,AUS|chemistry,False,0.030969030969030968,1.0,0.42977206279958574
151,2_00212,2,tli_high|AUS_gall bladder sludge,tli_high|AUS_gall_bladder_sludge,6.634552767583024,0.038129613606798986,3,87,contingency_likelihood_ratio_G,,GI panel|AUS,False,0.13586413586413587,1.0,0.5822516245969015
152,2_00780,2,AUS_mesenteric lymphadenopathy|chem_hyperproteinemia,AUS_mesenteric_lymphadenopathy|chem_hyperproteinemia,6.622817898233842,0.030661193973304825,3,108,contingency_likelihood_ratio_G,joint_state_n_lt_5;apparent_extreme_fraction_in_tiny_joint_state,AUS|chemistry,False,0.11388611388611389,1.0,0.5759650185879694
153,2_00418,2,clinical signs_diarrhea|AUS_enlarged pancreas,clinical_signs_diarrhea|AUS_enlarged_pancreas,6.621215247509268,0.030653774294024386,3,108,contingency_likelihood_ratio_G,,clinical signs|AUS,False,0.08791208791208792,1.0,0.5759650185879694
154,2_00000,2,age|cobalamin_low,age|cobalamin_low,6.596145301622144,,2,90,logistic_deviance_improvement_age_linear_additive_to_joint_state,,demographic|GI panel,True,0.04095904095904096,1.0,0.4433636538899697
155,2_00204,2,tli_high|AUS_jejunum,tli_high|AUS_jejunal_thickening,6.591680995093894,0.03788322410973502,3,87,contingency_likelihood_ratio_G,,GI panel|AUS,False,0.10789210789210789,1.0,0.5759650185879694
156,2_00087,2,cobalamin_low|chem_decreased alt,cobalamin_low|chem_decreased_ALT,6.5872817527415535,0.03659600973745308,3,90,contingency_likelihood_ratio_G,joint_state_n_lt_3;joint_state_n_lt_5;apparent_extreme_fraction_in_tiny_joint_state,GI panel|chemistry,False,0.05094905094905095,1.0,0.48362406823945286
157,2_00763,2,AUS_mesenteric lymphadenopathy|AUS_enlarged pancreas,AUS_mesenteric_lymphadenopathy|AUS_enlarged_pancreas,6.566505105200176,0.030400486598148962,3,108,contingency_likelihood_ratio_G,,AUS|AUS,False,0.0999000999000999,1.0,0.5759650185879694
158,2_00305,2,breed_group|CBC_eosinophilia,breed_group|CBC_eosinophilia,6.565577395838757,0.030396191647401653,6,108,contingency_likelihood_ratio_G,joint_state_n_lt_3;joint_state_n_lt_5;apparent_extreme_fraction_in_tiny_joint_state,demographic|CBC,False,0.4975024975024975,1.0,0.9199755468412185
159,2_00401,2,clinical signs_vomiting|chem_discordantly elevated bun,clinical_signs_vomiting|chem_discordantly_elevated_BUN,6.554606266630543,0.03034539938254881,2,108,contingency_likelihood_ratio_G,empty_joint_state;joint_state_n_lt_3;joint_state_n_lt_5;apparent_extreme_fraction_in_tiny_joint_state,clinical signs|chemistry,False,0.03796203796203796,1.0,0.42977206279958574
160,2_00867,2,AUS_splenomegaly|chem_hyperproteinemia,AUS_splenomegaly|chem_hyperproteinemia,6.5148887025256075,0.030161521770951886,2,108,contingency_likelihood_ratio_G,empty_joint_state,AUS|chemistry,False,0.03596403596403597,1.0,0.42977206279958574
161,2_00857,2,AUS_splenomegaly|CBC_eosinophilia,AUS_splenomegaly|CBC_eosinophilia,6.5121483685522445,0.030148835039593726,3,108,contingency_likelihood_ratio_G,joint_state_n_lt_3;joint_state_n_lt_5;apparent_extreme_fraction_in_tiny_joint_state,AUS|CBC,False,0.12187812187812187,1.0,0.5817553233283571
162,2_00220,2,tli_high|CBC_lymphocytosis,tli_high|CBC_lymphocytosis,6.476121590323966,0.03721908959956302,2,87,contingency_likelihood_ratio_G,empty_joint_state;joint_state_n_lt_3;joint_state_n_lt_5;apparent_extreme_fraction_in_tiny_joint_state,GI panel|CBC,False,0.03996003996003996,1.0,0.4402740117025831
163,2_00253,2,pli_abn|AUS_chronic degenerative renal changes,pli_abn|AUS_chronic_degenerative_renal_changes,6.466095468634553,0.03759357830601484,3,86,contingency_likelihood_ratio_G,joint_state_n_lt_3;joint_state_n_lt_5;apparent_extreme_fraction_in_tiny_joint_state,GI panel|AUS,False,0.14185814185814186,1.0,0.5822516245969015
164,2_00540,2,clinical signs_hairball obstruction|CBC_neutrophilia,clinical_signs_hairball_obstruction|CBC_neutrophilia,6.451860313035935,0.02986972367146266,2,108,contingency_likelihood_ratio_G,empty_joint_state;joint_state_n_lt_3;joint_state_n_lt_5;apparent_extreme_fraction_in_tiny_joint_state,clinical signs|CBC,False,0.08791208791208792,1.0,0.5759650185879694
165,2_00553,2,clinical signs_hairball obstruction|chem_decreased alt,clinical_signs_hairball_obstruction|chem_decreased_ALT,6.451860313035935,0.02986972367146266,2,108,contingency_likelihood_ratio_G,empty_joint_state;joint_state_n_lt_3;joint_state_n_lt_5;apparent_extreme_fraction_in_tiny_joint_state,clinical signs|chemistry,False,0.07892107892107893,1.0,0.5759650185879694
166,2_00559,2,clinical signs_hairball obstruction|chem_discordantly elevated bun,clinical_signs_hairball_obstruction|chem_discordantly_elevated_BUN,6.451860313035935,0.02986972367146266,2,108,contingency_likelihood_ratio_G,empty_joint_state;joint_state_n_lt_3;joint_state_n_lt_5;apparent_extreme_fraction_in_tiny_joint_state,clinical signs|chemistry,False,0.0919080919080919,1.0,0.5759650185879694
167,2_00216,2,tli_high|CBC_eosinophilia,tli_high|CBC_eosinophilia,6.447174204494041,0.03705272531318414,3,87,contingency_likelihood_ratio_G,joint_state_n_lt_3;joint_state_n_lt_5;apparent_extreme_fraction_in_tiny_joint_state,GI panel|CBC,False,0.12787212787212787,1.0,0.5822516245969015
168,2_00335,2,clinical signs_none|AUS_enlarged pancreas,clinical_signs_none_reported|AUS_enlarged_pancreas,6.429886939838684,0.02976799509184576,3,108,contingency_likelihood_ratio_G,joint_state_n_lt_5;apparent_extreme_fraction_in_tiny_joint_state,clinical signs|AUS,False,0.1068931068931069,1.0,0.5759650185879694
169,2_00824,2,AUS_enlarged pancreas|AUS_ileus,AUS_enlarged_pancreas|AUS_ileus,6.388063412432455,0.029574367650150254,2,108,contingency_likelihood_ratio_G,empty_joint_state,AUS|AUS,False,0.04395604395604396,1.0,0.459675917303036
170,2_00868,2,AUS_splenomegaly|chem_decreased alt,AUS_splenomegaly|chem_decreased_ALT,6.387693263227363,0.029572653996422976,2,108,contingency_likelihood_ratio_G,empty_joint_state;joint_state_n_lt_3;joint_state_n_lt_5;apparent_extreme_fraction_in_tiny_joint_state,AUS|chemistry,False,0.059940059940059943,1.0,0.5359857533770578
171,2_00875,2,AUS_splenomegaly|chem_hyperglycemia,AUS_splenomegaly|chem_hyperglycemia,6.387693263227363,0.029572653996422976,2,108,contingency_likelihood_ratio_G,empty_joint_state;joint_state_n_lt_3;joint_state_n_lt_5;apparent_extreme_fraction_in_tiny_joint_state,AUS|chemistry,False,0.06293706293706294,1.0,0.5431072424079417
172,2_00833,2,AUS_enlarged pancreas|CBC_lymphocytosis,AUS_enlarged_pancreas|CBC_lymphocytosis,6.371280345046186,0.029496668264102712,3,108,contingency_likelihood_ratio_G,joint_state_n_lt_3;joint_state_n_lt_5;apparent_extreme_fraction_in_tiny_joint_state,AUS|CBC,False,0.07292707292707293,1.0,0.5759650185879694
173,2_00793,2,AUS_chronic degenerative renal changes|AUS_enlarged pancreas,AUS_chronic_degenerative_renal_changes|AUS_enlarged_pancreas,6.370056502182737,0.02949100232492008,3,108,contingency_likelihood_ratio_G,joint_state_n_lt_5;apparent_extreme_fraction_in_tiny_joint_state,AUS|AUS,False,0.1258741258741259,1.0,0.5817553233283571
174,2_00589,2,clinical signs_constipation|chem_hyperproteinemia,clinical_signs_constipation|chem_hyperproteinemia,6.339100014484238,0.029347685252241844,2,108,contingency_likelihood_ratio_G,empty_joint_state;joint_state_n_lt_3;joint_state_n_lt_5;apparent_extreme_fraction_in_tiny_joint_state,clinical signs|chemistry,False,0.06893106893106893,1.0,0.5747360747360748
175,2_01064,2,CBC_basocytosis|chem_hyperproteinemia,CBC_basocytosis|chem_hyperproteinemia,6.339100014484238,0.029347685252241844,2,108,contingency_likelihood_ratio_G,empty_joint_state;joint_state_n_lt_3;joint_state_n_lt_5;apparent_extreme_fraction_in_tiny_joint_state,CBC|chemistry,False,0.06793206793206794,1.0,0.5741655604669303
176,2_01165,2,chem_hyperproteinemia|chem_hypercalcemia,chem_hyperproteinemia|chem_hypercalcemia,6.339100014484238,0.029347685252241844,2,108,contingency_likelihood_ratio_G,empty_joint_state;joint_state_n_lt_3;joint_state_n_lt_5;apparent_extreme_fraction_in_tiny_joint_state,chemistry|chemistry,False,0.06993006993006994,1.0,0.5752913752913753
177,2_00286,2,breed_group|clinical signs_diarrhea,breed_group|clinical_signs_diarrhea,6.312478588762878,0.02922443791093925,7,108,contingency_likelihood_ratio_G,joint_state_n_lt_3;joint_state_n_lt_5;apparent_extreme_fraction_in_tiny_joint_state,demographic|clinical signs,False,0.6273726273726273,1.0,0.9387537402065247
178,2_00617,2,AUS_no abnormalities|chem_elevated alt,AUS_no_abnormalities|chem_elevated_ALT,6.307152698008314,0.029199781009297748,3,108,contingency_likelihood_ratio_G,joint_state_n_lt_3;joint_state_n_lt_5;apparent_extreme_fraction_in_tiny_joint_state,AUS|chemistry,False,0.0979020979020979,1.0,0.5759650185879694
179,2_00285,2,breed_group|clinical signs_vomiting,breed_group|clinical_signs_vomiting,6.242385389732805,0.028899932359874096,7,108,contingency_likelihood_ratio_G,joint_state_n_lt_3;joint_state_n_lt_5;apparent_extreme_fraction_in_tiny_joint_state,demographic|clinical signs,False,0.6163836163836164,1.0,0.9387537402065247
180,2_00497,2,clinical signs_weight loss|AUS_enlarged pancreas,clinical_signs_weight_loss|AUS_enlarged_pancreas,6.242156412977619,0.02889887228230379,3,108,contingency_likelihood_ratio_G,,clinical signs|AUS,False,0.1048951048951049,1.0,0.5759650185879694
181,2_00535,2,clinical signs_hairball obstruction|AUS_enlarged pancreas,clinical_signs_hairball_obstruction|AUS_enlarged_pancreas,6.234184787462434,0.028861966608622378,2,108,contingency_likelihood_ratio_G,empty_joint_state;joint_state_n_lt_5;apparent_extreme_fraction_in_tiny_joint_state,clinical signs|AUS,False,0.057942057942057944,1.0,0.5257389669154375
182,2_00506,2,clinical signs_weight loss|CBC_basophilia,clinical_signs_weight_loss|CBC_basophilia,6.232796420535105,0.02885553898395882,3,108,contingency_likelihood_ratio_G,joint_state_n_lt_3;joint_state_n_lt_5;apparent_extreme_fraction_in_tiny_joint_state,clinical signs|CBC,False,0.12287712287712288,1.0,0.5817553233283571
183,2_00435,2,clinical signs_diarrhea|chem_hyperproteinemia,clinical_signs_diarrhea|chem_hyperproteinemia,6.225439811266008,0.028821480607712998,3,108,contingency_likelihood_ratio_G,joint_state_n_lt_3;joint_state_n_lt_5;apparent_extreme_fraction_in_tiny_joint_state,clinical signs|chemistry,False,0.14085914085914086,1.0,0.5822516245969015
184,2_00502,2,clinical signs_weight loss|CBC_neutrophilia,clinical_signs_weight_loss|CBC_neutrophilia,6.222839914038636,0.028809444046475167,2,108,contingency_likelihood_ratio_G,empty_joint_state;joint_state_n_lt_3;joint_state_n_lt_5;apparent_extreme_fraction_in_tiny_joint_state,clinical signs|CBC,False,0.04595404595404595,1.0,0.47256077256077256
185,2_00515,2,clinical signs_weight loss|chem_decreased alt,clinical_signs_weight_loss|chem_decreased_ALT,6.222839914038636,0.028809444046475167,2,108,contingency_likelihood_ratio_G,empty_joint_state;joint_state_n_lt_3;joint_state_n_lt_5;apparent_extreme_fraction_in_tiny_joint_state,clinical signs|chemistry,False,0.04195804195804196,1.0,0.4463467566915843
186,2_00303,2,breed_group|CBC_neutrophilia,breed_group|CBC_neutrophilia,6.216402622174109,0.028779641769324578,5,108,contingency_likelihood_ratio_G,joint_state_n_lt_3;joint_state_n_lt_5;apparent_extreme_fraction_in_tiny_joint_state,demographic|CBC,False,0.33666333666333664,1.0,0.7921584119302751
187,2_00443,2,clinical signs_diarrhea|chem_hyperglycemia,clinical_signs_diarrhea|chem_hyperglycemia,6.212008501737782,0.0287592986191564,2,108,contingency_likelihood_ratio_G,empty_joint_state;joint_state_n_lt_3;joint_state_n_lt_5;apparent_extreme_fraction_in_tiny_joint_state,clinical signs|chemistry,False,0.05094905094905095,1.0,0.48362406823945286
188,2_00638,2,AUS_duodenum|CBC_neutrophilia,AUS_duodenal_thickening|CBC_neutrophilia,6.212008501737781,0.028759298619156395,2,108,contingency_likelihood_ratio_G,empty_joint_state;joint_state_n_lt_3;joint_state_n_lt_5;apparent_extreme_fraction_in_tiny_joint_state,AUS|CBC,False,0.04495504495504495,1.0,0.46617248297920566
189,2_00651,2,AUS_duodenum|chem_decreased alt,AUS_duodenal_thickening|chem_decreased_ALT,6.212008501737781,0.028759298619156395,2,108,contingency_likelihood_ratio_G,empty_joint_state;joint_state_n_lt_3;joint_state_n_lt_5;apparent_extreme_fraction_in_tiny_joint_state,AUS|chemistry,False,0.04795204795204795,1.0,0.48362406823945286
190,2_00657,2,AUS_duodenum|chem_discordantly elevated bun,AUS_duodenal_thickening|chem_discordantly_elevated_BUN,6.212008501737781,0.028759298619156395,2,108,contingency_likelihood_ratio_G,empty_joint_state;joint_state_n_lt_3;joint_state_n_lt_5;apparent_extreme_fraction_in_tiny_joint_state,AUS|chemistry,False,0.06293706293706294,1.0,0.5431072424079417
191,2_00002,2,age|folate_low,age|folate_low,6.205208241003135,,2,90,logistic_deviance_improvement_age_linear_additive_to_joint_state,,demographic|GI panel,True,0.04995004995004995,1.0,0.48362406823945286
192,2_00198,2,tli_high|clinical signs_hyporexia,tli_high|clinical_signs_hyporexia,6.203122889026668,0.035650131546130275,3,87,contingency_likelihood_ratio_G,joint_state_n_lt_5;apparent_extreme_fraction_in_tiny_joint_state,GI panel|clinical signs,False,0.14385614385614387,1.0,0.5822516245969015
193,2_00835,2,AUS_enlarged pancreas|CBC_monocytosis,AUS_enlarged_pancreas|CBC_monocytosis,6.196896241076685,0.028689334449429095,3,108,contingency_likelihood_ratio_G,joint_state_n_lt_5;apparent_extreme_fraction_in_tiny_joint_state,AUS|CBC,False,0.1048951048951049,1.0,0.5759650185879694
194,2_00920,2,AUS_gall bladder sludge|chem_hyperproteinemia,AUS_gall_bladder_sludge|chem_hyperproteinemia,6.179250634860816,0.028607641828059333,3,108,contingency_likelihood_ratio_G,joint_state_n_lt_3;joint_state_n_lt_5;apparent_extreme_fraction_in_tiny_joint_state,AUS|chemistry,False,0.11688311688311688,1.0,0.579839133198817
195,2_00909,2,AUS_gall bladder sludge|CBC_neutropenia,AUS_gall_bladder_sludge|CBC_neutropenia,6.175666280000593,0.02859104759259534,3,108,contingency_likelihood_ratio_G,joint_state_n_lt_3;joint_state_n_lt_5;apparent_extreme_fraction_in_tiny_joint_state,AUS|CBC,False,0.1088911088911089,1.0,0.5759650185879694
196,2_00302,2,breed_group|CBC_no abnormalities,breed_group|CBC_no_abnormalities,6.161991458888731,0.028527738235595977,7,108,contingency_likelihood_ratio_G,joint_state_n_lt_3;joint_state_n_lt_5;apparent_extreme_fraction_in_tiny_joint_state,demographic|CBC,False,0.6503496503496503,1.0,0.941770675676255
197,2_00953,2,CBC_neutrophilia|CBC_lymphocytosis,CBC_neutrophilia|CBC_lymphocytosis,6.159907486804327,0.0285180902166867,2,108,contingency_likelihood_ratio_G,empty_joint_state;joint_state_n_lt_3;joint_state_n_lt_5;apparent_extreme_fraction_in_tiny_joint_state,CBC|CBC,False,0.10589410589410589,1.0,0.5759650185879694
198,2_00964,2,CBC_neutrophilia|chem_elevated total bilirubin,CBC_neutrophilia|chem_elevated_total_bilirubin,6.159907486804327,0.0285180902166867,2,108,contingency_likelihood_ratio_G,empty_joint_state;joint_state_n_lt_3;joint_state_n_lt_5;apparent_extreme_fraction_in_tiny_joint_state,CBC|chemistry,False,0.1068931068931069,1.0,0.5759650185879694
199,2_00971,2,CBC_neutrophilia|chem_hypophosphatemia,CBC_neutrophilia|chem_hypophosphatemia,6.159907486804327,0.0285180902166867,2,108,contingency_likelihood_ratio_G,empty_joint_state;joint_state_n_lt_3;joint_state_n_lt_5;apparent_extreme_fraction_in_tiny_joint_state,CBC|chemistry,False,0.0939060939060939,1.0,0.5759650185879694
200,2_01083,2,CBC_lymphocytosis|chem_decreased alt,CBC_lymphocytosis|chem_decreased_ALT,6.159907486804327,0.0285180902166867,2,108,contingency_likelihood_ratio_G,empty_joint_state;joint_state_n_lt_3;joint_state_n_lt_5;apparent_extreme_fraction_in_tiny_joint_state,CBC|chemistry,False,0.11588411588411589,1.0,0.5789514129595101
201,2_01089,2,CBC_lymphocytosis|chem_discordantly elevated bun,CBC_lymphocytosis|chem_discordantly_elevated_BUN,6.159907486804327,0.0285180902166867,2,108,contingency_likelihood_ratio_G,empty_joint_state;joint_state_n_lt_3;joint_state_n_lt_5;apparent_extreme_fraction_in_tiny_joint_state,CBC|chemistry,False,0.10589410589410589,1.0,0.5759650185879694
202,2_01090,2,CBC_lymphocytosis|chem_hyperglycemia,CBC_lymphocytosis|chem_hyperglycemia,6.159907486804327,0.0285180902166867,2,108,contingency_likelihood_ratio_G,empty_joint_state;joint_state_n_lt_3;joint_state_n_lt_5;apparent_extreme_fraction_in_tiny_joint_state,CBC|chemistry,False,0.10789210789210789,1.0,0.5759650185879694
203,2_01171,2,chem_decreased alt|chem_elevated total bilirubin,chem_decreased_ALT|chem_elevated_total_bilirubin,6.159907486804327,0.0285180902166867,2,108,contingency_likelihood_ratio_G,empty_joint_state;joint_state_n_lt_3;joint_state_n_lt_5;apparent_extreme_fraction_in_tiny_joint_state,chemistry|chemistry,False,0.1068931068931069,1.0,0.5759650185879694
204,2_01178,2,chem_decreased alt|chem_hypophosphatemia,chem_decreased_ALT|chem_hypophosphatemia,6.159907486804327,0.0285180902166867,2,108,contingency_likelihood_ratio_G,empty_joint_state;joint_state_n_lt_3;joint_state_n_lt_5;apparent_extreme_fraction_in_tiny_joint_state,chemistry|chemistry,False,0.09290709290709291,1.0,0.5759650185879694
205,2_01207,2,chem_elevated total bilirubin|chem_discordantly elevated bun,chem_elevated_total_bilirubin|chem_discordantly_elevated_BUN,6.159907486804327,0.0285180902166867,2,108,contingency_likelihood_ratio_G,empty_joint_state;joint_state_n_lt_3;joint_state_n_lt_5;apparent_extreme_fraction_in_tiny_joint_state,chemistry|chemistry,False,0.1018981018981019,1.0,0.5759650185879694
206,2_01208,2,chem_elevated total bilirubin|chem_hyperglycemia,chem_elevated_total_bilirubin|chem_hyperglycemia,6.159907486804327,0.0285180902166867,2,108,contingency_likelihood_ratio_G,empty_joint_state;joint_state_n_lt_3;joint_state_n_lt_5;apparent_extreme_fraction_in_tiny_joint_state,chemistry|chemistry,False,0.0959040959040959,1.0,0.5759650185879694
207,2_01223,2,chem_discordantly elevated bun|chem_hypophosphatemia,chem_discordantly_elevated_BUN|chem_hypophosphatemia,6.159907486804327,0.0285180902166867,2,108,contingency_likelihood_ratio_G,empty_joint_state;joint_state_n_lt_3;joint_state_n_lt_5;apparent_extreme_fraction_in_tiny_joint_state,chemistry|chemistry,False,0.1088911088911089,1.0,0.5759650185879694
208,2_01227,2,chem_hyperglycemia|chem_hypophosphatemia,chem_hyperglycemia|chem_hypophosphatemia,6.159907486804327,0.0285180902166867,2,108,contingency_likelihood_ratio_G,empty_joint_state;joint_state_n_lt_3;joint_state_n_lt_5;apparent_extreme_fraction_in_tiny_joint_state,chemistry|chemistry,False,0.08691308691308691,1.0,0.5759650185879694
209,2_00514,2,clinical signs_weight loss|chem_hyperproteinemia,clinical_signs_weight_loss|chem_hyperproteinemia,6.115946538369775,0.028314567307267474,3,108,contingency_likelihood_ratio_G,joint_state_n_lt_3;joint_state_n_lt_5;apparent_extreme_fraction_in_tiny_joint_state,clinical signs|chemistry,False,0.13886113886113885,1.0,0.5822516245969015
210,2_00311,2,breed_group|CBC_monocytosis,breed_group|CBC_monocytosis,6.108450537999136,0.02827986360184785,6,108,contingency_likelihood_ratio_G,joint_state_n_lt_3;joint_state_n_lt_5;apparent_extreme_fraction_in_tiny_joint_state,demographic|CBC,False,0.4985014985014985,1.0,0.9199755468412185
211,2_00838,2,AUS_enlarged pancreas|chem_hypoproteinemia,AUS_enlarged_pancreas|chem_hypoproteinemia,6.07333099535416,0.02811727312663963,3,108,contingency_likelihood_ratio_G,joint_state_n_lt_3;joint_state_n_lt_5;apparent_extreme_fraction_in_tiny_joint_state,AUS|chemistry,False,0.13186813186813187,1.0,0.5822516245969015
212,2_00310,2,breed_group|CBC_lymphopenia,breed_group|CBC_lymphopenia,6.067202748502084,0.028088901613435576,6,108,contingency_likelihood_ratio_G,joint_state_n_lt_3;joint_state_n_lt_5;apparent_extreme_fraction_in_tiny_joint_state,demographic|CBC,False,0.5484515484515484,1.0,0.9314965087752406
213,2_00296,2,breed_group|AUS_mesenteric lymphadenopathy,breed_group|AUS_mesenteric_lymphadenopathy,6.0473738453078685,0.027997101135684575,7,108,contingency_likelihood_ratio_G,joint_state_n_lt_5;apparent_extreme_fraction_in_tiny_joint_state,demographic|AUS,False,0.6383616383616384,1.0,0.941770675676255
214,2_00572,2,clinical signs_constipation|AUS_enlarged pancreas,clinical_signs_constipation|AUS_enlarged_pancreas,6.043975542904464,0.027981368254187334,2,108,contingency_likelihood_ratio_G,empty_joint_state;joint_state_n_lt_3;joint_state_n_lt_5;apparent_extreme_fraction_in_tiny_joint_state,clinical signs|AUS,False,0.024975024975024976,1.0,0.42977206279958574
215,2_00832,2,AUS_enlarged pancreas|CBC_basocytosis,AUS_enlarged_pancreas|CBC_basocytosis,6.043975542904464,0.027981368254187334,2,108,contingency_likelihood_ratio_G,empty_joint_state;joint_state_n_lt_3;joint_state_n_lt_5;apparent_extreme_fraction_in_tiny_joint_state,AUS|CBC,False,0.028971028971028972,1.0,0.42977206279958574
216,2_00848,2,AUS_enlarged pancreas|chem_hypercholesterolemia,AUS_enlarged_pancreas|chem_hypercholesterolemia,6.043975542904464,0.027981368254187334,2,108,contingency_likelihood_ratio_G,empty_joint_state;joint_state_n_lt_3;joint_state_n_lt_5;apparent_extreme_fraction_in_tiny_joint_state,AUS|chemistry,False,0.024975024975024976,1.0,0.42977206279958574
217,2_00849,2,AUS_enlarged pancreas|chem_hypercalcemia,AUS_enlarged_pancreas|chem_hypercalcemia,6.043975542904464,0.027981368254187334,2,108,contingency_likelihood_ratio_G,empty_joint_state;joint_state_n_lt_3;joint_state_n_lt_5;apparent_extreme_fraction_in_tiny_joint_state,AUS|chemistry,False,0.023976023976023976,1.0,0.42977206279958574
218,2_00224,2,tli_high|chem_no abnormalities,tli_high|chem_no_abnormalities,6.026438045875123,0.03463470141307542,3,87,contingency_likelihood_ratio_G,,GI panel|chemistry,False,0.14285714285714285,1.0,0.5822516245969015
219,2_00665,2,AUS_jejunum|AUS_mesenteric lymphadenopathy,AUS_jejunal_thickening|AUS_mesenteric_lymphadenopathy,5.993878890420952,0.027749439307504405,3,108,contingency_likelihood_ratio_G,,AUS|AUS,False,0.13986013986013987,1.0,0.5822516245969015
220,2_00845,2,AUS_enlarged pancreas|chem_azotemia,AUS_enlarged_pancreas|chem_azotemia,5.968992557468237,0.02763422480309369,3,108,contingency_likelihood_ratio_G,joint_state_n_lt_5,AUS|chemistry,False,0.11588411588411589,1.0,0.5789514129595101
221,2_00837,2,AUS_enlarged pancreas|chem_no abnormalities,AUS_enlarged_pancreas|chem_no_abnormalities,5.965912767699215,0.027619966517125994,3,108,contingency_likelihood_ratio_G,,AUS|chemistry,False,0.11388611388611389,1.0,0.5759650185879694
222,2_00206,2,tli_high|AUS_colon,tli_high|AUS_colonic_thickening,5.951155598564182,0.034202043669909095,3,87,contingency_likelihood_ratio_G,joint_state_n_lt_3;joint_state_n_lt_5;apparent_extreme_fraction_in_tiny_joint_state,GI panel|AUS,False,0.11888111888111888,1.0,0.579839133198817
223,2_00394,2,clinical signs_vomiting|chem_hyperproteinemia,clinical_signs_vomiting|chem_hyperproteinemia,5.921594766180085,0.027414790584167063,3,108,contingency_likelihood_ratio_G,joint_state_n_lt_3;joint_state_n_lt_5;apparent_extreme_fraction_in_tiny_joint_state,clinical signs|chemistry,False,0.15484515484515485,1.0,0.589749756416423
224,2_00935,2,CBC_no abnormalities|chem_hyperproteinemia,CBC_no_abnormalities|chem_hyperproteinemia,5.869297949288272,0.02717267569114941,3,108,contingency_likelihood_ratio_G,joint_state_n_lt_5;apparent_extreme_fraction_in_tiny_joint_state,CBC|chemistry,False,0.15884115884115885,1.0,0.601257638067454
225,2_00148,2,folate_low|breed_group,folate_low|breed_group,5.867683131042508,0.03259823961690282,6,90,contingency_likelihood_ratio_G,joint_state_n_lt_3;joint_state_n_lt_5;apparent_extreme_fraction_in_tiny_joint_state,GI panel|demographic,False,0.5944055944055944,1.0,0.9387537402065247
226,2_00215,2,tli_high|CBC_neutropenia,tli_high|CBC_neutropenia,5.859959201808092,0.03367792644717294,3,87,contingency_likelihood_ratio_G,joint_state_n_lt_3;joint_state_n_lt_5;apparent_extreme_fraction_in_tiny_joint_state,GI panel|CBC,False,0.0969030969030969,1.0,0.5759650185879694
227,2_00238,2,tli_high|chem_hypophosphatemia,tli_high|chem_hypophosphatemia,5.859959201808092,0.03367792644717294,3,87,contingency_likelihood_ratio_G,joint_state_n_lt_3;joint_state_n_lt_5;apparent_extreme_fraction_in_tiny_joint_state,GI panel|chemistry,False,0.0939060939060939,1.0,0.5759650185879694
228,2_01157,2,chem_hyperproteinemia|chem_elevated alt,chem_hyperproteinemia|chem_elevated_ALT,5.819036758635288,0.026939984993681887,3,108,contingency_likelihood_ratio_G,joint_state_n_lt_3;joint_state_n_lt_5;apparent_extreme_fraction_in_tiny_joint_state,chemistry|chemistry,False,0.14985014985014986,1.0,0.58758064365541
229,2_00297,2,breed_group|AUS_chronic degenerative renal changes,breed_group|AUS_chronic_degenerative_renal_changes,5.799059034247947,0.026847495528925684,7,108,contingency_likelihood_ratio_G,joint_state_n_lt_3;joint_state_n_lt_5;apparent_extreme_fraction_in_tiny_joint_state,demographic|AUS,False,0.6923076923076923,1.0,0.941770675676255
230,2_00949,2,CBC_neutrophilia|CBC_eosinophilia,CBC_neutrophilia|CBC_eosinophilia,5.798092905460032,0.02684302271046311,3,108,contingency_likelihood_ratio_G,joint_state_n_lt_3;joint_state_n_lt_5;apparent_extreme_fraction_in_tiny_joint_state,CBC|CBC,False,0.1918081918081918,1.0,0.6278284050167339
231,2_00382,2,clinical signs_vomiting|CBC_neutrophilia,clinical_signs_vomiting|CBC_neutrophilia,5.79092746990153,0.026809849397692268,3,108,contingency_likelihood_ratio_G,joint_state_n_lt_3;joint_state_n_lt_5;apparent_extreme_fraction_in_tiny_joint_state,clinical signs|CBC,False,0.08791208791208792,1.0,0.5759650185879694
232,2_00844,2,AUS_enlarged pancreas|chem_elevated total bilirubin,AUS_enlarged_pancreas|chem_elevated_total_bilirubin,5.779996001323687,0.02675924074686892,2,108,contingency_likelihood_ratio_G,empty_joint_state;joint_state_n_lt_3;joint_state_n_lt_5;apparent_extreme_fraction_in_tiny_joint_state,AUS|chemistry,False,0.06793206793206794,1.0,0.5741655604669303
233,2_00907,2,AUS_gall bladder sludge|CBC_no abnormalities,AUS_gall_bladder_sludge|CBC_no_abnormalities,5.770037974417704,0.026713138770452335,3,108,contingency_likelihood_ratio_G,,AUS|CBC,False,0.16783216783216784,1.0,0.6109288941147348
234,2_00196,2,tli_high|clinical signs_vomiting,tli_high|clinical_signs_vomiting,5.7561679687526235,0.0330814251077737,3,87,contingency_likelihood_ratio_G,,GI panel|clinical signs,False,0.14485514485514486,1.0,0.5822516245969015
235,2_00529,2,clinical signs_hairball obstruction|AUS_duodenum,clinical_signs_hairball_obstruction|AUS_duodenal_thickening,5.754946906667869,0.02664327271605495,3,108,contingency_likelihood_ratio_G,joint_state_n_lt_3;joint_state_n_lt_5;apparent_extreme_fraction_in_tiny_joint_state,clinical signs|AUS,False,0.15284715284715283,1.0,0.58758064365541
236,2_00749,2,AUS_colon|chem_hyperproteinemia,AUS_colonic_thickening|chem_hyperproteinemia,5.746122387543492,0.0266024184608495,2,108,contingency_likelihood_ratio_G,empty_joint_state,AUS|chemistry,False,0.0899100899100899,1.0,0.5759650185879694
237,2_01158,2,chem_hyperproteinemia|chem_elevated ast,chem_hyperproteinemia|chem_elevated_AST,5.7438015461026435,0.026591673824549276,2,108,contingency_likelihood_ratio_G,empty_joint_state;joint_state_n_lt_3;joint_state_n_lt_5;apparent_extreme_fraction_in_tiny_joint_state,chemistry|chemistry,False,0.08591408591408592,1.0,0.5759650185879694
238,2_00781,2,AUS_mesenteric lymphadenopathy|chem_decreased alt,AUS_mesenteric_lymphadenopathy|chem_decreased_ALT,5.74060688763227,0.026576883739038284,3,108,contingency_likelihood_ratio_G,joint_state_n_lt_3;joint_state_n_lt_5;apparent_extreme_fraction_in_tiny_joint_state,AUS|chemistry,False,0.13286713286713286,1.0,0.5822516245969015
239,2_00787,2,AUS_mesenteric lymphadenopathy|chem_discordantly elevated bun,AUS_mesenteric_lymphadenopathy|chem_discordantly_elevated_BUN,5.74060688763227,0.026576883739038284,3,108,contingency_likelihood_ratio_G,joint_state_n_lt_3;joint_state_n_lt_5;apparent_extreme_fraction_in_tiny_joint_state,AUS|chemistry,False,0.13986013986013987,1.0,0.5822516245969015
240,2_00299,2,breed_group|AUS_splenomegaly,breed_group|AUS_splenomegaly,5.728973510688593,0.026523025512447188,6,108,contingency_likelihood_ratio_G,joint_state_n_lt_3;joint_state_n_lt_5;apparent_extreme_fraction_in_tiny_joint_state,demographic|AUS,False,0.5614385614385614,1.0,0.9314965087752406
241,2_00810,2,AUS_chronic degenerative renal changes|chem_hyperproteinemia,AUS_chronic_degenerative_renal_changes|chem_hyperproteinemia,5.707986393336812,0.02642586293211487,3,108,contingency_likelihood_ratio_G,joint_state_n_lt_3;joint_state_n_lt_5;apparent_extreme_fraction_in_tiny_joint_state,AUS|chemistry,False,0.16683316683316685,1.0,0.6108965218757504
242,2_00318,2,breed_group|chem_elevated ast,breed_group|chem_elevated_AST,5.701480144172651,0.026395741408206715,5,108,contingency_likelihood_ratio_G,joint_state_n_lt_3;joint_state_n_lt_5;apparent_extreme_fraction_in_tiny_joint_state,demographic|chemistry,False,0.42657342657342656,1.0,0.8615474702431224
243,2_00550,2,clinical signs_hairball obstruction|chem_no abnormalities,clinical_signs_hairball_obstruction|chem_no_abnormalities,5.69703729220868,0.02637517264911426,3,108,contingency_likelihood_ratio_G,joint_state_n_lt_3;joint_state_n_lt_5;apparent_extreme_fraction_in_tiny_joint_state,clinical signs|chemistry,False,0.14985014985014986,1.0,0.58758064365541
244,2_00732,2,AUS_colon|AUS_enlarged pancreas,AUS_colonic_thickening|AUS_enlarged_pancreas,5.687448418399414,0.0263307797148121,3,108,contingency_likelihood_ratio_G,joint_state_n_lt_3;joint_state_n_lt_5;apparent_extreme_fraction_in_tiny_joint_state,AUS|AUS,False,0.1258741258741259,1.0,0.5817553233283571
245,2_00099,2,folate_high|tli_high,folate_high|tli_high,5.668802320516157,0.03257932368112734,3,87,contingency_likelihood_ratio_G,,GI panel|GI panel,False,0.15184815184815184,1.0,0.58758064365541
246,2_00228,2,tli_high|chem_elevated alt,tli_high|chem_elevated_ALT,5.660331414808127,0.032530640314989236,3,87,contingency_likelihood_ratio_G,joint_state_n_lt_5;apparent_extreme_fraction_in_tiny_joint_state,GI panel|chemistry,False,0.18081918081918083,1.0,0.6278284050167339
247,2_00615,2,AUS_no abnormalities|chem_hyperproteinemia,AUS_no_abnormalities|chem_hyperproteinemia,5.660118330934306,0.02620425153210327,2,108,contingency_likelihood_ratio_G,empty_joint_state;joint_state_n_lt_5,AUS|chemistry,False,0.0959040959040959,1.0,0.5759650185879694
248,2_00263,2,pli_abn|CBC_basophilia,pli_abn|CBC_basophilia,5.649357735542013,0.03284510311361635,3,86,contingency_likelihood_ratio_G,joint_state_n_lt_3;joint_state_n_lt_5;apparent_extreme_fraction_in_tiny_joint_state,GI panel|CBC,False,0.18181818181818182,1.0,0.6278284050167339
249,2_00717,2,AUS_ileum|chem_hyperproteinemia,AUS_ileal_thickening|chem_hyperproteinemia,5.645815726249515,0.026138035769673683,2,108,contingency_likelihood_ratio_G,empty_joint_state,AUS|chemistry,False,0.08891108891108891,1.0,0.5759650185879694
250,2_00121,2,folate_high|CBC_neutrophilia,folate_high|CBC_neutrophilia,5.636357846883402,0.031313099149352236,3,90,contingency_likelihood_ratio_G,joint_state_n_lt_3;joint_state_n_lt_5;apparent_extreme_fraction_in_tiny_joint_state,GI panel|CBC,False,0.1108891108891109,1.0,0.5759650185879694
251,2_00955,2,CBC_neutrophilia|CBC_monocytosis,CBC_neutrophilia|CBC_monocytosis,5.620709285502317,0.02602180224769591,3,108,contingency_likelihood_ratio_G,joint_state_n_lt_3;joint_state_n_lt_5;apparent_extreme_fraction_in_tiny_joint_state,CBC|CBC,False,0.11888111888111888,1.0,0.579839133198817
252,2_01116,2,CBC_monocytosis|chem_decreased alt,CBC_monocytosis|chem_decreased_ALT,5.620709285502317,0.02602180224769591,3,108,contingency_likelihood_ratio_G,joint_state_n_lt_3;joint_state_n_lt_5;apparent_extreme_fraction_in_tiny_joint_state,CBC|chemistry,False,0.11888111888111888,1.0,0.579839133198817
253,2_01166,2,chem_hyperproteinemia|chem_hypokalemia,chem_hyperproteinemia|chem_hypokalemia,5.605358608018737,0.025950734296383043,3,108,contingency_likelihood_ratio_G,joint_state_n_lt_3;joint_state_n_lt_5;apparent_extreme_fraction_in_tiny_joint_state,chemistry|chemistry,False,0.2077922077922078,1.0,0.6410389610389611
254,2_00633,2,AUS_duodenum|AUS_enlarged pancreas,AUS_duodenal_thickening|AUS_enlarged_pancreas,5.597065727201305,0.02591234132963567,3,108,contingency_likelihood_ratio_G,,AUS|AUS,False,0.15984015984015984,1.0,0.6013498696425525
255,2_00456,2,clinical signs_hyporexia|AUS_mesenteric lymphadenopathy,clinical_signs_hyporexia|AUS_mesenteric_lymphadenopathy,5.594904528578562,0.025902335780456306,3,108,contingency_likelihood_ratio_G,joint_state_n_lt_5;apparent_extreme_fraction_in_tiny_joint_state,clinical signs|AUS,False,0.17682317682317683,1.0,0.6269501926644784
256,2_00374,2,clinical signs_vomiting|AUS_colon,clinical_signs_vomiting|AUS_colonic_thickening,5.583251837022889,0.025848388134365227,3,108,contingency_likelihood_ratio_G,joint_state_n_lt_5;apparent_extreme_fraction_in_tiny_joint_state,clinical signs|AUS,False,0.18181818181818182,1.0,0.6278284050167339
257,2_00521,2,clinical signs_weight loss|chem_discordantly elevated bun,clinical_signs_weight_loss|chem_discordantly_elevated_BUN,5.582067288698323,0.02584290411434409,3,108,contingency_likelihood_ratio_G,joint_state_n_lt_3;joint_state_n_lt_5;apparent_extreme_fraction_in_tiny_joint_state,clinical signs|chemistry,False,0.1018981018981019,1.0,0.5759650185879694
258,2_01115,2,CBC_monocytosis|chem_hyperproteinemia,CBC_monocytosis|chem_hyperproteinemia,5.581033508281923,0.025838118093897793,3,108,contingency_likelihood_ratio_G,joint_state_n_lt_3;joint_state_n_lt_5;apparent_extreme_fraction_in_tiny_joint_state,CBC|chemistry,False,0.18981018981018982,1.0,0.6278284050167339
259,2_00423,2,clinical signs_diarrhea|CBC_neutrophilia,clinical_signs_diarrhea|CBC_neutrophilia,5.557553884242875,0.02572941613075405,3,108,contingency_likelihood_ratio_G,joint_state_n_lt_3;joint_state_n_lt_5;apparent_extreme_fraction_in_tiny_joint_state,clinical signs|CBC,False,0.11988011988011989,1.0,0.5801257565963449
260,2_00436,2,clinical signs_diarrhea|chem_decreased alt,clinical_signs_diarrhea|chem_decreased_ALT,5.557553884242875,0.02572941613075405,3,108,contingency_likelihood_ratio_G,joint_state_n_lt_3;joint_state_n_lt_5;apparent_extreme_fraction_in_tiny_joint_state,clinical signs|chemistry,False,0.11388611388611389,1.0,0.5759650185879694
261,2_00442,2,clinical signs_diarrhea|chem_discordantly elevated bun,clinical_signs_diarrhea|chem_discordantly_elevated_BUN,5.557553884242875,0.02572941613075405,3,108,contingency_likelihood_ratio_G,joint_state_n_lt_3;joint_state_n_lt_5;apparent_extreme_fraction_in_tiny_joint_state,clinical signs|chemistry,False,0.10989010989010989,1.0,0.5759650185879694
262,2_00684,2,AUS_jejunum|chem_hyperproteinemia,AUS_jejunal_thickening|chem_hyperproteinemia,5.552720570279833,0.02570703967722145,3,108,contingency_likelihood_ratio_G,joint_state_n_lt_3;joint_state_n_lt_5;apparent_extreme_fraction_in_tiny_joint_state,AUS|chemistry,False,0.1958041958041958,1.0,0.6292249417249417
263,2_01161,2,chem_hyperproteinemia|chem_azotemia,chem_hyperproteinemia|chem_azotemia,5.53737125157626,0.025635978016556756,3,108,contingency_likelihood_ratio_G,joint_state_n_lt_3;joint_state_n_lt_5;apparent_extreme_fraction_in_tiny_joint_state,chemistry|chemistry,False,0.18681318681318682,1.0,0.6278284050167339
264,2_00201,2,tli_high|clinical signs_constipation,tli_high|clinical_signs_constipation,5.532654399666383,0.03179686436589875,2,87,contingency_likelihood_ratio_G,empty_joint_state;joint_state_n_lt_3;joint_state_n_lt_5;apparent_extreme_fraction_in_tiny_joint_state,GI panel|clinical signs,False,0.04995004995004995,1.0,0.48362406823945286
265,2_00219,2,tli_high|CBC_basocytosis,tli_high|CBC_basocytosis,5.532654399666383,0.03179686436589875,2,87,contingency_likelihood_ratio_G,empty_joint_state;joint_state_n_lt_3;joint_state_n_lt_5;apparent_extreme_fraction_in_tiny_joint_state,GI panel|CBC,False,0.04995004995004995,1.0,0.48362406823945286
266,2_00231,2,tli_high|chem_elevated total bilirubin,tli_high|chem_elevated_total_bilirubin,5.532654399666383,0.03179686436589875,2,87,contingency_likelihood_ratio_G,empty_joint_state;joint_state_n_lt_3;joint_state_n_lt_5;apparent_extreme_fraction_in_tiny_joint_state,GI panel|chemistry,False,0.04995004995004995,1.0,0.48362406823945286
267,2_00764,2,AUS_mesenteric lymphadenopathy|AUS_splenomegaly,AUS_mesenteric_lymphadenopathy|AUS_splenomegaly,5.531967508770795,0.02561096068875368,3,108,contingency_likelihood_ratio_G,,AUS|AUS,False,0.2127872127872128,1.0,0.6526414761708879
268,2_00352,2,clinical signs_none|chem_hyperproteinemia,clinical_signs_none_reported|chem_hyperproteinemia,5.513489471590458,0.025525414220326195,3,108,contingency_likelihood_ratio_G,joint_state_n_lt_3;joint_state_n_lt_5;apparent_extreme_fraction_in_tiny_joint_state,clinical signs|chemistry,False,0.22777222777222778,1.0,0.6644702814915581
269,2_01099,2,CBC_lymphopenia|chem_hyperproteinemia,CBC_lymphopenia|chem_hyperproteinemia,5.513489471590457,0.02552541422032619,2,108,contingency_likelihood_ratio_G,empty_joint_state,CBC|chemistry,False,0.1258741258741259,1.0,0.5817553233283571
270,2_01143,2,chem_hypoproteinemia|chem_hyperproteinemia,chem_hypoproteinemia|chem_hyperproteinemia,5.513489471590457,0.02552541422032619,2,108,contingency_likelihood_ratio_G,empty_joint_state,chemistry|chemistry,False,0.11788211788211789,1.0,0.579839133198817
271,2_00982,2,CBC_neutropenia|chem_hyperproteinemia,CBC_neutropenia|chem_hyperproteinemia,5.513328904734891,0.025524670855254124,3,108,contingency_likelihood_ratio_G,joint_state_n_lt_3;joint_state_n_lt_5;apparent_extreme_fraction_in_tiny_joint_state,CBC|chemistry,False,0.17782217782217782,1.0,0.6269501926644784
272,2_01164,2,chem_hyperproteinemia|chem_hypercholesterolemia,chem_hyperproteinemia|chem_hypercholesterolemia,5.513177861069371,0.025523971579024866,2,108,contingency_likelihood_ratio_G,empty_joint_state;joint_state_n_lt_3;joint_state_n_lt_5;apparent_extreme_fraction_in_tiny_joint_state,chemistry|chemistry,False,0.11588411588411589,1.0,0.5789514129595101
273,2_00855,2,AUS_splenomegaly|CBC_neutrophilia,AUS_splenomegaly|CBC_neutrophilia,5.510139902781225,0.025509906957320486,3,108,contingency_likelihood_ratio_G,joint_state_n_lt_3;joint_state_n_lt_5;apparent_extreme_fraction_in_tiny_joint_state,AUS|CBC,False,0.13286713286713286,1.0,0.5822516245969015
274,2_00874,2,AUS_splenomegaly|chem_discordantly elevated bun,AUS_splenomegaly|chem_discordantly_elevated_BUN,5.510139902781225,0.025509906957320486,3,108,contingency_likelihood_ratio_G,joint_state_n_lt_3;joint_state_n_lt_5;apparent_extreme_fraction_in_tiny_joint_state,AUS|chemistry,False,0.14385614385614387,1.0,0.5822516245969015
275,2_00478,2,clinical signs_hyporexia|chem_elevated ast,clinical_signs_hyporexia|chem_elevated_AST,5.487658608839519,0.02540582689277555,3,108,contingency_likelihood_ratio_G,joint_state_n_lt_3;joint_state_n_lt_5;apparent_extreme_fraction_in_tiny_joint_state,clinical signs|chemistry,False,0.1848151848151848,1.0,0.6278284050167339
276,2_00069,2,cobalamin_low|AUS_enlarged pancreas,cobalamin_low|AUS_enlarged_pancreas,5.472232182914164,0.030401289905078687,3,90,contingency_likelihood_ratio_G,,GI panel|AUS,False,0.15284715284715283,1.0,0.58758064365541
277,2_00834,2,AUS_enlarged pancreas|CBC_lymphopenia,AUS_enlarged_pancreas|CBC_lymphopenia,5.45856367367737,0.02527112811887671,3,108,contingency_likelihood_ratio_G,joint_state_n_lt_3;joint_state_n_lt_5;apparent_extreme_fraction_in_tiny_joint_state,AUS|CBC,False,0.18281718281718282,1.0,0.6278284050167339
278,2_00850,2,AUS_enlarged pancreas|chem_hypokalemia,AUS_enlarged_pancreas|chem_hypokalemia,5.45856367367737,0.02527112811887671,3,108,contingency_likelihood_ratio_G,joint_state_n_lt_3;joint_state_n_lt_5;apparent_extreme_fraction_in_tiny_joint_state,AUS|chemistry,False,0.16583416583416583,1.0,0.6108965218757504
279,2_00828,2,AUS_enlarged pancreas|CBC_neutropenia,AUS_enlarged_pancreas|CBC_neutropenia,5.457283831035029,0.025265202921458466,3,108,contingency_likelihood_ratio_G,joint_state_n_lt_3;joint_state_n_lt_5;apparent_extreme_fraction_in_tiny_joint_state,AUS|CBC,False,0.14285714285714285,1.0,0.5822516245969015
280,2_00210,2,tli_high|AUS_splenomegaly,tli_high|AUS_splenomegaly,5.4449331410362,0.031292719201357476,3,87,contingency_likelihood_ratio_G,joint_state_n_lt_5,GI panel|AUS,False,0.1928071928071928,1.0,0.6292249417249417
281,2_00560,2,clinical signs_hairball obstruction|chem_hyperglycemia,clinical_signs_hairball_obstruction|chem_hyperglycemia,5.4286982444830665,0.025132862242977158,2,108,contingency_likelihood_ratio_G,empty_joint_state;joint_state_n_lt_3;joint_state_n_lt_5;apparent_extreme_fraction_in_tiny_joint_state,clinical signs|chemistry,False,0.0919080919080919,1.0,0.5759650185879694
282,2_00577,2,clinical signs_constipation|CBC_neutrophilia,clinical_signs_constipation|CBC_neutrophilia,5.4286982444830665,0.025132862242977158,2,108,contingency_likelihood_ratio_G,empty_joint_state;joint_state_n_lt_3;joint_state_n_lt_5;apparent_extreme_fraction_in_tiny_joint_state,clinical signs|CBC,False,0.09290709290709291,1.0,0.5759650185879694
283,2_00590,2,clinical signs_constipation|chem_decreased alt,clinical_signs_constipation|chem_decreased_ALT,5.4286982444830665,0.025132862242977158,2,108,contingency_likelihood_ratio_G,empty_joint_state;joint_state_n_lt_3;joint_state_n_lt_5;apparent_extreme_fraction_in_tiny_joint_state,clinical signs|chemistry,False,0.09290709290709291,1.0,0.5759650185879694
284,2_00596,2,clinical signs_constipation|chem_discordantly elevated bun,clinical_signs_constipation|chem_discordantly_elevated_BUN,5.4286982444830665,0.025132862242977158,2,108,contingency_likelihood_ratio_G,empty_joint_state;joint_state_n_lt_3;joint_state_n_lt_5;apparent_extreme_fraction_in_tiny_joint_state,clinical signs|chemistry,False,0.1068931068931069,1.0,0.5759650185879694
285,2_00597,2,clinical signs_constipation|chem_hyperglycemia,clinical_signs_constipation|chem_hyperglycemia,5.4286982444830665,0.025132862242977158,2,108,contingency_likelihood_ratio_G,empty_joint_state;joint_state_n_lt_3;joint_state_n_lt_5;apparent_extreme_fraction_in_tiny_joint_state,clinical signs|chemistry,False,0.0919080919080919,1.0,0.5759650185879694
286,2_00952,2,CBC_neutrophilia|CBC_basocytosis,CBC_neutrophilia|CBC_basocytosis,5.4286982444830665,0.025132862242977158,2,108,contingency_likelihood_ratio_G,empty_joint_state;joint_state_n_lt_3;joint_state_n_lt_5;apparent_extreme_fraction_in_tiny_joint_state,CBC|CBC,False,0.09290709290709291,1.0,0.5759650185879694
287,2_00968,2,CBC_neutrophilia|chem_hypercholesterolemia,CBC_neutrophilia|chem_hypercholesterolemia,5.4286982444830665,0.025132862242977158,2,108,contingency_likelihood_ratio_G,empty_joint_state;joint_state_n_lt_3;joint_state_n_lt_5;apparent_extreme_fraction_in_tiny_joint_state,CBC|chemistry,False,0.09290709290709291,1.0,0.5759650185879694
288,2_00969,2,CBC_neutrophilia|chem_hypercalcemia,CBC_neutrophilia|chem_hypercalcemia,5.4286982444830665,0.025132862242977158,2,108,contingency_likelihood_ratio_G,empty_joint_state;joint_state_n_lt_3;joint_state_n_lt_5;apparent_extreme_fraction_in_tiny_joint_state,CBC|chemistry,False,0.09290709290709291,1.0,0.5759650185879694
289,2_01065,2,CBC_basocytosis|chem_decreased alt,CBC_basocytosis|chem_decreased_ALT,5.4286982444830665,0.025132862242977158,2,108,contingency_likelihood_ratio_G,empty_joint_state;joint_state_n_lt_3;joint_state_n_lt_5;apparent_extreme_fraction_in_tiny_joint_state,CBC|chemistry,False,0.09290709290709291,1.0,0.5759650185879694
290,2_01071,2,CBC_basocytosis|chem_discordantly elevated bun,CBC_basocytosis|chem_discordantly_elevated_BUN,5.4286982444830665,0.025132862242977158,2,108,contingency_likelihood_ratio_G,empty_joint_state;joint_state_n_lt_3;joint_state_n_lt_5;apparent_extreme_fraction_in_tiny_joint_state,CBC|chemistry,False,0.1068931068931069,1.0,0.5759650185879694
291,2_01072,2,CBC_basocytosis|chem_hyperglycemia,CBC_basocytosis|chem_hyperglycemia,5.4286982444830665,0.025132862242977158,2,108,contingency_likelihood_ratio_G,empty_joint_state;joint_state_n_lt_3;joint_state_n_lt_5;apparent_extreme_fraction_in_tiny_joint_state,CBC|chemistry,False,0.0919080919080919,1.0,0.5759650185879694
292,2_01175,2,chem_decreased alt|chem_hypercholesterolemia,chem_decreased_ALT|chem_hypercholesterolemia,5.4286982444830665,0.025132862242977158,2,108,contingency_likelihood_ratio_G,empty_joint_state;joint_state_n_lt_3;joint_state_n_lt_5;apparent_extreme_fraction_in_tiny_joint_state,chemistry|chemistry,False,0.09290709290709291,1.0,0.5759650185879694
293,2_01176,2,chem_decreased alt|chem_hypercalcemia,chem_decreased_ALT|chem_hypercalcemia,5.4286982444830665,0.025132862242977158,2,108,contingency_likelihood_ratio_G,empty_joint_state;joint_state_n_lt_3;joint_state_n_lt_5;apparent_extreme_fraction_in_tiny_joint_state,chemistry|chemistry,False,0.09290709290709291,1.0,0.5759650185879694
294,2_01220,2,chem_discordantly elevated bun|chem_hypercholesterolemia,chem_discordantly_elevated_BUN|chem_hypercholesterolemia,5.4286982444830665,0.025132862242977158,2,108,contingency_likelihood_ratio_G,empty_joint_state;joint_state_n_lt_3;joint_state_n_lt_5;apparent_extreme_fraction_in_tiny_joint_state,chemistry|chemistry,False,0.1068931068931069,1.0,0.5759650185879694
295,2_01221,2,chem_discordantly elevated bun|chem_hypercalcemia,chem_discordantly_elevated_BUN|chem_hypercalcemia,5.4286982444830665,0.025132862242977158,2,108,contingency_likelihood_ratio_G,empty_joint_state;joint_state_n_lt_3;joint_state_n_lt_5;apparent_extreme_fraction_in_tiny_joint_state,chemistry|chemistry,False,0.1068931068931069,1.0,0.5759650185879694
296,2_01224,2,chem_hyperglycemia|chem_hypercholesterolemia,chem_hyperglycemia|chem_hypercholesterolemia,5.4286982444830665,0.025132862242977158,2,108,contingency_likelihood_ratio_G,empty_joint_state;joint_state_n_lt_3;joint_state_n_lt_5;apparent_extreme_fraction_in_tiny_joint_state,chemistry|chemistry,False,0.0919080919080919,1.0,0.5759650185879694
297,2_01225,2,chem_hyperglycemia|chem_hypercalcemia,chem_hyperglycemia|chem_hypercalcemia,5.4286982444830665,0.025132862242977158,2,108,contingency_likelihood_ratio_G,empty_joint_state;joint_state_n_lt_3;joint_state_n_lt_5;apparent_extreme_fraction_in_tiny_joint_state,chemistry|chemistry,False,0.0919080919080919,1.0,0.5759650185879694
298,2_00951,2,CBC_neutrophilia|CBC_basophilia,CBC_neutrophilia|CBC_basophilia,5.4183282742857655,0.025084853121693357,3,108,contingency_likelihood_ratio_G,joint_state_n_lt_3;joint_state_n_lt_5;apparent_extreme_fraction_in_tiny_joint_state,CBC|CBC,False,0.2127872127872128,1.0,0.6526414761708879
299,2_00865,2,AUS_splenomegaly|chem_no abnormalities,AUS_splenomegaly|chem_no_abnormalities,5.3937570809170765,0.024971097596838316,3,108,contingency_likelihood_ratio_G,,AUS|chemistry,False,0.1958041958041958,1.0,0.6292249417249417
300,2_00195,2,tli_high|clinical signs_none,tli_high|clinical_signs_none_reported,5.372704899874779,0.03087761436709643,3,87,contingency_likelihood_ratio_G,joint_state_n_lt_5,GI panel|clinical signs,False,0.16983016983016982,1.0,0.6145760397959811
301,2_00301,2,breed_group|AUS_gall bladder sludge,breed_group|AUS_gall_bladder_sludge,5.349670681243425,0.024766993894645487,6,108,contingency_likelihood_ratio_G,joint_state_n_lt_3;joint_state_n_lt_5;apparent_extreme_fraction_in_tiny_joint_state,demographic|AUS,False,0.6153846153846154,1.0,0.9387537402065247
302,2_00187,2,folate_low|chem_discordantly elevated bun,folate_low|chem_discordantly_elevated_BUN,5.33349072830956,0.02963050404616422,2,90,contingency_likelihood_ratio_G,empty_joint_state;joint_state_n_lt_3;joint_state_n_lt_5;apparent_extreme_fraction_in_tiny_joint_state,GI panel|chemistry,False,0.07692307692307693,1.0,0.5759650185879694
303,2_00826,2,AUS_enlarged pancreas|CBC_no abnormalities,AUS_enlarged_pancreas|CBC_no_abnormalities,5.306133503438195,0.02456543288628794,3,108,contingency_likelihood_ratio_G,,AUS|CBC,False,0.16583416583416583,1.0,0.6108965218757504
304,2_00221,2,tli_high|CBC_lymphopenia,tli_high|CBC_lymphopenia,5.293263679885479,0.03042105563152574,3,87,contingency_likelihood_ratio_G,joint_state_n_lt_3;joint_state_n_lt_5;apparent_extreme_fraction_in_tiny_joint_state,GI panel|CBC,False,0.19480519480519481,1.0,0.6292249417249417
305,2_00441,2,clinical signs_diarrhea|chem_azotemia,clinical_signs_diarrhea|chem_azotemia,5.291480917618881,0.024497596840828154,3,108,contingency_likelihood_ratio_G,joint_state_n_lt_5;apparent_extreme_fraction_in_tiny_joint_state,clinical signs|chemistry,False,0.1878121878121878,1.0,0.6278284050167339
306,2_00289,2,breed_group|clinical signs_hairball obstruction,breed_group|clinical_signs_hairball_obstruction,5.280626627717753,0.0244473454986933,4,108,contingency_likelihood_ratio_G,joint_state_n_lt_5;apparent_extreme_fraction_in_tiny_joint_state,demographic|clinical signs,False,0.3206793206793207,1.0,0.7789729955084286
307,2_00395,2,clinical signs_vomiting|chem_decreased alt,clinical_signs_vomiting|chem_decreased_ALT,5.238967998547769,0.02425448147475819,2,108,contingency_likelihood_ratio_G,empty_joint_state;joint_state_n_lt_3;joint_state_n_lt_5;apparent_extreme_fraction_in_tiny_joint_state,clinical signs|chemistry,False,0.08691308691308691,1.0,0.5759650185879694
308,2_00402,2,clinical signs_vomiting|chem_hyperglycemia,clinical_signs_vomiting|chem_hyperglycemia,5.238967998547769,0.02425448147475819,2,108,contingency_likelihood_ratio_G,empty_joint_state;joint_state_n_lt_3;joint_state_n_lt_5;apparent_extreme_fraction_in_tiny_joint_state,clinical signs|chemistry,False,0.0899100899100899,1.0,0.5759650185879694
309,2_00768,2,AUS_mesenteric lymphadenopathy|CBC_neutrophilia,AUS_mesenteric_lymphadenopathy|CBC_neutrophilia,5.22347205083969,0.024182740976109677,2,108,contingency_likelihood_ratio_G,empty_joint_state;joint_state_n_lt_3;joint_state_n_lt_5;apparent_extreme_fraction_in_tiny_joint_state,AUS|CBC,False,0.0959040959040959,1.0,0.5759650185879694
310,2_00788,2,AUS_mesenteric lymphadenopathy|chem_hyperglycemia,AUS_mesenteric_lymphadenopathy|chem_hyperglycemia,5.22347205083969,0.024182740976109677,2,108,contingency_likelihood_ratio_G,empty_joint_state;joint_state_n_lt_3;joint_state_n_lt_5;apparent_extreme_fraction_in_tiny_joint_state,AUS|chemistry,False,0.1018981018981019,1.0,0.5759650185879694
311,2_00259,2,pli_abn|CBC_neutrophilia,pli_abn|CBC_neutrophilia,5.206987521113008,0.03027318326228493,2,86,contingency_likelihood_ratio_G,empty_joint_state;joint_state_n_lt_3;joint_state_n_lt_5;apparent_extreme_fraction_in_tiny_joint_state,GI panel|CBC,False,0.0969030969030969,1.0,0.5759650185879694
312,2_00146,2,folate_low|tli_high,folate_low|tli_high,5.20182026860003,0.029895518785057643,3,87,contingency_likelihood_ratio_G,joint_state_n_lt_3;joint_state_n_lt_5;apparent_extreme_fraction_in_tiny_joint_state,GI panel|GI panel,False,0.21878121878121878,1.0,0.6535151595392559
313,2_00452,2,clinical signs_hyporexia|AUS_duodenum,clinical_signs_hyporexia|AUS_duodenal_thickening,5.200943906112535,0.024078444009780254,3,108,contingency_likelihood_ratio_G,,clinical signs|AUS,False,0.21478521478521478,1.0,0.6526414761708879
314,2_00407,2,clinical signs_diarrhea|clinical signs_hyporexia,clinical_signs_diarrhea|clinical_signs_hyporexia,5.198224910045686,0.02406585606502632,3,108,contingency_likelihood_ratio_G,joint_state_n_lt_3;joint_state_n_lt_5;apparent_extreme_fraction_in_tiny_joint_state,clinical signs|clinical signs,False,0.23476523476523475,1.0,0.6721584679821339
315,2_00306,2,breed_group|CBC_eosinopenia,breed_group|CBC_eosinopenia,5.194652971548113,0.024049319312722743,4,108,contingency_likelihood_ratio_G,joint_state_n_lt_3;joint_state_n_lt_5;apparent_extreme_fraction_in_tiny_joint_state,demographic|CBC,False,0.2917082917082917,1.0,0.7406749628971852
316,2_00319,2,breed_group|chem_elevated alp,breed_group|chem_elevated_ALP,5.194652971548113,0.024049319312722743,4,108,contingency_likelihood_ratio_G,joint_state_n_lt_3;joint_state_n_lt_5;apparent_extreme_fraction_in_tiny_joint_state,demographic|chemistry,False,0.2917082917082917,1.0,0.7406749628971852
317,2_00466,2,clinical signs_hyporexia|CBC_eosinopenia,clinical_signs_hyporexia|CBC_eosinopenia,5.190681504088406,0.024030932889298178,2,108,contingency_likelihood_ratio_G,empty_joint_state;joint_state_n_lt_3;joint_state_n_lt_5;apparent_extreme_fraction_in_tiny_joint_state,clinical signs|CBC,False,0.07992007992007992,1.0,0.5759650185879694
318,2_00479,2,clinical signs_hyporexia|chem_elevated alp,clinical_signs_hyporexia|chem_elevated_ALP,5.190681504088406,0.024030932889298178,2,108,contingency_likelihood_ratio_G,empty_joint_state;joint_state_n_lt_3;joint_state_n_lt_5;apparent_extreme_fraction_in_tiny_joint_state,clinical signs|chemistry,False,0.07592407592407592,1.0,0.5759650185879694
319,2_00207,2,tli_high|AUS_mesenteric lymphadenopathy,tli_high|AUS_mesenteric_lymphadenopathy,5.178381622888863,0.02976081392464864,3,87,contingency_likelihood_ratio_G,,GI panel|AUS,False,0.1878121878121878,1.0,0.6278284050167339
320,2_00856,2,AUS_splenomegaly|CBC_neutropenia,AUS_splenomegaly|CBC_neutropenia,5.176946269744734,0.023967343841410808,3,108,contingency_likelihood_ratio_G,joint_state_n_lt_3;joint_state_n_lt_5;apparent_extreme_fraction_in_tiny_joint_state,AUS|CBC,False,0.16383616383616384,1.0,0.6107970579269673
321,2_00908,2,AUS_gall bladder sludge|CBC_neutrophilia,AUS_gall_bladder_sludge|CBC_neutrophilia,5.148770262397598,0.02383689936295184,2,108,contingency_likelihood_ratio_G,empty_joint_state;joint_state_n_lt_3;joint_state_n_lt_5;apparent_extreme_fraction_in_tiny_joint_state,AUS|CBC,False,0.1088911088911089,1.0,0.5759650185879694
322,2_00921,2,AUS_gall bladder sludge|chem_decreased alt,AUS_gall_bladder_sludge|chem_decreased_ALT,5.148770262397598,0.02383689936295184,2,108,contingency_likelihood_ratio_G,empty_joint_state;joint_state_n_lt_3;joint_state_n_lt_5;apparent_extreme_fraction_in_tiny_joint_state,AUS|chemistry,False,0.1018981018981019,1.0,0.5759650185879694
323,2_00927,2,AUS_gall bladder sludge|chem_discordantly elevated bun,AUS_gall_bladder_sludge|chem_discordantly_elevated_BUN,5.148770262397598,0.02383689936295184,2,108,contingency_likelihood_ratio_G,empty_joint_state;joint_state_n_lt_3;joint_state_n_lt_5;apparent_extreme_fraction_in_tiny_joint_state,AUS|chemistry,False,0.10789210789210789,1.0,0.5759650185879694
324,2_00928,2,AUS_gall bladder sludge|chem_hyperglycemia,AUS_gall_bladder_sludge|chem_hyperglycemia,5.148770262397598,0.02383689936295184,2,108,contingency_likelihood_ratio_G,empty_joint_state;joint_state_n_lt_3;joint_state_n_lt_5;apparent_extreme_fraction_in_tiny_joint_state,AUS|chemistry,False,0.10989010989010989,1.0,0.5759650185879694
325,2_00109,2,folate_high|AUS_no abnormalities,folate_high|AUS_no_abnormalities,5.1306294085244195,0.028503496714024554,3,90,contingency_likelihood_ratio_G,joint_state_n_lt_3;joint_state_n_lt_5;apparent_extreme_fraction_in_tiny_joint_state,GI panel|AUS,False,0.18181818181818182,1.0,0.6278284050167339
326,2_00836,2,AUS_enlarged pancreas|CBC_anemia,AUS_enlarged_pancreas|CBC_anemia,5.129979028893307,0.023749902911543087,2,108,contingency_likelihood_ratio_G,empty_joint_state;joint_state_n_lt_5,AUS|CBC,False,0.08291708291708291,1.0,0.5759650185879694
327,2_00522,2,clinical signs_weight loss|chem_hyperglycemia,clinical_signs_weight_loss|chem_hyperglycemia,5.116533258504622,0.023687653974558433,2,108,contingency_likelihood_ratio_G,empty_joint_state;joint_state_n_lt_3;joint_state_n_lt_5;apparent_extreme_fraction_in_tiny_joint_state,clinical signs|chemistry,False,0.0899100899100899,1.0,0.5759650185879694
328,2_00700,2,AUS_ileum|AUS_enlarged pancreas,AUS_ileal_thickening|AUS_enlarged_pancreas,5.113902681061598,0.023675475375285176,3,108,contingency_likelihood_ratio_G,,AUS|AUS,False,0.18981018981018982,1.0,0.6278284050167339
329,2_00718,2,AUS_ileum|chem_decreased alt,AUS_ileal_thickening|chem_decreased_ALT,5.112561437128843,0.023669265912633533,2,108,contingency_likelihood_ratio_G,empty_joint_state;joint_state_n_lt_3;joint_state_n_lt_5;apparent_extreme_fraction_in_tiny_joint_state,AUS|chemistry,False,0.11388611388611389,1.0,0.5759650185879694
330,2_00237,2,tli_high|chem_hypokalemia,tli_high|chem_hypokalemia,5.103820798545429,0.029332303439916257,3,87,contingency_likelihood_ratio_G,joint_state_n_lt_3;joint_state_n_lt_5;apparent_extreme_fraction_in_tiny_joint_state,GI panel|chemistry,False,0.23376623376623376,1.0,0.6708547266686802
331,2_00134,2,folate_high|chem_decreased alt,folate_high|chem_decreased_ALT,5.09756341481977,0.028319796748998722,2,90,contingency_likelihood_ratio_G,empty_joint_state;joint_state_n_lt_3;joint_state_n_lt_5;apparent_extreme_fraction_in_tiny_joint_state,GI panel|chemistry,False,0.1018981018981019,1.0,0.5759650185879694
332,2_00658,2,AUS_duodenum|chem_hyperglycemia,AUS_duodenal_thickening|chem_hyperglycemia,5.081987624172318,0.02352772048227925,2,108,contingency_likelihood_ratio_G,empty_joint_state;joint_state_n_lt_3;joint_state_n_lt_5;apparent_extreme_fraction_in_tiny_joint_state,AUS|chemistry,False,0.11188811188811189,1.0,0.5759650185879694
333,2_00481,2,clinical signs_hyporexia|chem_azotemia,clinical_signs_hyporexia|chem_azotemia,5.0793755252008435,0.023515627431485386,3,108,contingency_likelihood_ratio_G,joint_state_n_lt_3;joint_state_n_lt_5;apparent_extreme_fraction_in_tiny_joint_state,clinical signs|chemistry,False,0.21878121878121878,1.0,0.6535151595392559
334,2_00327,2,breed_group|chem_hypophosphatemia,breed_group|chem_hypophosphatemia,5.071645278540487,0.023479839252502254,5,108,contingency_likelihood_ratio_G,joint_state_n_lt_3;joint_state_n_lt_5;apparent_extreme_fraction_in_tiny_joint_state,demographic|chemistry,False,0.5034965034965035,1.0,0.924131983124789
335,2_00272,2,pli_abn|chem_decreased alt,pli_abn|chem_decreased_ALT,5.071345661957833,0.029484567802080426,3,86,contingency_likelihood_ratio_G,joint_state_n_lt_3;joint_state_n_lt_5;apparent_extreme_fraction_in_tiny_joint_state,GI panel|chemistry,False,0.16983016983016982,1.0,0.6145760397959811
336,2_01043,2,CBC_basophilia|chem_no abnormalities,CBC_basophilia|chem_no_abnormalities,5.071250497756556,0.02347801156368776,3,108,contingency_likelihood_ratio_G,joint_state_n_lt_3;joint_state_n_lt_5;apparent_extreme_fraction_in_tiny_joint_state,CBC|chemistry,False,0.2077922077922078,1.0,0.6410389610389611
337,2_00962,2,CBC_neutrophilia|chem_elevated ast,CBC_neutrophilia|chem_elevated_AST,5.054584932814232,0.02340085617043626,2,108,contingency_likelihood_ratio_G,empty_joint_state;joint_state_n_lt_3;joint_state_n_lt_5;apparent_extreme_fraction_in_tiny_joint_state,CBC|chemistry,False,0.1838161838161838,1.0,0.6278284050167339
338,2_01169,2,chem_decreased alt|chem_elevated ast,chem_decreased_ALT|chem_elevated_AST,5.054584932814232,0.02340085617043626,2,108,contingency_likelihood_ratio_G,empty_joint_state;joint_state_n_lt_3;joint_state_n_lt_5;apparent_extreme_fraction_in_tiny_joint_state,chemistry|chemistry,False,0.1888111888111888,1.0,0.6278284050167339
339,2_01192,2,chem_elevated ast|chem_discordantly elevated bun,chem_elevated_AST|chem_discordantly_elevated_BUN,5.054584932814232,0.02340085617043626,2,108,contingency_likelihood_ratio_G,empty_joint_state;joint_state_n_lt_3;joint_state_n_lt_5;apparent_extreme_fraction_in_tiny_joint_state,chemistry|chemistry,False,0.2037962037962038,1.0,0.6410389610389611
340,2_01193,2,chem_elevated ast|chem_hyperglycemia,chem_elevated_AST|chem_hyperglycemia,5.054584932814232,0.02340085617043626,2,108,contingency_likelihood_ratio_G,empty_joint_state;joint_state_n_lt_3;joint_state_n_lt_5;apparent_extreme_fraction_in_tiny_joint_state,chemistry|chemistry,False,0.18581418581418582,1.0,0.6278284050167339
341,2_00942,2,CBC_no abnormalities|chem_discordantly elevated bun,CBC_no_abnormalities|chem_discordantly_elevated_BUN,5.049903877575888,0.02337918461840689,2,108,contingency_likelihood_ratio_G,empty_joint_state;joint_state_n_lt_3;joint_state_n_lt_5;apparent_extreme_fraction_in_tiny_joint_state,CBC|chemistry,False,0.1108891108891109,1.0,0.5759650185879694
342,2_00943,2,CBC_no abnormalities|chem_hyperglycemia,CBC_no_abnormalities|chem_hyperglycemia,5.049903877575888,0.02337918461840689,2,108,contingency_likelihood_ratio_G,empty_joint_state;joint_state_n_lt_3;joint_state_n_lt_5;apparent_extreme_fraction_in_tiny_joint_state,CBC|chemistry,False,0.10589410589410589,1.0,0.5759650185879694
343,2_00692,2,AUS_jejunum|chem_hyperglycemia,AUS_jejunal_thickening|chem_hyperglycemia,5.0387155615486865,0.023327386859021696,2,108,contingency_likelihood_ratio_G,empty_joint_state;joint_state_n_lt_3;joint_state_n_lt_5;apparent_extreme_fraction_in_tiny_joint_state,AUS|chemistry,False,0.0899100899100899,1.0,0.5759650185879694
344,2_00957,2,CBC_neutrophilia|chem_no abnormalities,CBC_neutrophilia|chem_no_abnormalities,5.030362545171736,0.023288715486906187,2,108,contingency_likelihood_ratio_G,empty_joint_state;joint_state_n_lt_3;joint_state_n_lt_5;apparent_extreme_fraction_in_tiny_joint_state,CBC|chemistry,False,0.12287712287712288,1.0,0.5817553233283571
345,2_00168,2,folate_low|CBC_neutrophilia,folate_low|CBC_neutrophilia,5.021239681222483,0.027895776006791575,2,90,contingency_likelihood_ratio_G,empty_joint_state;joint_state_n_lt_3;joint_state_n_lt_5;apparent_extreme_fraction_in_tiny_joint_state,GI panel|CBC,False,0.13486513486513488,1.0,0.5822516245969015
346,2_00181,2,folate_low|chem_decreased alt,folate_low|chem_decreased_ALT,5.021239681222483,0.027895776006791575,2,90,contingency_likelihood_ratio_G,empty_joint_state;joint_state_n_lt_3;joint_state_n_lt_5;apparent_extreme_fraction_in_tiny_joint_state,GI panel|chemistry,False,0.13486513486513488,1.0,0.5822516245969015
347,2_00961,2,CBC_neutrophilia|chem_elevated alt,CBC_neutrophilia|chem_elevated_ALT,5.018208076140077,0.0232324447969448,2,108,contingency_likelihood_ratio_G,empty_joint_state;joint_state_n_lt_3;joint_state_n_lt_5;apparent_extreme_fraction_in_tiny_joint_state,CBC|chemistry,False,0.11188811188811189,1.0,0.5759650185879694
348,2_01168,2,chem_decreased alt|chem_elevated alt,chem_decreased_ALT|chem_elevated_ALT,5.018208076140077,0.0232324447969448,2,108,contingency_likelihood_ratio_G,empty_joint_state;joint_state_n_lt_3;joint_state_n_lt_5;apparent_extreme_fraction_in_tiny_joint_state,chemistry|chemistry,False,0.10589410589410589,1.0,0.5759650185879694
349,2_01183,2,chem_elevated alt|chem_discordantly elevated bun,chem_elevated_ALT|chem_discordantly_elevated_BUN,5.018208076140077,0.0232324447969448,2,108,contingency_likelihood_ratio_G,empty_joint_state;joint_state_n_lt_3;joint_state_n_lt_5;apparent_extreme_fraction_in_tiny_joint_state,chemistry|chemistry,False,0.12487512487512488,1.0,0.5817553233283571
350,2_01184,2,chem_elevated alt|chem_hyperglycemia,chem_elevated_ALT|chem_hyperglycemia,5.018208076140077,0.0232324447969448,2,108,contingency_likelihood_ratio_G,empty_joint_state;joint_state_n_lt_3;joint_state_n_lt_5;apparent_extreme_fraction_in_tiny_joint_state,chemistry|chemistry,False,0.11788211788211789,1.0,0.579839133198817
351,2_01144,2,chem_hypoproteinemia|chem_decreased alt,chem_hypoproteinemia|chem_decreased_ALT,4.984367518388387,0.023075775548094386,3,108,contingency_likelihood_ratio_G,joint_state_n_lt_3;joint_state_n_lt_5;apparent_extreme_fraction_in_tiny_joint_state,chemistry|chemistry,False,0.20279720279720279,1.0,0.6410389610389611
352,2_01226,2,chem_hyperglycemia|chem_hypokalemia,chem_hyperglycemia|chem_hypokalemia,4.984367518388387,0.023075775548094386,3,108,contingency_likelihood_ratio_G,joint_state_n_lt_3;joint_state_n_lt_5;apparent_extreme_fraction_in_tiny_joint_state,chemistry|chemistry,False,0.22977022977022976,1.0,0.6671446200857966
353,2_00092,2,cobalamin_low|chem_azotemia,cobalamin_low|chem_azotemia,4.982473623286396,0.02768040901825776,3,90,contingency_likelihood_ratio_G,,GI panel|chemistry,False,0.23576423576423577,1.0,0.6734561734561735
354,2_00203,2,tli_high|AUS_duodenum,tli_high|AUS_duodenal_thickening,4.980727348952255,0.028624869821564685,3,87,contingency_likelihood_ratio_G,,GI panel|AUS,False,0.2077922077922078,1.0,0.6410389610389611
355,2_00501,2,clinical signs_weight loss|CBC_no abnormalities,clinical_signs_weight_loss|CBC_no_abnormalities,4.965575213954602,0.02298877413867871,3,108,contingency_likelihood_ratio_G,,clinical signs|CBC,False,0.2057942057942058,1.0,0.6410389610389611
356,2_00199,2,tli_high|clinical signs_weight loss,tli_high|clinical_signs_weight_loss,4.958759158488074,0.028498615853379736,3,87,contingency_likelihood_ratio_G,,GI panel|clinical signs,False,0.1958041958041958,1.0,0.6292249417249417
357,2_00236,2,tli_high|chem_hypercalcemia,tli_high|chem_hypercalcemia,4.936652719563621,0.028371567353813913,2,87,contingency_likelihood_ratio_G,empty_joint_state;joint_state_n_lt_3;joint_state_n_lt_5;apparent_extreme_fraction_in_tiny_joint_state,GI panel|chemistry,False,0.07292707292707293,1.0,0.5759650185879694
358,2_00902,2,AUS_ileus|chem_hyperglycemia,AUS_ileus|chem_hyperglycemia,4.934119958284465,0.02284314795502067,2,108,contingency_likelihood_ratio_G,empty_joint_state;joint_state_n_lt_3;joint_state_n_lt_5;apparent_extreme_fraction_in_tiny_joint_state,AUS|chemistry,False,0.18181818181818182,1.0,0.6278284050167339
359,2_01005,2,CBC_eosinophilia|chem_decreased alt,CBC_eosinophilia|chem_decreased_ALT,4.934119958284465,0.02284314795502067,2,108,contingency_likelihood_ratio_G,empty_joint_state;joint_state_n_lt_3;joint_state_n_lt_5;apparent_extreme_fraction_in_tiny_joint_state,CBC|chemistry,False,0.21578421578421578,1.0,0.6526414761708879
360,2_00213,2,tli_high|CBC_no abnormalities,tli_high|CBC_no_abnormalities,4.933196137194393,0.02835170193789881,3,87,contingency_likelihood_ratio_G,,GI panel|CBC,False,0.2017982017982018,1.0,0.6410389610389611
361,2_00211,2,tli_high|AUS_ileus,tli_high|AUS_ileus,4.92636700128606,0.028312454030379654,2,87,contingency_likelihood_ratio_G,empty_joint_state;joint_state_n_lt_5;apparent_extreme_fraction_in_tiny_joint_state,GI panel|AUS,False,0.1008991008991009,1.0,0.5759650185879694
362,2_00307,2,breed_group|CBC_basophilia,breed_group|CBC_basophilia,4.899799376215178,0.022684256371366566,5,108,contingency_likelihood_ratio_G,joint_state_n_lt_3;joint_state_n_lt_5;apparent_extreme_fraction_in_tiny_joint_state,demographic|CBC,False,0.5204795204795205,1.0,0.924131983124789
363,2_01122,2,CBC_monocytosis|chem_discordantly elevated bun,CBC_monocytosis|chem_discordantly_elevated_BUN,4.884236278751538,0.02261220499422008,2,108,contingency_likelihood_ratio_G,empty_joint_state;joint_state_n_lt_3;joint_state_n_lt_5;apparent_extreme_fraction_in_tiny_joint_state,CBC|chemistry,False,0.12487512487512488,1.0,0.5817553233283571
364,2_01123,2,CBC_monocytosis|chem_hyperglycemia,CBC_monocytosis|chem_hyperglycemia,4.884236278751538,0.02261220499422008,2,108,contingency_likelihood_ratio_G,empty_joint_state;joint_state_n_lt_3;joint_state_n_lt_5;apparent_extreme_fraction_in_tiny_joint_state,CBC|chemistry,False,0.11288711288711288,1.0,0.5759650185879694
365,2_00462,2,clinical signs_hyporexia|CBC_no abnormalities,clinical_signs_hyporexia|CBC_no_abnormalities,4.852375873792235,0.022464703119408496,3,108,contingency_likelihood_ratio_G,joint_state_n_lt_5;apparent_extreme_fraction_in_tiny_joint_state,clinical signs|CBC,False,0.23376623376623376,1.0,0.6708547266686802
366,2_01172,2,chem_decreased alt|chem_azotemia,chem_decreased_ALT|chem_azotemia,4.806089906646163,0.022250416234472974,2,108,contingency_likelihood_ratio_G,empty_joint_state;joint_state_n_lt_3;joint_state_n_lt_5;apparent_extreme_fraction_in_tiny_joint_state,chemistry|chemistry,False,0.12087912087912088,1.0,0.5817553233283571
367,2_01213,2,chem_azotemia|chem_discordantly elevated bun,chem_azotemia|chem_discordantly_elevated_BUN,4.806089906646163,0.022250416234472974,2,108,contingency_likelihood_ratio_G,empty_joint_state;joint_state_n_lt_3;joint_state_n_lt_5;apparent_extreme_fraction_in_tiny_joint_state,chemistry|chemistry,False,0.12987012987012986,1.0,0.5822516245969015
368,2_01214,2,chem_azotemia|chem_hyperglycemia,chem_azotemia|chem_hyperglycemia,4.806089906646163,0.022250416234472974,2,108,contingency_likelihood_ratio_G,empty_joint_state;joint_state_n_lt_3;joint_state_n_lt_5;apparent_extreme_fraction_in_tiny_joint_state,chemistry|chemistry,False,0.11988011988011989,1.0,0.5801257565963449
369,2_00052,2,cobalamin_low|tli_high,cobalamin_low|tli_high,4.791779304392518,0.02753896151949723,3,87,contingency_likelihood_ratio_G,,GI panel|GI panel,False,0.2037962037962038,1.0,0.6410389610389611
370,2_00705,2,AUS_ileum|CBC_neutrophilia,AUS_ileal_thickening|CBC_neutrophilia,4.780947267153291,0.02213401512570968,3,108,contingency_likelihood_ratio_G,joint_state_n_lt_3;joint_state_n_lt_5;apparent_extreme_fraction_in_tiny_joint_state,AUS|CBC,False,0.2017982017982018,1.0,0.6410389610389611
371,2_00798,2,AUS_chronic degenerative renal changes|CBC_neutrophilia,AUS_chronic_degenerative_renal_changes|CBC_neutrophilia,4.7683150021787215,0.02207553241749408,2,108,contingency_likelihood_ratio_G,empty_joint_state;joint_state_n_lt_3;joint_state_n_lt_5;apparent_extreme_fraction_in_tiny_joint_state,AUS|CBC,False,0.15084915084915085,1.0,0.58758064365541
372,2_00811,2,AUS_chronic degenerative renal changes|chem_decreased alt,AUS_chronic_degenerative_renal_changes|chem_decreased_ALT,4.7683150021787215,0.02207553241749408,2,108,contingency_likelihood_ratio_G,empty_joint_state;joint_state_n_lt_3;joint_state_n_lt_5;apparent_extreme_fraction_in_tiny_joint_state,AUS|chemistry,False,0.15784215784215785,1.0,0.5993145316222239
373,2_00818,2,AUS_chronic degenerative renal changes|chem_hyperglycemia,AUS_chronic_degenerative_renal_changes|chem_hyperglycemia,4.7683150021787215,0.02207553241749408,2,108,contingency_likelihood_ratio_G,empty_joint_state;joint_state_n_lt_3;joint_state_n_lt_5;apparent_extreme_fraction_in_tiny_joint_state,AUS|chemistry,False,0.14485514485514486,1.0,0.5822516245969015
374,2_00200,2,tli_high|clinical signs_hairball obstruction,tli_high|clinical_signs_hairball_obstruction,4.762169271534733,0.02736878891686628,2,87,contingency_likelihood_ratio_G,empty_joint_state;joint_state_n_lt_3;joint_state_n_lt_5;apparent_extreme_fraction_in_tiny_joint_state,GI panel|clinical signs,False,0.14585414585414586,1.0,0.5843636882597922
375,2_00229,2,tli_high|chem_elevated ast,tli_high|chem_elevated_AST,4.762169271534733,0.02736878891686628,2,87,contingency_likelihood_ratio_G,empty_joint_state;joint_state_n_lt_3;joint_state_n_lt_5;apparent_extreme_fraction_in_tiny_joint_state,GI panel|chemistry,False,0.13886113886113885,1.0,0.5822516245969015
376,2_00603,2,AUS_no abnormalities|CBC_neutrophilia,AUS_no_abnormalities|CBC_neutrophilia,4.760809741719445,0.022040785841293726,2,108,contingency_likelihood_ratio_G,empty_joint_state;joint_state_n_lt_3;joint_state_n_lt_5;apparent_extreme_fraction_in_tiny_joint_state,AUS|CBC,False,0.13186813186813187,1.0,0.5822516245969015
377,2_00616,2,AUS_no abnormalities|chem_decreased alt,AUS_no_abnormalities|chem_decreased_ALT,4.760809741719445,0.022040785841293726,2,108,contingency_likelihood_ratio_G,empty_joint_state;joint_state_n_lt_3;joint_state_n_lt_5;apparent_extreme_fraction_in_tiny_joint_state,AUS|chemistry,False,0.13286713286713286,1.0,0.5822516245969015
378,2_00622,2,AUS_no abnormalities|chem_discordantly elevated bun,AUS_no_abnormalities|chem_discordantly_elevated_BUN,4.760809741719445,0.022040785841293726,2,108,contingency_likelihood_ratio_G,empty_joint_state;joint_state_n_lt_3;joint_state_n_lt_5;apparent_extreme_fraction_in_tiny_joint_state,AUS|chemistry,False,0.14485514485514486,1.0,0.5822516245969015
379,2_00623,2,AUS_no abnormalities|chem_hyperglycemia,AUS_no_abnormalities|chem_hyperglycemia,4.760809741719445,0.022040785841293726,2,108,contingency_likelihood_ratio_G,empty_joint_state;joint_state_n_lt_3;joint_state_n_lt_5;apparent_extreme_fraction_in_tiny_joint_state,AUS|chemistry,False,0.13686313686313686,1.0,0.5822516245969015
380,2_00948,2,CBC_neutrophilia|CBC_neutropenia,CBC_neutrophilia|CBC_neutropenia,4.760809741719445,0.022040785841293726,2,108,contingency_likelihood_ratio_G,empty_joint_state;joint_state_n_lt_3;joint_state_n_lt_5;apparent_extreme_fraction_in_tiny_joint_state,CBC|CBC,False,0.14485514485514486,1.0,0.5822516245969015
381,2_00983,2,CBC_neutropenia|chem_decreased alt,CBC_neutropenia|chem_decreased_ALT,4.760809741719445,0.022040785841293726,2,108,contingency_likelihood_ratio_G,empty_joint_state;joint_state_n_lt_3;joint_state_n_lt_5;apparent_extreme_fraction_in_tiny_joint_state,CBC|chemistry,False,0.14485514485514486,1.0,0.5822516245969015
382,2_00989,2,CBC_neutropenia|chem_discordantly elevated bun,CBC_neutropenia|chem_discordantly_elevated_BUN,4.760809741719445,0.022040785841293726,2,108,contingency_likelihood_ratio_G,empty_joint_state;joint_state_n_lt_3;joint_state_n_lt_5;apparent_extreme_fraction_in_tiny_joint_state,CBC|chemistry,False,0.17082917082917082,1.0,0.6145865796011568
383,2_00990,2,CBC_neutropenia|chem_hyperglycemia,CBC_neutropenia|chem_hyperglycemia,4.760809741719445,0.022040785841293726,2,108,contingency_likelihood_ratio_G,empty_joint_state;joint_state_n_lt_3;joint_state_n_lt_5;apparent_extreme_fraction_in_tiny_joint_state,CBC|chemistry,False,0.14985014985014986,1.0,0.58758064365541
384,2_00737,2,AUS_colon|CBC_neutrophilia,AUS_colonic_thickening|CBC_neutrophilia,4.756212670638122,0.022019503104806118,2,108,contingency_likelihood_ratio_G,empty_joint_state;joint_state_n_lt_3;joint_state_n_lt_5;apparent_extreme_fraction_in_tiny_joint_state,AUS|CBC,False,0.16683316683316685,1.0,0.6108965218757504
385,2_00750,2,AUS_colon|chem_decreased alt,AUS_colonic_thickening|chem_decreased_ALT,4.756212670638122,0.022019503104806118,2,108,contingency_likelihood_ratio_G,empty_joint_state;joint_state_n_lt_3;joint_state_n_lt_5;apparent_extreme_fraction_in_tiny_joint_state,AUS|chemistry,False,0.16483516483516483,1.0,0.6108965218757504
386,2_00756,2,AUS_colon|chem_discordantly elevated bun,AUS_colonic_thickening|chem_discordantly_elevated_BUN,4.756212670638122,0.022019503104806118,2,108,contingency_likelihood_ratio_G,empty_joint_state;joint_state_n_lt_3;joint_state_n_lt_5;apparent_extreme_fraction_in_tiny_joint_state,AUS|chemistry,False,0.17282717282717283,1.0,0.6199672420602653
387,2_00757,2,AUS_colon|chem_hyperglycemia,AUS_colonic_thickening|chem_hyperglycemia,4.756212670638122,0.022019503104806118,2,108,contingency_likelihood_ratio_G,empty_joint_state;joint_state_n_lt_3;joint_state_n_lt_5;apparent_extreme_fraction_in_tiny_joint_state,AUS|chemistry,False,0.15984015984015984,1.0,0.6013498696425525
388,2_00817,2,AUS_chronic degenerative renal changes|chem_discordantly elevated bun,AUS_chronic_degenerative_renal_changes|chem_discordantly_elevated_BUN,4.756212670638122,0.022019503104806118,3,108,contingency_likelihood_ratio_G,joint_state_n_lt_3;joint_state_n_lt_5;apparent_extreme_fraction_in_tiny_joint_state,AUS|chemistry,False,0.23176823176823177,1.0,0.6708547266686802
389,2_00459,2,clinical signs_hyporexia|AUS_splenomegaly,clinical_signs_hyporexia|AUS_splenomegaly,4.754313640955,0.022010711300717592,3,108,contingency_likelihood_ratio_G,joint_state_n_lt_3;joint_state_n_lt_5;apparent_extreme_fraction_in_tiny_joint_state,clinical signs|AUS,False,0.23776223776223776,1.0,0.6760336437755793
390,2_00751,2,AUS_colon|chem_elevated alt,AUS_colonic_thickening|chem_elevated_ALT,4.753812008131926,0.022008388926536695,3,108,contingency_likelihood_ratio_G,joint_state_n_lt_3;joint_state_n_lt_5;apparent_extreme_fraction_in_tiny_joint_state,AUS|chemistry,False,0.1958041958041958,1.0,0.6292249417249417
391,2_00634,2,AUS_duodenum|AUS_splenomegaly,AUS_duodenal_thickening|AUS_splenomegaly,4.752389274539256,0.022001802196941003,3,108,contingency_likelihood_ratio_G,joint_state_n_lt_5,AUS|AUS,False,0.2177822177822178,1.0,0.6535151595392559
392,2_00487,2,clinical signs_hyporexia|chem_hypophosphatemia,clinical_signs_hyporexia|chem_hypophosphatemia,4.746047547879478,0.021972442351293878,2,108,contingency_likelihood_ratio_G,empty_joint_state;joint_state_n_lt_3;joint_state_n_lt_5;apparent_extreme_fraction_in_tiny_joint_state,clinical signs|chemistry,False,0.1918081918081918,1.0,0.6278284050167339
393,2_00954,2,CBC_neutrophilia|CBC_lymphopenia,CBC_neutrophilia|CBC_lymphopenia,4.735165160198914,0.021922060926846825,2,108,contingency_likelihood_ratio_G,empty_joint_state;joint_state_n_lt_3;joint_state_n_lt_5;apparent_extreme_fraction_in_tiny_joint_state,CBC|CBC,False,0.21578421578421578,1.0,0.6526414761708879
394,2_00958,2,CBC_neutrophilia|chem_hypoproteinemia,CBC_neutrophilia|chem_hypoproteinemia,4.735165160198914,0.021922060926846825,2,108,contingency_likelihood_ratio_G,empty_joint_state;joint_state_n_lt_3;joint_state_n_lt_5;apparent_extreme_fraction_in_tiny_joint_state,CBC|chemistry,False,0.20679320679320679,1.0,0.6410389610389611
395,2_00970,2,CBC_neutrophilia|chem_hypokalemia,CBC_neutrophilia|chem_hypokalemia,4.735165160198914,0.021922060926846825,2,108,contingency_likelihood_ratio_G,empty_joint_state;joint_state_n_lt_3;joint_state_n_lt_5;apparent_extreme_fraction_in_tiny_joint_state,CBC|chemistry,False,0.23676323676323677,1.0,0.6747478849095477
396,2_01177,2,chem_decreased alt|chem_hypokalemia,chem_decreased_ALT|chem_hypokalemia,4.735165160198914,0.021922060926846825,2,108,contingency_likelihood_ratio_G,empty_joint_state;joint_state_n_lt_3;joint_state_n_lt_5;apparent_extreme_fraction_in_tiny_joint_state,chemistry|chemistry,False,0.24375624375624375,1.0,0.6836254654436472
397,2_01222,2,chem_discordantly elevated bun|chem_hypokalemia,chem_discordantly_elevated_BUN|chem_hypokalemia,4.735165160198914,0.021922060926846825,2,108,contingency_likelihood_ratio_G,empty_joint_state;joint_state_n_lt_3;joint_state_n_lt_5;apparent_extreme_fraction_in_tiny_joint_state,chemistry|chemistry,False,0.25074925074925075,1.0,0.6922250009498332
398,2_01100,2,CBC_lymphopenia|chem_decreased alt,CBC_lymphopenia|chem_decreased_ALT,4.735165160198913,0.021922060926846818,2,108,contingency_likelihood_ratio_G,empty_joint_state;joint_state_n_lt_3;joint_state_n_lt_5;apparent_extreme_fraction_in_tiny_joint_state,CBC|chemistry,False,0.21878121878121878,1.0,0.6535151595392559
399,2_01106,2,CBC_lymphopenia|chem_discordantly elevated bun,CBC_lymphopenia|chem_discordantly_elevated_BUN,4.735165160198913,0.021922060926846818,2,108,contingency_likelihood_ratio_G,empty_joint_state;joint_state_n_lt_3;joint_state_n_lt_5;apparent_extreme_fraction_in_tiny_joint_state,CBC|chemistry,False,0.2217782217782218,1.0,0.6578709751786675
400,2_01107,2,CBC_lymphopenia|chem_hyperglycemia,CBC_lymphopenia|chem_hyperglycemia,4.735165160198913,0.021922060926846818,2,108,contingency_likelihood_ratio_G,empty_joint_state;joint_state_n_lt_3;joint_state_n_lt_5;apparent_extreme_fraction_in_tiny_joint_state,CBC|chemistry,False,0.2077922077922078,1.0,0.6410389610389611
401,2_01150,2,chem_hypoproteinemia|chem_discordantly elevated bun,chem_hypoproteinemia|chem_discordantly_elevated_BUN,4.735165160198913,0.021922060926846818,2,108,contingency_likelihood_ratio_G,empty_joint_state;joint_state_n_lt_3;joint_state_n_lt_5;apparent_extreme_fraction_in_tiny_joint_state,chemistry|chemistry,False,0.21978021978021978,1.0,0.6535151595392559
402,2_01151,2,chem_hypoproteinemia|chem_hyperglycemia,chem_hypoproteinemia|chem_hyperglycemia,4.735165160198913,0.021922060926846818,2,108,contingency_likelihood_ratio_G,empty_joint_state;joint_state_n_lt_3;joint_state_n_lt_5;apparent_extreme_fraction_in_tiny_joint_state,chemistry|chemistry,False,0.2057942057942058,1.0,0.6410389610389611
403,2_01131,2,CBC_anemia|chem_decreased alt,CBC_anemia|chem_decreased_ALT,4.720066822032547,0.021852161213113643,2,108,contingency_likelihood_ratio_G,empty_joint_state;joint_state_n_lt_3;joint_state_n_lt_5;apparent_extreme_fraction_in_tiny_joint_state,CBC|chemistry,False,0.12687312687312688,1.0,0.5820127827562772
404,2_01137,2,CBC_anemia|chem_discordantly elevated bun,CBC_anemia|chem_discordantly_elevated_BUN,4.720066822032547,0.021852161213113643,2,108,contingency_likelihood_ratio_G,empty_joint_state;joint_state_n_lt_3;joint_state_n_lt_5;apparent_extreme_fraction_in_tiny_joint_state,CBC|chemistry,False,0.13786213786213786,1.0,0.5822516245969015
405,2_01138,2,CBC_anemia|chem_hyperglycemia,CBC_anemia|chem_hyperglycemia,4.720066822032547,0.021852161213113643,2,108,contingency_likelihood_ratio_G,empty_joint_state;joint_state_n_lt_3;joint_state_n_lt_5;apparent_extreme_fraction_in_tiny_joint_state,CBC|chemistry,False,0.12287712287712288,1.0,0.5817553233283571
406,2_00956,2,CBC_neutrophilia|CBC_anemia,CBC_neutrophilia|CBC_anemia,4.720066822032546,0.02185216121311364,2,108,contingency_likelihood_ratio_G,empty_joint_state;joint_state_n_lt_3;joint_state_n_lt_5;apparent_extreme_fraction_in_tiny_joint_state,CBC|CBC,False,0.12487512487512488,1.0,0.5817553233283571
407,2_01046,2,CBC_basophilia|chem_decreased alt,CBC_basophilia|chem_decreased_ALT,4.720066822032546,0.02185216121311364,2,108,contingency_likelihood_ratio_G,empty_joint_state;joint_state_n_lt_3;joint_state_n_lt_5;apparent_extreme_fraction_in_tiny_joint_state,CBC|chemistry,False,0.11388611388611389,1.0,0.5759650185879694
408,2_00340,2,clinical signs_none|CBC_neutrophilia,clinical_signs_none_reported|CBC_neutrophilia,4.715231558024075,0.02182977573159294,2,108,contingency_likelihood_ratio_G,empty_joint_state;joint_state_n_lt_3;joint_state_n_lt_5;apparent_extreme_fraction_in_tiny_joint_state,clinical signs|CBC,False,0.17882117882117882,1.0,0.6278284050167339
409,2_00353,2,clinical signs_none|chem_decreased alt,clinical_signs_none_reported|chem_decreased_ALT,4.715231558024075,0.02182977573159294,2,108,contingency_likelihood_ratio_G,empty_joint_state;joint_state_n_lt_3;joint_state_n_lt_5;apparent_extreme_fraction_in_tiny_joint_state,clinical signs|chemistry,False,0.17582417582417584,1.0,0.6252652246888559
410,2_00359,2,clinical signs_none|chem_discordantly elevated bun,clinical_signs_none_reported|chem_discordantly_elevated_BUN,4.715231558024075,0.02182977573159294,2,108,contingency_likelihood_ratio_G,empty_joint_state;joint_state_n_lt_3;joint_state_n_lt_5;apparent_extreme_fraction_in_tiny_joint_state,clinical signs|chemistry,False,0.1888111888111888,1.0,0.6278284050167339
411,2_00360,2,clinical signs_none|chem_hyperglycemia,clinical_signs_none_reported|chem_hyperglycemia,4.715231558024075,0.02182977573159294,2,108,contingency_likelihood_ratio_G,empty_joint_state;joint_state_n_lt_3;joint_state_n_lt_5;apparent_extreme_fraction_in_tiny_joint_state,clinical signs|chemistry,False,0.17582417582417584,1.0,0.6252652246888559
412,2_00965,2,CBC_neutrophilia|chem_azotemia,CBC_neutrophilia|chem_azotemia,4.711661309561261,0.02181324680352436,3,108,contingency_likelihood_ratio_G,joint_state_n_lt_3;joint_state_n_lt_5;apparent_extreme_fraction_in_tiny_joint_state,CBC|chemistry,False,0.22677322677322678,1.0,0.6631236062515684
413,2_00724,2,AUS_ileum|chem_discordantly elevated bun,AUS_ileal_thickening|chem_discordantly_elevated_BUN,4.711335235954642,0.021811737203493713,2,108,contingency_likelihood_ratio_G,empty_joint_state;joint_state_n_lt_3;joint_state_n_lt_5;apparent_extreme_fraction_in_tiny_joint_state,AUS|chemistry,False,0.14285714285714285,1.0,0.5822516245969015
414,2_00725,2,AUS_ileum|chem_hyperglycemia,AUS_ileal_thickening|chem_hyperglycemia,4.711335235954642,0.021811737203493713,2,108,contingency_likelihood_ratio_G,empty_joint_state;joint_state_n_lt_3;joint_state_n_lt_5;apparent_extreme_fraction_in_tiny_joint_state,AUS|chemistry,False,0.12787212787212787,1.0,0.5822516245969015
415,2_00936,2,CBC_no abnormalities|chem_decreased alt,CBC_no_abnormalities|chem_decreased_ALT,4.711224244167504,0.02181122335262733,2,108,contingency_likelihood_ratio_G,empty_joint_state;joint_state_n_lt_3;joint_state_n_lt_5;apparent_extreme_fraction_in_tiny_joint_state,CBC|chemistry,False,0.16383616383616384,1.0,0.6107970579269673
416,2_00672,2,AUS_jejunum|CBC_neutrophilia,AUS_jejunal_thickening|CBC_neutrophilia,4.70931697916453,0.02180239342205801,2,108,contingency_likelihood_ratio_G,empty_joint_state;joint_state_n_lt_3;joint_state_n_lt_5;apparent_extreme_fraction_in_tiny_joint_state,AUS|CBC,False,0.13786213786213786,1.0,0.5822516245969015
417,2_00685,2,AUS_jejunum|chem_decreased alt,AUS_jejunal_thickening|chem_decreased_ALT,4.70931697916453,0.02180239342205801,2,108,contingency_likelihood_ratio_G,empty_joint_state;joint_state_n_lt_3;joint_state_n_lt_5;apparent_extreme_fraction_in_tiny_joint_state,AUS|chemistry,False,0.14485514485514486,1.0,0.5822516245969015
418,2_00691,2,AUS_jejunum|chem_discordantly elevated bun,AUS_jejunal_thickening|chem_discordantly_elevated_BUN,4.70931697916453,0.02180239342205801,2,108,contingency_likelihood_ratio_G,empty_joint_state;joint_state_n_lt_3;joint_state_n_lt_5;apparent_extreme_fraction_in_tiny_joint_state,AUS|chemistry,False,0.15384615384615385,1.0,0.5877589902357705
419,2_00205,2,tli_high|AUS_ileum,tli_high|AUS_ileal_thickening,4.708046410908766,0.027057737993728542,3,87,contingency_likelihood_ratio_G,,GI panel|AUS,False,0.22377622377622378,1.0,0.6590450122669693
420,2_01029,2,CBC_eosinopenia|chem_elevated alp,CBC_eosinopenia|chem_elevated_ALP,4.705839212356734,0.021786292649799695,2,108,contingency_likelihood_ratio_G,empty_joint_state;joint_state_n_lt_3;joint_state_n_lt_5;apparent_extreme_fraction_in_tiny_joint_state,CBC|chemistry,False,0.1068931068931069,1.0,0.5759650185879694
421,2_00284,2,breed_group|clinical signs_none,breed_group|clinical_signs_none_reported,4.693031131224504,0.021726995977891222,6,108,contingency_likelihood_ratio_G,joint_state_n_lt_3;joint_state_n_lt_5;apparent_extreme_fraction_in_tiny_joint_state,demographic|clinical signs,False,0.7292707292707292,1.0,0.9464970176267248
422,2_00465,2,clinical signs_hyporexia|CBC_eosinophilia,clinical_signs_hyporexia|CBC_eosinophilia,4.672354945674925,0.021631272896643173,2,108,contingency_likelihood_ratio_G,empty_joint_state,clinical signs|CBC,False,0.16383616383616384,1.0,0.6107970579269673
423,2_00163,2,folate_low|AUS_enlarged pancreas,folate_low|AUS_enlarged_pancreas,4.6346758043140595,0.025748198912855885,3,90,contingency_likelihood_ratio_G,joint_state_n_lt_3;joint_state_n_lt_5;apparent_extreme_fraction_in_tiny_joint_state,GI panel|AUS,False,0.25374625374625376,1.0,0.6989349935778507
424,2_00988,2,CBC_neutropenia|chem_azotemia,CBC_neutropenia|chem_azotemia,4.633938916845761,0.021453420911322966,3,108,contingency_likelihood_ratio_G,joint_state_n_lt_3;joint_state_n_lt_5;apparent_extreme_fraction_in_tiny_joint_state,CBC|chemistry,False,0.27972027972027974,1.0,0.7282169307485763
425,2_00202,2,tli_high|AUS_no abnormalities,tli_high|AUS_no_abnormalities,4.624655707418868,0.026578481077119933,2,87,contingency_likelihood_ratio_G,empty_joint_state;joint_state_n_lt_5,GI panel|AUS,False,0.1038961038961039,1.0,0.5759650185879694
426,2_00778,2,AUS_mesenteric lymphadenopathy|chem_no abnormalities,AUS_mesenteric_lymphadenopathy|chem_no_abnormalities,4.623805839786793,0.02140650851753145,3,108,contingency_likelihood_ratio_G,,AUS|chemistry,False,0.21478521478521478,1.0,0.6526414761708879
427,2_00230,2,tli_high|chem_elevated alp,tli_high|chem_elevated_ALP,4.609347917421911,0.02649050527253972,1,87,contingency_likelihood_ratio_G,empty_joint_state,GI panel|chemistry,False,0.03696303696303696,1.0,0.42977206279958574
428,2_00235,2,tli_high|chem_hypercholesterolemia,tli_high|chem_hypercholesterolemia,4.609347917421911,0.02649050527253972,1,87,contingency_likelihood_ratio_G,empty_joint_state,GI panel|chemistry,False,0.03696303696303696,1.0,0.42977206279958574
429,2_00885,2,AUS_ileus|CBC_eosinopenia,AUS_ileus|CBC_eosinopenia,4.55514560637277,0.021088637066540603,2,108,contingency_likelihood_ratio_G,empty_joint_state;joint_state_n_lt_3;joint_state_n_lt_5;apparent_extreme_fraction_in_tiny_joint_state,AUS|CBC,False,0.12387612387612387,1.0,0.5817553233283571
430,2_00898,2,AUS_ileus|chem_elevated alp,AUS_ileus|chem_elevated_ALP,4.55514560637277,0.021088637066540603,2,108,contingency_likelihood_ratio_G,empty_joint_state;joint_state_n_lt_3;joint_state_n_lt_5;apparent_extreme_fraction_in_tiny_joint_state,AUS|chemistry,False,0.12687312687312688,1.0,0.5820127827562772
431,2_00995,2,CBC_eosinophilia|CBC_eosinopenia,CBC_eosinophilia|CBC_eosinopenia,4.55514560637277,0.021088637066540603,2,108,contingency_likelihood_ratio_G,empty_joint_state;joint_state_n_lt_3;joint_state_n_lt_5;apparent_extreme_fraction_in_tiny_joint_state,CBC|CBC,False,0.15384615384615385,1.0,0.5877589902357705
432,2_01008,2,CBC_eosinophilia|chem_elevated alp,CBC_eosinophilia|chem_elevated_ALP,4.55514560637277,0.021088637066540603,2,108,contingency_likelihood_ratio_G,empty_joint_state;joint_state_n_lt_3;joint_state_n_lt_5;apparent_extreme_fraction_in_tiny_joint_state,CBC|chemistry,False,0.15184815184815184,1.0,0.58758064365541
433,2_00349,2,clinical signs_none|CBC_anemia,clinical_signs_none_reported|CBC_anemia,4.5416395352428465,0.021026108959457623,3,108,contingency_likelihood_ratio_G,joint_state_n_lt_3;joint_state_n_lt_5;apparent_extreme_fraction_in_tiny_joint_state,clinical signs|CBC,False,0.3166833166833167,1.0,0.7723067446387604
434,2_00397,2,clinical signs_vomiting|chem_elevated ast,clinical_signs_vomiting|chem_elevated_AST,4.518831441033088,0.02092051593070874,3,108,contingency_likelihood_ratio_G,joint_state_n_lt_3;joint_state_n_lt_5;apparent_extreme_fraction_in_tiny_joint_state,clinical signs|chemistry,False,0.2707292707292707,1.0,0.7215549029803888
435,2_00884,2,AUS_ileus|CBC_eosinophilia,AUS_ileus|CBC_eosinophilia,4.502292521358185,0.020843946858139745,3,108,contingency_likelihood_ratio_G,joint_state_n_lt_3;joint_state_n_lt_5;apparent_extreme_fraction_in_tiny_joint_state,AUS|CBC,False,0.3206793206793207,1.0,0.7789729955084286
436,2_00467,2,clinical signs_hyporexia|CBC_basophilia,clinical_signs_hyporexia|CBC_basophilia,4.477142075722272,0.02072750960982533,2,108,contingency_likelihood_ratio_G,empty_joint_state,clinical signs|CBC,False,0.13986013986013987,1.0,0.5822516245969015
437,2_00086,2,cobalamin_low|chem_hyperproteinemia,cobalamin_low|chem_hyperproteinemia,4.4197046755581795,0.024553914864212108,3,90,contingency_likelihood_ratio_G,joint_state_n_lt_3;joint_state_n_lt_5;apparent_extreme_fraction_in_tiny_joint_state,GI panel|chemistry,False,0.2997002997002997,1.0,0.7511395487103988
438,2_00891,2,AUS_ileus|CBC_anemia,AUS_ileus|CBC_anemia,4.394198548414777,0.02034351179821656,3,108,contingency_likelihood_ratio_G,joint_state_n_lt_3;joint_state_n_lt_5;apparent_extreme_fraction_in_tiny_joint_state,AUS|CBC,False,0.32667332667332666,1.0,0.7857989963253121
439,2_00449,2,clinical signs_hyporexia|clinical signs_hairball obstruction,clinical_signs_hyporexia|clinical_signs_hairball_obstruction,4.374326271053612,0.020251510514137094,2,108,contingency_likelihood_ratio_G,empty_joint_state;joint_state_n_lt_5;apparent_extreme_fraction_in_tiny_joint_state,clinical signs|clinical signs,False,0.13586413586413587,1.0,0.5822516245969015
440,2_00072,2,cobalamin_low|AUS_gall bladder sludge,cobalamin_low|AUS_gall_bladder_sludge,4.312905063453472,0.02396058368585262,3,90,contingency_likelihood_ratio_G,joint_state_n_lt_5,GI panel|AUS,False,0.2777222777222777,1.0,0.7276205747543326
441,2_00448,2,clinical signs_hyporexia|clinical signs_weight loss,clinical_signs_hyporexia|clinical_signs_weight_loss,4.293696624118072,0.019878225111657738,3,108,contingency_likelihood_ratio_G,,clinical signs|clinical signs,False,0.28771228771228774,1.0,0.7406749628971852
442,2_00125,2,folate_high|CBC_basophilia,folate_high|CBC_basophilia,4.283184363553285,0.023795468686407136,3,90,contingency_likelihood_ratio_G,joint_state_n_lt_3;joint_state_n_lt_5;apparent_extreme_fraction_in_tiny_joint_state,GI panel|CBC,False,0.33666333666333664,1.0,0.7921584119302751
443,2_00511,2,clinical signs_weight loss|CBC_anemia,clinical_signs_weight_loss|CBC_anemia,4.277963931418976,0.01980538857138415,3,108,contingency_likelihood_ratio_G,joint_state_n_lt_3;joint_state_n_lt_5;apparent_extreme_fraction_in_tiny_joint_state,clinical signs|CBC,False,0.2907092907092907,1.0,0.7406749628971852
444,2_00107,2,folate_high|clinical signs_hairball obstruction,folate_high|clinical_signs_hairball_obstruction,4.275707321811201,0.023753929565617785,3,90,contingency_likelihood_ratio_G,joint_state_n_lt_3;joint_state_n_lt_5;apparent_extreme_fraction_in_tiny_joint_state,GI panel|clinical signs,False,0.24975024975024976,1.0,0.6910130228515879
445,2_00136,2,folate_high|chem_elevated ast,folate_high|chem_elevated_AST,4.275707321811201,0.023753929565617785,3,90,contingency_likelihood_ratio_G,joint_state_n_lt_3;joint_state_n_lt_5;apparent_extreme_fraction_in_tiny_joint_state,GI panel|chemistry,False,0.27372627372627373,1.0,0.7217483371329525
446,2_00680,2,AUS_jejunum|CBC_monocytosis,AUS_jejunal_thickening|CBC_monocytosis,4.259061939923582,0.019717879351498064,3,108,contingency_likelihood_ratio_G,joint_state_n_lt_5;apparent_extreme_fraction_in_tiny_joint_state,AUS|CBC,False,0.2727272727272727,1.0,0.7217483371329525
447,2_00461,2,clinical signs_hyporexia|AUS_gall bladder sludge,clinical_signs_hyporexia|AUS_gall_bladder_sludge,4.258084515440093,0.019713354238148576,3,108,contingency_likelihood_ratio_G,joint_state_n_lt_5;apparent_extreme_fraction_in_tiny_joint_state,clinical signs|AUS,False,0.2777222777222777,1.0,0.7276205747543326
448,2_01017,2,CBC_eosinopenia|CBC_basophilia,CBC_eosinopenia|CBC_basophilia,4.233389048672764,0.01959902337348502,2,108,contingency_likelihood_ratio_G,empty_joint_state;joint_state_n_lt_3;joint_state_n_lt_5;apparent_extreme_fraction_in_tiny_joint_state,CBC|CBC,False,0.24675324675324675,1.0,0.6857961857961858
449,2_01049,2,CBC_basophilia|chem_elevated alp,CBC_basophilia|chem_elevated_ALP,4.233389048672764,0.01959902337348502,2,108,contingency_likelihood_ratio_G,empty_joint_state;joint_state_n_lt_3;joint_state_n_lt_5;apparent_extreme_fraction_in_tiny_joint_state,CBC|chemistry,False,0.24775224775224775,1.0,0.6870253342163454
450,2_00320,2,breed_group|chem_elevated total bilirubin,breed_group|chem_elevated_total_bilirubin,4.224151057220451,0.019556254894539122,5,108,contingency_likelihood_ratio_G,joint_state_n_lt_3;joint_state_n_lt_5;apparent_extreme_fraction_in_tiny_joint_state,demographic|chemistry,False,0.6663336663336663,1.0,0.941770675676255
451,2_00765,2,AUS_mesenteric lymphadenopathy|AUS_ileus,AUS_mesenteric_lymphadenopathy|AUS_ileus,4.2238985312045045,0.019555085792613447,3,108,contingency_likelihood_ratio_G,joint_state_n_lt_3;joint_state_n_lt_5;apparent_extreme_fraction_in_tiny_joint_state,AUS|AUS,False,0.2907092907092907,1.0,0.7406749628971852
452,2_00063,2,cobalamin_low|AUS_duodenum,cobalamin_low|AUS_duodenal_thickening,4.223048007303468,0.023461377818352603,3,90,contingency_likelihood_ratio_G,,GI panel|AUS,False,0.2727272727272727,1.0,0.7217483371329525
453,2_00862,2,AUS_splenomegaly|CBC_lymphopenia,AUS_splenomegaly|CBC_lymphopenia,4.198266303587343,0.019436418072163626,3,108,contingency_likelihood_ratio_G,joint_state_n_lt_5;apparent_extreme_fraction_in_tiny_joint_state,AUS|CBC,False,0.33766233766233766,1.0,0.7921584119302751
454,2_00058,2,cobalamin_low|clinical signs_hyporexia,cobalamin_low|clinical_signs_hyporexia,4.188878319952482,0.023271546221958234,3,90,contingency_likelihood_ratio_G,joint_state_n_lt_5,GI panel|clinical signs,False,0.2887112887112887,1.0,0.7406749628971852
455,2_00886,2,AUS_ileus|CBC_basophilia,AUS_ileus|CBC_basophilia,4.182401091647215,0.019362968016885255,2,108,contingency_likelihood_ratio_G,empty_joint_state,AUS|CBC,False,0.22277722277722278,1.0,0.6590450122669693
456,2_00469,2,clinical signs_hyporexia|CBC_lymphocytosis,clinical_signs_hyporexia|CBC_lymphocytosis,4.182285747451073,0.01936243401597719,3,108,contingency_likelihood_ratio_G,joint_state_n_lt_3;joint_state_n_lt_5;apparent_extreme_fraction_in_tiny_joint_state,clinical signs|CBC,False,0.27672327672327673,1.0,0.7276205747543326
457,2_00480,2,clinical signs_hyporexia|chem_elevated total bilirubin,clinical_signs_hyporexia|chem_elevated_total_bilirubin,4.182285747451073,0.01936243401597719,3,108,contingency_likelihood_ratio_G,joint_state_n_lt_3;joint_state_n_lt_5;apparent_extreme_fraction_in_tiny_joint_state,clinical signs|chemistry,False,0.2817182817182817,1.0,0.7318744413481255
458,2_01141,2,CBC_anemia|chem_hypokalemia,CBC_anemia|chem_hypokalemia,4.168279840848216,0.019297591855778777,3,108,contingency_likelihood_ratio_G,joint_state_n_lt_3;joint_state_n_lt_5;apparent_extreme_fraction_in_tiny_joint_state,CBC|chemistry,False,0.37662337662337664,1.0,0.8211188105181039
459,2_00060,2,cobalamin_low|clinical signs_hairball obstruction,cobalamin_low|clinical_signs_hairball_obstruction,4.138375599137514,0.022990975550763966,3,90,contingency_likelihood_ratio_G,joint_state_n_lt_3;joint_state_n_lt_5;apparent_extreme_fraction_in_tiny_joint_state,GI panel|clinical signs,False,0.27972027972027974,1.0,0.7282169307485763
460,2_00254,2,pli_abn|AUS_enlarged pancreas,pli_abn|AUS_enlarged_pancreas,4.116819849091849,0.02393499912262703,3,86,contingency_likelihood_ratio_G,,GI panel|AUS,False,0.2677322677322677,1.0,0.7197856609621315
461,2_00309,2,breed_group|CBC_lymphocytosis,breed_group|CBC_lymphocytosis,4.051379722107618,0.018756387602350082,5,108,contingency_likelihood_ratio_G,joint_state_n_lt_3;joint_state_n_lt_5;apparent_extreme_fraction_in_tiny_joint_state,demographic|CBC,False,0.7012987012987013,1.0,0.941770675676255
462,2_00741,2,AUS_colon|CBC_basophilia,AUS_colonic_thickening|CBC_basophilia,4.040520322405662,0.018706112603729917,3,108,contingency_likelihood_ratio_G,joint_state_n_lt_3;joint_state_n_lt_5;apparent_extreme_fraction_in_tiny_joint_state,AUS|CBC,False,0.3926073926073926,1.0,0.8367487434844947
463,2_00288,2,breed_group|clinical signs_weight loss,breed_group|clinical_signs_weight_loss,4.0123699484636886,0.018575786798443003,7,108,contingency_likelihood_ratio_G,joint_state_n_lt_5,demographic|clinical signs,False,0.8211788211788211,1.0,0.9994434833459225
464,2_00543,2,clinical signs_hairball obstruction|CBC_eosinopenia,clinical_signs_hairball_obstruction|CBC_eosinopenia,4.008088645285137,0.018555965950394153,2,108,contingency_likelihood_ratio_G,empty_joint_state;joint_state_n_lt_3;joint_state_n_lt_5;apparent_extreme_fraction_in_tiny_joint_state,clinical signs|CBC,False,0.1938061938061938,1.0,0.6292249417249417
465,2_00556,2,clinical signs_hairball obstruction|chem_elevated alp,clinical_signs_hairball_obstruction|chem_elevated_ALP,4.008088645285137,0.018555965950394153,2,108,contingency_likelihood_ratio_G,empty_joint_state;joint_state_n_lt_3;joint_state_n_lt_5;apparent_extreme_fraction_in_tiny_joint_state,clinical signs|chemistry,False,0.21578421578421578,1.0,0.6526414761708879
466,2_01041,2,CBC_basophilia|CBC_monocytosis,CBC_basophilia|CBC_monocytosis,3.9450026365387214,0.018263901095086674,3,108,contingency_likelihood_ratio_G,joint_state_n_lt_3;joint_state_n_lt_5;apparent_extreme_fraction_in_tiny_joint_state,CBC|CBC,False,0.33766233766233766,1.0,0.7921584119302751
467,2_00807,2,AUS_chronic degenerative renal changes|CBC_anemia,AUS_chronic_degenerative_renal_changes|CBC_anemia,3.9246964910438353,0.01816989116223998,3,108,contingency_likelihood_ratio_G,joint_state_n_lt_3;joint_state_n_lt_5;apparent_extreme_fraction_in_tiny_joint_state,AUS|CBC,False,0.36363636363636365,1.0,0.8137150619165008
468,2_00852,2,AUS_splenomegaly|AUS_ileus,AUS_splenomegaly|AUS_ileus,3.9129937269948813,0.018115711699050376,2,108,contingency_likelihood_ratio_G,empty_joint_state,AUS|AUS,False,0.17382617382617382,1.0,0.6217434739173869
469,2_00542,2,clinical signs_hairball obstruction|CBC_eosinophilia,clinical_signs_hairball_obstruction|CBC_eosinophilia,3.905557752429445,0.01808128589087706,2,108,contingency_likelihood_ratio_G,empty_joint_state;joint_state_n_lt_5;apparent_extreme_fraction_in_tiny_joint_state,clinical signs|CBC,False,0.19880119880119881,1.0,0.6371965696641022
470,2_00450,2,clinical signs_hyporexia|clinical signs_constipation,clinical_signs_hyporexia|clinical_signs_constipation,3.88530864269996,0.017987540012499817,2,108,contingency_likelihood_ratio_G,empty_joint_state;joint_state_n_lt_3;joint_state_n_lt_5;apparent_extreme_fraction_in_tiny_joint_state,clinical signs|clinical signs,False,0.1878121878121878,1.0,0.6278284050167339
471,2_00468,2,clinical signs_hyporexia|CBC_basocytosis,clinical_signs_hyporexia|CBC_basocytosis,3.88530864269996,0.017987540012499817,2,108,contingency_likelihood_ratio_G,empty_joint_state;joint_state_n_lt_3;joint_state_n_lt_5;apparent_extreme_fraction_in_tiny_joint_state,clinical signs|CBC,False,0.1838161838161838,1.0,0.6278284050167339
472,2_00485,2,clinical signs_hyporexia|chem_hypercalcemia,clinical_signs_hyporexia|chem_hypercalcemia,3.88530864269996,0.017987540012499817,2,108,contingency_likelihood_ratio_G,empty_joint_state;joint_state_n_lt_3;joint_state_n_lt_5;apparent_extreme_fraction_in_tiny_joint_state,clinical signs|chemistry,False,0.1838161838161838,1.0,0.6278284050167339
473,2_00871,2,AUS_splenomegaly|chem_elevated alp,AUS_splenomegaly|chem_elevated_ALP,3.865950710088934,0.017897919954115434,2,108,contingency_likelihood_ratio_G,empty_joint_state;joint_state_n_lt_3;joint_state_n_lt_5;apparent_extreme_fraction_in_tiny_joint_state,AUS|chemistry,False,0.1888111888111888,1.0,0.6278284050167339
474,2_01136,2,CBC_anemia|chem_azotemia,CBC_anemia|chem_azotemia,3.8626013003561788,0.017882413427574902,3,108,contingency_likelihood_ratio_G,joint_state_n_lt_3;joint_state_n_lt_5;apparent_extreme_fraction_in_tiny_joint_state,CBC|chemistry,False,0.3966033966033966,1.0,0.8401393127420526
475,2_00379,2,clinical signs_vomiting|AUS_ileus,clinical_signs_vomiting|AUS_ileus,3.854356157351221,0.017844241469218616,3,108,contingency_likelihood_ratio_G,joint_state_n_lt_5;apparent_extreme_fraction_in_tiny_joint_state,clinical signs|AUS,False,0.36663336663336665,1.0,0.8137150619165008
476,2_00420,2,clinical signs_diarrhea|AUS_ileus,clinical_signs_diarrhea|AUS_ileus,3.854335371730005,0.017844145239490763,2,108,contingency_likelihood_ratio_G,empty_joint_state,clinical signs|AUS,False,0.18181818181818182,1.0,0.6278284050167339
477,2_00770,2,AUS_mesenteric lymphadenopathy|CBC_eosinophilia,AUS_mesenteric_lymphadenopathy|CBC_eosinophilia,3.849443691683644,0.017821498572609465,3,108,contingency_likelihood_ratio_G,joint_state_n_lt_3;joint_state_n_lt_5,AUS|CBC,False,0.4015984015984016,1.0,0.8413793337392658
478,2_00512,2,clinical signs_weight loss|chem_no abnormalities,clinical_signs_weight_loss|chem_no_abnormalities,3.8390811842120205,0.017773524000981575,3,108,contingency_likelihood_ratio_G,,clinical signs|chemistry,False,0.26373626373626374,1.0,0.7184338839967979
479,2_00779,2,AUS_mesenteric lymphadenopathy|chem_hypoproteinemia,AUS_mesenteric_lymphadenopathy|chem_hypoproteinemia,3.828373849947188,0.017723953009014762,3,108,contingency_likelihood_ratio_G,joint_state_n_lt_3;joint_state_n_lt_5;apparent_extreme_fraction_in_tiny_joint_state,AUS|chemistry,False,0.3926073926073926,1.0,0.8367487434844947
480,2_01019,2,CBC_eosinopenia|CBC_lymphocytosis,CBC_eosinopenia|CBC_lymphocytosis,3.823942252735121,0.01770343635525519,2,108,contingency_likelihood_ratio_G,empty_joint_state;joint_state_n_lt_3;joint_state_n_lt_5;apparent_extreme_fraction_in_tiny_joint_state,CBC|CBC,False,0.24475524475524477,1.0,0.6848706848706849
481,2_01030,2,CBC_eosinopenia|chem_elevated total bilirubin,CBC_eosinopenia|chem_elevated_total_bilirubin,3.823942252735121,0.01770343635525519,2,108,contingency_likelihood_ratio_G,empty_joint_state;joint_state_n_lt_3;joint_state_n_lt_5;apparent_extreme_fraction_in_tiny_joint_state,CBC|chemistry,False,0.24575424575424576,1.0,0.6857961857961858
482,2_01037,2,CBC_eosinopenia|chem_hypophosphatemia,CBC_eosinopenia|chem_hypophosphatemia,3.823942252735121,0.01770343635525519,2,108,contingency_likelihood_ratio_G,empty_joint_state;joint_state_n_lt_3;joint_state_n_lt_5;apparent_extreme_fraction_in_tiny_joint_state,CBC|chemistry,False,0.24175824175824176,1.0,0.6836254654436472
483,2_01085,2,CBC_lymphocytosis|chem_elevated ast,CBC_lymphocytosis|chem_elevated_AST,3.823942252735121,0.01770343635525519,3,108,contingency_likelihood_ratio_G,joint_state_n_lt_3;joint_state_n_lt_5;apparent_extreme_fraction_in_tiny_joint_state,CBC|chemistry,False,0.6953046953046953,1.0,0.941770675676255
484,2_01190,2,chem_elevated ast|chem_elevated total bilirubin,chem_elevated_AST|chem_elevated_total_bilirubin,3.823942252735121,0.01770343635525519,3,108,contingency_likelihood_ratio_G,joint_state_n_lt_3;joint_state_n_lt_5;apparent_extreme_fraction_in_tiny_joint_state,chemistry|chemistry,False,0.7052947052947053,1.0,0.941770675676255
485,2_01198,2,chem_elevated alp|chem_elevated total bilirubin,chem_elevated_ALP|chem_elevated_total_bilirubin,3.823942252735121,0.01770343635525519,2,108,contingency_likelihood_ratio_G,empty_joint_state;joint_state_n_lt_3;joint_state_n_lt_5;apparent_extreme_fraction_in_tiny_joint_state,chemistry|chemistry,False,0.2647352647352647,1.0,0.7195667768354993
486,2_01205,2,chem_elevated alp|chem_hypophosphatemia,chem_elevated_ALP|chem_hypophosphatemia,3.823942252735121,0.01770343635525519,2,108,contingency_likelihood_ratio_G,empty_joint_state;joint_state_n_lt_3;joint_state_n_lt_5;apparent_extreme_fraction_in_tiny_joint_state,chemistry|chemistry,False,0.24275724275724275,1.0,0.6836254654436472
487,2_01086,2,CBC_lymphocytosis|chem_elevated alp,CBC_lymphocytosis|chem_elevated_ALP,3.8239422527351206,0.01770343635525519,2,108,contingency_likelihood_ratio_G,empty_joint_state;joint_state_n_lt_3;joint_state_n_lt_5;apparent_extreme_fraction_in_tiny_joint_state,CBC|chemistry,False,0.26173826173826176,1.0,0.7145686172234845
488,2_00133,2,folate_high|chem_hyperproteinemia,folate_high|chem_hyperproteinemia,3.8059792076217356,0.021144328931231863,3,90,contingency_likelihood_ratio_G,joint_state_n_lt_3;joint_state_n_lt_5;apparent_extreme_fraction_in_tiny_joint_state,GI panel|chemistry,False,0.35264735264735264,1.0,0.8088602846967159
489,2_00473,2,clinical signs_hyporexia|chem_no abnormalities,clinical_signs_hyporexia|chem_no_abnormalities,3.7976955838021027,0.017581923999083808,3,108,contingency_likelihood_ratio_G,,clinical signs|chemistry,False,0.3776223776223776,1.0,0.8211226383458369
490,2_00114,2,folate_high|AUS_mesenteric lymphadenopathy,folate_high|AUS_mesenteric_lymphadenopathy,3.795404692406792,0.021085581624482177,3,90,contingency_likelihood_ratio_G,,GI panel|AUS,False,0.31368631368631367,1.0,0.7680335537478394
491,2_00071,2,cobalamin_low|AUS_ileus,cobalamin_low|AUS_ileus,3.7560530012656335,0.02086696111814241,3,90,contingency_likelihood_ratio_G,joint_state_n_lt_3;joint_state_n_lt_5;apparent_extreme_fraction_in_tiny_joint_state,GI panel|AUS,False,0.35664335664335667,1.0,0.8104933740292857
492,2_00332,2,clinical signs_none|AUS_colon,clinical_signs_none_reported|AUS_colonic_thickening,3.7534367563625297,0.017377022020196895,3,108,contingency_likelihood_ratio_G,joint_state_n_lt_3;joint_state_n_lt_5;apparent_extreme_fraction_in_tiny_joint_state,clinical signs|AUS,False,0.37162837162837165,1.0,0.8189253020514121
493,2_00471,2,clinical signs_hyporexia|CBC_monocytosis,clinical_signs_hyporexia|CBC_monocytosis,3.7524052533433423,0.017372246543256215,3,108,contingency_likelihood_ratio_G,joint_state_n_lt_3;joint_state_n_lt_5;apparent_extreme_fraction_in_tiny_joint_state,clinical signs|CBC,False,0.35264735264735264,1.0,0.8088602846967159
494,2_00854,2,AUS_splenomegaly|CBC_no abnormalities,AUS_splenomegaly|CBC_no_abnormalities,3.749396225951804,0.01735831586088798,3,108,contingency_likelihood_ratio_G,joint_state_n_lt_5;apparent_extreme_fraction_in_tiny_joint_state,AUS|CBC,False,0.3886113886113886,1.0,0.8325459262959263
495,2_00870,2,AUS_splenomegaly|chem_elevated ast,AUS_splenomegaly|chem_elevated_AST,3.7440166574576113,0.017333410451192646,3,108,contingency_likelihood_ratio_G,joint_state_n_lt_3;joint_state_n_lt_5;apparent_extreme_fraction_in_tiny_joint_state,AUS|chemistry,False,0.3876123876123876,1.0,0.8325459262959263
496,2_00911,2,AUS_gall bladder sludge|CBC_eosinopenia,AUS_gall_bladder_sludge|CBC_eosinopenia,3.7257376478575552,0.01724878540674794,2,108,contingency_likelihood_ratio_G,empty_joint_state;joint_state_n_lt_3;joint_state_n_lt_5;apparent_extreme_fraction_in_tiny_joint_state,AUS|CBC,False,0.17782217782217782,1.0,0.6269501926644784
497,2_00065,2,cobalamin_low|AUS_ileum,cobalamin_low|AUS_ileal_thickening,3.722507861140236,0.020680599228556865,3,90,contingency_likelihood_ratio_G,,GI panel|AUS,False,0.3026973026973027,1.0,0.7515663411035645
498,2_00477,2,clinical signs_hyporexia|chem_elevated alt,clinical_signs_hyporexia|chem_elevated_ALT,3.6933560366862976,0.01709887054021434,3,108,contingency_likelihood_ratio_G,joint_state_n_lt_3;joint_state_n_lt_5;apparent_extreme_fraction_in_tiny_joint_state,clinical signs|chemistry,False,0.34465534465534464,1.0,0.795778848017654
499,2_00433,2,clinical signs_diarrhea|chem_no abnormalities,clinical_signs_diarrhea|chem_no_abnormalities,3.6790070952968152,0.017032440256003773,3,108,contingency_likelihood_ratio_G,,clinical signs|chemistry,False,0.33666333666333664,1.0,0.7921584119302751
500,2_00438,2,clinical signs_diarrhea|chem_elevated ast,clinical_signs_diarrhea|chem_elevated_AST,3.6766092224105344,0.017021338992641362,3,108,contingency_likelihood_ratio_G,joint_state_n_lt_3;joint_state_n_lt_5;apparent_extreme_fraction_in_tiny_joint_state,clinical signs|chemistry,False,0.4085914085914086,1.0,0.8531333302906906
501,2_00385,2,clinical signs_vomiting|CBC_eosinopenia,clinical_signs_vomiting|CBC_eosinopenia,3.6537125938211803,0.016915336082505464,2,108,contingency_likelihood_ratio_G,empty_joint_state;joint_state_n_lt_3;joint_state_n_lt_5;apparent_extreme_fraction_in_tiny_joint_state,clinical signs|CBC,False,0.14885114885114886,1.0,0.58758064365541
502,2_00366,2,clinical signs_vomiting|clinical signs_hyporexia,clinical_signs_vomiting|clinical_signs_hyporexia,3.646389699821584,0.016881433795470295,3,108,contingency_likelihood_ratio_G,,clinical signs|clinical signs,False,0.34265734265734266,1.0,0.795778848017654
503,2_00059,2,cobalamin_low|clinical signs_weight loss,cobalamin_low|clinical_signs_weight_loss,3.6441047576671632,0.02024502643148424,3,90,contingency_likelihood_ratio_G,,GI panel|clinical signs,False,0.32667332667332666,1.0,0.7857989963253121
504,2_01000,2,CBC_eosinophilia|CBC_monocytosis,CBC_eosinophilia|CBC_monocytosis,3.625106903784223,0.016782902332334367,3,108,contingency_likelihood_ratio_G,joint_state_n_lt_5;apparent_extreme_fraction_in_tiny_joint_state,CBC|CBC,False,0.37662337662337664,1.0,0.8211188105181039
505,2_00905,2,AUS_ileus|chem_hypokalemia,AUS_ileus|chem_hypokalemia,3.601521564394533,0.016673710946270986,3,108,contingency_likelihood_ratio_G,joint_state_n_lt_3;joint_state_n_lt_5;apparent_extreme_fraction_in_tiny_joint_state,AUS|chemistry,False,0.37362637362637363,1.0,0.8189253020514121
506,2_00892,2,AUS_ileus|chem_no abnormalities,AUS_ileus|chem_no_abnormalities,3.5932772066891827,0.016635542623561032,3,108,contingency_likelihood_ratio_G,joint_state_n_lt_5;apparent_extreme_fraction_in_tiny_joint_state,AUS|chemistry,False,0.3876123876123876,1.0,0.8325459262959263
507,2_00077,2,cobalamin_low|CBC_eosinopenia,cobalamin_low|CBC_eosinopenia,3.59258771573327,0.019958820642962612,2,90,contingency_likelihood_ratio_G,empty_joint_state;joint_state_n_lt_3;joint_state_n_lt_5;apparent_extreme_fraction_in_tiny_joint_state,GI panel|CBC,False,0.15184815184815184,1.0,0.58758064365541
508,2_00083,2,cobalamin_low|CBC_anemia,cobalamin_low|CBC_anemia,3.59258771573327,0.019958820642962612,2,90,contingency_likelihood_ratio_G,empty_joint_state;joint_state_n_lt_3;joint_state_n_lt_5;apparent_extreme_fraction_in_tiny_joint_state,GI panel|CBC,False,0.14985014985014986,1.0,0.58758064365541
509,2_00090,2,cobalamin_low|chem_elevated alp,cobalamin_low|chem_elevated_ALP,3.59258771573327,0.019958820642962612,2,90,contingency_likelihood_ratio_G,empty_joint_state;joint_state_n_lt_3;joint_state_n_lt_5;apparent_extreme_fraction_in_tiny_joint_state,GI panel|chemistry,False,0.15184815184815184,1.0,0.58758064365541
510,2_00093,2,cobalamin_low|chem_discordantly elevated bun,cobalamin_low|chem_discordantly_elevated_BUN,3.59258771573327,0.019958820642962612,2,90,contingency_likelihood_ratio_G,empty_joint_state;joint_state_n_lt_3;joint_state_n_lt_5;apparent_extreme_fraction_in_tiny_joint_state,GI panel|chemistry,False,0.15284715284715283,1.0,0.58758064365541
511,2_00094,2,cobalamin_low|chem_hyperglycemia,cobalamin_low|chem_hyperglycemia,3.59258771573327,0.019958820642962612,2,90,contingency_likelihood_ratio_G,empty_joint_state;joint_state_n_lt_3;joint_state_n_lt_5;apparent_extreme_fraction_in_tiny_joint_state,GI panel|chemistry,False,0.14285714285714285,1.0,0.5822516245969015
512,2_00439,2,clinical signs_diarrhea|chem_elevated alp,clinical_signs_diarrhea|chem_elevated_ALP,3.5854609662195376,0.01659935632509045,2,108,contingency_likelihood_ratio_G,empty_joint_state;joint_state_n_lt_3;joint_state_n_lt_5;apparent_extreme_fraction_in_tiny_joint_state,clinical signs|chemistry,False,0.2057942057942058,1.0,0.6410389610389611
513,2_00641,2,AUS_duodenum|CBC_eosinopenia,AUS_duodenal_thickening|CBC_eosinopenia,3.5854609662195376,0.01659935632509045,2,108,contingency_likelihood_ratio_G,empty_joint_state;joint_state_n_lt_3;joint_state_n_lt_5;apparent_extreme_fraction_in_tiny_joint_state,AUS|CBC,False,0.18581418581418582,1.0,0.6278284050167339
514,2_00654,2,AUS_duodenum|chem_elevated alp,AUS_duodenal_thickening|chem_elevated_ALP,3.5854609662195376,0.01659935632509045,2,108,contingency_likelihood_ratio_G,empty_joint_state;joint_state_n_lt_3;joint_state_n_lt_5;apparent_extreme_fraction_in_tiny_joint_state,AUS|chemistry,False,0.1918081918081918,1.0,0.6278284050167339
515,2_00317,2,breed_group|chem_elevated alt,breed_group|chem_elevated_ALT,3.5732277102438443,0.01654272088075854,6,108,contingency_likelihood_ratio_G,joint_state_n_lt_3;joint_state_n_lt_5;apparent_extreme_fraction_in_tiny_joint_state,demographic|chemistry,False,0.8421578421578422,1.0,1.0
516,2_00544,2,clinical signs_hairball obstruction|CBC_basophilia,clinical_signs_hairball_obstruction|CBC_basophilia,3.566657392317933,0.016512302742212652,2,108,contingency_likelihood_ratio_G,empty_joint_state;joint_state_n_lt_5;apparent_extreme_fraction_in_tiny_joint_state,clinical signs|CBC,False,0.30569430569430567,1.0,0.7544535464535465
517,2_00472,2,clinical signs_hyporexia|CBC_anemia,clinical_signs_hyporexia|CBC_anemia,3.542473915064558,0.016400342199372954,3,108,contingency_likelihood_ratio_G,joint_state_n_lt_3;joint_state_n_lt_5;apparent_extreme_fraction_in_tiny_joint_state,clinical signs|CBC,False,0.43156843156843155,1.0,0.8615474702431224
518,2_00888,2,AUS_ileus|CBC_lymphocytosis,AUS_ileus|CBC_lymphocytosis,3.530292332411073,0.016343945983384598,2,108,contingency_likelihood_ratio_G,empty_joint_state;joint_state_n_lt_3;joint_state_n_lt_5;apparent_extreme_fraction_in_tiny_joint_state,AUS|CBC,False,0.24275724275724275,1.0,0.6836254654436472
519,2_00899,2,AUS_ileus|chem_elevated total bilirubin,AUS_ileus|chem_elevated_total_bilirubin,3.530292332411073,0.016343945983384598,2,108,contingency_likelihood_ratio_G,empty_joint_state;joint_state_n_lt_3;joint_state_n_lt_5;apparent_extreme_fraction_in_tiny_joint_state,AUS|chemistry,False,0.24675324675324675,1.0,0.6857961857961858
520,2_00906,2,AUS_ileus|chem_hypophosphatemia,AUS_ileus|chem_hypophosphatemia,3.530292332411073,0.016343945983384598,2,108,contingency_likelihood_ratio_G,empty_joint_state;joint_state_n_lt_3;joint_state_n_lt_5;apparent_extreme_fraction_in_tiny_joint_state,AUS|chemistry,False,0.22677322677322678,1.0,0.6631236062515684
521,2_00998,2,CBC_eosinophilia|CBC_lymphocytosis,CBC_eosinophilia|CBC_lymphocytosis,3.530292332411073,0.016343945983384598,2,108,contingency_likelihood_ratio_G,empty_joint_state;joint_state_n_lt_3;joint_state_n_lt_5;apparent_extreme_fraction_in_tiny_joint_state,CBC|CBC,False,0.2677322677322677,1.0,0.7197856609621315
522,2_01009,2,CBC_eosinophilia|chem_elevated total bilirubin,CBC_eosinophilia|chem_elevated_total_bilirubin,3.530292332411073,0.016343945983384598,2,108,contingency_likelihood_ratio_G,empty_joint_state;joint_state_n_lt_3;joint_state_n_lt_5;apparent_extreme_fraction_in_tiny_joint_state,CBC|chemistry,False,0.26873126873126874,1.0,0.7209008382921427
523,2_01016,2,CBC_eosinophilia|chem_hypophosphatemia,CBC_eosinophilia|chem_hypophosphatemia,3.530292332411073,0.016343945983384598,2,108,contingency_likelihood_ratio_G,empty_joint_state;joint_state_n_lt_3;joint_state_n_lt_5;apparent_extreme_fraction_in_tiny_joint_state,CBC|chemistry,False,0.25874125874125875,1.0,0.7079528010791869
524,2_00505,2,clinical signs_weight loss|CBC_eosinopenia,clinical_signs_weight_loss|CBC_eosinopenia,3.502285547075709,0.01621428494016532,2,108,contingency_likelihood_ratio_G,empty_joint_state;joint_state_n_lt_3;joint_state_n_lt_5;apparent_extreme_fraction_in_tiny_joint_state,clinical signs|CBC,False,0.16683316683316685,1.0,0.6108965218757504
525,2_00640,2,AUS_duodenum|CBC_eosinophilia,AUS_duodenal_thickening|CBC_eosinophilia,3.4963431439935113,0.016186773814784776,3,108,contingency_likelihood_ratio_G,joint_state_n_lt_3;joint_state_n_lt_5,AUS|CBC,False,0.4325674325674326,1.0,0.8615474702431224
526,2_00129,2,folate_high|CBC_monocytosis,folate_high|CBC_monocytosis,3.4957372589085374,0.019420762549491873,3,90,contingency_likelihood_ratio_G,joint_state_n_lt_5;apparent_extreme_fraction_in_tiny_joint_state,GI panel|CBC,False,0.4205794205794206,1.0,0.8592632533029885
527,2_00119,2,folate_high|AUS_gall bladder sludge,folate_high|AUS_gall_bladder_sludge,3.4923851811680393,0.019402139895377996,3,90,contingency_likelihood_ratio_G,joint_state_n_lt_5;apparent_extreme_fraction_in_tiny_joint_state,GI panel|AUS,False,0.42357642357642356,1.0,0.8611092367270291
528,2_00180,2,folate_low|chem_hyperproteinemia,folate_low|chem_hyperproteinemia,3.4783048449033847,0.019323915805018802,2,90,contingency_likelihood_ratio_G,empty_joint_state;joint_state_n_lt_5;apparent_extreme_fraction_in_tiny_joint_state,GI panel|chemistry,False,0.2957042957042957,1.0,0.747744059219469
529,2_00078,2,cobalamin_low|CBC_basophilia,cobalamin_low|CBC_basophilia,3.4621909150341765,0.01923439397241209,3,90,contingency_likelihood_ratio_G,joint_state_n_lt_3;joint_state_n_lt_5;apparent_extreme_fraction_in_tiny_joint_state,GI panel|CBC,False,0.47652347652347654,1.0,0.8991283945412386
530,2_00938,2,CBC_no abnormalities|chem_elevated ast,CBC_no_abnormalities|chem_elevated_AST,3.4406355097831574,0.01592886810084795,3,108,contingency_likelihood_ratio_G,joint_state_n_lt_3;joint_state_n_lt_5;apparent_extreme_fraction_in_tiny_joint_state,CBC|chemistry,False,0.4925074925074925,1.0,0.9176237296538048
531,2_00118,2,folate_high|AUS_ileus,folate_high|AUS_ileus,3.4393898357226464,0.01910772130957026,3,90,contingency_likelihood_ratio_G,joint_state_n_lt_3;joint_state_n_lt_5;apparent_extreme_fraction_in_tiny_joint_state,GI panel|AUS,False,0.4125874125874126,1.0,0.8577573686817384
532,2_00141,2,folate_high|chem_hyperglycemia,folate_high|chem_hyperglycemia,3.438938423228053,0.019105213462378073,2,90,contingency_likelihood_ratio_G,empty_joint_state;joint_state_n_lt_3;joint_state_n_lt_5;apparent_extreme_fraction_in_tiny_joint_state,GI panel|chemistry,False,0.17082917082917082,1.0,0.6145865796011568
533,2_00498,2,clinical signs_weight loss|AUS_splenomegaly,clinical_signs_weight_loss|AUS_splenomegaly,3.431612758182148,0.01588709610269513,3,108,contingency_likelihood_ratio_G,,clinical signs|AUS,False,0.4075924075924076,1.0,0.8524898829983576
534,2_00304,2,breed_group|CBC_neutropenia,breed_group|CBC_neutropenia,3.4240596334903906,0.015852127932825883,5,108,contingency_likelihood_ratio_G,joint_state_n_lt_3;joint_state_n_lt_5;apparent_extreme_fraction_in_tiny_joint_state,demographic|CBC,False,0.7872127872127872,1.0,0.9864638404192156
535,2_00454,2,clinical signs_hyporexia|AUS_ileum,clinical_signs_hyporexia|AUS_ileal_thickening,3.4216895375764413,0.015841155266557598,3,108,contingency_likelihood_ratio_G,joint_state_n_lt_3;joint_state_n_lt_5;apparent_extreme_fraction_in_tiny_joint_state,clinical signs|AUS,False,0.34065934065934067,1.0,0.7946571387025073
536,2_00470,2,clinical signs_hyporexia|CBC_lymphopenia,clinical_signs_hyporexia|CBC_lymphopenia,3.4047747834969617,0.01576284621989334,3,108,contingency_likelihood_ratio_G,joint_state_n_lt_3;joint_state_n_lt_5;apparent_extreme_fraction_in_tiny_joint_state,clinical signs|CBC,False,0.4165834165834166,1.0,0.8582035660499766
537,2_00474,2,clinical signs_hyporexia|chem_hypoproteinemia,clinical_signs_hyporexia|chem_hypoproteinemia,3.4047747834969617,0.01576284621989334,3,108,contingency_likelihood_ratio_G,joint_state_n_lt_3;joint_state_n_lt_5;apparent_extreme_fraction_in_tiny_joint_state,clinical signs|chemistry,False,0.4275724275724276,1.0,0.8615474702431224
538,2_01023,2,CBC_eosinopenia|chem_no abnormalities,CBC_eosinopenia|chem_no_abnormalities,3.3930861369677725,0.01570873211559154,2,108,contingency_likelihood_ratio_G,empty_joint_state;joint_state_n_lt_3;joint_state_n_lt_5;apparent_extreme_fraction_in_tiny_joint_state,CBC|chemistry,False,0.2177822177822178,1.0,0.6535151595392559
539,2_00295,2,breed_group|AUS_colon,breed_group|AUS_colonic_thickening,3.3847049750706986,0.015669930440142123,6,108,contingency_likelihood_ratio_G,joint_state_n_lt_3;joint_state_n_lt_5;apparent_extreme_fraction_in_tiny_joint_state,demographic|AUS,False,0.8611388611388612,1.0,1.0
540,2_00290,2,breed_group|clinical signs_constipation,breed_group|clinical_signs_constipation,3.384085064217725,0.01566706048248947,4,108,contingency_likelihood_ratio_G,joint_state_n_lt_3;joint_state_n_lt_5;apparent_extreme_fraction_in_tiny_joint_state,demographic|clinical signs,False,0.5934065934065934,1.0,0.9387537402065247
541,2_00081,2,cobalamin_low|CBC_lymphopenia,cobalamin_low|CBC_lymphopenia,3.374396026986412,0.018746644594368957,3,90,contingency_likelihood_ratio_G,joint_state_n_lt_3;joint_state_n_lt_5;apparent_extreme_fraction_in_tiny_joint_state,GI panel|CBC,False,0.43156843156843155,1.0,0.8615474702431224
542,2_00744,2,AUS_colon|CBC_lymphopenia,AUS_colonic_thickening|CBC_lymphopenia,3.3615313528669724,0.01556264515216191,3,108,contingency_likelihood_ratio_G,joint_state_n_lt_3;joint_state_n_lt_5;apparent_extreme_fraction_in_tiny_joint_state,AUS|CBC,False,0.4005994005994006,1.0,0.8413793337392658
543,2_00772,2,AUS_mesenteric lymphadenopathy|CBC_basophilia,AUS_mesenteric_lymphadenopathy|CBC_basophilia,3.3545862580919614,0.015530491935610933,3,108,contingency_likelihood_ratio_G,joint_state_n_lt_3;joint_state_n_lt_5;apparent_extreme_fraction_in_tiny_joint_state,AUS|CBC,False,0.47352647352647353,1.0,0.8962142152326201
544,2_00900,2,AUS_ileus|chem_azotemia,AUS_ileus|chem_azotemia,3.3473018639459333,0.015496767888638581,3,108,contingency_likelihood_ratio_G,joint_state_n_lt_3;joint_state_n_lt_5;apparent_extreme_fraction_in_tiny_joint_state,AUS|chemistry,False,0.44155844155844154,1.0,0.869032084343089
545,2_00451,2,clinical signs_hyporexia|AUS_no abnormalities,clinical_signs_hyporexia|AUS_no_abnormalities,3.3347380683772823,0.015438602168413343,3,108,contingency_likelihood_ratio_G,joint_state_n_lt_3;joint_state_n_lt_5;apparent_extreme_fraction_in_tiny_joint_state,clinical signs|AUS,False,0.46253746253746253,1.0,0.8862907279056347
546,2_00464,2,clinical signs_hyporexia|CBC_neutropenia,clinical_signs_hyporexia|CBC_neutropenia,3.3347380683772823,0.015438602168413343,3,108,contingency_likelihood_ratio_G,joint_state_n_lt_3;joint_state_n_lt_5;apparent_extreme_fraction_in_tiny_joint_state,clinical signs|CBC,False,0.4805194805194805,1.0,0.9011565941657127
547,2_00484,2,clinical signs_hyporexia|chem_hypercholesterolemia,clinical_signs_hyporexia|chem_hypercholesterolemia,3.3331421604607687,0.015431213705836892,2,108,contingency_likelihood_ratio_G,empty_joint_state;joint_state_n_lt_3;joint_state_n_lt_5;apparent_extreme_fraction_in_tiny_joint_state,clinical signs|chemistry,False,0.22677322677322678,1.0,0.6631236062515684
548,2_00455,2,clinical signs_hyporexia|AUS_colon,clinical_signs_hyporexia|AUS_colonic_thickening,3.327148395613581,0.015403464794507318,2,108,contingency_likelihood_ratio_G,empty_joint_state,clinical signs|AUS,False,0.2547452547452547,1.0,0.7001239295225931
549,2_00105,2,folate_high|clinical signs_hyporexia,folate_high|clinical_signs_hyporexia,3.3229574405121416,0.0184608746695119,3,90,contingency_likelihood_ratio_G,joint_state_n_lt_5;apparent_extreme_fraction_in_tiny_joint_state,GI panel|clinical signs,False,0.4385614385614386,1.0,0.8684510377801112
550,2_00080,2,cobalamin_low|CBC_lymphocytosis,cobalamin_low|CBC_lymphocytosis,3.3087229012573847,0.018381793895874358,2,90,contingency_likelihood_ratio_G,empty_joint_state;joint_state_n_lt_3;joint_state_n_lt_5;apparent_extreme_fraction_in_tiny_joint_state,GI panel|CBC,False,0.23276723276723277,1.0,0.6708547266686802
551,2_00308,2,breed_group|CBC_basocytosis,breed_group|CBC_basocytosis,3.29134871031638,0.015237725510723983,4,108,contingency_likelihood_ratio_G,joint_state_n_lt_3;joint_state_n_lt_5;apparent_extreme_fraction_in_tiny_joint_state,demographic|CBC,False,0.5934065934065934,1.0,0.9387537402065247
552,2_00324,2,breed_group|chem_hypercholesterolemia,breed_group|chem_hypercholesterolemia,3.29134871031638,0.015237725510723983,4,108,contingency_likelihood_ratio_G,joint_state_n_lt_3;joint_state_n_lt_5;apparent_extreme_fraction_in_tiny_joint_state,demographic|chemistry,False,0.5744255744255744,1.0,0.9326857353173142
553,2_00325,2,breed_group|chem_hypercalcemia,breed_group|chem_hypercalcemia,3.29134871031638,0.015237725510723983,4,108,contingency_likelihood_ratio_G,joint_state_n_lt_3;joint_state_n_lt_5;apparent_extreme_fraction_in_tiny_joint_state,demographic|chemistry,False,0.5914085914085914,1.0,0.9387537402065247
554,2_00132,2,folate_high|chem_hypoproteinemia,folate_high|chem_hypoproteinemia,3.286930307452251,0.018260723930290285,3,90,contingency_likelihood_ratio_G,joint_state_n_lt_3;joint_state_n_lt_5;apparent_extreme_fraction_in_tiny_joint_state,GI panel|chemistry,False,0.44655344655344653,1.0,0.8752451985415536
555,2_01044,2,CBC_basophilia|chem_hypoproteinemia,CBC_basophilia|chem_hypoproteinemia,3.268258895101659,0.015130828218063235,3,108,contingency_likelihood_ratio_G,joint_state_n_lt_3;joint_state_n_lt_5;apparent_extreme_fraction_in_tiny_joint_state,CBC|chemistry,False,0.4945054945054945,1.0,0.9176237296538048
556,2_01039,2,CBC_basophilia|CBC_lymphocytosis,CBC_basophilia|CBC_lymphocytosis,3.2582750836777,0.01508460686887824,2,108,contingency_likelihood_ratio_G,empty_joint_state;joint_state_n_lt_3;joint_state_n_lt_5;apparent_extreme_fraction_in_tiny_joint_state,CBC|CBC,False,0.35664335664335667,1.0,0.8104933740292857
557,2_01050,2,CBC_basophilia|chem_elevated total bilirubin,CBC_basophilia|chem_elevated_total_bilirubin,3.2582750836777,0.01508460686887824,2,108,contingency_likelihood_ratio_G,empty_joint_state;joint_state_n_lt_3;joint_state_n_lt_5;apparent_extreme_fraction_in_tiny_joint_state,CBC|chemistry,False,0.36563436563436563,1.0,0.8137150619165008
558,2_01057,2,CBC_basophilia|chem_hypophosphatemia,CBC_basophilia|chem_hypophosphatemia,3.2582750836777,0.01508460686887824,2,108,contingency_likelihood_ratio_G,empty_joint_state;joint_state_n_lt_3;joint_state_n_lt_5;apparent_extreme_fraction_in_tiny_joint_state,CBC|chemistry,False,0.34065934065934067,1.0,0.7946571387025073
559,2_01179,2,chem_elevated alt|chem_elevated ast,chem_elevated_ALT|chem_elevated_AST,3.2312251338508493,0.014959375619679858,3,108,contingency_likelihood_ratio_G,joint_state_n_lt_3;joint_state_n_lt_5;apparent_extreme_fraction_in_tiny_joint_state,chemistry|chemistry,False,0.6753246753246753,1.0,0.941770675676255
560,2_00536,2,clinical signs_hairball obstruction|AUS_splenomegaly,clinical_signs_hairball_obstruction|AUS_splenomegaly,3.228630752039387,0.01494736459277494,2,108,contingency_likelihood_ratio_G,empty_joint_state;joint_state_n_lt_5;apparent_extreme_fraction_in_tiny_joint_state,clinical signs|AUS,False,0.23976023976023977,1.0,0.6801474387681286
561,2_00430,2,clinical signs_diarrhea|CBC_lymphopenia,clinical_signs_diarrhea|CBC_lymphopenia,3.2013568004208133,0.014821096298244506,3,108,contingency_likelihood_ratio_G,joint_state_n_lt_3;joint_state_n_lt_5;apparent_extreme_fraction_in_tiny_joint_state,clinical signs|CBC,False,0.44755244755244755,1.0,0.8752451985415536
562,2_00645,2,AUS_duodenum|CBC_lymphopenia,AUS_duodenal_thickening|CBC_lymphopenia,3.2013568004208133,0.014821096298244506,3,108,contingency_likelihood_ratio_G,joint_state_n_lt_3;joint_state_n_lt_5;apparent_extreme_fraction_in_tiny_joint_state,AUS|CBC,False,0.45054945054945056,1.0,0.8783223096019305
563,2_00786,2,AUS_mesenteric lymphadenopathy|chem_azotemia,AUS_mesenteric_lymphadenopathy|chem_azotemia,3.1558358208341204,0.014610351022380187,3,108,contingency_likelihood_ratio_G,,AUS|chemistry,False,0.4115884115884116,1.0,0.8577573686817384
564,2_00183,2,folate_low|chem_elevated ast,folate_low|chem_elevated_AST,3.1541301819194896,0.017522945455108276,3,90,contingency_likelihood_ratio_G,joint_state_n_lt_3;joint_state_n_lt_5;apparent_extreme_fraction_in_tiny_joint_state,GI panel|chemistry,False,0.6113886113886113,1.0,0.9387537402065247
565,2_00642,2,AUS_duodenum|CBC_basophilia,AUS_duodenal_thickening|CBC_basophilia,3.131960017522247,0.014499814895936328,3,108,contingency_likelihood_ratio_G,joint_state_n_lt_3;joint_state_n_lt_5;apparent_extreme_fraction_in_tiny_joint_state,AUS|CBC,False,0.5104895104895105,1.0,0.924131983124789
566,2_00334,2,clinical signs_none|AUS_chronic degenerative renal changes,clinical_signs_none_reported|AUS_chronic_degenerative_renal_changes,3.1125323905533406,0.014409872178487689,3,108,contingency_likelihood_ratio_G,joint_state_n_lt_3;joint_state_n_lt_5;apparent_extreme_fraction_in_tiny_joint_state,clinical signs|AUS,False,0.47952047952047955,1.0,0.9006518595559693
567,2_00066,2,cobalamin_low|AUS_colon,cobalamin_low|AUS_colonic_thickening,3.1007419113739783,0.017226343952077658,3,90,contingency_likelihood_ratio_G,joint_state_n_lt_3;joint_state_n_lt_5;apparent_extreme_fraction_in_tiny_joint_state,GI panel|AUS,False,0.45554445554445555,1.0,0.8802728521478521
568,2_01094,2,CBC_lymphocytosis|chem_hypophosphatemia,CBC_lymphocytosis|chem_hypophosphatemia,3.0947381301190995,0.01432749134314398,2,108,contingency_likelihood_ratio_G,empty_joint_state;joint_state_n_lt_3;joint_state_n_lt_5;apparent_extreme_fraction_in_tiny_joint_state,CBC|chemistry,False,0.3916083916083916,1.0,0.8367487434844947
569,2_01212,2,chem_elevated total bilirubin|chem_hypophosphatemia,chem_elevated_total_bilirubin|chem_hypophosphatemia,3.0947381301190995,0.01432749134314398,2,108,contingency_likelihood_ratio_G,empty_joint_state;joint_state_n_lt_3;joint_state_n_lt_5;apparent_extreme_fraction_in_tiny_joint_state,chemistry|chemistry,False,0.39760239760239763,1.0,0.8401393127420526
570,2_00499,2,clinical signs_weight loss|AUS_ileus,clinical_signs_weight_loss|AUS_ileus,3.091788894873994,0.014313837476268491,3,108,contingency_likelihood_ratio_G,joint_state_n_lt_5;apparent_extreme_fraction_in_tiny_joint_state,clinical signs|AUS,False,0.4945054945054945,1.0,0.9176237296538048
571,2_00546,2,clinical signs_hairball obstruction|CBC_lymphocytosis,clinical_signs_hairball_obstruction|CBC_lymphocytosis,3.0805793246908024,0.014261941318012974,2,108,contingency_likelihood_ratio_G,empty_joint_state;joint_state_n_lt_3;joint_state_n_lt_5;apparent_extreme_fraction_in_tiny_joint_state,clinical signs|CBC,False,0.3646353646353646,1.0,0.8137150619165008
572,2_00557,2,clinical signs_hairball obstruction|chem_elevated total bilirubin,clinical_signs_hairball_obstruction|chem_elevated_total_bilirubin,3.0805793246908024,0.014261941318012974,2,108,contingency_likelihood_ratio_G,empty_joint_state;joint_state_n_lt_3;joint_state_n_lt_5;apparent_extreme_fraction_in_tiny_joint_state,clinical signs|chemistry,False,0.3596403596403596,1.0,0.8128135600663072
573,2_00564,2,clinical signs_hairball obstruction|chem_hypophosphatemia,clinical_signs_hairball_obstruction|chem_hypophosphatemia,3.0805793246908024,0.014261941318012974,2,108,contingency_likelihood_ratio_G,empty_joint_state;joint_state_n_lt_3;joint_state_n_lt_5;apparent_extreme_fraction_in_tiny_joint_state,clinical signs|chemistry,False,0.36163836163836166,1.0,0.8137150619165008
574,2_00580,2,clinical signs_constipation|CBC_eosinopenia,clinical_signs_constipation|CBC_eosinopenia,3.073685103409909,0.014230023626897726,2,108,contingency_likelihood_ratio_G,empty_joint_state;joint_state_n_lt_3;joint_state_n_lt_5;apparent_extreme_fraction_in_tiny_joint_state,clinical signs|CBC,False,0.5284715284715285,1.0,0.9289407476376315
575,2_00593,2,clinical signs_constipation|chem_elevated alp,clinical_signs_constipation|chem_elevated_ALP,3.073685103409909,0.014230023626897726,2,108,contingency_likelihood_ratio_G,empty_joint_state;joint_state_n_lt_3;joint_state_n_lt_5;apparent_extreme_fraction_in_tiny_joint_state,clinical signs|chemistry,False,0.5314685314685315,1.0,0.9289407476376315
576,2_01068,2,CBC_basocytosis|chem_elevated alp,CBC_basocytosis|chem_elevated_ALP,3.073685103409909,0.014230023626897726,2,108,contingency_likelihood_ratio_G,empty_joint_state;joint_state_n_lt_3;joint_state_n_lt_5;apparent_extreme_fraction_in_tiny_joint_state,CBC|chemistry,False,0.5574425574425574,1.0,0.9314965087752406
577,2_01018,2,CBC_eosinopenia|CBC_basocytosis,CBC_eosinopenia|CBC_basocytosis,3.0736851034099084,0.014230023626897724,2,108,contingency_likelihood_ratio_G,empty_joint_state;joint_state_n_lt_3;joint_state_n_lt_5;apparent_extreme_fraction_in_tiny_joint_state,CBC|CBC,False,0.5314685314685315,1.0,0.9289407476376315
578,2_01034,2,CBC_eosinopenia|chem_hypercholesterolemia,CBC_eosinopenia|chem_hypercholesterolemia,3.0736851034099084,0.014230023626897724,2,108,contingency_likelihood_ratio_G,empty_joint_state;joint_state_n_lt_3;joint_state_n_lt_5;apparent_extreme_fraction_in_tiny_joint_state,CBC|chemistry,False,0.5184815184815185,1.0,0.924131983124789
579,2_01035,2,CBC_eosinopenia|chem_hypercalcemia,CBC_eosinopenia|chem_hypercalcemia,3.0736851034099084,0.014230023626897724,2,108,contingency_likelihood_ratio_G,empty_joint_state;joint_state_n_lt_3;joint_state_n_lt_5;apparent_extreme_fraction_in_tiny_joint_state,CBC|chemistry,False,0.5474525474525475,1.0,0.9314965087752406
580,2_01202,2,chem_elevated alp|chem_hypercholesterolemia,chem_elevated_ALP|chem_hypercholesterolemia,3.0736851034099084,0.014230023626897724,2,108,contingency_likelihood_ratio_G,empty_joint_state;joint_state_n_lt_3;joint_state_n_lt_5;apparent_extreme_fraction_in_tiny_joint_state,chemistry|chemistry,False,0.5304695304695305,1.0,0.9289407476376315
581,2_01203,2,chem_elevated alp|chem_hypercalcemia,chem_elevated_ALP|chem_hypercalcemia,3.0736851034099084,0.014230023626897724,2,108,contingency_likelihood_ratio_G,empty_joint_state;joint_state_n_lt_3;joint_state_n_lt_5;apparent_extreme_fraction_in_tiny_joint_state,chemistry|chemistry,False,0.5544455544455544,1.0,0.9314965087752406
582,2_00771,2,AUS_mesenteric lymphadenopathy|CBC_eosinopenia,AUS_mesenteric_lymphadenopathy|CBC_eosinopenia,3.0623966282723334,0.014177762167927469,2,108,contingency_likelihood_ratio_G,empty_joint_state;joint_state_n_lt_3;joint_state_n_lt_5;apparent_extreme_fraction_in_tiny_joint_state,AUS|CBC,False,0.2017982017982018,1.0,0.6410389610389611
583,2_00784,2,AUS_mesenteric lymphadenopathy|chem_elevated alp,AUS_mesenteric_lymphadenopathy|chem_elevated_ALP,3.0623966282723334,0.014177762167927469,2,108,contingency_likelihood_ratio_G,empty_joint_state;joint_state_n_lt_3;joint_state_n_lt_5;apparent_extreme_fraction_in_tiny_joint_state,AUS|chemistry,False,0.2047952047952048,1.0,0.6410389610389611
584,2_00453,2,clinical signs_hyporexia|AUS_jejunum,clinical_signs_hyporexia|AUS_jejunal_thickening,3.046550697095621,0.01410440137544269,3,108,contingency_likelihood_ratio_G,,clinical signs|AUS,False,0.43156843156843155,1.0,0.8615474702431224
585,2_00398,2,clinical signs_vomiting|chem_elevated alp,clinical_signs_vomiting|chem_elevated_ALP,3.0415831455350757,0.014081403451551277,2,108,contingency_likelihood_ratio_G,empty_joint_state;joint_state_n_lt_3;joint_state_n_lt_5;apparent_extreme_fraction_in_tiny_joint_state,clinical signs|chemistry,False,0.25574425574425574,1.0,0.7013075813075813
586,2_00858,2,AUS_splenomegaly|CBC_eosinopenia,AUS_splenomegaly|CBC_eosinopenia,3.0412113710168374,0.0140796822732261,2,108,contingency_likelihood_ratio_G,empty_joint_state;joint_state_n_lt_3;joint_state_n_lt_5;apparent_extreme_fraction_in_tiny_joint_state,AUS|CBC,False,0.21978021978021978,1.0,0.6535151595392559
587,2_00271,2,pli_abn|chem_hyperproteinemia,pli_abn|chem_hyperproteinemia,3.0396886555816898,0.017672608462684244,3,86,contingency_likelihood_ratio_G,joint_state_n_lt_3;joint_state_n_lt_5;apparent_extreme_fraction_in_tiny_joint_state,GI panel|chemistry,False,0.5454545454545454,1.0,0.9314965087752406
588,2_00486,2,clinical signs_hyporexia|chem_hypokalemia,clinical_signs_hyporexia|chem_hypokalemia,3.0394663413215044,0.014071603432044002,2,108,contingency_likelihood_ratio_G,empty_joint_state,clinical signs|chemistry,False,0.30569430569430567,1.0,0.7544535464535465
589,2_00853,2,AUS_splenomegaly|AUS_gall bladder sludge,AUS_splenomegaly|AUS_gall_bladder_sludge,3.0317639854042326,0.014035944376871447,3,108,contingency_likelihood_ratio_G,joint_state_n_lt_5;apparent_extreme_fraction_in_tiny_joint_state,AUS|AUS,False,0.5024975024975025,1.0,0.9241161223277468
590,2_00409,2,clinical signs_diarrhea|clinical signs_hairball obstruction,clinical_signs_diarrhea|clinical_signs_hairball_obstruction,3.0107059863576255,0.013938453640544564,2,108,contingency_likelihood_ratio_G,empty_joint_state;joint_state_n_lt_5;apparent_extreme_fraction_in_tiny_joint_state,clinical signs|clinical signs,False,0.28771228771228774,1.0,0.7406749628971852
591,2_00426,2,clinical signs_diarrhea|CBC_eosinopenia,clinical_signs_diarrhea|CBC_eosinopenia,3.0036499399149834,0.013905786758865665,2,108,contingency_likelihood_ratio_G,empty_joint_state;joint_state_n_lt_3;joint_state_n_lt_5;apparent_extreme_fraction_in_tiny_joint_state,clinical signs|CBC,False,0.28771228771228774,1.0,0.7406749628971852
592,2_00425,2,clinical signs_diarrhea|CBC_eosinophilia,clinical_signs_diarrhea|CBC_eosinophilia,3.0032752614073526,0.01390405213614515,3,108,contingency_likelihood_ratio_G,joint_state_n_lt_5;apparent_extreme_fraction_in_tiny_joint_state,clinical signs|CBC,False,0.5954045954045954,1.0,0.9387537402065247
593,2_00339,2,clinical signs_none|CBC_no abnormalities,clinical_signs_none_reported|CBC_no_abnormalities,3.0026881827753433,0.013901334179515478,3,108,contingency_likelihood_ratio_G,joint_state_n_lt_3;joint_state_n_lt_5;apparent_extreme_fraction_in_tiny_joint_state,clinical signs|CBC,False,0.4565434565434565,1.0,0.8802728521478521
594,2_00740,2,AUS_colon|CBC_eosinopenia,AUS_colonic_thickening|CBC_eosinopenia,2.9858499158625658,0.013823379240104471,2,108,contingency_likelihood_ratio_G,empty_joint_state;joint_state_n_lt_3;joint_state_n_lt_5;apparent_extreme_fraction_in_tiny_joint_state,AUS|CBC,False,0.2727272727272727,1.0,0.7217483371329525
595,2_00375,2,clinical signs_vomiting|AUS_mesenteric lymphadenopathy,clinical_signs_vomiting|AUS_mesenteric_lymphadenopathy,2.980131808325503,0.013796906520025477,3,108,contingency_likelihood_ratio_G,,clinical signs|AUS,False,0.4155844155844156,1.0,0.8582035660499766
596,2_00518,2,clinical signs_weight loss|chem_elevated alp,clinical_signs_weight_loss|chem_elevated_ALP,2.9598556770590863,0.013703035541940214,2,108,contingency_likelihood_ratio_G,empty_joint_state;joint_state_n_lt_3;joint_state_n_lt_5;apparent_extreme_fraction_in_tiny_joint_state,clinical signs|chemistry,False,0.2787212787212787,1.0,0.7282169307485763
597,2_00723,2,AUS_ileum|chem_azotemia,AUS_ileal_thickening|chem_azotemia,2.9500368521561624,0.013657578019241492,3,108,contingency_likelihood_ratio_G,joint_state_n_lt_5;apparent_extreme_fraction_in_tiny_joint_state,AUS|chemistry,False,0.4995004995004995,1.0,0.9199755468412185
598,2_00563,2,clinical signs_hairball obstruction|chem_hypokalemia,clinical_signs_hairball_obstruction|chem_hypokalemia,2.9494497479762765,0.013654859944334614,3,108,contingency_likelihood_ratio_G,joint_state_n_lt_3;joint_state_n_lt_5;apparent_extreme_fraction_in_tiny_joint_state,clinical signs|chemistry,False,0.4785214785214785,1.0,0.9001455861211959
599,2_01002,2,CBC_eosinophilia|chem_no abnormalities,CBC_eosinophilia|chem_no_abnormalities,2.9479990900025874,0.013648143935197164,3,108,contingency_likelihood_ratio_G,joint_state_n_lt_5;apparent_extreme_fraction_in_tiny_joint_state,CBC|chemistry,False,0.5984015984015985,1.0,0.9387537402065247
600,2_00075,2,cobalamin_low|CBC_neutropenia,cobalamin_low|CBC_neutropenia,2.93998606839145,0.016333255935508054,3,90,contingency_likelihood_ratio_G,joint_state_n_lt_3;joint_state_n_lt_5;apparent_extreme_fraction_in_tiny_joint_state,GI panel|CBC,False,0.6433566433566433,1.0,0.941770675676255
601,2_00098,2,cobalamin_low|chem_hypophosphatemia,cobalamin_low|chem_hypophosphatemia,2.93998606839145,0.016333255935508054,3,90,contingency_likelihood_ratio_G,joint_state_n_lt_3;joint_state_n_lt_5;apparent_extreme_fraction_in_tiny_joint_state,GI panel|chemistry,False,0.6473526473526473,1.0,0.941770675676255
602,2_00631,2,AUS_duodenum|AUS_mesenteric lymphadenopathy,AUS_duodenal_thickening|AUS_mesenteric_lymphadenopathy,2.927338744047662,0.013552494185405842,3,108,contingency_likelihood_ratio_G,,AUS|AUS,False,0.43156843156843155,1.0,0.8615474702431224
603,2_00314,2,breed_group|chem_hypoproteinemia,breed_group|chem_hypoproteinemia,2.912734563000396,0.013484882236112945,5,108,contingency_likelihood_ratio_G,joint_state_n_lt_3;joint_state_n_lt_5;apparent_extreme_fraction_in_tiny_joint_state,demographic|chemistry,False,0.7722277722277723,1.0,0.9763617530010974
604,2_00415,2,clinical signs_diarrhea|AUS_colon,clinical_signs_diarrhea|AUS_colonic_thickening,2.861121809135255,0.013245934301552107,3,108,contingency_likelihood_ratio_G,joint_state_n_lt_3;joint_state_n_lt_5;apparent_extreme_fraction_in_tiny_joint_state,clinical signs|AUS,False,0.4825174825174825,1.0,0.9021614748887476
605,2_00924,2,AUS_gall bladder sludge|chem_elevated alp,AUS_gall_bladder_sludge|chem_elevated_ALP,2.860008984674849,0.013240782336457634,2,108,contingency_likelihood_ratio_G,empty_joint_state;joint_state_n_lt_3;joint_state_n_lt_5;apparent_extreme_fraction_in_tiny_joint_state,AUS|chemistry,False,0.24375624375624375,1.0,0.6836254654436472
606,2_00053,2,cobalamin_low|pli_abn,cobalamin_low|pli_abn,2.8540167157232634,0.016593120440251533,3,86,contingency_likelihood_ratio_G,,GI panel|GI panel,False,0.5084915084915085,1.0,0.924131983124789
607,2_00124,2,folate_high|CBC_eosinopenia,folate_high|CBC_eosinopenia,2.829316648636653,0.015718425825759184,2,90,contingency_likelihood_ratio_G,empty_joint_state;joint_state_n_lt_3;joint_state_n_lt_5;apparent_extreme_fraction_in_tiny_joint_state,GI panel|CBC,False,0.26973026973026976,1.0,0.7215549029803888
608,2_00130,2,folate_high|CBC_anemia,folate_high|CBC_anemia,2.829316648636653,0.015718425825759184,2,90,contingency_likelihood_ratio_G,empty_joint_state;joint_state_n_lt_3;joint_state_n_lt_5;apparent_extreme_fraction_in_tiny_joint_state,GI panel|CBC,False,0.27372627372627373,1.0,0.7217483371329525
609,2_00137,2,folate_high|chem_elevated alp,folate_high|chem_elevated_ALP,2.829316648636653,0.015718425825759184,2,90,contingency_likelihood_ratio_G,empty_joint_state;joint_state_n_lt_3;joint_state_n_lt_5;apparent_extreme_fraction_in_tiny_joint_state,GI panel|chemistry,False,0.26673326673326675,1.0,0.7197856609621315
610,2_00140,2,folate_high|chem_discordantly elevated bun,folate_high|chem_discordantly_elevated_BUN,2.829316648636653,0.015718425825759184,2,90,contingency_likelihood_ratio_G,empty_joint_state;joint_state_n_lt_3;joint_state_n_lt_5;apparent_extreme_fraction_in_tiny_joint_state,GI panel|chemistry,False,0.2677322677322677,1.0,0.7197856609621315
611,2_00712,2,AUS_ileum|CBC_lymphopenia,AUS_ileal_thickening|CBC_lymphopenia,2.82160849337092,0.013063002284124629,3,108,contingency_likelihood_ratio_G,joint_state_n_lt_3;joint_state_n_lt_5;apparent_extreme_fraction_in_tiny_joint_state,AUS|CBC,False,0.5124875124875125,1.0,0.924131983124789
612,2_00574,2,clinical signs_constipation|AUS_ileus,clinical_signs_constipation|AUS_ileus,2.812621713930063,0.013021396823750293,2,108,contingency_likelihood_ratio_G,empty_joint_state;joint_state_n_lt_3;joint_state_n_lt_5;apparent_extreme_fraction_in_tiny_joint_state,clinical signs|AUS,False,0.34465534465534464,1.0,0.795778848017654
613,2_00579,2,clinical signs_constipation|CBC_eosinophilia,clinical_signs_constipation|CBC_eosinophilia,2.812621713930063,0.013021396823750293,2,108,contingency_likelihood_ratio_G,empty_joint_state;joint_state_n_lt_3;joint_state_n_lt_5;apparent_extreme_fraction_in_tiny_joint_state,clinical signs|CBC,False,0.38461538461538464,1.0,0.8297471759010221
614,2_00887,2,AUS_ileus|CBC_basocytosis,AUS_ileus|CBC_basocytosis,2.8126217139300627,0.01302139682375029,2,108,contingency_likelihood_ratio_G,empty_joint_state;joint_state_n_lt_3;joint_state_n_lt_5;apparent_extreme_fraction_in_tiny_joint_state,AUS|CBC,False,0.35364635364635366,1.0,0.809646753988127
615,2_00903,2,AUS_ileus|chem_hypercholesterolemia,AUS_ileus|chem_hypercholesterolemia,2.8126217139300627,0.01302139682375029,2,108,contingency_likelihood_ratio_G,empty_joint_state;joint_state_n_lt_3;joint_state_n_lt_5;apparent_extreme_fraction_in_tiny_joint_state,AUS|chemistry,False,0.35764235764235763,1.0,0.8112696127402009
616,2_00904,2,AUS_ileus|chem_hypercalcemia,AUS_ileus|chem_hypercalcemia,2.8126217139300627,0.01302139682375029,2,108,contingency_likelihood_ratio_G,empty_joint_state;joint_state_n_lt_3;joint_state_n_lt_5;apparent_extreme_fraction_in_tiny_joint_state,AUS|chemistry,False,0.36363636363636365,1.0,0.8137150619165008
617,2_00997,2,CBC_eosinophilia|CBC_basocytosis,CBC_eosinophilia|CBC_basocytosis,2.8126217139300627,0.01302139682375029,2,108,contingency_likelihood_ratio_G,empty_joint_state;joint_state_n_lt_3;joint_state_n_lt_5;apparent_extreme_fraction_in_tiny_joint_state,CBC|CBC,False,0.3786213786213786,1.0,0.8211226383458369
618,2_01013,2,CBC_eosinophilia|chem_hypercholesterolemia,CBC_eosinophilia|chem_hypercholesterolemia,2.8126217139300627,0.01302139682375029,2,108,contingency_likelihood_ratio_G,empty_joint_state;joint_state_n_lt_3;joint_state_n_lt_5;apparent_extreme_fraction_in_tiny_joint_state,CBC|chemistry,False,0.3696303696303696,1.0,0.8174263012972689
619,2_01014,2,CBC_eosinophilia|chem_hypercalcemia,CBC_eosinophilia|chem_hypercalcemia,2.8126217139300627,0.01302139682375029,2,108,contingency_likelihood_ratio_G,empty_joint_state;joint_state_n_lt_3;joint_state_n_lt_5;apparent_extreme_fraction_in_tiny_joint_state,CBC|chemistry,False,0.3956043956043956,1.0,0.8401393127420526
620,2_00861,2,AUS_splenomegaly|CBC_lymphocytosis,AUS_splenomegaly|CBC_lymphocytosis,2.8116599439650924,0.013016944185023575,2,108,contingency_likelihood_ratio_G,empty_joint_state;joint_state_n_lt_3;joint_state_n_lt_5;apparent_extreme_fraction_in_tiny_joint_state,AUS|CBC,False,0.3006993006993007,1.0,0.7511395487103988
621,2_00872,2,AUS_splenomegaly|chem_elevated total bilirubin,AUS_splenomegaly|chem_elevated_total_bilirubin,2.8116599439650924,0.013016944185023575,2,108,contingency_likelihood_ratio_G,empty_joint_state;joint_state_n_lt_3;joint_state_n_lt_5;apparent_extreme_fraction_in_tiny_joint_state,AUS|chemistry,False,0.2997002997002997,1.0,0.7511395487103988
622,2_00879,2,AUS_splenomegaly|chem_hypophosphatemia,AUS_splenomegaly|chem_hypophosphatemia,2.8116599439650924,0.013016944185023575,2,108,contingency_likelihood_ratio_G,empty_joint_state;joint_state_n_lt_3;joint_state_n_lt_5;apparent_extreme_fraction_in_tiny_joint_state,AUS|chemistry,False,0.2887112887112887,1.0,0.7406749628971852
623,2_00073,2,cobalamin_low|CBC_no abnormalities,cobalamin_low|CBC_no_abnormalities,2.7909659682048336,0.015505366490026854,3,90,contingency_likelihood_ratio_G,,GI panel|CBC,False,0.4485514485514486,1.0,0.8758108979627967
624,2_00785,2,AUS_mesenteric lymphadenopathy|chem_elevated total bilirubin,AUS_mesenteric_lymphadenopathy|chem_elevated_total_bilirubin,2.778531813796455,0.012863573212020626,2,108,contingency_likelihood_ratio_G,empty_joint_state;joint_state_n_lt_3;joint_state_n_lt_5;apparent_extreme_fraction_in_tiny_joint_state,AUS|chemistry,False,0.3306693306693307,1.0,0.7921584119302751
625,2_00792,2,AUS_mesenteric lymphadenopathy|chem_hypophosphatemia,AUS_mesenteric_lymphadenopathy|chem_hypophosphatemia,2.778531813796455,0.012863573212020626,2,108,contingency_likelihood_ratio_G,empty_joint_state;joint_state_n_lt_3;joint_state_n_lt_5;apparent_extreme_fraction_in_tiny_joint_state,AUS|chemistry,False,0.3096903096903097,1.0,0.7627901041074694
626,2_00262,2,pli_abn|CBC_eosinopenia,pli_abn|CBC_eosinopenia,2.72746909350065,0.015857378450585175,2,86,contingency_likelihood_ratio_G,empty_joint_state;joint_state_n_lt_3;joint_state_n_lt_5;apparent_extreme_fraction_in_tiny_joint_state,GI panel|CBC,False,0.3026973026973027,1.0,0.7515663411035645
627,2_00278,2,pli_abn|chem_discordantly elevated bun,pli_abn|chem_discordantly_elevated_BUN,2.72746909350065,0.015857378450585175,2,86,contingency_likelihood_ratio_G,empty_joint_state;joint_state_n_lt_3;joint_state_n_lt_5;apparent_extreme_fraction_in_tiny_joint_state,GI panel|chemistry,False,0.3006993006993007,1.0,0.7511395487103988
628,2_00279,2,pli_abn|chem_hyperglycemia,pli_abn|chem_hyperglycemia,2.72746909350065,0.015857378450585175,2,86,contingency_likelihood_ratio_G,empty_joint_state;joint_state_n_lt_3;joint_state_n_lt_5;apparent_extreme_fraction_in_tiny_joint_state,GI panel|chemistry,False,0.2967032967032967,1.0,0.7487359266500371
629,2_00508,2,clinical signs_weight loss|CBC_lymphocytosis,clinical_signs_weight_loss|CBC_lymphocytosis,2.7118225516403784,0.012554734035372122,2,108,contingency_likelihood_ratio_G,empty_joint_state;joint_state_n_lt_3;joint_state_n_lt_5;apparent_extreme_fraction_in_tiny_joint_state,clinical signs|CBC,False,0.30569430569430567,1.0,0.7544535464535465
630,2_00519,2,clinical signs_weight loss|chem_elevated total bilirubin,clinical_signs_weight_loss|chem_elevated_total_bilirubin,2.7118225516403784,0.012554734035372122,2,108,contingency_likelihood_ratio_G,empty_joint_state;joint_state_n_lt_3;joint_state_n_lt_5;apparent_extreme_fraction_in_tiny_joint_state,clinical signs|chemistry,False,0.3026973026973027,1.0,0.7515663411035645
631,2_00526,2,clinical signs_weight loss|chem_hypophosphatemia,clinical_signs_weight_loss|chem_hypophosphatemia,2.7118225516403784,0.012554734035372122,2,108,contingency_likelihood_ratio_G,empty_joint_state;joint_state_n_lt_3;joint_state_n_lt_5;apparent_extreme_fraction_in_tiny_joint_state,clinical signs|chemistry,False,0.2997002997002997,1.0,0.7511395487103988
632,2_00371,2,clinical signs_vomiting|AUS_duodenum,clinical_signs_vomiting|AUS_duodenal_thickening,2.707875481750146,0.012536460563658083,3,108,contingency_likelihood_ratio_G,,clinical signs|AUS,False,0.46853146853146854,1.0,0.8949966442226505
633,2_00860,2,AUS_splenomegaly|CBC_basocytosis,AUS_splenomegaly|CBC_basocytosis,2.7063174213747696,0.01252924732117949,2,108,contingency_likelihood_ratio_G,empty_joint_state;joint_state_n_lt_3;joint_state_n_lt_5;apparent_extreme_fraction_in_tiny_joint_state,AUS|CBC,False,0.2897102897102897,1.0,0.7406749628971852
634,2_00877,2,AUS_splenomegaly|chem_hypercalcemia,AUS_splenomegaly|chem_hypercalcemia,2.7063174213747696,0.01252924732117949,2,108,contingency_likelihood_ratio_G,empty_joint_state;joint_state_n_lt_3;joint_state_n_lt_5;apparent_extreme_fraction_in_tiny_joint_state,AUS|chemistry,False,0.2917082917082917,1.0,0.7406749628971852
635,2_01027,2,CBC_eosinopenia|chem_elevated alt,CBC_eosinopenia|chem_elevated_ALT,2.6938758647140015,0.012471647521824081,2,108,contingency_likelihood_ratio_G,empty_joint_state;joint_state_n_lt_3;joint_state_n_lt_5;apparent_extreme_fraction_in_tiny_joint_state,CBC|chemistry,False,0.4005994005994006,1.0,0.8413793337392658
636,2_01180,2,chem_elevated alt|chem_elevated alp,chem_elevated_ALT|chem_elevated_ALP,2.693875864714001,0.01247164752182408,2,108,contingency_likelihood_ratio_G,empty_joint_state;joint_state_n_lt_3;joint_state_n_lt_5;apparent_extreme_fraction_in_tiny_joint_state,chemistry|chemistry,False,0.3946053946053946,1.0,0.8395569947294085
637,2_00429,2,clinical signs_diarrhea|CBC_lymphocytosis,clinical_signs_diarrhea|CBC_lymphocytosis,2.6868814792743536,0.012439266107751637,3,108,contingency_likelihood_ratio_G,joint_state_n_lt_3;joint_state_n_lt_5;apparent_extreme_fraction_in_tiny_joint_state,clinical signs|CBC,False,0.7152847152847153,1.0,0.9419337304565785
638,2_00662,2,AUS_duodenum|chem_hypophosphatemia,AUS_duodenal_thickening|chem_hypophosphatemia,2.6868814792743536,0.012439266107751637,3,108,contingency_likelihood_ratio_G,joint_state_n_lt_3;joint_state_n_lt_5;apparent_extreme_fraction_in_tiny_joint_state,AUS|chemistry,False,0.7042957042957043,1.0,0.941770675676255
639,2_01217,2,chem_azotemia|chem_hypokalemia,chem_azotemia|chem_hypokalemia,2.680922760939756,0.012411679448795166,3,108,contingency_likelihood_ratio_G,joint_state_n_lt_3;joint_state_n_lt_5;apparent_extreme_fraction_in_tiny_joint_state,chemistry|chemistry,False,0.6313686313686314,1.0,0.9409527670397236
640,2_00996,2,CBC_eosinophilia|CBC_basophilia,CBC_eosinophilia|CBC_basophilia,2.6681061137040905,0.012352343119000419,3,108,contingency_likelihood_ratio_G,joint_state_n_lt_3;joint_state_n_lt_5;apparent_extreme_fraction_in_tiny_joint_state,CBC|CBC,False,0.7042957042957043,1.0,0.941770675676255
641,2_00312,2,breed_group|CBC_anemia,breed_group|CBC_anemia,2.664028621699152,0.012333465841199778,4,108,contingency_likelihood_ratio_G,joint_state_n_lt_5,demographic|CBC,False,0.7102897102897103,1.0,0.941770675676255
642,2_00277,2,pli_abn|chem_azotemia,pli_abn|chem_azotemia,2.658925420987808,0.015458868726673304,3,86,contingency_likelihood_ratio_G,,GI panel|chemistry,False,0.5044955044955045,1.0,0.924131983124789
643,2_00050,2,cobalamin_low|folate_high,cobalamin_low|folate_high,2.6573816487901896,0.01476323138216772,3,90,contingency_likelihood_ratio_G,,GI panel|GI panel,False,0.48151848151848153,1.0,0.9016597969557
644,2_01028,2,CBC_eosinopenia|chem_elevated ast,CBC_eosinopenia|chem_elevated_AST,2.6561095222432853,0.012296803343718913,2,108,contingency_likelihood_ratio_G,empty_joint_state;joint_state_n_lt_3;joint_state_n_lt_5;apparent_extreme_fraction_in_tiny_joint_state,CBC|chemistry,False,0.3886113886113886,1.0,0.8325459262959263
645,2_01189,2,chem_elevated ast|chem_elevated alp,chem_elevated_AST|chem_elevated_ALP,2.6561095222432853,0.012296803343718913,2,108,contingency_likelihood_ratio_G,empty_joint_state;joint_state_n_lt_3;joint_state_n_lt_5;apparent_extreme_fraction_in_tiny_joint_state,chemistry|chemistry,False,0.4015984015984016,1.0,0.8413793337392658
646,2_00171,2,folate_low|CBC_eosinopenia,folate_low|CBC_eosinopenia,2.6487871034880768,0.014715483908267093,2,90,contingency_likelihood_ratio_G,empty_joint_state;joint_state_n_lt_3;joint_state_n_lt_5;apparent_extreme_fraction_in_tiny_joint_state,GI panel|CBC,False,0.33666333666333664,1.0,0.7921584119302751
647,2_00177,2,folate_low|CBC_anemia,folate_low|CBC_anemia,2.6487871034880768,0.014715483908267093,2,90,contingency_likelihood_ratio_G,empty_joint_state;joint_state_n_lt_3;joint_state_n_lt_5;apparent_extreme_fraction_in_tiny_joint_state,GI panel|CBC,False,0.33666333666333664,1.0,0.7921584119302751
648,2_00184,2,folate_low|chem_elevated alp,folate_low|chem_elevated_ALP,2.6487871034880768,0.014715483908267093,2,90,contingency_likelihood_ratio_G,empty_joint_state;joint_state_n_lt_3;joint_state_n_lt_5;apparent_extreme_fraction_in_tiny_joint_state,GI panel|chemistry,False,0.3256743256743257,1.0,0.7857989963253121
649,2_00188,2,folate_low|chem_hyperglycemia,folate_low|chem_hyperglycemia,2.6487871034880768,0.014715483908267093,2,90,contingency_likelihood_ratio_G,empty_joint_state;joint_state_n_lt_3;joint_state_n_lt_5;apparent_extreme_fraction_in_tiny_joint_state,GI panel|chemistry,False,0.32167832167832167,1.0,0.7798645362496051
650,2_00661,2,AUS_duodenum|chem_hypokalemia,AUS_duodenal_thickening|chem_hypokalemia,2.6477882403483823,0.01225827889050177,3,108,contingency_likelihood_ratio_G,joint_state_n_lt_3;joint_state_n_lt_5;apparent_extreme_fraction_in_tiny_joint_state,AUS|chemistry,False,0.5594405594405595,1.0,0.9314965087752406
651,2_00291,2,breed_group|AUS_no abnormalities,breed_group|AUS_no_abnormalities,2.645577212394761,0.012248042649975746,4,108,contingency_likelihood_ratio_G,joint_state_n_lt_5;apparent_extreme_fraction_in_tiny_joint_state,demographic|AUS,False,0.6893106893106893,1.0,0.941770675676255
652,2_01020,2,CBC_eosinopenia|CBC_lymphopenia,CBC_eosinopenia|CBC_lymphopenia,2.6441491114349467,0.012241431071458087,2,108,contingency_likelihood_ratio_G,empty_joint_state;joint_state_n_lt_3;joint_state_n_lt_5;apparent_extreme_fraction_in_tiny_joint_state,CBC|CBC,False,0.3166833166833167,1.0,0.7723067446387604
653,2_00775,2,AUS_mesenteric lymphadenopathy|CBC_lymphopenia,AUS_mesenteric_lymphadenopathy|CBC_lymphopenia,2.6222386271808125,0.012139993644355614,3,108,contingency_likelihood_ratio_G,joint_state_n_lt_3;joint_state_n_lt_5;apparent_extreme_fraction_in_tiny_joint_state,AUS|CBC,False,0.5654345654345654,1.0,0.9314965087752406
654,2_00051,2,cobalamin_low|folate_low,cobalamin_low|folate_low,2.619344124371125,0.014551911802061805,3,90,contingency_likelihood_ratio_G,joint_state_n_lt_3;joint_state_n_lt_5;apparent_extreme_fraction_in_tiny_joint_state,GI panel|GI panel,False,0.6223776223776224,1.0,0.9387537402065247
655,2_00707,2,AUS_ileum|CBC_eosinophilia,AUS_ileal_thickening|CBC_eosinophilia,2.616946121174015,0.01211549130173155,3,108,contingency_likelihood_ratio_G,joint_state_n_lt_3;joint_state_n_lt_5,AUS|CBC,False,0.5344655344655345,1.0,0.9297696685337135
656,2_00269,2,pli_abn|chem_no abnormalities,pli_abn|chem_no_abnormalities,2.6024917216190966,0.01513076582336684,3,86,contingency_likelihood_ratio_G,,GI panel|chemistry,False,0.4725274725274725,1.0,0.8962142152326201
657,2_00939,2,CBC_no abnormalities|chem_elevated alp,CBC_no_abnormalities|chem_elevated_ALP,2.5762278644418943,0.01192698085389766,2,108,contingency_likelihood_ratio_G,empty_joint_state;joint_state_n_lt_3;joint_state_n_lt_5;apparent_extreme_fraction_in_tiny_joint_state,CBC|chemistry,False,0.33166833166833165,1.0,0.7921584119302751
658,2_00076,2,cobalamin_low|CBC_eosinophilia,cobalamin_low|CBC_eosinophilia,2.5758459540199805,0.014310255300111003,3,90,contingency_likelihood_ratio_G,joint_state_n_lt_3;joint_state_n_lt_5;apparent_extreme_fraction_in_tiny_joint_state,GI panel|CBC,False,0.5714285714285714,1.0,0.9314965087752406
659,2_00056,2,cobalamin_low|clinical signs_vomiting,cobalamin_low|clinical_signs_vomiting,2.5598715038061686,0.014221508354478715,3,90,contingency_likelihood_ratio_G,,GI panel|clinical signs,False,0.4775224775224775,1.0,0.8996377668133393
660,2_01119,2,CBC_monocytosis|chem_elevated alp,CBC_monocytosis|chem_elevated_ALP,2.555730701923341,0.01183208658297843,2,108,contingency_likelihood_ratio_G,empty_joint_state;joint_state_n_lt_3;joint_state_n_lt_5;apparent_extreme_fraction_in_tiny_joint_state,CBC|chemistry,False,0.36663336663336665,1.0,0.8137150619165008
661,2_01021,2,CBC_eosinopenia|CBC_monocytosis,CBC_eosinopenia|CBC_monocytosis,2.5557307019233404,0.011832086582978428,2,108,contingency_likelihood_ratio_G,empty_joint_state;joint_state_n_lt_3;joint_state_n_lt_5;apparent_extreme_fraction_in_tiny_joint_state,CBC|CBC,False,0.36063936063936064,1.0,0.8135812998701482
662,2_00427,2,clinical signs_diarrhea|CBC_basophilia,clinical_signs_diarrhea|CBC_basophilia,2.5490186606675316,0.011801012317905238,3,108,contingency_likelihood_ratio_G,joint_state_n_lt_3;joint_state_n_lt_5;apparent_extreme_fraction_in_tiny_joint_state,clinical signs|CBC,False,0.6483516483516484,1.0,0.941770675676255
663,2_00135,2,folate_high|chem_elevated alt,folate_high|chem_elevated_ALT,2.5348298648520813,0.014082388138067118,3,90,contingency_likelihood_ratio_G,joint_state_n_lt_3;joint_state_n_lt_5;apparent_extreme_fraction_in_tiny_joint_state,GI panel|chemistry,False,0.5354645354645354,1.0,0.9297696685337135
664,2_00384,2,clinical signs_vomiting|CBC_eosinophilia,clinical_signs_vomiting|CBC_eosinophilia,2.531756025313797,0.011721092709786097,2,108,contingency_likelihood_ratio_G,empty_joint_state,clinical signs|CBC,False,0.31368631368631367,1.0,0.7680335537478394
665,2_00581,2,clinical signs_constipation|CBC_basophilia,clinical_signs_constipation|CBC_basophilia,2.5293742285773475,0.011710065873043275,2,108,contingency_likelihood_ratio_G,empty_joint_state;joint_state_n_lt_3;joint_state_n_lt_5;apparent_extreme_fraction_in_tiny_joint_state,clinical signs|CBC,False,0.5574425574425574,1.0,0.9314965087752406
666,2_01038,2,CBC_basophilia|CBC_basocytosis,CBC_basophilia|CBC_basocytosis,2.5293742285773475,0.011710065873043275,2,108,contingency_likelihood_ratio_G,empty_joint_state;joint_state_n_lt_3;joint_state_n_lt_5;apparent_extreme_fraction_in_tiny_joint_state,CBC|CBC,False,0.5694305694305695,1.0,0.9314965087752406
667,2_01054,2,CBC_basophilia|chem_hypercholesterolemia,CBC_basophilia|chem_hypercholesterolemia,2.5293742285773475,0.011710065873043275,2,108,contingency_likelihood_ratio_G,empty_joint_state;joint_state_n_lt_3;joint_state_n_lt_5;apparent_extreme_fraction_in_tiny_joint_state,CBC|chemistry,False,0.5434565434565435,1.0,0.9314965087752406
668,2_01055,2,CBC_basophilia|chem_hypercalcemia,CBC_basophilia|chem_hypercalcemia,2.5293742285773475,0.011710065873043275,2,108,contingency_likelihood_ratio_G,empty_joint_state;joint_state_n_lt_3;joint_state_n_lt_5;apparent_extreme_fraction_in_tiny_joint_state,CBC|chemistry,False,0.5714285714285714,1.0,0.9314965087752406
669,2_00419,2,clinical signs_diarrhea|AUS_splenomegaly,clinical_signs_diarrhea|AUS_splenomegaly,2.522546423016531,0.01167845566211357,3,108,contingency_likelihood_ratio_G,,clinical signs|AUS,False,0.4945054945054945,1.0,0.9176237296538048
670,2_00268,2,pli_abn|CBC_anemia,pli_abn|CBC_anemia,2.5007467428361854,0.01453922524904759,2,86,contingency_likelihood_ratio_G,empty_joint_state;joint_state_n_lt_3;joint_state_n_lt_5;apparent_extreme_fraction_in_tiny_joint_state,GI panel|CBC,False,0.35664335664335667,1.0,0.8104933740292857
671,2_00774,2,AUS_mesenteric lymphadenopathy|CBC_lymphocytosis,AUS_mesenteric_lymphadenopathy|CBC_lymphocytosis,2.4985166885807795,0.011567206891577683,3,108,contingency_likelihood_ratio_G,joint_state_n_lt_3;joint_state_n_lt_5;apparent_extreme_fraction_in_tiny_joint_state,AUS|CBC,False,0.7332667332667333,1.0,0.9464970176267248
672,2_00057,2,cobalamin_low|clinical signs_diarrhea,cobalamin_low|clinical_signs_diarrhea,2.4933098925489796,0.01385172162527211,3,90,contingency_likelihood_ratio_G,,GI panel|clinical signs,False,0.4995004995004995,1.0,0.9199755468412185
673,2_00669,2,AUS_jejunum|AUS_ileus,AUS_jejunal_thickening|AUS_ileus,2.4919132279353766,0.011536635314515632,3,108,contingency_likelihood_ratio_G,joint_state_n_lt_3;joint_state_n_lt_5,AUS|AUS,False,0.5534465534465535,1.0,0.9314965087752406
674,2_00880,2,AUS_ileus|AUS_gall bladder sludge,AUS_ileus|AUS_gall_bladder_sludge,2.490453604781507,0.011529877799914386,2,108,contingency_likelihood_ratio_G,empty_joint_state,AUS|AUS,False,0.2707292707292707,1.0,0.7215549029803888
675,2_00910,2,AUS_gall bladder sludge|CBC_eosinophilia,AUS_gall_bladder_sludge|CBC_eosinophilia,2.490453604781507,0.011529877799914386,2,108,contingency_likelihood_ratio_G,empty_joint_state,AUS|CBC,False,0.2947052947052947,1.0,0.7467481184113628
676,2_00776,2,AUS_mesenteric lymphadenopathy|CBC_monocytosis,AUS_mesenteric_lymphadenopathy|CBC_monocytosis,2.476449979097308,0.011465046199524574,3,108,contingency_likelihood_ratio_G,joint_state_n_lt_5;apparent_extreme_fraction_in_tiny_joint_state,AUS|CBC,False,0.5294705294705294,1.0,0.9289407476376315
677,2_00897,2,AUS_ileus|chem_elevated ast,AUS_ileus|chem_elevated_AST,2.4716551021459265,0.01144284769512003,2,108,contingency_likelihood_ratio_G,empty_joint_state;joint_state_n_lt_3;joint_state_n_lt_5,AUS|chemistry,False,0.3826173826173826,1.0,0.8268823995619091
678,2_01007,2,CBC_eosinophilia|chem_elevated ast,CBC_eosinophilia|chem_elevated_AST,2.4716551021459265,0.01144284769512003,2,108,contingency_likelihood_ratio_G,empty_joint_state;joint_state_n_lt_3;joint_state_n_lt_5,CBC|chemistry,False,0.4225774225774226,1.0,0.8604959397038606
679,2_00675,2,AUS_jejunum|CBC_eosinopenia,AUS_jejunal_thickening|CBC_eosinopenia,2.458526399017667,0.011382066662118828,2,108,contingency_likelihood_ratio_G,empty_joint_state;joint_state_n_lt_3;joint_state_n_lt_5;apparent_extreme_fraction_in_tiny_joint_state,AUS|CBC,False,0.3726273726273726,1.0,0.8189253020514121
680,2_00708,2,AUS_ileum|CBC_eosinopenia,AUS_ileal_thickening|CBC_eosinopenia,2.456982506457912,0.011374919011379223,2,108,contingency_likelihood_ratio_G,empty_joint_state;joint_state_n_lt_3;joint_state_n_lt_5;apparent_extreme_fraction_in_tiny_joint_state,AUS|CBC,False,0.3786213786213786,1.0,0.8211226383458369
681,2_00721,2,AUS_ileum|chem_elevated alp,AUS_ileal_thickening|chem_elevated_ALP,2.456982506457912,0.011374919011379223,2,108,contingency_likelihood_ratio_G,empty_joint_state;joint_state_n_lt_3;joint_state_n_lt_5;apparent_extreme_fraction_in_tiny_joint_state,AUS|chemistry,False,0.4005994005994006,1.0,0.8413793337392658
682,2_00416,2,clinical signs_diarrhea|AUS_mesenteric lymphadenopathy,clinical_signs_diarrhea|AUS_mesenteric_lymphadenopathy,2.439148511954489,0.011292354222011523,3,108,contingency_likelihood_ratio_G,,clinical signs|AUS,False,0.5254745254745254,1.0,0.9289407476376315
683,2_00767,2,AUS_mesenteric lymphadenopathy|CBC_no abnormalities,AUS_mesenteric_lymphadenopathy|CBC_no_abnormalities,2.4383368855059717,0.011288596692157276,3,108,contingency_likelihood_ratio_G,,AUS|CBC,False,0.5094905094905094,1.0,0.924131983124789
684,2_00782,2,AUS_mesenteric lymphadenopathy|chem_elevated alt,AUS_mesenteric_lymphadenopathy|chem_elevated_ALT,2.43729035327389,0.01128375163552727,3,108,contingency_likelihood_ratio_G,joint_state_n_lt_3;joint_state_n_lt_5;apparent_extreme_fraction_in_tiny_joint_state,AUS|chemistry,False,0.5644355644355644,1.0,0.9314965087752406
685,2_00769,2,AUS_mesenteric lymphadenopathy|CBC_neutropenia,AUS_mesenteric_lymphadenopathy|CBC_neutropenia,2.431043607370187,0.011254831515602717,3,108,contingency_likelihood_ratio_G,joint_state_n_lt_3;joint_state_n_lt_5;apparent_extreme_fraction_in_tiny_joint_state,AUS|CBC,False,0.6593406593406593,1.0,0.941770675676255
686,2_00628,2,AUS_duodenum|AUS_jejunum,AUS_duodenal_thickening|AUS_jejunal_thickening,2.412436162370237,0.011168685936899245,3,108,contingency_likelihood_ratio_G,,AUS|AUS,False,0.4905094905094905,1.0,0.9157166585305768
687,2_00753,2,AUS_colon|chem_elevated alp,AUS_colonic_thickening|chem_elevated_ALP,2.406654073430191,0.011141917006621253,2,108,contingency_likelihood_ratio_G,empty_joint_state;joint_state_n_lt_3;joint_state_n_lt_5;apparent_extreme_fraction_in_tiny_joint_state,AUS|chemistry,False,0.4405594405594406,1.0,0.8684510377801112
688,2_00606,2,AUS_no abnormalities|CBC_eosinopenia,AUS_no_abnormalities|CBC_eosinopenia,2.4009831775092123,0.011115662858838946,2,108,contingency_likelihood_ratio_G,empty_joint_state;joint_state_n_lt_3;joint_state_n_lt_5;apparent_extreme_fraction_in_tiny_joint_state,AUS|CBC,False,0.5144855144855145,1.0,0.924131983124789
689,2_00619,2,AUS_no abnormalities|chem_elevated alp,AUS_no_abnormalities|chem_elevated_ALP,2.4009831775092123,0.011115662858838946,2,108,contingency_likelihood_ratio_G,empty_joint_state;joint_state_n_lt_3;joint_state_n_lt_5;apparent_extreme_fraction_in_tiny_joint_state,AUS|chemistry,False,0.5204795204795205,1.0,0.924131983124789
690,2_00973,2,CBC_neutropenia|CBC_eosinopenia,CBC_neutropenia|CBC_eosinopenia,2.4009831775092123,0.011115662858838946,2,108,contingency_likelihood_ratio_G,empty_joint_state;joint_state_n_lt_3;joint_state_n_lt_5;apparent_extreme_fraction_in_tiny_joint_state,CBC|CBC,False,0.5334665334665335,1.0,0.9297696685337135
691,2_00986,2,CBC_neutropenia|chem_elevated alp,CBC_neutropenia|chem_elevated_ALP,2.4009831775092123,0.011115662858838946,2,108,contingency_likelihood_ratio_G,empty_joint_state;joint_state_n_lt_3;joint_state_n_lt_5;apparent_extreme_fraction_in_tiny_joint_state,CBC|chemistry,False,0.5514485514485514,1.0,0.9314965087752406
692,2_01080,2,CBC_lymphocytosis|chem_no abnormalities,CBC_lymphocytosis|chem_no_abnormalities,2.3990473552333635,0.01110670071867298,3,108,contingency_likelihood_ratio_G,joint_state_n_lt_3;joint_state_n_lt_5;apparent_extreme_fraction_in_tiny_joint_state,CBC|chemistry,False,0.7242757242757243,1.0,0.9437763925620314
693,2_00516,2,clinical signs_weight loss|chem_elevated alt,clinical_signs_weight_loss|chem_elevated_ALT,2.399047355233339,0.011106700718672867,3,108,contingency_likelihood_ratio_G,joint_state_n_lt_3;joint_state_n_lt_5;apparent_extreme_fraction_in_tiny_joint_state,clinical signs|chemistry,False,0.5664335664335665,1.0,0.9314965087752406
694,2_00656,2,AUS_duodenum|chem_azotemia,AUS_duodenal_thickening|chem_azotemia,2.397977952266893,0.011101749779013393,3,108,contingency_likelihood_ratio_G,,AUS|chemistry,False,0.5164835164835165,1.0,0.924131983124789
695,2_01031,2,CBC_eosinopenia|chem_azotemia,CBC_eosinopenia|chem_azotemia,2.3942662296063353,0.011084565877807108,2,108,contingency_likelihood_ratio_G,empty_joint_state;joint_state_n_lt_3;joint_state_n_lt_5;apparent_extreme_fraction_in_tiny_joint_state,CBC|chemistry,False,0.4195804195804196,1.0,0.8592632533029885
696,2_01199,2,chem_elevated alp|chem_azotemia,chem_elevated_ALP|chem_azotemia,2.3942662296063353,0.011084565877807108,2,108,contingency_likelihood_ratio_G,empty_joint_state;joint_state_n_lt_3;joint_state_n_lt_5;apparent_extreme_fraction_in_tiny_joint_state,chemistry|chemistry,False,0.4305694305694306,1.0,0.8615474702431224
697,2_00061,2,cobalamin_low|clinical signs_constipation,cobalamin_low|clinical_signs_constipation,2.394198184987206,0.013301101027706699,2,90,contingency_likelihood_ratio_G,empty_joint_state;joint_state_n_lt_3;joint_state_n_lt_5;apparent_extreme_fraction_in_tiny_joint_state,GI panel|clinical signs,False,0.41358641358641357,1.0,0.8577573686817384
698,2_00091,2,cobalamin_low|chem_elevated total bilirubin,cobalamin_low|chem_elevated_total_bilirubin,2.394198184987206,0.013301101027706699,2,90,contingency_likelihood_ratio_G,empty_joint_state;joint_state_n_lt_3;joint_state_n_lt_5;apparent_extreme_fraction_in_tiny_joint_state,GI panel|chemistry,False,0.4205794205794206,1.0,0.8592632533029885
699,2_00881,2,AUS_ileus|CBC_no abnormalities,AUS_ileus|CBC_no_abnormalities,2.39097653715467,0.011069335820160509,3,108,contingency_likelihood_ratio_G,joint_state_n_lt_3;joint_state_n_lt_5,AUS|CBC,False,0.5514485514485514,1.0,0.9314965087752406
700,2_00440,2,clinical signs_diarrhea|chem_elevated total bilirubin,clinical_signs_diarrhea|chem_elevated_total_bilirubin,2.3885413791531214,0.01105806194052371,2,108,contingency_likelihood_ratio_G,empty_joint_state;joint_state_n_lt_3;joint_state_n_lt_5;apparent_extreme_fraction_in_tiny_joint_state,clinical signs|chemistry,False,0.36363636363636365,1.0,0.8137150619165008
701,2_00447,2,clinical signs_diarrhea|chem_hypophosphatemia,clinical_signs_diarrhea|chem_hypophosphatemia,2.3885413791531214,0.01105806194052371,2,108,contingency_likelihood_ratio_G,empty_joint_state;joint_state_n_lt_3;joint_state_n_lt_5;apparent_extreme_fraction_in_tiny_joint_state,clinical signs|chemistry,False,0.33666333666333664,1.0,0.7921584119302751
702,2_00644,2,AUS_duodenum|CBC_lymphocytosis,AUS_duodenal_thickening|CBC_lymphocytosis,2.3885413791531214,0.01105806194052371,2,108,contingency_likelihood_ratio_G,empty_joint_state;joint_state_n_lt_3;joint_state_n_lt_5;apparent_extreme_fraction_in_tiny_joint_state,AUS|CBC,False,0.34565434565434566,1.0,0.795778848017654
703,2_00655,2,AUS_duodenum|chem_elevated total bilirubin,AUS_duodenal_thickening|chem_elevated_total_bilirubin,2.3885413791531214,0.01105806194052371,2,108,contingency_likelihood_ratio_G,empty_joint_state;joint_state_n_lt_3;joint_state_n_lt_5;apparent_extreme_fraction_in_tiny_joint_state,AUS|chemistry,False,0.35564435564435565,1.0,0.8104933740292857
704,2_00412,2,clinical signs_diarrhea|AUS_duodenum,clinical_signs_diarrhea|AUS_duodenal_thickening,2.3882190440431095,0.011056569648347728,3,108,contingency_likelihood_ratio_G,,clinical signs|AUS,False,0.5204795204795205,1.0,0.924131983124789
705,2_00388,2,clinical signs_vomiting|CBC_lymphocytosis,clinical_signs_vomiting|CBC_lymphocytosis,2.3854618043665856,0.011043804649845303,3,108,contingency_likelihood_ratio_G,joint_state_n_lt_3;joint_state_n_lt_5;apparent_extreme_fraction_in_tiny_joint_state,clinical signs|CBC,False,0.7232767232767233,1.0,0.9437763925620314
706,2_00399,2,clinical signs_vomiting|chem_elevated total bilirubin,clinical_signs_vomiting|chem_elevated_total_bilirubin,2.3854618043665856,0.011043804649845303,3,108,contingency_likelihood_ratio_G,joint_state_n_lt_3;joint_state_n_lt_5;apparent_extreme_fraction_in_tiny_joint_state,clinical signs|chemistry,False,0.7332667332667333,1.0,0.9464970176267248
707,2_00406,2,clinical signs_vomiting|chem_hypophosphatemia,clinical_signs_vomiting|chem_hypophosphatemia,2.3854618043665856,0.011043804649845303,3,108,contingency_likelihood_ratio_G,joint_state_n_lt_3;joint_state_n_lt_5;apparent_extreme_fraction_in_tiny_joint_state,clinical signs|chemistry,False,0.7112887112887113,1.0,0.941770675676255
708,2_00896,2,AUS_ileus|chem_elevated alt,AUS_ileus|chem_elevated_ALT,2.3821596046969633,0.011028516688411868,2,108,contingency_likelihood_ratio_G,empty_joint_state,AUS|chemistry,False,0.34165834165834164,1.0,0.7954837615214972
709,2_01006,2,CBC_eosinophilia|chem_elevated alt,CBC_eosinophilia|chem_elevated_ALT,2.3821596046969633,0.011028516688411868,2,108,contingency_likelihood_ratio_G,empty_joint_state,CBC|chemistry,False,0.34565434565434566,1.0,0.795778848017654
710,2_00520,2,clinical signs_weight loss|chem_azotemia,clinical_signs_weight_loss|chem_azotemia,2.3806530658329415,0.011021541971448803,3,108,contingency_likelihood_ratio_G,,clinical signs|chemistry,False,0.5484515484515484,1.0,0.9314965087752406
711,2_00801,2,AUS_chronic degenerative renal changes|CBC_eosinopenia,AUS_chronic_degenerative_renal_changes|CBC_eosinopenia,2.3708302342407355,0.010976065899262664,2,108,contingency_likelihood_ratio_G,empty_joint_state;joint_state_n_lt_3;joint_state_n_lt_5;apparent_extreme_fraction_in_tiny_joint_state,AUS|CBC,False,0.4405594405594406,1.0,0.8684510377801112
712,2_00814,2,AUS_chronic degenerative renal changes|chem_elevated alp,AUS_chronic_degenerative_renal_changes|chem_elevated_ALP,2.3708302342407355,0.010976065899262664,2,108,contingency_likelihood_ratio_G,empty_joint_state;joint_state_n_lt_3;joint_state_n_lt_5;apparent_extreme_fraction_in_tiny_joint_state,AUS|chemistry,False,0.45354645354645357,1.0,0.8799942196168612
713,2_00503,2,clinical signs_weight loss|CBC_neutropenia,clinical_signs_weight_loss|CBC_neutropenia,2.368576275759647,0.010965630906294663,3,108,contingency_likelihood_ratio_G,joint_state_n_lt_3;joint_state_n_lt_5;apparent_extreme_fraction_in_tiny_joint_state,clinical signs|CBC,False,0.6693306693306693,1.0,0.941770675676255
714,2_00343,2,clinical signs_none|CBC_eosinopenia,clinical_signs_none_reported|CBC_eosinopenia,2.350288465404334,0.010880965117612659,2,108,contingency_likelihood_ratio_G,empty_joint_state;joint_state_n_lt_3;joint_state_n_lt_5;apparent_extreme_fraction_in_tiny_joint_state,clinical signs|CBC,False,0.45354645354645357,1.0,0.8799942196168612
715,2_00356,2,clinical signs_none|chem_elevated alp,clinical_signs_none_reported|chem_elevated_ALP,2.350288465404334,0.010880965117612659,2,108,contingency_likelihood_ratio_G,empty_joint_state;joint_state_n_lt_3;joint_state_n_lt_5;apparent_extreme_fraction_in_tiny_joint_state,clinical signs|chemistry,False,0.45754245754245754,1.0,0.8808227653781476
716,2_01024,2,CBC_eosinopenia|chem_hypoproteinemia,CBC_eosinopenia|chem_hypoproteinemia,2.350221734232512,0.01088065617700237,2,108,contingency_likelihood_ratio_G,empty_joint_state;joint_state_n_lt_3;joint_state_n_lt_5;apparent_extreme_fraction_in_tiny_joint_state,CBC|chemistry,False,0.4165834165834166,1.0,0.8582035660499766
717,2_01036,2,CBC_eosinopenia|chem_hypokalemia,CBC_eosinopenia|chem_hypokalemia,2.350221734232512,0.01088065617700237,2,108,contingency_likelihood_ratio_G,empty_joint_state;joint_state_n_lt_3;joint_state_n_lt_5;apparent_extreme_fraction_in_tiny_joint_state,CBC|chemistry,False,0.4305694305694306,1.0,0.8615474702431224
718,2_01103,2,CBC_lymphopenia|chem_elevated alp,CBC_lymphopenia|chem_elevated_ALP,2.350221734232512,0.01088065617700237,2,108,contingency_likelihood_ratio_G,empty_joint_state;joint_state_n_lt_3;joint_state_n_lt_5;apparent_extreme_fraction_in_tiny_joint_state,CBC|chemistry,False,0.43756243756243757,1.0,0.8680901092476655
719,2_01147,2,chem_hypoproteinemia|chem_elevated alp,chem_hypoproteinemia|chem_elevated_ALP,2.350221734232512,0.01088065617700237,2,108,contingency_likelihood_ratio_G,empty_joint_state;joint_state_n_lt_3;joint_state_n_lt_5;apparent_extreme_fraction_in_tiny_joint_state,chemistry|chemistry,False,0.42657342657342656,1.0,0.8615474702431224
720,2_01204,2,chem_elevated alp|chem_hypokalemia,chem_elevated_ALP|chem_hypokalemia,2.350221734232512,0.01088065617700237,2,108,contingency_likelihood_ratio_G,empty_joint_state;joint_state_n_lt_3;joint_state_n_lt_5;apparent_extreme_fraction_in_tiny_joint_state,chemistry|chemistry,False,0.44655344655344653,1.0,0.8752451985415536
721,2_00434,2,clinical signs_diarrhea|chem_hypoproteinemia,clinical_signs_diarrhea|chem_hypoproteinemia,2.3488382167122475,0.010874251003297442,3,108,contingency_likelihood_ratio_G,joint_state_n_lt_3;joint_state_n_lt_5;apparent_extreme_fraction_in_tiny_joint_state,clinical signs|chemistry,False,0.6413586413586414,1.0,0.941770675676255
722,2_00527,2,clinical signs_hairball obstruction|clinical signs_constipation,clinical_signs_hairball_obstruction|clinical_signs_constipation,2.3408224770354504,0.010837141097386345,2,108,contingency_likelihood_ratio_G,empty_joint_state;joint_state_n_lt_3;joint_state_n_lt_5;apparent_extreme_fraction_in_tiny_joint_state,clinical signs|clinical signs,False,0.6823176823176823,1.0,0.941770675676255
723,2_00545,2,clinical signs_hairball obstruction|CBC_basocytosis,clinical_signs_hairball_obstruction|CBC_basocytosis,2.3408224770354504,0.010837141097386345,2,108,contingency_likelihood_ratio_G,empty_joint_state;joint_state_n_lt_3;joint_state_n_lt_5;apparent_extreme_fraction_in_tiny_joint_state,clinical signs|CBC,False,0.6913086913086913,1.0,0.941770675676255
724,2_00561,2,clinical signs_hairball obstruction|chem_hypercholesterolemia,clinical_signs_hairball_obstruction|chem_hypercholesterolemia,2.3408224770354504,0.010837141097386345,2,108,contingency_likelihood_ratio_G,empty_joint_state;joint_state_n_lt_3;joint_state_n_lt_5;apparent_extreme_fraction_in_tiny_joint_state,clinical signs|chemistry,False,0.6713286713286714,1.0,0.941770675676255
725,2_00562,2,clinical signs_hairball obstruction|chem_hypercalcemia,clinical_signs_hairball_obstruction|chem_hypercalcemia,2.3408224770354504,0.010837141097386345,2,108,contingency_likelihood_ratio_G,empty_joint_state;joint_state_n_lt_3;joint_state_n_lt_5;apparent_extreme_fraction_in_tiny_joint_state,clinical signs|chemistry,False,0.6773226773226774,1.0,0.941770675676255
726,2_01022,2,CBC_eosinopenia|CBC_anemia,CBC_eosinopenia|CBC_anemia,2.3408224770354504,0.010837141097386345,2,108,contingency_likelihood_ratio_G,empty_joint_state;joint_state_n_lt_3;joint_state_n_lt_5;apparent_extreme_fraction_in_tiny_joint_state,CBC|CBC,False,0.6763236763236763,1.0,0.941770675676255
727,2_01134,2,CBC_anemia|chem_elevated alp,CBC_anemia|chem_elevated_ALP,2.34082247703545,0.010837141097386342,2,108,contingency_likelihood_ratio_G,empty_joint_state;joint_state_n_lt_3;joint_state_n_lt_5;apparent_extreme_fraction_in_tiny_joint_state,CBC|chemistry,False,0.7052947052947053,1.0,0.941770675676255
728,2_00688,2,AUS_jejunum|chem_elevated alp,AUS_jejunal_thickening|chem_elevated_ALP,2.3340338895901453,0.010805712451806228,2,108,contingency_likelihood_ratio_G,empty_joint_state;joint_state_n_lt_3;joint_state_n_lt_5;apparent_extreme_fraction_in_tiny_joint_state,AUS|chemistry,False,0.43956043956043955,1.0,0.8684510377801112
729,2_00386,2,clinical signs_vomiting|CBC_basophilia,clinical_signs_vomiting|CBC_basophilia,2.328322647231991,0.010779271514962921,2,108,contingency_likelihood_ratio_G,empty_joint_state,clinical signs|CBC,False,0.37362637362637363,1.0,0.8189253020514121
730,2_00082,2,cobalamin_low|CBC_monocytosis,cobalamin_low|CBC_monocytosis,2.324212933920367,0.012912294077335372,3,90,contingency_likelihood_ratio_G,joint_state_n_lt_5;apparent_extreme_fraction_in_tiny_joint_state,GI panel|CBC,False,0.5594405594405595,1.0,0.9314965087752406
731,2_00122,2,folate_high|CBC_neutropenia,folate_high|CBC_neutropenia,2.323588210277671,0.012908823390431505,2,90,contingency_likelihood_ratio_G,empty_joint_state;joint_state_n_lt_3;joint_state_n_lt_5;apparent_extreme_fraction_in_tiny_joint_state,GI panel|CBC,False,0.3226773226773227,1.0,0.7807525807525808
732,2_00127,2,folate_high|CBC_lymphocytosis,folate_high|CBC_lymphocytosis,2.323588210277671,0.012908823390431505,2,90,contingency_likelihood_ratio_G,empty_joint_state;joint_state_n_lt_3;joint_state_n_lt_5;apparent_extreme_fraction_in_tiny_joint_state,GI panel|CBC,False,0.34465534465534464,1.0,0.795778848017654
733,2_00145,2,folate_high|chem_hypophosphatemia,folate_high|chem_hypophosphatemia,2.323588210277671,0.012908823390431505,2,90,contingency_likelihood_ratio_G,empty_joint_state;joint_state_n_lt_3;joint_state_n_lt_5;apparent_extreme_fraction_in_tiny_joint_state,GI panel|chemistry,False,0.33966033966033965,1.0,0.7946571387025073
734,2_00613,2,AUS_no abnormalities|chem_no abnormalities,AUS_no_abnormalities|chem_no_abnormalities,2.3234630534502565,0.010756773395603039,3,108,contingency_likelihood_ratio_G,joint_state_n_lt_3;joint_state_n_lt_5;apparent_extreme_fraction_in_tiny_joint_state,AUS|chemistry,False,0.6343656343656343,1.0,0.941224441824682
735,2_00067,2,cobalamin_low|AUS_mesenteric lymphadenopathy,cobalamin_low|AUS_mesenteric_lymphadenopathy,2.311301367208614,0.012840563151158967,3,90,contingency_likelihood_ratio_G,,GI panel|AUS,False,0.5114885114885115,1.0,0.924131983124789
736,2_00583,2,clinical signs_constipation|CBC_lymphocytosis,clinical_signs_constipation|CBC_lymphocytosis,2.3075802714012155,0.01068324199722785,2,108,contingency_likelihood_ratio_G,empty_joint_state;joint_state_n_lt_3;joint_state_n_lt_5;apparent_extreme_fraction_in_tiny_joint_state,clinical signs|CBC,False,0.6983016983016983,1.0,0.941770675676255
737,2_00594,2,clinical signs_constipation|chem_elevated total bilirubin,clinical_signs_constipation|chem_elevated_total_bilirubin,2.3075802714012155,0.01068324199722785,2,108,contingency_likelihood_ratio_G,empty_joint_state;joint_state_n_lt_3;joint_state_n_lt_5;apparent_extreme_fraction_in_tiny_joint_state,clinical signs|chemistry,False,0.6943056943056943,1.0,0.941770675676255
738,2_00601,2,clinical signs_constipation|chem_hypophosphatemia,clinical_signs_constipation|chem_hypophosphatemia,2.3075802714012155,0.01068324199722785,2,108,contingency_likelihood_ratio_G,empty_joint_state;joint_state_n_lt_3;joint_state_n_lt_5;apparent_extreme_fraction_in_tiny_joint_state,clinical signs|chemistry,False,0.6973026973026973,1.0,0.941770675676255
739,2_01058,2,CBC_basocytosis|CBC_lymphocytosis,CBC_basocytosis|CBC_lymphocytosis,2.3075802714012155,0.01068324199722785,2,108,contingency_likelihood_ratio_G,empty_joint_state;joint_state_n_lt_3;joint_state_n_lt_5;apparent_extreme_fraction_in_tiny_joint_state,CBC|CBC,False,0.7032967032967034,1.0,0.941770675676255
740,2_01069,2,CBC_basocytosis|chem_elevated total bilirubin,CBC_basocytosis|chem_elevated_total_bilirubin,2.3075802714012155,0.01068324199722785,2,108,contingency_likelihood_ratio_G,empty_joint_state;joint_state_n_lt_3;joint_state_n_lt_5;apparent_extreme_fraction_in_tiny_joint_state,CBC|chemistry,False,0.6943056943056943,1.0,0.941770675676255
741,2_01076,2,CBC_basocytosis|chem_hypophosphatemia,CBC_basocytosis|chem_hypophosphatemia,2.3075802714012155,0.01068324199722785,2,108,contingency_likelihood_ratio_G,empty_joint_state;joint_state_n_lt_3;joint_state_n_lt_5;apparent_extreme_fraction_in_tiny_joint_state,CBC|chemistry,False,0.7002997002997003,1.0,0.941770675676255
742,2_01087,2,CBC_lymphocytosis|chem_elevated total bilirubin,CBC_lymphocytosis|chem_elevated_total_bilirubin,2.3075802714012155,0.01068324199722785,3,108,contingency_likelihood_ratio_G,joint_state_n_lt_3;joint_state_n_lt_5;apparent_extreme_fraction_in_tiny_joint_state,CBC|chemistry,False,1.0,1.0,1.0
743,2_01091,2,CBC_lymphocytosis|chem_hypercholesterolemia,CBC_lymphocytosis|chem_hypercholesterolemia,2.3075802714012155,0.01068324199722785,2,108,contingency_likelihood_ratio_G,empty_joint_state;joint_state_n_lt_3;joint_state_n_lt_5;apparent_extreme_fraction_in_tiny_joint_state,CBC|chemistry,False,0.6873126873126874,1.0,0.941770675676255
744,2_01092,2,CBC_lymphocytosis|chem_hypercalcemia,CBC_lymphocytosis|chem_hypercalcemia,2.3075802714012155,0.01068324199722785,2,108,contingency_likelihood_ratio_G,empty_joint_state;joint_state_n_lt_3;joint_state_n_lt_5;apparent_extreme_fraction_in_tiny_joint_state,CBC|chemistry,False,0.7152847152847153,1.0,0.9419337304565785
745,2_01209,2,chem_elevated total bilirubin|chem_hypercholesterolemia,chem_elevated_total_bilirubin|chem_hypercholesterolemia,2.3075802714012155,0.01068324199722785,2,108,contingency_likelihood_ratio_G,empty_joint_state;joint_state_n_lt_3;joint_state_n_lt_5;apparent_extreme_fraction_in_tiny_joint_state,chemistry|chemistry,False,0.6763236763236763,1.0,0.941770675676255
746,2_01210,2,chem_elevated total bilirubin|chem_hypercalcemia,chem_elevated_total_bilirubin|chem_hypercalcemia,2.3075802714012155,0.01068324199722785,2,108,contingency_likelihood_ratio_G,empty_joint_state;joint_state_n_lt_3;joint_state_n_lt_5;apparent_extreme_fraction_in_tiny_joint_state,chemistry|chemistry,False,0.7112887112887113,1.0,0.941770675676255
747,2_01230,2,chem_hypercholesterolemia|chem_hypophosphatemia,chem_hypercholesterolemia|chem_hypophosphatemia,2.3075802714012155,0.01068324199722785,2,108,contingency_likelihood_ratio_G,empty_joint_state;joint_state_n_lt_3;joint_state_n_lt_5;apparent_extreme_fraction_in_tiny_joint_state,chemistry|chemistry,False,0.6883116883116883,1.0,0.941770675676255
748,2_01232,2,chem_hypercalcemia|chem_hypophosphatemia,chem_hypercalcemia|chem_hypophosphatemia,2.3075802714012155,0.01068324199722785,2,108,contingency_likelihood_ratio_G,empty_joint_state;joint_state_n_lt_3;joint_state_n_lt_5;apparent_extreme_fraction_in_tiny_joint_state,chemistry|chemistry,False,0.7172827172827173,1.0,0.9419337304565785
749,2_00916,2,AUS_gall bladder sludge|CBC_monocytosis,AUS_gall_bladder_sludge|CBC_monocytosis,2.307118040967438,0.010681102041515915,3,108,contingency_likelihood_ratio_G,joint_state_n_lt_3;joint_state_n_lt_5;apparent_extreme_fraction_in_tiny_joint_state,AUS|CBC,False,0.5864135864135864,1.0,0.9387537402065247
750,2_00537,2,clinical signs_hairball obstruction|AUS_ileus,clinical_signs_hairball_obstruction|AUS_ileus,2.2999741741285904,0.01064802858392866,2,108,contingency_likelihood_ratio_G,empty_joint_state;joint_state_n_lt_5;apparent_extreme_fraction_in_tiny_joint_state,clinical signs|AUS,False,0.6053946053946054,1.0,0.9387537402065247
751,2_00113,2,folate_high|AUS_colon,folate_high|AUS_colonic_thickening,2.274976312229062,0.012638757290161454,3,90,contingency_likelihood_ratio_G,joint_state_n_lt_5,GI panel|AUS,False,0.6213786213786214,1.0,0.9387537402065247
752,2_00890,2,AUS_ileus|CBC_monocytosis,AUS_ileus|CBC_monocytosis,2.2520193515615965,0.010426015516488873,2,108,contingency_likelihood_ratio_G,empty_joint_state,AUS|CBC,False,0.3106893106893107,1.0,0.7637263135271104
753,2_00365,2,clinical signs_vomiting|clinical signs_diarrhea,clinical_signs_vomiting|clinical_signs_diarrhea,2.244020994544336,0.010388986085853409,3,108,contingency_likelihood_ratio_G,,clinical signs|clinical signs,False,0.5364635364635365,1.0,0.9297696685337135
754,2_00912,2,AUS_gall bladder sludge|CBC_basophilia,AUS_gall_bladder_sludge|CBC_basophilia,2.242737595175873,0.010383044422110523,2,108,contingency_likelihood_ratio_G,empty_joint_state,AUS|CBC,False,0.41358641358641357,1.0,0.8577573686817384
755,2_00392,2,clinical signs_vomiting|chem_no abnormalities,clinical_signs_vomiting|chem_no_abnormalities,2.241270000680263,0.010376250003149366,3,108,contingency_likelihood_ratio_G,,clinical signs|chemistry,False,0.5244755244755245,1.0,0.9285549457715886
756,2_00925,2,AUS_gall bladder sludge|chem_elevated total bilirubin,AUS_gall_bladder_sludge|chem_elevated_total_bilirubin,2.2399675440464035,0.010370220111325943,2,108,contingency_likelihood_ratio_G,empty_joint_state;joint_state_n_lt_3;joint_state_n_lt_5;apparent_extreme_fraction_in_tiny_joint_state,AUS|chemistry,False,0.4225774225774226,1.0,0.8604959397038606
757,2_01010,2,CBC_eosinophilia|chem_azotemia,CBC_eosinophilia|chem_azotemia,2.239433409636524,0.010367747266835758,2,108,contingency_likelihood_ratio_G,empty_joint_state,CBC|chemistry,False,0.4165834165834166,1.0,0.8582035660499766
758,2_00088,2,cobalamin_low|chem_elevated alt,cobalamin_low|chem_elevated_ALT,2.229407704850644,0.012385598360281356,3,90,contingency_likelihood_ratio_G,joint_state_n_lt_3;joint_state_n_lt_5;apparent_extreme_fraction_in_tiny_joint_state,GI panel|chemistry,False,0.6753246753246753,1.0,0.941770675676255
759,2_00533,2,clinical signs_hairball obstruction|AUS_mesenteric lymphadenopathy,clinical_signs_hairball_obstruction|AUS_mesenteric_lymphadenopathy,2.2247219689065583,0.01029963874493777,2,108,contingency_likelihood_ratio_G,empty_joint_state;joint_state_n_lt_5;apparent_extreme_fraction_in_tiny_joint_state,clinical signs|AUS,False,0.5444555444555444,1.0,0.9314965087752406
760,2_00368,2,clinical signs_vomiting|clinical signs_hairball obstruction,clinical_signs_vomiting|clinical_signs_hairball_obstruction,2.222980119640355,0.010291574627964607,2,108,contingency_likelihood_ratio_G,empty_joint_state;joint_state_n_lt_5;apparent_extreme_fraction_in_tiny_joint_state,clinical signs|clinical signs,False,0.5154845154845155,1.0,0.924131983124789
761,2_00510,2,clinical signs_weight loss|CBC_monocytosis,clinical_signs_weight_loss|CBC_monocytosis,2.217854378084194,0.01026784434298238,3,108,contingency_likelihood_ratio_G,,clinical signs|CBC,False,0.5174825174825175,1.0,0.924131983124789
762,2_00085,2,cobalamin_low|chem_hypoproteinemia,cobalamin_low|chem_hypoproteinemia,2.2156402087370037,0.012309112270761131,3,90,contingency_likelihood_ratio_G,joint_state_n_lt_3;joint_state_n_lt_5;apparent_extreme_fraction_in_tiny_joint_state,GI panel|chemistry,False,0.6773226773226774,1.0,0.941770675676255
763,2_01003,2,CBC_eosinophilia|chem_hypoproteinemia,CBC_eosinophilia|chem_hypoproteinemia,2.2070852549422773,0.010217987291399432,3,108,contingency_likelihood_ratio_G,joint_state_n_lt_3;joint_state_n_lt_5;apparent_extreme_fraction_in_tiny_joint_state,CBC|chemistry,False,0.6903096903096904,1.0,0.941770675676255
764,2_01113,2,CBC_monocytosis|chem_no abnormalities,CBC_monocytosis|chem_no_abnormalities,2.1946807154751022,0.010160558867940287,3,108,contingency_likelihood_ratio_G,,CBC|chemistry,False,0.5484515484515484,1.0,0.9314965087752406
765,2_00795,2,AUS_chronic degenerative renal changes|AUS_ileus,AUS_chronic_degenerative_renal_changes|AUS_ileus,2.1878637759625295,0.010128998962789489,2,108,contingency_likelihood_ratio_G,empty_joint_state,AUS|AUS,False,0.3596403596403596,1.0,0.8128135600663072
766,2_00800,2,AUS_chronic degenerative renal changes|CBC_eosinophilia,AUS_chronic_degenerative_renal_changes|CBC_eosinophilia,2.1878637759625295,0.010128998962789489,2,108,contingency_likelihood_ratio_G,empty_joint_state,AUS|CBC,False,0.3826173826173826,1.0,0.8268823995619091
767,2_00084,2,cobalamin_low|chem_no abnormalities,cobalamin_low|chem_no_abnormalities,2.1849393334302585,0.012138551852390324,3,90,contingency_likelihood_ratio_G,,GI panel|chemistry,False,0.5664335664335665,1.0,0.9314965087752406
768,2_00064,2,cobalamin_low|AUS_jejunum,cobalamin_low|AUS_jejunal_thickening,2.1814441840744143,0.012119134355968968,3,90,contingency_likelihood_ratio_G,,GI panel|AUS,False,0.5524475524475524,1.0,0.9314965087752406
769,2_00668,2,AUS_jejunum|AUS_splenomegaly,AUS_jejunal_thickening|AUS_splenomegaly,2.1812318451067414,0.010098295579197877,3,108,contingency_likelihood_ratio_G,joint_state_n_lt_5;apparent_extreme_fraction_in_tiny_joint_state,AUS|AUS,False,0.6913086913086913,1.0,0.941770675676255
770,2_00513,2,clinical signs_weight loss|chem_hypoproteinemia,clinical_signs_weight_loss|chem_hypoproteinemia,2.1787504589371145,0.01008680768026442,3,108,contingency_likelihood_ratio_G,joint_state_n_lt_3;joint_state_n_lt_5;apparent_extreme_fraction_in_tiny_joint_state,clinical signs|chemistry,False,0.6643356643356644,1.0,0.941770675676255
771,2_00709,2,AUS_ileum|CBC_basophilia,AUS_ileal_thickening|CBC_basophilia,2.1783353257745834,0.010084885767474924,3,108,contingency_likelihood_ratio_G,joint_state_n_lt_3;joint_state_n_lt_5;apparent_extreme_fraction_in_tiny_joint_state,AUS|CBC,False,0.7142857142857143,1.0,0.9419337304565785
772,2_00380,2,clinical signs_vomiting|AUS_gall bladder sludge,clinical_signs_vomiting|AUS_gall_bladder_sludge,2.1639882709740537,0.01001846421747247,3,108,contingency_likelihood_ratio_G,,clinical signs|AUS,False,0.5424575424575424,1.0,0.9314965087752406
773,2_00674,2,AUS_jejunum|CBC_eosinophilia,AUS_jejunal_thickening|CBC_eosinophilia,2.163614745582045,0.010016734933250207,3,108,contingency_likelihood_ratio_G,joint_state_n_lt_3;joint_state_n_lt_5,AUS|CBC,False,0.6283716283716284,1.0,0.9387537402065247
774,2_01048,2,CBC_basophilia|chem_elevated ast,CBC_basophilia|chem_elevated_AST,2.161531236044684,0.010007089055762426,2,108,contingency_likelihood_ratio_G,empty_joint_state;joint_state_n_lt_3;joint_state_n_lt_5,CBC|chemistry,False,0.4175824175824176,1.0,0.8588278388278389
775,2_00373,2,clinical signs_vomiting|AUS_ileum,clinical_signs_vomiting|AUS_ileal_thickening,2.1613377010702726,0.010006193060510522,3,108,contingency_likelihood_ratio_G,,clinical signs|AUS,False,0.5294705294705294,1.0,0.9289407476376315
776,2_00605,2,AUS_no abnormalities|CBC_eosinophilia,AUS_no_abnormalities|CBC_eosinophilia,2.1490771814680194,0.009949431395685274,2,108,contingency_likelihood_ratio_G,empty_joint_state;joint_state_n_lt_5;apparent_extreme_fraction_in_tiny_joint_state,AUS|CBC,False,0.46653346653346656,1.0,0.8925617018640275
777,2_00883,2,AUS_ileus|CBC_neutropenia,AUS_ileus|CBC_neutropenia,2.1490771814680194,0.009949431395685274,2,108,contingency_likelihood_ratio_G,empty_joint_state;joint_state_n_lt_5;apparent_extreme_fraction_in_tiny_joint_state,AUS|CBC,False,0.46153846153846156,1.0,0.8857518841966743
778,2_00972,2,CBC_neutropenia|CBC_eosinophilia,CBC_neutropenia|CBC_eosinophilia,2.1490771814680194,0.009949431395685274,2,108,contingency_likelihood_ratio_G,empty_joint_state;joint_state_n_lt_5;apparent_extreme_fraction_in_tiny_joint_state,CBC|CBC,False,0.4745254745254745,1.0,0.896729610359013
779,2_00799,2,AUS_chronic degenerative renal changes|CBC_neutropenia,AUS_chronic_degenerative_renal_changes|CBC_neutropenia,2.1474576871780244,0.009941933736935298,3,108,contingency_likelihood_ratio_G,joint_state_n_lt_3;joint_state_n_lt_5;apparent_extreme_fraction_in_tiny_joint_state,AUS|CBC,False,0.7652347652347652,1.0,0.9705032891055501
780,2_00889,2,AUS_ileus|CBC_lymphopenia,AUS_ileus|CBC_lymphopenia,2.142966269469097,0.009921140136431006,2,108,contingency_likelihood_ratio_G,empty_joint_state,AUS|CBC,False,0.33466533466533466,1.0,0.7921584119302751
781,2_00893,2,AUS_ileus|chem_hypoproteinemia,AUS_ileus|chem_hypoproteinemia,2.142966269469097,0.009921140136431006,2,108,contingency_likelihood_ratio_G,empty_joint_state,AUS|chemistry,False,0.32967032967032966,1.0,0.7914653439945268
782,2_00999,2,CBC_eosinophilia|CBC_lymphopenia,CBC_eosinophilia|CBC_lymphopenia,2.142966269469097,0.009921140136431006,2,108,contingency_likelihood_ratio_G,empty_joint_state,CBC|CBC,False,0.36663336663336665,1.0,0.8137150619165008
783,2_01015,2,CBC_eosinophilia|chem_hypokalemia,CBC_eosinophilia|chem_hypokalemia,2.142966269469097,0.009921140136431006,2,108,contingency_likelihood_ratio_G,empty_joint_state,CBC|chemistry,False,0.3726273726273726,1.0,0.8189253020514121
784,2_00257,2,pli_abn|AUS_gall bladder sludge,pli_abn|AUS_gall_bladder_sludge,2.1395590224373127,0.012439296642077399,3,86,contingency_likelihood_ratio_G,joint_state_n_lt_3;joint_state_n_lt_5;apparent_extreme_fraction_in_tiny_joint_state,GI panel|AUS,False,0.6513486513486514,1.0,0.941770675676255
785,2_00734,2,AUS_colon|AUS_ileus,AUS_colonic_thickening|AUS_ileus,2.1389501523498113,0.009902547001619497,2,108,contingency_likelihood_ratio_G,empty_joint_state,AUS|AUS,False,0.36863136863136864,1.0,0.8166806263754199
786,2_00873,2,AUS_splenomegaly|chem_azotemia,AUS_splenomegaly|chem_azotemia,2.131133769435366,0.00986636004368225,3,108,contingency_likelihood_ratio_G,joint_state_n_lt_5;apparent_extreme_fraction_in_tiny_joint_state,AUS|chemistry,False,0.6893106893106893,1.0,0.941770675676255
787,2_00110,2,folate_high|AUS_duodenum,folate_high|AUS_duodenal_thickening,2.1276085449769404,0.011820047472094114,3,90,contingency_likelihood_ratio_G,,GI panel|AUS,False,0.5674325674325674,1.0,0.9314965087752406
788,2_00172,2,folate_low|CBC_basophilia,folate_low|CBC_basophilia,2.12519510978754,0.011806639498819667,2,90,contingency_likelihood_ratio_G,empty_joint_state,GI panel|CBC,False,0.45854145854145856,1.0,0.8813709654831151
789,2_01001,2,CBC_eosinophilia|CBC_anemia,CBC_eosinophilia|CBC_anemia,2.122627069345068,0.009826977172893834,2,108,contingency_likelihood_ratio_G,empty_joint_state;joint_state_n_lt_5,CBC|CBC,False,0.6003996003996004,1.0,0.9387537402065247
790,2_00702,2,AUS_ileum|AUS_ileus,AUS_ileal_thickening|AUS_ileus,2.1225038527752536,0.009826406725811358,2,108,contingency_likelihood_ratio_G,empty_joint_state,AUS|AUS,False,0.3756243756243756,1.0,0.8211188105181039
791,2_00488,2,clinical signs_weight loss|clinical signs_hairball obstruction,clinical_signs_weight_loss|clinical_signs_hairball_obstruction,2.118979634044334,0.009810090898353397,2,108,contingency_likelihood_ratio_G,empty_joint_state;joint_state_n_lt_5;apparent_extreme_fraction_in_tiny_joint_state,clinical signs|clinical signs,False,0.5214785214785215,1.0,0.9245754245754245
792,2_00070,2,cobalamin_low|AUS_splenomegaly,cobalamin_low|AUS_splenomegaly,2.117738049152945,0.011765211384183027,3,90,contingency_likelihood_ratio_G,,GI panel|AUS,False,0.5724275724275725,1.0,0.9318939635562327
793,2_00243,2,pli_abn|clinical signs_hyporexia,pli_abn|clinical_signs_hyporexia,2.1167885207075283,0.012306910004113537,3,86,contingency_likelihood_ratio_G,joint_state_n_lt_3;joint_state_n_lt_5;apparent_extreme_fraction_in_tiny_joint_state,GI panel|clinical signs,False,0.6663336663336663,1.0,0.941770675676255
794,2_01047,2,CBC_basophilia|chem_elevated alt,CBC_basophilia|chem_elevated_ALT,2.115451496472589,0.009793756928113838,2,108,contingency_likelihood_ratio_G,empty_joint_state,CBC|chemistry,False,0.45454545454545453,1.0,0.8802728521478521
795,2_00337,2,clinical signs_none|AUS_ileus,clinical_signs_none_reported|AUS_ileus,2.1081673352540213,0.009760033959509359,2,108,contingency_likelihood_ratio_G,empty_joint_state,clinical signs|AUS,False,0.42657342657342656,1.0,0.8615474702431224
796,2_00342,2,clinical signs_none|CBC_eosinophilia,clinical_signs_none_reported|CBC_eosinophilia,2.1081673352540213,0.009760033959509359,2,108,contingency_likelihood_ratio_G,empty_joint_state,clinical signs|CBC,False,0.4275724275724276,1.0,0.8615474702431224
797,2_01233,2,chem_hypokalemia|chem_hypophosphatemia,chem_hypokalemia|chem_hypophosphatemia,2.102995902337262,0.009736092140450289,2,108,contingency_likelihood_ratio_G,empty_joint_state;joint_state_n_lt_3;joint_state_n_lt_5;apparent_extreme_fraction_in_tiny_joint_state,chemistry|chemistry,False,0.4955044955044955,1.0,0.918096918096918
798,2_00876,2,AUS_splenomegaly|chem_hypercholesterolemia,AUS_splenomegaly|chem_hypercholesterolemia,2.099827464765321,0.009721423447987597,2,108,contingency_likelihood_ratio_G,empty_joint_state;joint_state_n_lt_3;joint_state_n_lt_5;apparent_extreme_fraction_in_tiny_joint_state,AUS|chemistry,False,0.5314685314685315,1.0,0.9289407476376315
799,2_00573,2,clinical signs_constipation|AUS_splenomegaly,clinical_signs_constipation|AUS_splenomegaly,2.0998274647653203,0.009721423447987595,2,108,contingency_likelihood_ratio_G,empty_joint_state;joint_state_n_lt_3;joint_state_n_lt_5;apparent_extreme_fraction_in_tiny_joint_state,clinical signs|AUS,False,0.5414585414585414,1.0,0.9314965087752406
800,2_00421,2,clinical signs_diarrhea|AUS_gall bladder sludge,clinical_signs_diarrhea|AUS_gall_bladder_sludge,2.0937584668218103,0.009693326235286159,3,108,contingency_likelihood_ratio_G,,clinical signs|AUS,False,0.5974025974025974,1.0,0.9387537402065247
801,2_00636,2,AUS_duodenum|AUS_gall bladder sludge,AUS_duodenal_thickening|AUS_gall_bladder_sludge,2.0937584668218103,0.009693326235286159,3,108,contingency_likelihood_ratio_G,,AUS|AUS,False,0.6043956043956044,1.0,0.9387537402065247
802,2_00538,2,clinical signs_hairball obstruction|AUS_gall bladder sludge,clinical_signs_hairball_obstruction|AUS_gall_bladder_sludge,2.09041575429337,0.009677850714321158,2,108,contingency_likelihood_ratio_G,empty_joint_state;joint_state_n_lt_5;apparent_extreme_fraction_in_tiny_joint_state,clinical signs|AUS,False,0.5514485514485514,1.0,0.9314965087752406
803,2_00055,2,cobalamin_low|clinical signs_none,cobalamin_low|clinical_signs_none_reported,2.0895323306204836,0.011608512947891576,3,90,contingency_likelihood_ratio_G,joint_state_n_lt_3;joint_state_n_lt_5;apparent_extreme_fraction_in_tiny_joint_state,GI panel|clinical signs,False,0.6883116883116883,1.0,0.941770675676255
804,2_00097,2,cobalamin_low|chem_hypokalemia,cobalamin_low|chem_hypokalemia,2.0895323306204836,0.011608512947891576,3,90,contingency_likelihood_ratio_G,joint_state_n_lt_3;joint_state_n_lt_5;apparent_extreme_fraction_in_tiny_joint_state,GI panel|chemistry,False,0.7042957042957043,1.0,0.941770675676255
805,2_00166,2,folate_low|AUS_gall bladder sludge,folate_low|AUS_gall_bladder_sludge,2.075191397712621,0.011528841098403448,3,90,contingency_likelihood_ratio_G,joint_state_n_lt_3;joint_state_n_lt_5;apparent_extreme_fraction_in_tiny_joint_state,GI panel|AUS,False,0.7002997002997003,1.0,0.941770675676255
806,2_00704,2,AUS_ileum|CBC_no abnormalities,AUS_ileal_thickening|CBC_no_abnormalities,2.074683797868775,0.009605017582725809,3,108,contingency_likelihood_ratio_G,,AUS|CBC,False,0.5884115884115884,1.0,0.9387537402065247
807,2_00437,2,clinical signs_diarrhea|chem_elevated alt,clinical_signs_diarrhea|chem_elevated_ALT,2.0654382777684,0.009562214248927779,3,108,contingency_likelihood_ratio_G,joint_state_n_lt_3;joint_state_n_lt_5;apparent_extreme_fraction_in_tiny_joint_state,clinical signs|chemistry,False,0.7312687312687313,1.0,0.9464970176267248
808,2_00079,2,cobalamin_low|CBC_basocytosis,cobalamin_low|CBC_basocytosis,2.0462463462075013,0.01136803525670834,2,90,contingency_likelihood_ratio_G,empty_joint_state;joint_state_n_lt_3;joint_state_n_lt_5;apparent_extreme_fraction_in_tiny_joint_state,GI panel|CBC,False,0.5094905094905094,1.0,0.924131983124789
809,2_00096,2,cobalamin_low|chem_hypercalcemia,cobalamin_low|chem_hypercalcemia,2.0462463462075013,0.01136803525670834,2,90,contingency_likelihood_ratio_G,empty_joint_state;joint_state_n_lt_3;joint_state_n_lt_5;apparent_extreme_fraction_in_tiny_joint_state,GI panel|chemistry,False,0.5194805194805194,1.0,0.924131983124789
810,2_00664,2,AUS_jejunum|AUS_colon,AUS_jejunal_thickening|AUS_colonic_thickening,2.033801046787831,0.009415745586980698,3,108,contingency_likelihood_ratio_G,joint_state_n_lt_5;apparent_extreme_fraction_in_tiny_joint_state,AUS|AUS,False,0.6123876123876124,1.0,0.9387537402065247
811,2_00161,2,folate_low|AUS_mesenteric lymphadenopathy,folate_low|AUS_mesenteric_lymphadenopathy,2.030417857195149,0.011280099206639718,3,90,contingency_likelihood_ratio_G,joint_state_n_lt_3;joint_state_n_lt_5;apparent_extreme_fraction_in_tiny_joint_state,GI panel|AUS,False,0.6953046953046953,1.0,0.941770675676255
812,2_00445,2,clinical signs_diarrhea|chem_hypercalcemia,clinical_signs_diarrhea|chem_hypercalcemia,2.0139221967788026,0.009323713873975938,2,108,contingency_likelihood_ratio_G,empty_joint_state;joint_state_n_lt_3;joint_state_n_lt_5;apparent_extreme_fraction_in_tiny_joint_state,clinical signs|chemistry,False,0.5784215784215784,1.0,0.9370969790366908
813,2_00566,2,clinical signs_constipation|AUS_duodenum,clinical_signs_constipation|AUS_duodenal_thickening,2.0139221967788026,0.009323713873975938,2,108,contingency_likelihood_ratio_G,empty_joint_state;joint_state_n_lt_3;joint_state_n_lt_5;apparent_extreme_fraction_in_tiny_joint_state,clinical signs|AUS,False,0.5654345654345654,1.0,0.9314965087752406
814,2_00659,2,AUS_duodenum|chem_hypercholesterolemia,AUS_duodenal_thickening|chem_hypercholesterolemia,2.0139221967788026,0.009323713873975938,2,108,contingency_likelihood_ratio_G,empty_joint_state;joint_state_n_lt_3;joint_state_n_lt_5;apparent_extreme_fraction_in_tiny_joint_state,AUS|chemistry,False,0.5494505494505495,1.0,0.9314965087752406
815,2_00652,2,AUS_duodenum|chem_elevated alt,AUS_duodenal_thickening|chem_elevated_ALT,2.0062856748427,0.00928835960575324,3,108,contingency_likelihood_ratio_G,joint_state_n_lt_3;joint_state_n_lt_5;apparent_extreme_fraction_in_tiny_joint_state,AUS|chemistry,False,0.6483516483516484,1.0,0.941770675676255
816,2_01188,2,chem_elevated alt|chem_hypophosphatemia,chem_elevated_ALT|chem_hypophosphatemia,1.9949970436366296,0.009236097424243654,2,108,contingency_likelihood_ratio_G,empty_joint_state;joint_state_n_lt_3;joint_state_n_lt_5;apparent_extreme_fraction_in_tiny_joint_state,chemistry|chemistry,False,0.5314685314685315,1.0,0.9289407476376315
817,2_00914,2,AUS_gall bladder sludge|CBC_lymphocytosis,AUS_gall_bladder_sludge|CBC_lymphocytosis,1.9789206698471862,0.009161669767811046,3,108,contingency_likelihood_ratio_G,joint_state_n_lt_3;joint_state_n_lt_5;apparent_extreme_fraction_in_tiny_joint_state,AUS|CBC,False,0.7902097902097902,1.0,0.9869624302822683
818,2_00932,2,AUS_gall bladder sludge|chem_hypophosphatemia,AUS_gall_bladder_sludge|chem_hypophosphatemia,1.9789206698471862,0.009161669767811046,3,108,contingency_likelihood_ratio_G,joint_state_n_lt_3;joint_state_n_lt_5;apparent_extreme_fraction_in_tiny_joint_state,AUS|chemistry,False,0.8081918081918081,1.0,0.993335349909055
819,2_00152,2,folate_low|clinical signs_hyporexia,folate_low|clinical_signs_hyporexia,1.9623658090072205,0.010902032272262337,3,90,contingency_likelihood_ratio_G,joint_state_n_lt_3;joint_state_n_lt_5;apparent_extreme_fraction_in_tiny_joint_state,GI panel|clinical signs,False,0.7652347652347652,1.0,0.9705032891055501
820,2_00697,2,AUS_ileum|AUS_colon,AUS_ileal_thickening|AUS_colonic_thickening,1.9614940856264258,0.00908099113715938,3,108,contingency_likelihood_ratio_G,joint_state_n_lt_5;apparent_extreme_fraction_in_tiny_joint_state,AUS|AUS,False,0.6083916083916084,1.0,0.9387537402065247
821,2_00676,2,AUS_jejunum|CBC_basophilia,AUS_jejunal_thickening|CBC_basophilia,1.9588336985095194,0.009068674530136664,3,108,contingency_likelihood_ratio_G,joint_state_n_lt_3;joint_state_n_lt_5;apparent_extreme_fraction_in_tiny_joint_state,AUS|CBC,False,0.7412587412587412,1.0,0.9518348456954077
822,2_00555,2,clinical signs_hairball obstruction|chem_elevated ast,clinical_signs_hairball_obstruction|chem_elevated_AST,1.9474780997927648,0.009016102313855393,2,108,contingency_likelihood_ratio_G,empty_joint_state;joint_state_n_lt_3;joint_state_n_lt_5;apparent_extreme_fraction_in_tiny_joint_state,clinical signs|chemistry,False,0.5844155844155844,1.0,0.9387537402065247
823,2_00937,2,CBC_no abnormalities|chem_elevated alt,CBC_no_abnormalities|chem_elevated_ALT,1.9444334963487706,0.009002006927540605,3,108,contingency_likelihood_ratio_G,joint_state_n_lt_3;joint_state_n_lt_5;apparent_extreme_fraction_in_tiny_joint_state,CBC|chemistry,False,0.6863136863136863,1.0,0.941770675676255
824,2_00554,2,clinical signs_hairball obstruction|chem_elevated alt,clinical_signs_hairball_obstruction|chem_elevated_ALT,1.9438150833016519,0.008999143904174315,2,108,contingency_likelihood_ratio_G,empty_joint_state;joint_state_n_lt_5;apparent_extreme_fraction_in_tiny_joint_state,clinical signs|chemistry,False,0.6123876123876124,1.0,0.9387537402065247
825,2_00244,2,pli_abn|clinical signs_weight loss,pli_abn|clinical_signs_weight_loss,1.9329153945827928,0.011237880201062748,3,86,contingency_likelihood_ratio_G,,GI panel|clinical signs,False,0.6173826173826173,1.0,0.9387537402065247
826,2_01051,2,CBC_basophilia|chem_azotemia,CBC_basophilia|chem_azotemia,1.9159939687178444,0.008870342447767798,2,108,contingency_likelihood_ratio_G,empty_joint_state,CBC|chemistry,False,0.4205794205794206,1.0,0.8592632533029885
827,2_00539,2,clinical signs_hairball obstruction|CBC_no abnormalities,clinical_signs_hairball_obstruction|CBC_no_abnormalities,1.9090127631218448,0.008838022051490022,2,108,contingency_likelihood_ratio_G,empty_joint_state;joint_state_n_lt_5;apparent_extreme_fraction_in_tiny_joint_state,clinical signs|CBC,False,0.5644355644355644,1.0,0.9314965087752406
828,2_00637,2,AUS_duodenum|CBC_no abnormalities,AUS_duodenal_thickening|CBC_no_abnormalities,1.9038721808225652,0.008814223059363727,3,108,contingency_likelihood_ratio_G,,AUS|CBC,False,0.6143856143856143,1.0,0.9387537402065247
829,2_00977,2,CBC_neutropenia|CBC_lymphopenia,CBC_neutropenia|CBC_lymphopenia,1.9010341970398459,0.008801084245554843,3,108,contingency_likelihood_ratio_G,joint_state_n_lt_3;joint_state_n_lt_5;apparent_extreme_fraction_in_tiny_joint_state,CBC|CBC,False,0.8681318681318682,1.0,1.0
830,2_00500,2,clinical signs_weight loss|AUS_gall bladder sludge,clinical_signs_weight_loss|AUS_gall_bladder_sludge,1.8946776108041927,0.008771655605574967,3,108,contingency_likelihood_ratio_G,,clinical signs|AUS,False,0.6173826173826173,1.0,0.9387537402065247
831,2_00646,2,AUS_duodenum|CBC_monocytosis,AUS_duodenal_thickening|CBC_monocytosis,1.892726115711361,0.008762620906071116,3,108,contingency_likelihood_ratio_G,,AUS|CBC,False,0.6233766233766234,1.0,0.9387537402065247
832,2_00766,2,AUS_mesenteric lymphadenopathy|AUS_gall bladder sludge,AUS_mesenteric_lymphadenopathy|AUS_gall_bladder_sludge,1.8808414475635449,0.008707599294275671,3,108,contingency_likelihood_ratio_G,,AUS|AUS,False,0.6233766233766234,1.0,0.9387537402065247
833,2_00169,2,folate_low|CBC_neutropenia,folate_low|CBC_neutropenia,1.8806393409982922,0.010447996338879401,2,90,contingency_likelihood_ratio_G,empty_joint_state;joint_state_n_lt_3;joint_state_n_lt_5;apparent_extreme_fraction_in_tiny_joint_state,GI panel|CBC,False,0.47352647352647353,1.0,0.8962142152326201
834,2_00496,2,clinical signs_weight loss|AUS_chronic degenerative renal changes,clinical_signs_weight_loss|AUS_chronic_degenerative_renal_changes,1.8777561413456405,0.00869331546919278,3,108,contingency_likelihood_ratio_G,,clinical signs|AUS,False,0.6083916083916084,1.0,0.9387537402065247
835,2_00802,2,AUS_chronic degenerative renal changes|CBC_basophilia,AUS_chronic_degenerative_renal_changes|CBC_basophilia,1.875534129752335,0.008683028378483032,2,108,contingency_likelihood_ratio_G,empty_joint_state,AUS|CBC,False,0.5114885114885115,1.0,0.924131983124789
836,2_00607,2,AUS_no abnormalities|CBC_basophilia,AUS_no_abnormalities|CBC_basophilia,1.8622079711746449,0.008621333199882616,2,108,contingency_likelihood_ratio_G,empty_joint_state;joint_state_n_lt_5;apparent_extreme_fraction_in_tiny_joint_state,AUS|CBC,False,0.5494505494505495,1.0,0.9314965087752406
837,2_00974,2,CBC_neutropenia|CBC_basophilia,CBC_neutropenia|CBC_basophilia,1.8622079711746449,0.008621333199882616,2,108,contingency_likelihood_ratio_G,empty_joint_state;joint_state_n_lt_5;apparent_extreme_fraction_in_tiny_joint_state,CBC|CBC,False,0.5514485514485514,1.0,0.9314965087752406
838,2_01078,2,CBC_lymphocytosis|CBC_monocytosis,CBC_lymphocytosis|CBC_monocytosis,1.8529152565154206,0.008578311372756577,2,108,contingency_likelihood_ratio_G,empty_joint_state;joint_state_n_lt_3;joint_state_n_lt_5;apparent_extreme_fraction_in_tiny_joint_state,CBC|CBC,False,0.5144855144855145,1.0,0.924131983124789
839,2_01120,2,CBC_monocytosis|chem_elevated total bilirubin,CBC_monocytosis|chem_elevated_total_bilirubin,1.8529152565154206,0.008578311372756577,2,108,contingency_likelihood_ratio_G,empty_joint_state;joint_state_n_lt_3;joint_state_n_lt_5;apparent_extreme_fraction_in_tiny_joint_state,CBC|chemistry,False,0.5154845154845155,1.0,0.924131983124789
840,2_01127,2,CBC_monocytosis|chem_hypophosphatemia,CBC_monocytosis|chem_hypophosphatemia,1.8529152565154206,0.008578311372756577,2,108,contingency_likelihood_ratio_G,empty_joint_state;joint_state_n_lt_3;joint_state_n_lt_5;apparent_extreme_fraction_in_tiny_joint_state,CBC|chemistry,False,0.5324675324675324,1.0,0.929370488069215
841,2_00648,2,AUS_duodenum|chem_no abnormalities,AUS_duodenal_thickening|chem_no_abnormalities,1.8505602735729374,0.008567408673948784,3,108,contingency_likelihood_ratio_G,,AUS|chemistry,False,0.6253746253746254,1.0,0.9387537402065247
842,2_00530,2,clinical signs_hairball obstruction|AUS_jejunum,clinical_signs_hairball_obstruction|AUS_jejunal_thickening,1.84543978218245,0.00854370269528912,2,108,contingency_likelihood_ratio_G,empty_joint_state;joint_state_n_lt_5;apparent_extreme_fraction_in_tiny_joint_state,clinical signs|AUS,False,0.5584415584415584,1.0,0.9314965087752406
843,2_01040,2,CBC_basophilia|CBC_lymphopenia,CBC_basophilia|CBC_lymphopenia,1.8401851145947727,0.008519375530531356,2,108,contingency_likelihood_ratio_G,empty_joint_state,CBC|CBC,False,0.4565434565434565,1.0,0.8802728521478521
844,2_01056,2,CBC_basophilia|chem_hypokalemia,CBC_basophilia|chem_hypokalemia,1.8401851145947727,0.008519375530531356,2,108,contingency_likelihood_ratio_G,empty_joint_state,CBC|chemistry,False,0.4725274725274725,1.0,0.8962142152326201
845,2_01042,2,CBC_basophilia|CBC_anemia,CBC_basophilia|CBC_anemia,1.8241334998752259,0.008445062499422342,2,108,contingency_likelihood_ratio_G,empty_joint_state;joint_state_n_lt_5,CBC|CBC,False,0.7082917082917083,1.0,0.941770675676255
846,2_00178,2,folate_low|chem_no abnormalities,folate_low|chem_no_abnormalities,1.8234298218574727,0.01013016567698596,3,90,contingency_likelihood_ratio_G,joint_state_n_lt_3;joint_state_n_lt_5;apparent_extreme_fraction_in_tiny_joint_state,GI panel|chemistry,False,0.7562437562437563,1.0,0.9640545405008215
847,2_00690,2,AUS_jejunum|chem_azotemia,AUS_jejunal_thickening|chem_azotemia,1.8177589637530367,0.008415550758115911,3,108,contingency_likelihood_ratio_G,joint_state_n_lt_3;joint_state_n_lt_5;apparent_extreme_fraction_in_tiny_joint_state,AUS|chemistry,False,0.7212787212787213,1.0,0.942857989468159
848,2_00344,2,clinical signs_none|CBC_basophilia,clinical_signs_none_reported|CBC_basophilia,1.8174210562095867,0.008413986371340679,2,108,contingency_likelihood_ratio_G,empty_joint_state,clinical signs|CBC,False,0.4725274725274725,1.0,0.8962142152326201
849,2_01197,2,chem_elevated ast|chem_hypophosphatemia,chem_elevated_AST|chem_hypophosphatemia,1.8103414437245573,0.008381210387613691,2,108,contingency_likelihood_ratio_G,empty_joint_state;joint_state_n_lt_3;joint_state_n_lt_5;apparent_extreme_fraction_in_tiny_joint_state,chemistry|chemistry,False,0.7862137862137862,1.0,0.9864638404192156
850,2_00548,2,clinical signs_hairball obstruction|CBC_monocytosis,clinical_signs_hairball_obstruction|CBC_monocytosis,1.8077541928429641,0.008369232374272981,2,108,contingency_likelihood_ratio_G,empty_joint_state;joint_state_n_lt_5;apparent_extreme_fraction_in_tiny_joint_state,clinical signs|CBC,False,0.5804195804195804,1.0,0.9374839819865998
851,2_01182,2,chem_elevated alt|chem_azotemia,chem_elevated_ALT|chem_azotemia,1.8017213454868348,0.008341302525402014,3,108,contingency_likelihood_ratio_G,joint_state_n_lt_3;joint_state_n_lt_5;apparent_extreme_fraction_in_tiny_joint_state,chemistry|chemistry,False,0.7392607392607392,1.0,0.9502580752580752
852,2_00755,2,AUS_colon|chem_azotemia,AUS_colonic_thickening|chem_azotemia,1.8013344891649552,0.00833951152391183,3,108,contingency_likelihood_ratio_G,joint_state_n_lt_3;joint_state_n_lt_5;apparent_extreme_fraction_in_tiny_joint_state,AUS|chemistry,False,0.7462537462537463,1.0,0.95427681127163
853,2_01121,2,CBC_monocytosis|chem_azotemia,CBC_monocytosis|chem_azotemia,1.785065999722824,0.008264194443161222,3,108,contingency_likelihood_ratio_G,joint_state_n_lt_3;joint_state_n_lt_5;apparent_extreme_fraction_in_tiny_joint_state,CBC|chemistry,False,0.7602397602397603,1.0,0.9671503753977981
854,2_00489,2,clinical signs_weight loss|clinical signs_constipation,clinical_signs_weight_loss|clinical_signs_constipation,1.7840941623062352,0.0082596951958622,2,108,contingency_likelihood_ratio_G,empty_joint_state;joint_state_n_lt_3;joint_state_n_lt_5;apparent_extreme_fraction_in_tiny_joint_state,clinical signs|clinical signs,False,0.6213786213786214,1.0,0.9387537402065247
855,2_00523,2,clinical signs_weight loss|chem_hypercholesterolemia,clinical_signs_weight_loss|chem_hypercholesterolemia,1.7840941623062352,0.0082596951958622,2,108,contingency_likelihood_ratio_G,empty_joint_state;joint_state_n_lt_3;joint_state_n_lt_5;apparent_extreme_fraction_in_tiny_joint_state,clinical signs|chemistry,False,0.5904095904095904,1.0,0.9387537402065247
856,2_00524,2,clinical signs_weight loss|chem_hypercalcemia,clinical_signs_weight_loss|chem_hypercalcemia,1.7840941623062352,0.0082596951958622,2,108,contingency_likelihood_ratio_G,empty_joint_state;joint_state_n_lt_3;joint_state_n_lt_5;apparent_extreme_fraction_in_tiny_joint_state,clinical signs|chemistry,False,0.6083916083916084,1.0,0.9387537402065247
857,2_00777,2,AUS_mesenteric lymphadenopathy|CBC_anemia,AUS_mesenteric_lymphadenopathy|CBC_anemia,1.781691579136257,0.00824857212563082,3,108,contingency_likelihood_ratio_G,joint_state_n_lt_3;joint_state_n_lt_5;apparent_extreme_fraction_in_tiny_joint_state,AUS|CBC,False,0.8231768231768232,1.0,0.9994434833459225
858,2_00369,2,clinical signs_vomiting|clinical signs_constipation,clinical_signs_vomiting|clinical_signs_constipation,1.7694871166666348,0.008192069984567753,2,108,contingency_likelihood_ratio_G,empty_joint_state;joint_state_n_lt_3;joint_state_n_lt_5;apparent_extreme_fraction_in_tiny_joint_state,clinical signs|clinical signs,False,0.5814185814185814,1.0,0.9378699731640907
859,2_00403,2,clinical signs_vomiting|chem_hypercholesterolemia,clinical_signs_vomiting|chem_hypercholesterolemia,1.7694871166666348,0.008192069984567753,2,108,contingency_likelihood_ratio_G,empty_joint_state;joint_state_n_lt_3;joint_state_n_lt_5;apparent_extreme_fraction_in_tiny_joint_state,clinical signs|chemistry,False,0.5664335664335665,1.0,0.9314965087752406
860,2_00940,2,CBC_no abnormalities|chem_elevated total bilirubin,CBC_no_abnormalities|chem_elevated_total_bilirubin,1.7581120871134792,0.008139407810710552,3,108,contingency_likelihood_ratio_G,joint_state_n_lt_3;joint_state_n_lt_5;apparent_extreme_fraction_in_tiny_joint_state,CBC|chemistry,False,0.8401598401598401,1.0,1.0
861,2_00639,2,AUS_duodenum|CBC_neutropenia,AUS_duodenal_thickening|CBC_neutropenia,1.7385554152912563,0.008048867663385447,3,108,contingency_likelihood_ratio_G,joint_state_n_lt_3;joint_state_n_lt_5;apparent_extreme_fraction_in_tiny_joint_state,AUS|CBC,False,0.8031968031968032,1.0,0.9923776223776223
862,2_01084,2,CBC_lymphocytosis|chem_elevated alt,CBC_lymphocytosis|chem_elevated_ALT,1.7367311840529847,0.008040422148393447,3,108,contingency_likelihood_ratio_G,joint_state_n_lt_3;joint_state_n_lt_5;apparent_extreme_fraction_in_tiny_joint_state,CBC|chemistry,False,0.8831168831168831,1.0,1.0
863,2_00632,2,AUS_duodenum|AUS_chronic degenerative renal changes,AUS_duodenal_thickening|AUS_chronic_degenerative_renal_changes,1.7360569866130815,0.008037300863949451,3,108,contingency_likelihood_ratio_G,joint_state_n_lt_5;apparent_extreme_fraction_in_tiny_joint_state,AUS|AUS,False,0.6683316683316683,1.0,0.941770675676255
864,2_00410,2,clinical signs_diarrhea|clinical signs_constipation,clinical_signs_diarrhea|clinical_signs_constipation,1.7045163043871971,0.007891279186977764,2,108,contingency_likelihood_ratio_G,empty_joint_state;joint_state_n_lt_3;joint_state_n_lt_5;apparent_extreme_fraction_in_tiny_joint_state,clinical signs|clinical signs,False,0.5664335664335665,1.0,0.9314965087752406
865,2_00428,2,clinical signs_diarrhea|CBC_basocytosis,clinical_signs_diarrhea|CBC_basocytosis,1.7045163043871971,0.007891279186977764,2,108,contingency_likelihood_ratio_G,empty_joint_state;joint_state_n_lt_3;joint_state_n_lt_5;apparent_extreme_fraction_in_tiny_joint_state,clinical signs|CBC,False,0.5794205794205795,1.0,0.9370969790366908
866,2_00444,2,clinical signs_diarrhea|chem_hypercholesterolemia,clinical_signs_diarrhea|chem_hypercholesterolemia,1.7045163043871971,0.007891279186977764,2,108,contingency_likelihood_ratio_G,empty_joint_state;joint_state_n_lt_3;joint_state_n_lt_5;apparent_extreme_fraction_in_tiny_joint_state,clinical signs|chemistry,False,0.5694305694305695,1.0,0.9314965087752406
867,2_00643,2,AUS_duodenum|CBC_basocytosis,AUS_duodenal_thickening|CBC_basocytosis,1.7045163043871971,0.007891279186977764,2,108,contingency_likelihood_ratio_G,empty_joint_state;joint_state_n_lt_3;joint_state_n_lt_5;apparent_extreme_fraction_in_tiny_joint_state,AUS|CBC,False,0.5624375624375625,1.0,0.9314965087752406
868,2_00660,2,AUS_duodenum|chem_hypercalcemia,AUS_duodenal_thickening|chem_hypercalcemia,1.7045163043871971,0.007891279186977764,2,108,contingency_likelihood_ratio_G,empty_joint_state;joint_state_n_lt_3;joint_state_n_lt_5;apparent_extreme_fraction_in_tiny_joint_state,AUS|chemistry,False,0.5644355644355644,1.0,0.9314965087752406
869,2_00153,2,folate_low|clinical signs_weight loss,folate_low|clinical_signs_weight_loss,1.7036954577501733,0.00946497476527874,3,90,contingency_likelihood_ratio_G,joint_state_n_lt_3;joint_state_n_lt_5;apparent_extreme_fraction_in_tiny_joint_state,GI panel|clinical signs,False,0.7882117882117882,1.0,0.9864638404192156
870,2_00491,2,clinical signs_weight loss|AUS_duodenum,clinical_signs_weight_loss|AUS_duodenal_thickening,1.698871399273659,0.00786514536700768,3,108,contingency_likelihood_ratio_G,,clinical signs|AUS,False,0.6513486513486514,1.0,0.941770675676255
871,2_00558,2,clinical signs_hairball obstruction|chem_azotemia,clinical_signs_hairball_obstruction|chem_azotemia,1.6922192826966704,0.007834348531003104,2,108,contingency_likelihood_ratio_G,empty_joint_state;joint_state_n_lt_5;apparent_extreme_fraction_in_tiny_joint_state,clinical signs|chemistry,False,0.5844155844155844,1.0,0.9387537402065247
872,2_00330,2,clinical signs_none|AUS_jejunum,clinical_signs_none_reported|AUS_jejunal_thickening,1.6861330440199218,0.00780617150009223,3,108,contingency_likelihood_ratio_G,joint_state_n_lt_3;joint_state_n_lt_5;apparent_extreme_fraction_in_tiny_joint_state,clinical signs|AUS,False,0.7982017982017982,1.0,0.9899306723427326
873,2_00123,2,folate_high|CBC_eosinophilia,folate_high|CBC_eosinophilia,1.679968517013129,0.009333158427850718,3,90,contingency_likelihood_ratio_G,joint_state_n_lt_3;joint_state_n_lt_5;apparent_extreme_fraction_in_tiny_joint_state,GI panel|CBC,False,0.7852147852147852,1.0,0.9864638404192156
874,2_00089,2,cobalamin_low|chem_elevated ast,cobalamin_low|chem_elevated_AST,1.677373075542683,0.00931873930857046,2,90,contingency_likelihood_ratio_G,empty_joint_state;joint_state_n_lt_3;joint_state_n_lt_5;apparent_extreme_fraction_in_tiny_joint_state,GI panel|chemistry,False,0.5664335664335665,1.0,0.9314965087752406
875,2_00733,2,AUS_colon|AUS_splenomegaly,AUS_colonic_thickening|AUS_splenomegaly,1.6753245271171258,0.007756132069986693,3,108,contingency_likelihood_ratio_G,joint_state_n_lt_3;joint_state_n_lt_5;apparent_extreme_fraction_in_tiny_joint_state,AUS|AUS,False,0.7242757242757243,1.0,0.9437763925620314
876,2_00528,2,clinical signs_hairball obstruction|AUS_no abnormalities,clinical_signs_hairball_obstruction|AUS_no_abnormalities,1.6706255870509212,0.007734377717828339,2,108,contingency_likelihood_ratio_G,empty_joint_state;joint_state_n_lt_5;apparent_extreme_fraction_in_tiny_joint_state,clinical signs|AUS,False,0.6703296703296703,1.0,0.941770675676255
877,2_00541,2,clinical signs_hairball obstruction|CBC_neutropenia,clinical_signs_hairball_obstruction|CBC_neutropenia,1.6706255870509212,0.007734377717828339,2,108,contingency_likelihood_ratio_G,empty_joint_state;joint_state_n_lt_5;apparent_extreme_fraction_in_tiny_joint_state,clinical signs|CBC,False,0.6843156843156843,1.0,0.941770675676255
878,2_00532,2,clinical signs_hairball obstruction|AUS_colon,clinical_signs_hairball_obstruction|AUS_colonic_thickening,1.670237137155939,0.007732579338684903,2,108,contingency_likelihood_ratio_G,empty_joint_state;joint_state_n_lt_5;apparent_extreme_fraction_in_tiny_joint_state,clinical signs|AUS,False,0.6193806193806194,1.0,0.9387537402065247
879,2_00754,2,AUS_colon|chem_elevated total bilirubin,AUS_colonic_thickening|chem_elevated_total_bilirubin,1.6628699320515439,0.007698471907646037,2,108,contingency_likelihood_ratio_G,empty_joint_state;joint_state_n_lt_3;joint_state_n_lt_5;apparent_extreme_fraction_in_tiny_joint_state,AUS|chemistry,False,0.5114885114885115,1.0,0.924131983124789
880,2_00761,2,AUS_colon|chem_hypophosphatemia,AUS_colonic_thickening|chem_hypophosphatemia,1.6628699320515439,0.007698471907646037,2,108,contingency_likelihood_ratio_G,empty_joint_state;joint_state_n_lt_3;joint_state_n_lt_5;apparent_extreme_fraction_in_tiny_joint_state,AUS|chemistry,False,0.5094905094905094,1.0,0.924131983124789
881,2_00869,2,AUS_splenomegaly|chem_elevated alt,AUS_splenomegaly|chem_elevated_ALT,1.6612889193544875,0.007691152404418923,2,108,contingency_likelihood_ratio_G,empty_joint_state,AUS|chemistry,False,0.47352647352647353,1.0,0.8962142152326201
882,2_00534,2,clinical signs_hairball obstruction|AUS_chronic degenerative renal changes,clinical_signs_hairball_obstruction|AUS_chronic_degenerative_renal_changes,1.6610624716096167,0.007690104035229707,2,108,contingency_likelihood_ratio_G,empty_joint_state;joint_state_n_lt_5;apparent_extreme_fraction_in_tiny_joint_state,clinical signs|AUS,False,0.6343656343656343,1.0,0.941224441824682
883,2_00367,2,clinical signs_vomiting|clinical signs_weight loss,clinical_signs_vomiting|clinical_signs_weight_loss,1.6584961229143824,0.007678222791270289,3,108,contingency_likelihood_ratio_G,,clinical signs|clinical signs,False,0.6543456543456544,1.0,0.941770675676255
884,2_00682,2,AUS_jejunum|chem_no abnormalities,AUS_jejunal_thickening|chem_no_abnormalities,1.6572918897718005,0.00767264763783241,3,108,contingency_likelihood_ratio_G,,AUS|chemistry,False,0.6523476523476524,1.0,0.941770675676255
885,2_00150,2,folate_low|clinical signs_vomiting,folate_low|clinical_signs_vomiting,1.648303592275727,0.009157242179309594,3,90,contingency_likelihood_ratio_G,joint_state_n_lt_3;joint_state_n_lt_5;apparent_extreme_fraction_in_tiny_joint_state,GI panel|clinical signs,False,0.7452547452547452,1.0,0.9539879207929001
886,2_00791,2,AUS_mesenteric lymphadenopathy|chem_hypokalemia,AUS_mesenteric_lymphadenopathy|chem_hypokalemia,1.648062950809802,0.007629921068563898,3,108,contingency_likelihood_ratio_G,joint_state_n_lt_3;joint_state_n_lt_5;apparent_extreme_fraction_in_tiny_joint_state,AUS|chemistry,False,0.7432567432567433,1.0,0.9534083380237226
887,2_00167,2,folate_low|CBC_no abnormalities,folate_low|CBC_no_abnormalities,1.6456035138586174,0.009142241743658986,3,90,contingency_likelihood_ratio_G,joint_state_n_lt_3;joint_state_n_lt_5;apparent_extreme_fraction_in_tiny_joint_state,GI panel|CBC,False,0.8081918081918081,1.0,0.993335349909055
888,2_00258,2,pli_abn|CBC_no abnormalities,pli_abn|CBC_no_abnormalities,1.6437492402766116,0.009556681629515184,3,86,contingency_likelihood_ratio_G,,GI panel|CBC,False,0.6673326673326674,1.0,0.941770675676255
889,2_00947,2,CBC_no abnormalities|chem_hypophosphatemia,CBC_no_abnormalities|chem_hypophosphatemia,1.6349122474645004,0.007569038182706021,2,108,contingency_likelihood_ratio_G,empty_joint_state;joint_state_n_lt_3;joint_state_n_lt_5;apparent_extreme_fraction_in_tiny_joint_state,CBC|chemistry,False,0.5894105894105894,1.0,0.9387537402065247
890,2_00547,2,clinical signs_hairball obstruction|CBC_lymphopenia,clinical_signs_hairball_obstruction|CBC_lymphopenia,1.6337507689110466,0.007563660967180772,2,108,contingency_likelihood_ratio_G,empty_joint_state;joint_state_n_lt_5;apparent_extreme_fraction_in_tiny_joint_state,clinical signs|CBC,False,0.6153846153846154,1.0,0.9387537402065247
891,2_00551,2,clinical signs_hairball obstruction|chem_hypoproteinemia,clinical_signs_hairball_obstruction|chem_hypoproteinemia,1.6337507689110466,0.007563660967180772,2,108,contingency_likelihood_ratio_G,empty_joint_state;joint_state_n_lt_5;apparent_extreme_fraction_in_tiny_joint_state,clinical signs|chemistry,False,0.6153846153846154,1.0,0.9387537402065247
892,2_00609,2,AUS_no abnormalities|CBC_lymphocytosis,AUS_no_abnormalities|CBC_lymphocytosis,1.6292572149830886,0.007542857476773558,2,108,contingency_likelihood_ratio_G,empty_joint_state;joint_state_n_lt_3;joint_state_n_lt_5;apparent_extreme_fraction_in_tiny_joint_state,AUS|CBC,False,0.6993006993006993,1.0,0.941770675676255
893,2_00620,2,AUS_no abnormalities|chem_elevated total bilirubin,AUS_no_abnormalities|chem_elevated_total_bilirubin,1.6292572149830886,0.007542857476773558,2,108,contingency_likelihood_ratio_G,empty_joint_state;joint_state_n_lt_3;joint_state_n_lt_5;apparent_extreme_fraction_in_tiny_joint_state,AUS|chemistry,False,0.6913086913086913,1.0,0.941770675676255
894,2_00976,2,CBC_neutropenia|CBC_lymphocytosis,CBC_neutropenia|CBC_lymphocytosis,1.6292572149830886,0.007542857476773558,2,108,contingency_likelihood_ratio_G,empty_joint_state;joint_state_n_lt_3;joint_state_n_lt_5;apparent_extreme_fraction_in_tiny_joint_state,CBC|CBC,False,0.6853146853146853,1.0,0.941770675676255
895,2_00987,2,CBC_neutropenia|chem_elevated total bilirubin,CBC_neutropenia|chem_elevated_total_bilirubin,1.6292572149830886,0.007542857476773558,2,108,contingency_likelihood_ratio_G,empty_joint_state;joint_state_n_lt_3;joint_state_n_lt_5;apparent_extreme_fraction_in_tiny_joint_state,CBC|chemistry,False,0.6813186813186813,1.0,0.941770675676255
896,2_00994,2,CBC_neutropenia|chem_hypophosphatemia,CBC_neutropenia|chem_hypophosphatemia,1.6292572149830886,0.007542857476773558,2,108,contingency_likelihood_ratio_G,empty_joint_state;joint_state_n_lt_3;joint_state_n_lt_5;apparent_extreme_fraction_in_tiny_joint_state,CBC|chemistry,False,0.7012987012987013,1.0,0.941770675676255
897,2_01206,2,chem_elevated total bilirubin|chem_azotemia,chem_elevated_total_bilirubin|chem_azotemia,1.6245417117393297,0.007521026443237638,3,108,contingency_likelihood_ratio_G,joint_state_n_lt_3;joint_state_n_lt_5;apparent_extreme_fraction_in_tiny_joint_state,chemistry|chemistry,False,0.903096903096903,1.0,1.0
898,2_00549,2,clinical signs_hairball obstruction|CBC_anemia,clinical_signs_hairball_obstruction|CBC_anemia,1.6213208791321587,0.007506115181167401,2,108,contingency_likelihood_ratio_G,empty_joint_state;joint_state_n_lt_5;apparent_extreme_fraction_in_tiny_joint_state,clinical signs|CBC,False,0.7972027972027972,1.0,0.9899306723427326
899,2_00531,2,clinical signs_hairball obstruction|AUS_ileum,clinical_signs_hairball_obstruction|AUS_ileal_thickening,1.61101209745253,0.007458389340058009,2,108,contingency_likelihood_ratio_G,empty_joint_state;joint_state_n_lt_5;apparent_extreme_fraction_in_tiny_joint_state,clinical signs|AUS,False,0.6333666333666333,1.0,0.941224441824682
900,2_00131,2,folate_high|chem_no abnormalities,folate_high|chem_no_abnormalities,1.605055412016638,0.008916974511203544,3,90,contingency_likelihood_ratio_G,,GI panel|chemistry,False,0.6733266733266733,1.0,0.941770675676255
901,2_00570,2,clinical signs_constipation|AUS_mesenteric lymphadenopathy,clinical_signs_constipation|AUS_mesenteric_lymphadenopathy,1.6047769663968139,0.007429522992577842,2,108,contingency_likelihood_ratio_G,empty_joint_state;joint_state_n_lt_3;joint_state_n_lt_5;apparent_extreme_fraction_in_tiny_joint_state,clinical signs|AUS,False,0.6043956043956044,1.0,0.9387537402065247
902,2_00773,2,AUS_mesenteric lymphadenopathy|CBC_basocytosis,AUS_mesenteric_lymphadenopathy|CBC_basocytosis,1.6047769663968139,0.007429522992577842,2,108,contingency_likelihood_ratio_G,empty_joint_state;joint_state_n_lt_3;joint_state_n_lt_5;apparent_extreme_fraction_in_tiny_joint_state,AUS|CBC,False,0.6123876123876124,1.0,0.9387537402065247
903,2_00789,2,AUS_mesenteric lymphadenopathy|chem_hypercholesterolemia,AUS_mesenteric_lymphadenopathy|chem_hypercholesterolemia,1.6047769663968139,0.007429522992577842,2,108,contingency_likelihood_ratio_G,empty_joint_state;joint_state_n_lt_3;joint_state_n_lt_5;apparent_extreme_fraction_in_tiny_joint_state,AUS|chemistry,False,0.5894105894105894,1.0,0.9387537402065247
904,2_00790,2,AUS_mesenteric lymphadenopathy|chem_hypercalcemia,AUS_mesenteric_lymphadenopathy|chem_hypercalcemia,1.6047769663968139,0.007429522992577842,2,108,contingency_likelihood_ratio_G,empty_joint_state;joint_state_n_lt_3;joint_state_n_lt_5;apparent_extreme_fraction_in_tiny_joint_state,AUS|chemistry,False,0.6103896103896104,1.0,0.9387537402065247
905,2_00174,2,folate_low|CBC_lymphocytosis,folate_low|CBC_lymphocytosis,1.6047562787902705,0.008915312659945947,3,90,contingency_likelihood_ratio_G,joint_state_n_lt_3;joint_state_n_lt_5;apparent_extreme_fraction_in_tiny_joint_state,GI panel|CBC,False,0.936063936063936,1.0,1.0
906,2_00192,2,folate_low|chem_hypophosphatemia,folate_low|chem_hypophosphatemia,1.6047562787902705,0.008915312659945947,3,90,contingency_likelihood_ratio_G,joint_state_n_lt_3;joint_state_n_lt_5;apparent_extreme_fraction_in_tiny_joint_state,GI panel|chemistry,False,0.942057942057942,1.0,1.0
907,2_00139,2,folate_high|chem_azotemia,folate_high|chem_azotemia,1.5949656198868107,0.008860920110482283,3,90,contingency_likelihood_ratio_G,,GI panel|chemistry,False,0.6903096903096904,1.0,0.941770675676255
908,2_00431,2,clinical signs_diarrhea|CBC_monocytosis,clinical_signs_diarrhea|CBC_monocytosis,1.5923282798126737,0.007371890184317934,3,108,contingency_likelihood_ratio_G,,clinical signs|CBC,False,0.6623376623376623,1.0,0.941770675676255
909,2_00689,2,AUS_jejunum|chem_elevated total bilirubin,AUS_jejunal_thickening|chem_elevated_total_bilirubin,1.587593873425751,0.007349971636230329,2,108,contingency_likelihood_ratio_G,empty_joint_state;joint_state_n_lt_3;joint_state_n_lt_5;apparent_extreme_fraction_in_tiny_joint_state,AUS|chemistry,False,0.5974025974025974,1.0,0.9387537402065247
910,2_00068,2,cobalamin_low|AUS_chronic degenerative renal changes,cobalamin_low|AUS_chronic_degenerative_renal_changes,1.5856031370636778,0.008808906317020433,3,90,contingency_likelihood_ratio_G,,GI panel|AUS,False,0.6953046953046953,1.0,0.941770675676255
911,2_00393,2,clinical signs_vomiting|chem_hypoproteinemia,clinical_signs_vomiting|chem_hypoproteinemia,1.5823956365177243,0.007325905724619094,3,108,contingency_likelihood_ratio_G,joint_state_n_lt_3;joint_state_n_lt_5;apparent_extreme_fraction_in_tiny_joint_state,clinical signs|chemistry,False,0.7902097902097902,1.0,0.9869624302822683
912,2_00346,2,clinical signs_none|CBC_lymphocytosis,clinical_signs_none_reported|CBC_lymphocytosis,1.5725998014449005,0.007280554636318984,2,108,contingency_likelihood_ratio_G,empty_joint_state;joint_state_n_lt_3;joint_state_n_lt_5;apparent_extreme_fraction_in_tiny_joint_state,clinical signs|CBC,False,0.6473526473526473,1.0,0.941770675676255
913,2_01181,2,chem_elevated alt|chem_elevated total bilirubin,chem_elevated_ALT|chem_elevated_total_bilirubin,1.5725998014449005,0.007280554636318984,2,108,contingency_likelihood_ratio_G,empty_joint_state;joint_state_n_lt_3;joint_state_n_lt_5;apparent_extreme_fraction_in_tiny_joint_state,chemistry|chemistry,False,0.6353646353646354,1.0,0.941224441824682
914,2_00525,2,clinical signs_weight loss|chem_hypokalemia,clinical_signs_weight_loss|chem_hypokalemia,1.5703561404700368,0.007270167316990911,3,108,contingency_likelihood_ratio_G,joint_state_n_lt_3;joint_state_n_lt_5;apparent_extreme_fraction_in_tiny_joint_state,clinical signs|chemistry,False,0.7582417582417582,1.0,0.9656040553873371
915,2_00495,2,clinical signs_weight loss|AUS_mesenteric lymphadenopathy,clinical_signs_weight_loss|AUS_mesenteric_lymphadenopathy,1.5684294071633063,0.007261247255385677,3,108,contingency_likelihood_ratio_G,,clinical signs|AUS,False,0.6883116883116883,1.0,0.941770675676255
916,2_00629,2,AUS_duodenum|AUS_ileum,AUS_duodenal_thickening|AUS_ileal_thickening,1.5660012212484016,0.007250005653927785,3,108,contingency_likelihood_ratio_G,joint_state_n_lt_5;apparent_extreme_fraction_in_tiny_joint_state,AUS|AUS,False,0.6523476523476524,1.0,0.941770675676255
917,2_00376,2,clinical signs_vomiting|AUS_chronic degenerative renal changes,clinical_signs_vomiting|AUS_chronic_degenerative_renal_changes,1.562946249334149,0.0072358622654358756,3,108,contingency_likelihood_ratio_G,,clinical signs|AUS,False,0.6773226773226774,1.0,0.941770675676255
918,2_00722,2,AUS_ileum|chem_elevated total bilirubin,AUS_ileal_thickening|chem_elevated_total_bilirubin,1.5566590229752268,0.00720675473599642,2,108,contingency_likelihood_ratio_G,empty_joint_state;joint_state_n_lt_3;joint_state_n_lt_5;apparent_extreme_fraction_in_tiny_joint_state,AUS|chemistry,False,0.6403596403596403,1.0,0.941770675676255
919,2_00745,2,AUS_colon|CBC_monocytosis,AUS_colonic_thickening|CBC_monocytosis,1.5565128250995954,0.007206077893979608,3,108,contingency_likelihood_ratio_G,joint_state_n_lt_3;joint_state_n_lt_5;apparent_extreme_fraction_in_tiny_joint_state,AUS|CBC,False,0.8211788211788211,1.0,0.9994434833459225
920,2_00400,2,clinical signs_vomiting|chem_azotemia,clinical_signs_vomiting|chem_azotemia,1.5557754726810207,0.0072026642253750954,3,108,contingency_likelihood_ratio_G,,clinical signs|chemistry,False,0.6893106893106893,1.0,0.941770675676255
921,2_00743,2,AUS_colon|CBC_lymphocytosis,AUS_colonic_thickening|CBC_lymphocytosis,1.55160855230484,0.007183372927337222,3,108,contingency_likelihood_ratio_G,joint_state_n_lt_3;joint_state_n_lt_5;apparent_extreme_fraction_in_tiny_joint_state,AUS|CBC,False,1.0,1.0,1.0
922,2_01088,2,CBC_lymphocytosis|chem_azotemia,CBC_lymphocytosis|chem_azotemia,1.5452062204012529,0.007153732501857652,2,108,contingency_likelihood_ratio_G,empty_joint_state;joint_state_n_lt_3;joint_state_n_lt_5;apparent_extreme_fraction_in_tiny_joint_state,CBC|chemistry,False,0.6703296703296703,1.0,0.941770675676255
923,2_01218,2,chem_azotemia|chem_hypophosphatemia,chem_azotemia|chem_hypophosphatemia,1.5452062204012527,0.007153732501857651,2,108,contingency_likelihood_ratio_G,empty_joint_state;joint_state_n_lt_3;joint_state_n_lt_5;apparent_extreme_fraction_in_tiny_joint_state,chemistry|chemistry,False,0.6913086913086913,1.0,0.941770675676255
924,2_00678,2,AUS_jejunum|CBC_lymphocytosis,AUS_jejunal_thickening|CBC_lymphocytosis,1.5395995847535748,0.007127775855340624,3,108,contingency_likelihood_ratio_G,joint_state_n_lt_3;joint_state_n_lt_5;apparent_extreme_fraction_in_tiny_joint_state,AUS|CBC,False,1.0,1.0,1.0
925,2_00696,2,AUS_jejunum|chem_hypophosphatemia,AUS_jejunal_thickening|chem_hypophosphatemia,1.5395995847535748,0.007127775855340624,3,108,contingency_likelihood_ratio_G,joint_state_n_lt_3;joint_state_n_lt_5;apparent_extreme_fraction_in_tiny_joint_state,AUS|chemistry,False,1.0,1.0,1.0
926,2_00804,2,AUS_chronic degenerative renal changes|CBC_lymphocytosis,AUS_chronic_degenerative_renal_changes|CBC_lymphocytosis,1.539314054646449,0.007126453956696523,2,108,contingency_likelihood_ratio_G,empty_joint_state;joint_state_n_lt_3;joint_state_n_lt_5;apparent_extreme_fraction_in_tiny_joint_state,AUS|CBC,False,0.7112887112887113,1.0,0.941770675676255
927,2_00815,2,AUS_chronic degenerative renal changes|chem_elevated total bilirubin,AUS_chronic_degenerative_renal_changes|chem_elevated_total_bilirubin,1.539314054646449,0.007126453956696523,2,108,contingency_likelihood_ratio_G,empty_joint_state;joint_state_n_lt_3;joint_state_n_lt_5;apparent_extreme_fraction_in_tiny_joint_state,AUS|chemistry,False,0.6963036963036963,1.0,0.941770675676255
928,2_00822,2,AUS_chronic degenerative renal changes|chem_hypophosphatemia,AUS_chronic_degenerative_renal_changes|chem_hypophosphatemia,1.539314054646449,0.007126453956696523,2,108,contingency_likelihood_ratio_G,empty_joint_state;joint_state_n_lt_3;joint_state_n_lt_5;apparent_extreme_fraction_in_tiny_joint_state,AUS|chemistry,False,0.7002997002997003,1.0,0.941770675676255
929,2_01104,2,CBC_lymphopenia|chem_elevated total bilirubin,CBC_lymphopenia|chem_elevated_total_bilirubin,1.5341340566923416,0.007102472484686767,2,108,contingency_likelihood_ratio_G,empty_joint_state;joint_state_n_lt_3;joint_state_n_lt_5;apparent_extreme_fraction_in_tiny_joint_state,CBC|chemistry,False,0.6263736263736264,1.0,0.9387537402065247
930,2_01111,2,CBC_lymphopenia|chem_hypophosphatemia,CBC_lymphopenia|chem_hypophosphatemia,1.5341340566923416,0.007102472484686767,2,108,contingency_likelihood_ratio_G,empty_joint_state;joint_state_n_lt_3;joint_state_n_lt_5;apparent_extreme_fraction_in_tiny_joint_state,CBC|chemistry,False,0.6383616383616384,1.0,0.941770675676255
931,2_01148,2,chem_hypoproteinemia|chem_elevated total bilirubin,chem_hypoproteinemia|chem_elevated_total_bilirubin,1.5341340566923416,0.007102472484686767,2,108,contingency_likelihood_ratio_G,empty_joint_state;joint_state_n_lt_3;joint_state_n_lt_5;apparent_extreme_fraction_in_tiny_joint_state,chemistry|chemistry,False,0.6183816183816184,1.0,0.9387537402065247
932,2_01155,2,chem_hypoproteinemia|chem_hypophosphatemia,chem_hypoproteinemia|chem_hypophosphatemia,1.5341340566923416,0.007102472484686767,2,108,contingency_likelihood_ratio_G,empty_joint_state;joint_state_n_lt_3;joint_state_n_lt_5;apparent_extreme_fraction_in_tiny_joint_state,chemistry|chemistry,False,0.6283716283716284,1.0,0.9387537402065247
933,2_00357,2,clinical signs_none|chem_elevated total bilirubin,clinical_signs_none_reported|chem_elevated_total_bilirubin,1.5341340566923414,0.007102472484686766,3,108,contingency_likelihood_ratio_G,joint_state_n_lt_3;joint_state_n_lt_5;apparent_extreme_fraction_in_tiny_joint_state,clinical signs|chemistry,False,1.0,1.0,1.0
934,2_00364,2,clinical signs_none|chem_hypophosphatemia,clinical_signs_none_reported|chem_hypophosphatemia,1.5341340566923414,0.007102472484686766,3,108,contingency_likelihood_ratio_G,joint_state_n_lt_3;joint_state_n_lt_5;apparent_extreme_fraction_in_tiny_joint_state,clinical signs|chemistry,False,1.0,1.0,1.0
935,2_01077,2,CBC_lymphocytosis|CBC_lymphopenia,CBC_lymphocytosis|CBC_lymphopenia,1.5341340566923414,0.007102472484686766,2,108,contingency_likelihood_ratio_G,empty_joint_state;joint_state_n_lt_3;joint_state_n_lt_5;apparent_extreme_fraction_in_tiny_joint_state,CBC|CBC,False,0.6263736263736264,1.0,0.9387537402065247
936,2_01081,2,CBC_lymphocytosis|chem_hypoproteinemia,CBC_lymphocytosis|chem_hypoproteinemia,1.5341340566923414,0.007102472484686766,2,108,contingency_likelihood_ratio_G,empty_joint_state;joint_state_n_lt_3;joint_state_n_lt_5;apparent_extreme_fraction_in_tiny_joint_state,CBC|chemistry,False,0.6273726273726273,1.0,0.9387537402065247
937,2_01093,2,CBC_lymphocytosis|chem_hypokalemia,CBC_lymphocytosis|chem_hypokalemia,1.5341340566923414,0.007102472484686766,2,108,contingency_likelihood_ratio_G,empty_joint_state;joint_state_n_lt_3;joint_state_n_lt_5;apparent_extreme_fraction_in_tiny_joint_state,CBC|chemistry,False,0.6413586413586414,1.0,0.941770675676255
938,2_01211,2,chem_elevated total bilirubin|chem_hypokalemia,chem_elevated_total_bilirubin|chem_hypokalemia,1.5341340566923414,0.007102472484686766,2,108,contingency_likelihood_ratio_G,empty_joint_state;joint_state_n_lt_3;joint_state_n_lt_5;apparent_extreme_fraction_in_tiny_joint_state,chemistry|chemistry,False,0.6463536463536463,1.0,0.941770675676255
939,2_00507,2,clinical signs_weight loss|CBC_basocytosis,clinical_signs_weight_loss|CBC_basocytosis,1.5322801596327076,0.007093889627929202,2,108,contingency_likelihood_ratio_G,empty_joint_state;joint_state_n_lt_3;joint_state_n_lt_5;apparent_extreme_fraction_in_tiny_joint_state,clinical signs|CBC,False,0.6213786213786214,1.0,0.9387537402065247
940,2_00627,2,AUS_no abnormalities|chem_hypophosphatemia,AUS_no_abnormalities|chem_hypophosphatemia,1.5317719493394675,0.007091536802497534,3,108,contingency_likelihood_ratio_G,joint_state_n_lt_3;joint_state_n_lt_5;apparent_extreme_fraction_in_tiny_joint_state,AUS|chemistry,False,1.0,1.0,1.0
941,2_01079,2,CBC_lymphocytosis|CBC_anemia,CBC_lymphocytosis|CBC_anemia,1.5317719493394673,0.0070915368024975335,2,108,contingency_likelihood_ratio_G,empty_joint_state;joint_state_n_lt_3;joint_state_n_lt_5;apparent_extreme_fraction_in_tiny_joint_state,CBC|CBC,False,0.8141858141858141,1.0,0.9977212459834108
942,2_01135,2,CBC_anemia|chem_elevated total bilirubin,CBC_anemia|chem_elevated_total_bilirubin,1.5317719493394673,0.0070915368024975335,2,108,contingency_likelihood_ratio_G,empty_joint_state;joint_state_n_lt_3;joint_state_n_lt_5;apparent_extreme_fraction_in_tiny_joint_state,CBC|chemistry,False,0.8021978021978022,1.0,0.9923776223776223
943,2_01142,2,CBC_anemia|chem_hypophosphatemia,CBC_anemia|chem_hypophosphatemia,1.5317719493394673,0.0070915368024975335,2,108,contingency_likelihood_ratio_G,empty_joint_state;joint_state_n_lt_3;joint_state_n_lt_5;apparent_extreme_fraction_in_tiny_joint_state,CBC|chemistry,False,0.8041958041958042,1.0,0.9923776223776223
944,2_00711,2,AUS_ileum|CBC_lymphocytosis,AUS_ileal_thickening|CBC_lymphocytosis,1.5296300078478222,0.007081620406702881,3,108,contingency_likelihood_ratio_G,joint_state_n_lt_3;joint_state_n_lt_5;apparent_extreme_fraction_in_tiny_joint_state,AUS|CBC,False,1.0,1.0,1.0
945,2_00729,2,AUS_ileum|chem_hypophosphatemia,AUS_ileal_thickening|chem_hypophosphatemia,1.5296300078478222,0.007081620406702881,3,108,contingency_likelihood_ratio_G,joint_state_n_lt_3;joint_state_n_lt_5;apparent_extreme_fraction_in_tiny_joint_state,AUS|chemistry,False,1.0,1.0,1.0
946,2_00582,2,clinical signs_constipation|CBC_basocytosis,clinical_signs_constipation|CBC_basocytosis,1.5295444511680518,0.007081224310963203,2,108,contingency_likelihood_ratio_G,empty_joint_state;joint_state_n_lt_3;joint_state_n_lt_5;apparent_extreme_fraction_in_tiny_joint_state,clinical signs|CBC,False,1.0,1.0,1.0
947,2_00598,2,clinical signs_constipation|chem_hypercholesterolemia,clinical_signs_constipation|chem_hypercholesterolemia,1.5295444511680518,0.007081224310963203,2,108,contingency_likelihood_ratio_G,empty_joint_state;joint_state_n_lt_3;joint_state_n_lt_5;apparent_extreme_fraction_in_tiny_joint_state,clinical signs|chemistry,False,1.0,1.0,1.0
948,2_00599,2,clinical signs_constipation|chem_hypercalcemia,clinical_signs_constipation|chem_hypercalcemia,1.5295444511680518,0.007081224310963203,2,108,contingency_likelihood_ratio_G,empty_joint_state;joint_state_n_lt_3;joint_state_n_lt_5;apparent_extreme_fraction_in_tiny_joint_state,clinical signs|chemistry,False,1.0,1.0,1.0
949,2_01073,2,CBC_basocytosis|chem_hypercholesterolemia,CBC_basocytosis|chem_hypercholesterolemia,1.5295444511680518,0.007081224310963203,2,108,contingency_likelihood_ratio_G,empty_joint_state;joint_state_n_lt_3;joint_state_n_lt_5;apparent_extreme_fraction_in_tiny_joint_state,CBC|chemistry,False,1.0,1.0,1.0
950,2_01074,2,CBC_basocytosis|chem_hypercalcemia,CBC_basocytosis|chem_hypercalcemia,1.5295444511680518,0.007081224310963203,2,108,contingency_likelihood_ratio_G,empty_joint_state;joint_state_n_lt_3;joint_state_n_lt_5;apparent_extreme_fraction_in_tiny_joint_state,CBC|chemistry,False,1.0,1.0,1.0
951,2_01228,2,chem_hypercholesterolemia|chem_hypercalcemia,chem_hypercholesterolemia|chem_hypercalcemia,1.5295444511680518,0.007081224310963203,2,108,contingency_likelihood_ratio_G,empty_joint_state;joint_state_n_lt_3;joint_state_n_lt_5;apparent_extreme_fraction_in_tiny_joint_state,chemistry|chemistry,False,1.0,1.0,1.0
952,2_00383,2,clinical signs_vomiting|CBC_neutropenia,clinical_signs_vomiting|CBC_neutropenia,1.5235419046727452,0.007053434743855302,3,108,contingency_likelihood_ratio_G,joint_state_n_lt_3;joint_state_n_lt_5;apparent_extreme_fraction_in_tiny_joint_state,clinical signs|CBC,False,0.8181818181818182,1.0,0.9994434833459225
953,2_00387,2,clinical signs_vomiting|CBC_basocytosis,clinical_signs_vomiting|CBC_basocytosis,1.5203429571546767,0.007038624801642022,2,108,contingency_likelihood_ratio_G,empty_joint_state;joint_state_n_lt_3;joint_state_n_lt_5;apparent_extreme_fraction_in_tiny_joint_state,clinical signs|CBC,False,0.5934065934065934,1.0,0.9387537402065247
954,2_00404,2,clinical signs_vomiting|chem_hypercalcemia,clinical_signs_vomiting|chem_hypercalcemia,1.5203429571546767,0.007038624801642022,2,108,contingency_likelihood_ratio_G,empty_joint_state;joint_state_n_lt_3;joint_state_n_lt_5;apparent_extreme_fraction_in_tiny_joint_state,clinical signs|chemistry,False,0.6003996003996004,1.0,0.9387537402065247
955,2_00062,2,cobalamin_low|AUS_no abnormalities,cobalamin_low|AUS_no_abnormalities,1.50836235007033,0.008379790833724057,2,90,contingency_likelihood_ratio_G,empty_joint_state;joint_state_n_lt_5,GI panel|AUS,False,0.6483516483516484,1.0,0.941770675676255
956,2_00100,2,folate_high|pli_abn,folate_high|pli_abn,1.50381122604083,0.008743088523493198,3,86,contingency_likelihood_ratio_G,,GI panel|GI panel,False,0.6933066933066933,1.0,0.941770675676255
957,2_00247,2,pli_abn|AUS_no abnormalities,pli_abn|AUS_no_abnormalities,1.5028897567841797,0.008737731144094069,2,86,contingency_likelihood_ratio_G,empty_joint_state;joint_state_n_lt_3;joint_state_n_lt_5;apparent_extreme_fraction_in_tiny_joint_state,GI panel|AUS,False,0.6733266733266733,1.0,0.941770675676255
958,2_00260,2,pli_abn|CBC_neutropenia,pli_abn|CBC_neutropenia,1.5028897567841797,0.008737731144094069,2,86,contingency_likelihood_ratio_G,empty_joint_state;joint_state_n_lt_3;joint_state_n_lt_5;apparent_extreme_fraction_in_tiny_joint_state,GI panel|CBC,False,0.6273726273726273,1.0,0.9387537402065247
959,2_00265,2,pli_abn|CBC_lymphocytosis,pli_abn|CBC_lymphocytosis,1.5028897567841797,0.008737731144094069,2,86,contingency_likelihood_ratio_G,empty_joint_state;joint_state_n_lt_3;joint_state_n_lt_5;apparent_extreme_fraction_in_tiny_joint_state,GI panel|CBC,False,0.6573426573426573,1.0,0.941770675676255
960,2_00283,2,pli_abn|chem_hypophosphatemia,pli_abn|chem_hypophosphatemia,1.5028897567841797,0.008737731144094069,2,86,contingency_likelihood_ratio_G,empty_joint_state;joint_state_n_lt_3;joint_state_n_lt_5;apparent_extreme_fraction_in_tiny_joint_state,GI panel|chemistry,False,0.6693306693306693,1.0,0.941770675676255
961,2_00095,2,cobalamin_low|chem_hypercholesterolemia,cobalamin_low|chem_hypercholesterolemia,1.5004584628032571,0.008335880348906984,1,90,contingency_likelihood_ratio_G,empty_joint_state,GI panel|chemistry,False,0.22377622377622378,1.0,0.6590450122669693
962,2_00980,2,CBC_neutropenia|chem_no abnormalities,CBC_neutropenia|chem_no_abnormalities,1.4947589596342163,0.006920180368676927,3,108,contingency_likelihood_ratio_G,joint_state_n_lt_3;joint_state_n_lt_5;apparent_extreme_fraction_in_tiny_joint_state,CBC|chemistry,False,0.8431568431568431,1.0,1.0
963,2_00104,2,folate_high|clinical signs_diarrhea,folate_high|clinical_signs_diarrhea,1.492809469887865,0.008293385943821471,3,90,contingency_likelihood_ratio_G,,GI panel|clinical signs,False,0.6773226773226774,1.0,0.941770675676255
964,2_00587,2,clinical signs_constipation|chem_no abnormalities,clinical_signs_constipation|chem_no_abnormalities,1.481831325650397,0.00686033021134443,2,108,contingency_likelihood_ratio_G,empty_joint_state;joint_state_n_lt_3;joint_state_n_lt_5;apparent_extreme_fraction_in_tiny_joint_state,clinical signs|chemistry,False,0.5844155844155844,1.0,0.9387537402065247
965,2_01062,2,CBC_basocytosis|chem_no abnormalities,CBC_basocytosis|chem_no_abnormalities,1.481831325650397,0.00686033021134443,2,108,contingency_likelihood_ratio_G,empty_joint_state;joint_state_n_lt_3;joint_state_n_lt_5;apparent_extreme_fraction_in_tiny_joint_state,CBC|chemistry,False,0.5924075924075924,1.0,0.9387537402065247
966,2_00273,2,pli_abn|chem_elevated alt,pli_abn|chem_elevated_ALT,1.4747586627080271,0.008574178271558297,3,86,contingency_likelihood_ratio_G,joint_state_n_lt_3;joint_state_n_lt_5;apparent_extreme_fraction_in_tiny_joint_state,GI panel|chemistry,False,0.8261738261738262,1.0,0.9994434833459225
967,2_00126,2,folate_high|CBC_basocytosis,folate_high|CBC_basocytosis,1.4686661235644527,0.008159256242024737,2,90,contingency_likelihood_ratio_G,empty_joint_state;joint_state_n_lt_3;joint_state_n_lt_5;apparent_extreme_fraction_in_tiny_joint_state,GI panel|CBC,False,0.6133866133866134,1.0,0.9387537402065247
968,2_00138,2,folate_high|chem_elevated total bilirubin,folate_high|chem_elevated_total_bilirubin,1.4686661235644527,0.008159256242024737,2,90,contingency_likelihood_ratio_G,empty_joint_state;joint_state_n_lt_3;joint_state_n_lt_5;apparent_extreme_fraction_in_tiny_joint_state,GI panel|chemistry,False,0.6273726273726273,1.0,0.9387537402065247
969,2_00698,2,AUS_ileum|AUS_mesenteric lymphadenopathy,AUS_ileal_thickening|AUS_mesenteric_lymphadenopathy,1.4679717250498165,0.00679616539374915,3,108,contingency_likelihood_ratio_G,,AUS|AUS,False,0.6923076923076923,1.0,0.941770675676255
970,2_00653,2,AUS_duodenum|chem_elevated ast,AUS_duodenal_thickening|chem_elevated_AST,1.4584334092764224,0.006752006524427882,2,108,contingency_likelihood_ratio_G,empty_joint_state;joint_state_n_lt_3;joint_state_n_lt_5;apparent_extreme_fraction_in_tiny_joint_state,AUS|chemistry,False,0.6933066933066933,1.0,0.941770675676255
971,2_00866,2,AUS_splenomegaly|chem_hypoproteinemia,AUS_splenomegaly|chem_hypoproteinemia,1.4419196848179796,0.006675554096379536,2,108,contingency_likelihood_ratio_G,empty_joint_state,AUS|chemistry,False,0.43356643356643354,1.0,0.8615474702431224
972,2_00878,2,AUS_splenomegaly|chem_hypokalemia,AUS_splenomegaly|chem_hypokalemia,1.4419196848179796,0.006675554096379536,2,108,contingency_likelihood_ratio_G,empty_joint_state,AUS|chemistry,False,0.4515484515484515,1.0,0.8788813709949356
973,2_00575,2,clinical signs_constipation|AUS_gall bladder sludge,clinical_signs_constipation|AUS_gall_bladder_sludge,1.423429782696787,0.00658995269767031,2,108,contingency_likelihood_ratio_G,empty_joint_state;joint_state_n_lt_3;joint_state_n_lt_5;apparent_extreme_fraction_in_tiny_joint_state,clinical signs|AUS,False,0.7142857142857143,1.0,0.9419337304565785
974,2_00913,2,AUS_gall bladder sludge|CBC_basocytosis,AUS_gall_bladder_sludge|CBC_basocytosis,1.423429782696787,0.00658995269767031,2,108,contingency_likelihood_ratio_G,empty_joint_state;joint_state_n_lt_3;joint_state_n_lt_5;apparent_extreme_fraction_in_tiny_joint_state,AUS|CBC,False,0.7112887112887113,1.0,0.941770675676255
975,2_00929,2,AUS_gall bladder sludge|chem_hypercholesterolemia,AUS_gall_bladder_sludge|chem_hypercholesterolemia,1.423429782696787,0.00658995269767031,2,108,contingency_likelihood_ratio_G,empty_joint_state;joint_state_n_lt_3;joint_state_n_lt_5;apparent_extreme_fraction_in_tiny_joint_state,AUS|chemistry,False,0.7082917082917083,1.0,0.941770675676255
976,2_00930,2,AUS_gall bladder sludge|chem_hypercalcemia,AUS_gall_bladder_sludge|chem_hypercalcemia,1.423429782696787,0.00658995269767031,2,108,contingency_likelihood_ratio_G,empty_joint_state;joint_state_n_lt_3;joint_state_n_lt_5;apparent_extreme_fraction_in_tiny_joint_state,AUS|chemistry,False,0.7212787212787213,1.0,0.942857989468159
977,2_00864,2,AUS_splenomegaly|CBC_anemia,AUS_splenomegaly|CBC_anemia,1.418720678100743,0.00656815128750344,2,108,contingency_likelihood_ratio_G,empty_joint_state;joint_state_n_lt_5,AUS|CBC,False,0.6983016983016983,1.0,0.941770675676255
978,2_00103,2,folate_high|clinical signs_vomiting,folate_high|clinical_signs_vomiting,1.4184941969528646,0.007880523316404804,3,90,contingency_likelihood_ratio_G,,GI panel|clinical signs,False,0.7032967032967034,1.0,0.941770675676255
979,2_00794,2,AUS_chronic degenerative renal changes|AUS_splenomegaly,AUS_chronic_degenerative_renal_changes|AUS_splenomegaly,1.412542687599533,0.0065395494796274675,3,108,contingency_likelihood_ratio_G,joint_state_n_lt_3;joint_state_n_lt_5;apparent_extreme_fraction_in_tiny_joint_state,AUS|AUS,False,0.7962037962037962,1.0,0.9899306723427326
980,2_00701,2,AUS_ileum|AUS_splenomegaly,AUS_ileal_thickening|AUS_splenomegaly,1.412515937305015,0.006539425635671365,3,108,contingency_likelihood_ratio_G,joint_state_n_lt_3;joint_state_n_lt_5;apparent_extreme_fraction_in_tiny_joint_state,AUS|AUS,False,0.8361638361638362,1.0,1.0
981,2_00730,2,AUS_colon|AUS_mesenteric lymphadenopathy,AUS_colonic_thickening|AUS_mesenteric_lymphadenopathy,1.4091860911864327,0.00652400968141867,3,108,contingency_likelihood_ratio_G,,AUS|AUS,False,0.6913086913086913,1.0,0.941770675676255
982,2_00336,2,clinical signs_none|AUS_splenomegaly,clinical_signs_none_reported|AUS_splenomegaly,1.3999981485769157,0.006481472910078313,2,108,contingency_likelihood_ratio_G,empty_joint_state,clinical signs|AUS,False,0.5154845154845155,1.0,0.924131983124789
983,2_00933,2,CBC_no abnormalities|chem_no abnormalities,CBC_no_abnormalities|chem_no_abnormalities,1.3998162625052324,0.006480630844931632,3,108,contingency_likelihood_ratio_G,,CBC|chemistry,False,0.7212787212787213,1.0,0.942857989468159
984,2_00128,2,folate_high|CBC_lymphopenia,folate_high|CBC_lymphopenia,1.3994273036012816,0.007774596131118232,3,90,contingency_likelihood_ratio_G,joint_state_n_lt_3;joint_state_n_lt_5;apparent_extreme_fraction_in_tiny_joint_state,GI panel|CBC,False,0.8051948051948052,1.0,0.9926177718385512
985,2_00144,2,folate_high|chem_hypokalemia,folate_high|chem_hypokalemia,1.3672007617723396,0.007595559787624109,3,90,contingency_likelihood_ratio_G,joint_state_n_lt_3;joint_state_n_lt_5;apparent_extreme_fraction_in_tiny_joint_state,GI panel|chemistry,False,0.8201798201798202,1.0,0.9994434833459225
986,2_00494,2,clinical signs_weight loss|AUS_colon,clinical_signs_weight_loss|AUS_colonic_thickening,1.355802422057323,0.0062768630650802,3,108,contingency_likelihood_ratio_G,,clinical signs|AUS,False,0.7472527472527473,1.0,0.9545651036334266
987,2_00329,2,clinical signs_none|AUS_duodenum,clinical_signs_none_reported|AUS_duodenal_thickening,1.3505179135620975,0.006252397747972673,3,108,contingency_likelihood_ratio_G,joint_state_n_lt_3;joint_state_n_lt_5;apparent_extreme_fraction_in_tiny_joint_state,clinical signs|AUS,False,0.8301698301698301,1.0,0.9994434833459225
988,2_00417,2,clinical signs_diarrhea|AUS_chronic degenerative renal changes,clinical_signs_diarrhea|AUS_chronic_degenerative_renal_changes,1.3423199640765042,0.006214444278131964,3,108,contingency_likelihood_ratio_G,joint_state_n_lt_5;apparent_extreme_fraction_in_tiny_joint_state,clinical signs|AUS,False,0.7302697302697303,1.0,0.9464970176267248
989,2_00381,2,clinical signs_vomiting|CBC_no abnormalities,clinical_signs_vomiting|CBC_no_abnormalities,1.337006868067696,0.006189846611424519,3,108,contingency_likelihood_ratio_G,,clinical signs|CBC,False,0.7442557442557443,1.0,0.9536984303339444
990,2_00157,2,folate_low|AUS_duodenum,folate_low|AUS_duodenal_thickening,1.3338895602756486,0.007410497557086937,3,90,contingency_likelihood_ratio_G,joint_state_n_lt_3;joint_state_n_lt_5;apparent_extreme_fraction_in_tiny_joint_state,GI panel|AUS,False,0.8401598401598401,1.0,1.0
991,2_00931,2,AUS_gall bladder sludge|chem_hypokalemia,AUS_gall_bladder_sludge|chem_hypokalemia,1.288461130413661,0.005965097825989172,3,108,contingency_likelihood_ratio_G,joint_state_n_lt_3;joint_state_n_lt_5;apparent_extreme_fraction_in_tiny_joint_state,AUS|chemistry,False,0.8571428571428571,1.0,1.0
992,2_00918,2,AUS_gall bladder sludge|chem_no abnormalities,AUS_gall_bladder_sludge|chem_no_abnormalities,1.2858027430409278,0.005952790477041332,3,108,contingency_likelihood_ratio_G,joint_state_n_lt_5,AUS|chemistry,False,0.7322677322677322,1.0,0.9464970176267248
993,2_00422,2,clinical signs_diarrhea|CBC_no abnormalities,clinical_signs_diarrhea|CBC_no_abnormalities,1.2644427923197874,0.005853901816295312,3,108,contingency_likelihood_ratio_G,,clinical signs|CBC,False,0.7322677322677322,1.0,0.9464970176267248
994,2_00396,2,clinical signs_vomiting|chem_elevated alt,clinical_signs_vomiting|chem_elevated_ALT,1.2635362348949064,0.005849704791180122,3,108,contingency_likelihood_ratio_G,joint_state_n_lt_5,clinical signs|chemistry,False,0.7612387612387612,1.0,0.9674239251994143
995,2_00242,2,pli_abn|clinical signs_diarrhea,pli_abn|clinical_signs_diarrhea,1.2613212568012355,0.007333263120937416,3,86,contingency_likelihood_ratio_G,joint_state_n_lt_3;joint_state_n_lt_5;apparent_extreme_fraction_in_tiny_joint_state,GI panel|clinical signs,False,0.8291708291708292,1.0,0.9994434833459225
996,2_00414,2,clinical signs_diarrhea|AUS_ileum,clinical_signs_diarrhea|AUS_ileal_thickening,1.257435767081291,0.005821461884635607,3,108,contingency_likelihood_ratio_G,,clinical signs|AUS,False,0.7562437562437563,1.0,0.9640545405008215
997,2_00170,2,folate_low|CBC_eosinophilia,folate_low|CBC_eosinophilia,1.256307484427504,0.006979486024597244,2,90,contingency_likelihood_ratio_G,empty_joint_state,GI panel|CBC,False,0.5704295704295704,1.0,0.9314965087752406
998,2_00115,2,folate_high|AUS_chronic degenerative renal changes,folate_high|AUS_chronic_degenerative_renal_changes,1.2419112415366982,0.006899506897426101,3,90,contingency_likelihood_ratio_G,joint_state_n_lt_3;joint_state_n_lt_5;apparent_extreme_fraction_in_tiny_joint_state,GI panel|AUS,False,0.8591408591408591,1.0,1.0
999,2_00108,2,folate_high|clinical signs_constipation,folate_high|clinical_signs_constipation,1.2403950183560535,0.0068910834353114086,2,90,contingency_likelihood_ratio_G,empty_joint_state;joint_state_n_lt_3;joint_state_n_lt_5;apparent_extreme_fraction_in_tiny_joint_state,GI panel|clinical signs,False,0.6733266733266733,1.0,0.941770675676255
1000,2_00143,2,folate_high|chem_hypercalcemia,folate_high|chem_hypercalcemia,1.2403950183560535,0.0068910834353114086,2,90,contingency_likelihood_ratio_G,empty_joint_state;joint_state_n_lt_3;joint_state_n_lt_5;apparent_extreme_fraction_in_tiny_joint_state,GI panel|chemistry,False,0.6783216783216783,1.0,0.941770675676255
1001,2_00796,2,AUS_chronic degenerative renal changes|AUS_gall bladder sludge,AUS_chronic_degenerative_renal_changes|AUS_gall_bladder_sludge,1.237907395320474,0.005731052756113305,3,108,contingency_likelihood_ratio_G,joint_state_n_lt_3;joint_state_n_lt_5;apparent_extreme_fraction_in_tiny_joint_state,AUS|AUS,False,0.8411588411588412,1.0,1.0
1002,2_00591,2,clinical signs_constipation|chem_elevated alt,clinical_signs_constipation|chem_elevated_ALT,1.1993819149161369,0.005552694050537671,2,108,contingency_likelihood_ratio_G,empty_joint_state;joint_state_n_lt_3;joint_state_n_lt_5;apparent_extreme_fraction_in_tiny_joint_state,clinical signs|chemistry,False,0.7982017982017982,1.0,0.9899306723427326
1003,2_01066,2,CBC_basocytosis|chem_elevated alt,CBC_basocytosis|chem_elevated_ALT,1.1993819149161369,0.005552694050537671,2,108,contingency_likelihood_ratio_G,empty_joint_state;joint_state_n_lt_3;joint_state_n_lt_5;apparent_extreme_fraction_in_tiny_joint_state,CBC|chemistry,False,0.8041958041958042,1.0,0.9923776223776223
1004,2_01185,2,chem_elevated alt|chem_hypercholesterolemia,chem_elevated_ALT|chem_hypercholesterolemia,1.1993819149161369,0.005552694050537671,2,108,contingency_likelihood_ratio_G,empty_joint_state;joint_state_n_lt_3;joint_state_n_lt_5;apparent_extreme_fraction_in_tiny_joint_state,chemistry|chemistry,False,0.7942057942057942,1.0,0.9899306723427326
1005,2_01186,2,chem_elevated alt|chem_hypercalcemia,chem_elevated_ALT|chem_hypercalcemia,1.1993819149161369,0.005552694050537671,2,108,contingency_likelihood_ratio_G,empty_joint_state;joint_state_n_lt_3;joint_state_n_lt_5;apparent_extreme_fraction_in_tiny_joint_state,chemistry|chemistry,False,0.8021978021978022,1.0,0.9923776223776223
1006,2_00251,2,pli_abn|AUS_colon,pli_abn|AUS_colonic_thickening,1.1908443106548146,0.006923513434039619,3,86,contingency_likelihood_ratio_G,joint_state_n_lt_3;joint_state_n_lt_5;apparent_extreme_fraction_in_tiny_joint_state,GI panel|AUS,False,0.906093906093906,1.0,1.0
1007,2_00492,2,clinical signs_weight loss|AUS_jejunum,clinical_signs_weight_loss|AUS_jejunal_thickening,1.182059885166808,0.005472499468364852,3,108,contingency_likelihood_ratio_G,,clinical signs|AUS,False,0.7702297702297702,1.0,0.974834396372858
1008,2_00164,2,folate_low|AUS_splenomegaly,folate_low|AUS_splenomegaly,1.177573481672123,0.0065420748981784614,3,90,contingency_likelihood_ratio_G,joint_state_n_lt_3;joint_state_n_lt_5;apparent_extreme_fraction_in_tiny_joint_state,GI panel|AUS,False,0.9080919080919081,1.0,1.0
1009,2_00338,2,clinical signs_none|AUS_gall bladder sludge,clinical_signs_none_reported|AUS_gall_bladder_sludge,1.1738844429720774,0.0054346501989448025,3,108,contingency_likelihood_ratio_G,joint_state_n_lt_3;joint_state_n_lt_5;apparent_extreme_fraction_in_tiny_joint_state,clinical signs|AUS,False,0.9140859140859141,1.0,1.0
1010,2_00922,2,AUS_gall bladder sludge|chem_elevated alt,AUS_gall_bladder_sludge|chem_elevated_ALT,1.1730415401408576,0.005430747871022489,2,108,contingency_likelihood_ratio_G,empty_joint_state,AUS|chemistry,False,0.5484515484515484,1.0,0.9314965087752406
1011,2_00390,2,clinical signs_vomiting|CBC_monocytosis,clinical_signs_vomiting|CBC_monocytosis,1.1624363462961411,0.005381649751371024,3,108,contingency_likelihood_ratio_G,,clinical signs|CBC,False,0.8161838161838162,1.0,0.998187144867026
1012,2_00106,2,folate_high|clinical signs_weight loss,folate_high|clinical_signs_weight_loss,1.1542367973743695,0.00641242665207983,3,90,contingency_likelihood_ratio_G,,GI panel|clinical signs,False,0.7822177822177823,1.0,0.9859619440824753
1013,2_00333,2,clinical signs_none|AUS_mesenteric lymphadenopathy,clinical_signs_none_reported|AUS_mesenteric_lymphadenopathy,1.153428733985454,0.00533994784252525,2,108,contingency_likelihood_ratio_G,empty_joint_state,clinical signs|AUS,False,0.6463536463536463,1.0,0.941770675676255
1014,2_01112,2,CBC_monocytosis|CBC_anemia,CBC_monocytosis|CBC_anemia,1.1521077688040537,0.00533383226298173,3,108,contingency_likelihood_ratio_G,joint_state_n_lt_3;joint_state_n_lt_5;apparent_extreme_fraction_in_tiny_joint_state,CBC|CBC,False,1.0,1.0,1.0
1015,2_00783,2,AUS_mesenteric lymphadenopathy|chem_elevated ast,AUS_mesenteric_lymphadenopathy|chem_elevated_AST,1.1471819880817504,0.005311027722600697,2,108,contingency_likelihood_ratio_G,empty_joint_state;joint_state_n_lt_3;joint_state_n_lt_5;apparent_extreme_fraction_in_tiny_joint_state,AUS|chemistry,False,0.7382617382617382,1.0,0.9499634880239677
1016,2_00941,2,CBC_no abnormalities|chem_azotemia,CBC_no_abnormalities|chem_azotemia,1.1413730818421843,0.005284134638158261,3,108,contingency_likelihood_ratio_G,,CBC|chemistry,False,0.7952047952047953,1.0,0.9899306723427326
1017,2_00490,2,clinical signs_weight loss|AUS_no abnormalities,clinical_signs_weight_loss|AUS_no_abnormalities,1.1206156179862843,0.00518803526845502,2,108,contingency_likelihood_ratio_G,empty_joint_state;joint_state_n_lt_5;apparent_extreme_fraction_in_tiny_joint_state,clinical signs|AUS,False,0.6243756243756243,1.0,0.9387537402065247
1018,2_00671,2,AUS_jejunum|CBC_no abnormalities,AUS_jejunal_thickening|CBC_no_abnormalities,1.1174286641699243,0.0051732808526385385,3,108,contingency_likelihood_ratio_G,,AUS|CBC,False,0.7762237762237763,1.0,0.9804095597340223
1019,2_00630,2,AUS_duodenum|AUS_colon,AUS_duodenal_thickening|AUS_colonic_thickening,1.1171122137853025,0.0051718158045615855,3,108,contingency_likelihood_ratio_G,joint_state_n_lt_5,AUS|AUS,False,0.8221778221778222,1.0,0.9994434833459225
1020,2_00160,2,folate_low|AUS_colon,folate_low|AUS_colonic_thickening,1.1084263936773784,0.0061579244093187685,2,90,contingency_likelihood_ratio_G,empty_joint_state,GI panel|AUS,False,0.5584415584415584,1.0,0.9314965087752406
1021,2_00446,2,clinical signs_diarrhea|chem_hypokalemia,clinical_signs_diarrhea|chem_hypokalemia,1.10815809487797,0.005130361550360972,2,108,contingency_likelihood_ratio_G,empty_joint_state,clinical signs|chemistry,False,0.5694305694305695,1.0,0.9314965087752406
1022,2_00649,2,AUS_duodenum|chem_hypoproteinemia,AUS_duodenal_thickening|chem_hypoproteinemia,1.1081580948779697,0.005130361550360971,2,108,contingency_likelihood_ratio_G,empty_joint_state,AUS|chemistry,False,0.5564435564435565,1.0,0.9314965087752406
1023,2_00372,2,clinical signs_vomiting|AUS_jejunum,clinical_signs_vomiting|AUS_jejunal_thickening,1.0998630804271068,0.00509195870568105,3,108,contingency_likelihood_ratio_G,,clinical signs|AUS,False,0.7862137862137862,1.0,0.9864638404192156
1024,2_00155,2,folate_low|clinical signs_constipation,folate_low|clinical_signs_constipation,1.0994132003588577,0.006107851113104765,2,90,contingency_likelihood_ratio_G,empty_joint_state;joint_state_n_lt_3;joint_state_n_lt_5;apparent_extreme_fraction_in_tiny_joint_state,GI panel|clinical signs,False,0.6823176823176823,1.0,0.941770675676255
1025,2_00190,2,folate_low|chem_hypercalcemia,folate_low|chem_hypercalcemia,1.0994132003588577,0.006107851113104765,2,90,contingency_likelihood_ratio_G,empty_joint_state;joint_state_n_lt_3;joint_state_n_lt_5;apparent_extreme_fraction_in_tiny_joint_state,GI panel|chemistry,False,0.7072927072927073,1.0,0.941770675676255
1026,2_00370,2,clinical signs_vomiting|AUS_no abnormalities,clinical_signs_vomiting|AUS_no_abnormalities,1.095729708894626,0.005072822726364009,2,108,contingency_likelihood_ratio_G,empty_joint_state;joint_state_n_lt_5;apparent_extreme_fraction_in_tiny_joint_state,clinical signs|AUS,False,0.6043956043956044,1.0,0.9387537402065247
1027,2_00413,2,clinical signs_diarrhea|AUS_jejunum,clinical_signs_diarrhea|AUS_jejunal_thickening,1.0921539928978488,0.0050562684856381886,3,108,contingency_likelihood_ratio_G,,clinical signs|AUS,False,0.7812187812187812,1.0,0.9857095869365807
1028,2_00151,2,folate_low|clinical signs_diarrhea,folate_low|clinical_signs_diarrhea,1.0913273337248452,0.006062929631804696,2,90,contingency_likelihood_ratio_G,empty_joint_state,GI panel|clinical signs,False,0.5744255744255744,1.0,0.9326857353173142
1029,2_01101,2,CBC_lymphopenia|chem_elevated alt,CBC_lymphopenia|chem_elevated_ALT,1.0881751097284558,0.005037847730224332,3,108,contingency_likelihood_ratio_G,joint_state_n_lt_3;joint_state_n_lt_5;apparent_extreme_fraction_in_tiny_joint_state,CBC|chemistry,False,0.9440559440559441,1.0,1.0
1030,2_01187,2,chem_elevated alt|chem_hypokalemia,chem_elevated_ALT|chem_hypokalemia,1.0881751097284558,0.005037847730224332,3,108,contingency_likelihood_ratio_G,joint_state_n_lt_3;joint_state_n_lt_5;apparent_extreme_fraction_in_tiny_joint_state,chemistry|chemistry,False,0.9240759240759241,1.0,1.0
1031,2_00432,2,clinical signs_diarrhea|CBC_anemia,clinical_signs_diarrhea|CBC_anemia,1.0681835256053045,0.0049452941000245575,2,108,contingency_likelihood_ratio_G,empty_joint_state;joint_state_n_lt_5,clinical signs|CBC,False,0.7182817182817183,1.0,0.9419337304565785
1032,2_00647,2,AUS_duodenum|CBC_anemia,AUS_duodenal_thickening|CBC_anemia,1.0655961327957053,0.004933315429609747,2,108,contingency_likelihood_ratio_G,empty_joint_state;joint_state_n_lt_5,AUS|CBC,False,0.7182817182817183,1.0,0.9419337304565785
1033,2_00735,2,AUS_colon|AUS_gall bladder sludge,AUS_colonic_thickening|AUS_gall_bladder_sludge,1.064074822539074,0.004926272326569787,3,108,contingency_likelihood_ratio_G,joint_state_n_lt_5,AUS|AUS,False,0.8461538461538461,1.0,1.0
1034,2_00256,2,pli_abn|AUS_ileus,pli_abn|AUS_ileus,1.0596912904392537,0.0061609958746468236,2,86,contingency_likelihood_ratio_G,empty_joint_state;joint_state_n_lt_5;apparent_extreme_fraction_in_tiny_joint_state,GI panel|AUS,False,0.5904095904095904,1.0,0.9387537402065247
1035,2_00585,2,clinical signs_constipation|CBC_monocytosis,clinical_signs_constipation|CBC_monocytosis,1.057784063878267,0.004897148443880866,2,108,contingency_likelihood_ratio_G,empty_joint_state;joint_state_n_lt_3;joint_state_n_lt_5;apparent_extreme_fraction_in_tiny_joint_state,clinical signs|CBC,False,0.8361638361638362,1.0,1.0
1036,2_01060,2,CBC_basocytosis|CBC_monocytosis,CBC_basocytosis|CBC_monocytosis,1.057784063878267,0.004897148443880866,2,108,contingency_likelihood_ratio_G,empty_joint_state;joint_state_n_lt_3;joint_state_n_lt_5;apparent_extreme_fraction_in_tiny_joint_state,CBC|CBC,False,0.8261738261738262,1.0,0.9994434833459225
1037,2_01124,2,CBC_monocytosis|chem_hypercholesterolemia,CBC_monocytosis|chem_hypercholesterolemia,1.057784063878267,0.004897148443880866,2,108,contingency_likelihood_ratio_G,empty_joint_state;joint_state_n_lt_3;joint_state_n_lt_5;apparent_extreme_fraction_in_tiny_joint_state,CBC|chemistry,False,0.8301698301698301,1.0,0.9994434833459225
1038,2_00805,2,AUS_chronic degenerative renal changes|CBC_lymphopenia,AUS_chronic_degenerative_renal_changes|CBC_lymphopenia,1.057477803869972,0.004895730573472092,3,108,contingency_likelihood_ratio_G,joint_state_n_lt_3;joint_state_n_lt_5;apparent_extreme_fraction_in_tiny_joint_state,AUS|CBC,False,0.948051948051948,1.0,1.0
1039,2_00979,2,CBC_neutropenia|CBC_anemia,CBC_neutropenia|CBC_anemia,1.0564996148081671,0.0048912019204081815,3,108,contingency_likelihood_ratio_G,joint_state_n_lt_3;joint_state_n_lt_5;apparent_extreme_fraction_in_tiny_joint_state,CBC|CBC,False,1.0,1.0,1.0
1040,2_00411,2,clinical signs_diarrhea|AUS_no abnormalities,clinical_signs_diarrhea|AUS_no_abnormalities,1.0558820363136068,0.004888342760711143,2,108,contingency_likelihood_ratio_G,empty_joint_state;joint_state_n_lt_5;apparent_extreme_fraction_in_tiny_joint_state,clinical signs|AUS,False,0.6353646353646354,1.0,0.941224441824682
1041,2_00424,2,clinical signs_diarrhea|CBC_neutropenia,clinical_signs_diarrhea|CBC_neutropenia,1.0558820363136068,0.004888342760711143,2,108,contingency_likelihood_ratio_G,empty_joint_state;joint_state_n_lt_5;apparent_extreme_fraction_in_tiny_joint_state,clinical signs|CBC,False,0.6303696303696303,1.0,0.9405999079517822
1042,2_00111,2,folate_high|AUS_jejunum,folate_high|AUS_jejunal_thickening,1.0542136521936292,0.005856742512186828,3,90,contingency_likelihood_ratio_G,,GI panel|AUS,False,0.7882117882117882,1.0,0.9864638404192156
1043,2_00592,2,clinical signs_constipation|chem_elevated ast,clinical_signs_constipation|chem_elevated_AST,1.0513535304953394,0.004867377455996942,2,108,contingency_likelihood_ratio_G,empty_joint_state;joint_state_n_lt_3;joint_state_n_lt_5;apparent_extreme_fraction_in_tiny_joint_state,clinical signs|chemistry,False,1.0,1.0,1.0
1044,2_00681,2,AUS_jejunum|CBC_anemia,AUS_jejunal_thickening|CBC_anemia,1.0513535304953394,0.004867377455996942,3,108,contingency_likelihood_ratio_G,joint_state_n_lt_3;joint_state_n_lt_5;apparent_extreme_fraction_in_tiny_joint_state,AUS|CBC,False,1.0,1.0,1.0
1045,2_01067,2,CBC_basocytosis|chem_elevated ast,CBC_basocytosis|chem_elevated_AST,1.0513535304953394,0.004867377455996942,2,108,contingency_likelihood_ratio_G,empty_joint_state;joint_state_n_lt_3;joint_state_n_lt_5;apparent_extreme_fraction_in_tiny_joint_state,CBC|chemistry,False,1.0,1.0,1.0
1046,2_01194,2,chem_elevated ast|chem_hypercholesterolemia,chem_elevated_AST|chem_hypercholesterolemia,1.0513535304953394,0.004867377455996942,2,108,contingency_likelihood_ratio_G,empty_joint_state;joint_state_n_lt_3;joint_state_n_lt_5;apparent_extreme_fraction_in_tiny_joint_state,chemistry|chemistry,False,1.0,1.0,1.0
1047,2_01195,2,chem_elevated ast|chem_hypercalcemia,chem_elevated_AST|chem_hypercalcemia,1.0513535304953394,0.004867377455996942,2,108,contingency_likelihood_ratio_G,empty_joint_state;joint_state_n_lt_3;joint_state_n_lt_5;apparent_extreme_fraction_in_tiny_joint_state,chemistry|chemistry,False,1.0,1.0,1.0
1048,2_00517,2,clinical signs_weight loss|chem_elevated ast,clinical_signs_weight_loss|chem_elevated_AST,1.0504680213997575,0.004863277876850729,2,108,contingency_likelihood_ratio_G,empty_joint_state;joint_state_n_lt_3;joint_state_n_lt_5;apparent_extreme_fraction_in_tiny_joint_state,clinical signs|chemistry,False,0.7372627372627373,1.0,0.949668285785196
1049,2_00493,2,clinical signs_weight loss|AUS_ileum,clinical_signs_weight_loss|AUS_ileal_thickening,1.0408610587961433,0.004818801198130294,3,108,contingency_likelihood_ratio_G,,clinical signs|AUS,False,0.8291708291708292,1.0,0.9994434833459225
1050,2_00350,2,clinical signs_none|chem_no abnormalities,clinical_signs_none_reported|chem_no_abnormalities,1.0401920680379289,0.004815704018694115,2,108,contingency_likelihood_ratio_G,empty_joint_state,clinical signs|chemistry,False,0.6363636363636364,1.0,0.9415740135164595
1051,2_00158,2,folate_low|AUS_jejunum,folate_low|AUS_jejunal_thickening,1.0332310407114118,0.005740172448396732,3,90,contingency_likelihood_ratio_G,joint_state_n_lt_3;joint_state_n_lt_5;apparent_extreme_fraction_in_tiny_joint_state,GI panel|AUS,False,0.932067932067932,1.0,1.0
1052,2_00945,2,CBC_no abnormalities|chem_hypercalcemia,CBC_no_abnormalities|chem_hypercalcemia,1.0283017075305825,0.004760656053382327,2,108,contingency_likelihood_ratio_G,empty_joint_state;joint_state_n_lt_3;joint_state_n_lt_5;apparent_extreme_fraction_in_tiny_joint_state,CBC|chemistry,False,0.7682317682317682,1.0,0.9733039034887084
1053,2_00266,2,pli_abn|CBC_lymphopenia,pli_abn|CBC_lymphopenia,1.0246346703573712,0.005957178316031228,3,86,contingency_likelihood_ratio_G,joint_state_n_lt_3;joint_state_n_lt_5;apparent_extreme_fraction_in_tiny_joint_state,GI panel|CBC,False,0.9070929070929071,1.0,1.0
1054,2_00762,2,AUS_mesenteric lymphadenopathy|AUS_chronic degenerative renal changes,AUS_mesenteric_lymphadenopathy|AUS_chronic_degenerative_renal_changes,1.0246070559684997,0.0047435511850393505,3,108,contingency_likelihood_ratio_G,,AUS|AUS,False,0.7882117882117882,1.0,0.9864638404192156
1055,2_01114,2,CBC_monocytosis|chem_hypoproteinemia,CBC_monocytosis|chem_hypoproteinemia,1.0165130166848015,0.004706078780948155,3,108,contingency_likelihood_ratio_G,joint_state_n_lt_3;joint_state_n_lt_5;apparent_extreme_fraction_in_tiny_joint_state,CBC|chemistry,False,1.0,1.0,1.0
1056,2_01097,2,CBC_lymphopenia|chem_no abnormalities,CBC_lymphopenia|chem_no_abnormalities,0.9984907539278727,0.0046226423792957065,3,108,contingency_likelihood_ratio_G,joint_state_n_lt_3;joint_state_n_lt_5;apparent_extreme_fraction_in_tiny_joint_state,CBC|chemistry,False,0.8851148851148851,1.0,1.0
1057,2_00149,2,folate_low|clinical signs_none,folate_low|clinical_signs_none_reported,0.9950065881626757,0.005527814378681532,3,90,contingency_likelihood_ratio_G,joint_state_n_lt_3;joint_state_n_lt_5;apparent_extreme_fraction_in_tiny_joint_state,GI panel|clinical signs,False,0.965034965034965,1.0,1.0
1058,2_00191,2,folate_low|chem_hypokalemia,folate_low|chem_hypokalemia,0.9950065881626757,0.005527814378681532,3,90,contingency_likelihood_ratio_G,joint_state_n_lt_3;joint_state_n_lt_5;apparent_extreme_fraction_in_tiny_joint_state,GI panel|chemistry,False,0.9630369630369631,1.0,1.0
1059,2_00252,2,pli_abn|AUS_mesenteric lymphadenopathy,pli_abn|AUS_mesenteric_lymphadenopathy,0.9897405050729144,0.0057543052620518285,3,86,contingency_likelihood_ratio_G,,GI panel|AUS,False,0.8241758241758241,1.0,0.9994434833459225
1060,2_00389,2,clinical signs_vomiting|CBC_lymphopenia,clinical_signs_vomiting|CBC_lymphopenia,0.9888790643476155,0.004578143816424146,3,108,contingency_likelihood_ratio_G,joint_state_n_lt_5,clinical signs|CBC,False,0.8731268731268731,1.0,1.0
1061,2_00405,2,clinical signs_vomiting|chem_hypokalemia,clinical_signs_vomiting|chem_hypokalemia,0.9888790643476155,0.004578143816424146,3,108,contingency_likelihood_ratio_G,joint_state_n_lt_5,clinical signs|chemistry,False,0.8811188811188811,1.0,1.0
1062,2_00391,2,clinical signs_vomiting|CBC_anemia,clinical_signs_vomiting|CBC_anemia,0.9856801168295473,0.004563333874210867,2,108,contingency_likelihood_ratio_G,empty_joint_state;joint_state_n_lt_5,clinical signs|CBC,False,0.7282717282717283,1.0,0.9464970176267248
1063,2_00806,2,AUS_chronic degenerative renal changes|CBC_monocytosis,AUS_chronic_degenerative_renal_changes|CBC_monocytosis,0.9705053464712098,0.004493080307737082,3,108,contingency_likelihood_ratio_G,joint_state_n_lt_3;joint_state_n_lt_5;apparent_extreme_fraction_in_tiny_joint_state,AUS|CBC,False,1.0,1.0,1.0
1064,2_00159,2,folate_low|AUS_ileum,folate_low|AUS_ileal_thickening,0.9660073666770275,0.005366707592650153,3,90,contingency_likelihood_ratio_G,joint_state_n_lt_3;joint_state_n_lt_5;apparent_extreme_fraction_in_tiny_joint_state,GI panel|AUS,False,0.954045954045954,1.0,1.0
1065,2_00509,2,clinical signs_weight loss|CBC_lymphopenia,clinical_signs_weight_loss|CBC_lymphopenia,0.9404595946821891,0.004353979605010135,3,108,contingency_likelihood_ratio_G,joint_state_n_lt_5,clinical signs|CBC,False,0.8801198801198801,1.0,1.0
1066,2_00117,2,folate_high|AUS_splenomegaly,folate_high|AUS_splenomegaly,0.9318110742261906,0.005176728190145503,3,90,contingency_likelihood_ratio_G,,GI panel|AUS,False,0.8491508491508492,1.0,1.0
1067,2_00165,2,folate_low|AUS_ileus,folate_low|AUS_ileus,0.9308402129951864,0.005171334516639924,2,90,contingency_likelihood_ratio_G,empty_joint_state;joint_state_n_lt_5;apparent_extreme_fraction_in_tiny_joint_state,GI panel|AUS,False,0.6173826173826173,1.0,0.9387537402065247
1068,2_00255,2,pli_abn|AUS_splenomegaly,pli_abn|AUS_splenomegaly,0.9272873570171832,0.005391205564053391,3,86,contingency_likelihood_ratio_G,joint_state_n_lt_5,GI panel|AUS,False,0.8531468531468531,1.0,1.0
1069,2_00175,2,folate_low|CBC_lymphopenia,folate_low|CBC_lymphopenia,0.9271693258978078,0.005150940699432265,3,90,contingency_likelihood_ratio_G,joint_state_n_lt_3;joint_state_n_lt_5;apparent_extreme_fraction_in_tiny_joint_state,GI panel|CBC,False,0.9530469530469531,1.0,1.0
1070,2_00728,2,AUS_ileum|chem_hypokalemia,AUS_ileal_thickening|chem_hypokalemia,0.9240977697604642,0.004278230415557705,3,108,contingency_likelihood_ratio_G,joint_state_n_lt_3;joint_state_n_lt_5;apparent_extreme_fraction_in_tiny_joint_state,AUS|chemistry,False,1.0,1.0,1.0
1071,2_00626,2,AUS_no abnormalities|chem_hypokalemia,AUS_no_abnormalities|chem_hypokalemia,0.9235181662346956,0.004275547065901369,3,108,contingency_likelihood_ratio_G,joint_state_n_lt_3;joint_state_n_lt_5;apparent_extreme_fraction_in_tiny_joint_state,AUS|chemistry,False,1.0,1.0,1.0
1072,2_00993,2,CBC_neutropenia|chem_hypokalemia,CBC_neutropenia|chem_hypokalemia,0.9235181662346956,0.004275547065901369,3,108,contingency_likelihood_ratio_G,joint_state_n_lt_3;joint_state_n_lt_5;apparent_extreme_fraction_in_tiny_joint_state,CBC|chemistry,False,1.0,1.0,1.0
1073,2_01059,2,CBC_basocytosis|CBC_lymphopenia,CBC_basocytosis|CBC_lymphopenia,0.9180566767242601,0.004250262392241945,2,108,contingency_likelihood_ratio_G,empty_joint_state;joint_state_n_lt_3;joint_state_n_lt_5;apparent_extreme_fraction_in_tiny_joint_state,CBC|CBC,False,1.0,1.0,1.0
1074,2_00808,2,AUS_chronic degenerative renal changes|chem_no abnormalities,AUS_chronic_degenerative_renal_changes|chem_no_abnormalities,0.9013725427210992,0.0041730210311162,3,108,contingency_likelihood_ratio_G,joint_state_n_lt_5,AUS|chemistry,False,0.8301698301698301,1.0,0.9994434833459225
1075,2_00576,2,clinical signs_constipation|CBC_no abnormalities,clinical_signs_constipation|CBC_no_abnormalities,0.8937044417722163,0.00413752056376026,2,108,contingency_likelihood_ratio_G,empty_joint_state;joint_state_n_lt_3;joint_state_n_lt_5;apparent_extreme_fraction_in_tiny_joint_state,clinical signs|CBC,False,0.8731268731268731,1.0,1.0
1076,2_00944,2,CBC_no abnormalities|chem_hypercholesterolemia,CBC_no_abnormalities|chem_hypercholesterolemia,0.8937044417722163,0.00413752056376026,2,108,contingency_likelihood_ratio_G,empty_joint_state;joint_state_n_lt_3;joint_state_n_lt_5;apparent_extreme_fraction_in_tiny_joint_state,CBC|chemistry,False,0.8621378621378621,1.0,1.0
1077,2_00731,2,AUS_colon|AUS_chronic degenerative renal changes,AUS_colonic_thickening|AUS_chronic_degenerative_renal_changes,0.8851847132921956,0.0040980773763527574,3,108,contingency_likelihood_ratio_G,joint_state_n_lt_3;joint_state_n_lt_5;apparent_extreme_fraction_in_tiny_joint_state,AUS|AUS,False,1.0,1.0,1.0
1078,2_00978,2,CBC_neutropenia|CBC_monocytosis,CBC_neutropenia|CBC_monocytosis,0.8794656768251974,0.00407160035567221,3,108,contingency_likelihood_ratio_G,joint_state_n_lt_3;joint_state_n_lt_5;apparent_extreme_fraction_in_tiny_joint_state,CBC|CBC,False,1.0,1.0,1.0
1079,2_00569,2,clinical signs_constipation|AUS_colon,clinical_signs_constipation|AUS_colonic_thickening,0.8779369907245892,0.004064523105206432,2,108,contingency_likelihood_ratio_G,empty_joint_state;joint_state_n_lt_3;joint_state_n_lt_5;apparent_extreme_fraction_in_tiny_joint_state,clinical signs|AUS,False,0.8131868131868132,1.0,0.9974876018613592
1080,2_00742,2,AUS_colon|CBC_basocytosis,AUS_colonic_thickening|CBC_basocytosis,0.8779369907245892,0.004064523105206432,2,108,contingency_likelihood_ratio_G,empty_joint_state;joint_state_n_lt_3;joint_state_n_lt_5;apparent_extreme_fraction_in_tiny_joint_state,AUS|CBC,False,0.8321678321678322,1.0,1.0
1081,2_00758,2,AUS_colon|chem_hypercholesterolemia,AUS_colonic_thickening|chem_hypercholesterolemia,0.8779369907245892,0.004064523105206432,2,108,contingency_likelihood_ratio_G,empty_joint_state;joint_state_n_lt_3;joint_state_n_lt_5;apparent_extreme_fraction_in_tiny_joint_state,AUS|chemistry,False,0.8151848151848152,1.0,0.9979544265258552
1082,2_00759,2,AUS_colon|chem_hypercalcemia,AUS_colonic_thickening|chem_hypercalcemia,0.8779369907245892,0.004064523105206432,2,108,contingency_likelihood_ratio_G,empty_joint_state;joint_state_n_lt_3;joint_state_n_lt_5;apparent_extreme_fraction_in_tiny_joint_state,AUS|chemistry,False,0.8331668331668332,1.0,1.0
1083,2_01125,2,CBC_monocytosis|chem_hypercalcemia,CBC_monocytosis|chem_hypercalcemia,0.8779369907245892,0.004064523105206432,2,108,contingency_likelihood_ratio_G,empty_joint_state;joint_state_n_lt_3;joint_state_n_lt_5;apparent_extreme_fraction_in_tiny_joint_state,CBC|chemistry,False,0.8481518481518482,1.0,1.0
1084,2_00820,2,AUS_chronic degenerative renal changes|chem_hypercalcemia,AUS_chronic_degenerative_renal_changes|chem_hypercalcemia,0.8770126502776704,0.004060243751285511,2,108,contingency_likelihood_ratio_G,empty_joint_state;joint_state_n_lt_3;joint_state_n_lt_5;apparent_extreme_fraction_in_tiny_joint_state,AUS|chemistry,False,1.0,1.0,1.0
1085,2_01216,2,chem_azotemia|chem_hypercalcemia,chem_azotemia|chem_hypercalcemia,0.8741271810598751,0.004046885097499422,2,108,contingency_likelihood_ratio_G,empty_joint_state;joint_state_n_lt_3;joint_state_n_lt_5;apparent_extreme_fraction_in_tiny_joint_state,chemistry|chemistry,False,0.8581418581418582,1.0,1.0
1086,2_00747,2,AUS_colon|chem_no abnormalities,AUS_colonic_thickening|chem_no_abnormalities,0.8731708859268599,0.004042457805216944,3,108,contingency_likelihood_ratio_G,joint_state_n_lt_5,AUS|chemistry,False,0.8531468531468531,1.0,1.0
1087,2_00182,2,folate_low|chem_elevated alt,folate_low|chem_elevated_ALT,0.8713260632595226,0.004840700351441792,3,90,contingency_likelihood_ratio_G,joint_state_n_lt_3;joint_state_n_lt_5;apparent_extreme_fraction_in_tiny_joint_state,GI panel|chemistry,False,0.9630369630369631,1.0,1.0
1088,2_00923,2,AUS_gall bladder sludge|chem_elevated ast,AUS_gall_bladder_sludge|chem_elevated_AST,0.8706231470699928,0.004030662717916633,2,108,contingency_likelihood_ratio_G,empty_joint_state;joint_state_n_lt_3;joint_state_n_lt_5;apparent_extreme_fraction_in_tiny_joint_state,AUS|chemistry,False,0.8071928071928072,1.0,0.993335349909055
1089,2_00565,2,clinical signs_constipation|AUS_no abnormalities,clinical_signs_constipation|AUS_no_abnormalities,0.8521758021578767,0.003945258343323503,2,108,contingency_likelihood_ratio_G,empty_joint_state;joint_state_n_lt_3;joint_state_n_lt_5;apparent_extreme_fraction_in_tiny_joint_state,clinical signs|AUS,False,1.0,1.0,1.0
1090,2_00578,2,clinical signs_constipation|CBC_neutropenia,clinical_signs_constipation|CBC_neutropenia,0.8521758021578767,0.003945258343323503,2,108,contingency_likelihood_ratio_G,empty_joint_state;joint_state_n_lt_3;joint_state_n_lt_5;apparent_extreme_fraction_in_tiny_joint_state,clinical signs|CBC,False,1.0,1.0,1.0
1091,2_00608,2,AUS_no abnormalities|CBC_basocytosis,AUS_no_abnormalities|CBC_basocytosis,0.8521758021578767,0.003945258343323503,2,108,contingency_likelihood_ratio_G,empty_joint_state;joint_state_n_lt_3;joint_state_n_lt_5;apparent_extreme_fraction_in_tiny_joint_state,AUS|CBC,False,1.0,1.0,1.0
1092,2_00624,2,AUS_no abnormalities|chem_hypercholesterolemia,AUS_no_abnormalities|chem_hypercholesterolemia,0.8521758021578767,0.003945258343323503,2,108,contingency_likelihood_ratio_G,empty_joint_state;joint_state_n_lt_3;joint_state_n_lt_5;apparent_extreme_fraction_in_tiny_joint_state,AUS|chemistry,False,1.0,1.0,1.0
1093,2_00625,2,AUS_no abnormalities|chem_hypercalcemia,AUS_no_abnormalities|chem_hypercalcemia,0.8521758021578767,0.003945258343323503,2,108,contingency_likelihood_ratio_G,empty_joint_state;joint_state_n_lt_3;joint_state_n_lt_5;apparent_extreme_fraction_in_tiny_joint_state,AUS|chemistry,False,1.0,1.0,1.0
1094,2_00975,2,CBC_neutropenia|CBC_basocytosis,CBC_neutropenia|CBC_basocytosis,0.8521758021578767,0.003945258343323503,2,108,contingency_likelihood_ratio_G,empty_joint_state;joint_state_n_lt_3;joint_state_n_lt_5;apparent_extreme_fraction_in_tiny_joint_state,CBC|CBC,False,1.0,1.0,1.0
1095,2_00991,2,CBC_neutropenia|chem_hypercholesterolemia,CBC_neutropenia|chem_hypercholesterolemia,0.8521758021578767,0.003945258343323503,2,108,contingency_likelihood_ratio_G,empty_joint_state;joint_state_n_lt_3;joint_state_n_lt_5;apparent_extreme_fraction_in_tiny_joint_state,CBC|chemistry,False,1.0,1.0,1.0
1096,2_00992,2,CBC_neutropenia|chem_hypercalcemia,CBC_neutropenia|chem_hypercalcemia,0.8521758021578767,0.003945258343323503,2,108,contingency_likelihood_ratio_G,empty_joint_state;joint_state_n_lt_3;joint_state_n_lt_5;apparent_extreme_fraction_in_tiny_joint_state,CBC|chemistry,False,1.0,1.0,1.0
1097,2_00112,2,folate_high|AUS_ileum,folate_high|AUS_ileal_thickening,0.8468343852530505,0.004704635473628058,3,90,contingency_likelihood_ratio_G,,GI panel|AUS,False,0.8541458541458542,1.0,1.0
1098,2_00120,2,folate_high|CBC_no abnormalities,folate_high|CBC_no_abnormalities,0.8445273533918498,0.004691818629954722,3,90,contingency_likelihood_ratio_G,,GI panel|CBC,False,0.8451548451548452,1.0,1.0
1099,2_00173,2,folate_low|CBC_basocytosis,folate_low|CBC_basocytosis,0.834809571359092,0.004637830951994955,2,90,contingency_likelihood_ratio_G,empty_joint_state;joint_state_n_lt_3;joint_state_n_lt_5;apparent_extreme_fraction_in_tiny_joint_state,GI panel|CBC,False,0.9040959040959041,1.0,1.0
1100,2_00185,2,folate_low|chem_elevated total bilirubin,folate_low|chem_elevated_total_bilirubin,0.834809571359092,0.004637830951994955,2,90,contingency_likelihood_ratio_G,empty_joint_state;joint_state_n_lt_3;joint_state_n_lt_5;apparent_extreme_fraction_in_tiny_joint_state,GI panel|chemistry,False,0.9120879120879121,1.0,1.0
1101,2_01128,2,CBC_anemia|chem_no abnormalities,CBC_anemia|chem_no_abnormalities,0.8280842125972726,0.003833723206468855,2,108,contingency_likelihood_ratio_G,empty_joint_state;joint_state_n_lt_5,CBC|chemistry,False,0.7362637362637363,1.0,0.949372466613846
1102,2_00246,2,pli_abn|clinical signs_constipation,pli_abn|clinical_signs_constipation,0.8241648322689235,0.004791656001563508,2,86,contingency_likelihood_ratio_G,empty_joint_state;joint_state_n_lt_3;joint_state_n_lt_5;apparent_extreme_fraction_in_tiny_joint_state,GI panel|clinical signs,False,0.8821178821178821,1.0,1.0
1103,2_00264,2,pli_abn|CBC_basocytosis,pli_abn|CBC_basocytosis,0.8241648322689235,0.004791656001563508,2,86,contingency_likelihood_ratio_G,empty_joint_state;joint_state_n_lt_3;joint_state_n_lt_5;apparent_extreme_fraction_in_tiny_joint_state,GI panel|CBC,False,0.8741258741258742,1.0,1.0
1104,2_00276,2,pli_abn|chem_elevated total bilirubin,pli_abn|chem_elevated_total_bilirubin,0.8241648322689235,0.004791656001563508,2,86,contingency_likelihood_ratio_G,empty_joint_state;joint_state_n_lt_3;joint_state_n_lt_5;apparent_extreme_fraction_in_tiny_joint_state,GI panel|chemistry,False,0.8601398601398601,1.0,1.0
1105,2_00281,2,pli_abn|chem_hypercalcemia,pli_abn|chem_hypercalcemia,0.8241648322689235,0.004791656001563508,2,86,contingency_likelihood_ratio_G,empty_joint_state;joint_state_n_lt_3;joint_state_n_lt_5;apparent_extreme_fraction_in_tiny_joint_state,GI panel|chemistry,False,0.8841158841158842,1.0,1.0
1106,2_00715,2,AUS_ileum|chem_no abnormalities,AUS_ileal_thickening|chem_no_abnormalities,0.8220904459584902,0.0038059742868448623,3,108,contingency_likelihood_ratio_G,,AUS|chemistry,False,0.8451548451548452,1.0,1.0
1107,2_00250,2,pli_abn|AUS_ileum,pli_abn|AUS_ileal_thickening,0.8049971310610656,0.00468021587826201,3,86,contingency_likelihood_ratio_G,,GI panel|AUS,False,0.8521478521478522,1.0,1.0
1108,2_00926,2,AUS_gall bladder sludge|chem_azotemia,AUS_gall_bladder_sludge|chem_azotemia,0.8019880942165896,0.003712907843595322,3,108,contingency_likelihood_ratio_G,joint_state_n_lt_5;apparent_extreme_fraction_in_tiny_joint_state,AUS|chemistry,False,0.8911088911088911,1.0,1.0
1109,2_00567,2,clinical signs_constipation|AUS_jejunum,clinical_signs_constipation|AUS_jejunal_thickening,0.7978077068812487,0.0036935541985242994,2,108,contingency_likelihood_ratio_G,empty_joint_state;joint_state_n_lt_3;joint_state_n_lt_5;apparent_extreme_fraction_in_tiny_joint_state,clinical signs|AUS,False,1.0,1.0,1.0
1110,2_00677,2,AUS_jejunum|CBC_basocytosis,AUS_jejunal_thickening|CBC_basocytosis,0.7978077068812487,0.0036935541985242994,2,108,contingency_likelihood_ratio_G,empty_joint_state;joint_state_n_lt_3;joint_state_n_lt_5;apparent_extreme_fraction_in_tiny_joint_state,AUS|CBC,False,1.0,1.0,1.0
1111,2_00693,2,AUS_jejunum|chem_hypercholesterolemia,AUS_jejunal_thickening|chem_hypercholesterolemia,0.7978077068812487,0.0036935541985242994,2,108,contingency_likelihood_ratio_G,empty_joint_state;joint_state_n_lt_3;joint_state_n_lt_5;apparent_extreme_fraction_in_tiny_joint_state,AUS|chemistry,False,1.0,1.0,1.0
1112,2_00694,2,AUS_jejunum|chem_hypercalcemia,AUS_jejunal_thickening|chem_hypercalcemia,0.7978077068812487,0.0036935541985242994,2,108,contingency_likelihood_ratio_G,empty_joint_state;joint_state_n_lt_3;joint_state_n_lt_5;apparent_extreme_fraction_in_tiny_joint_state,AUS|chemistry,False,1.0,1.0,1.0
1113,2_00345,2,clinical signs_none|CBC_basocytosis,clinical_signs_none_reported|CBC_basocytosis,0.7965298360364927,0.0036876381297985777,2,108,contingency_likelihood_ratio_G,empty_joint_state;joint_state_n_lt_3;joint_state_n_lt_5;apparent_extreme_fraction_in_tiny_joint_state,clinical signs|CBC,False,1.0,1.0,1.0
1114,2_00361,2,clinical signs_none|chem_hypercholesterolemia,clinical_signs_none_reported|chem_hypercholesterolemia,0.7965298360364927,0.0036876381297985777,2,108,contingency_likelihood_ratio_G,empty_joint_state;joint_state_n_lt_3;joint_state_n_lt_5;apparent_extreme_fraction_in_tiny_joint_state,clinical signs|chemistry,False,1.0,1.0,1.0
1115,2_00362,2,clinical signs_none|chem_hypercalcemia,clinical_signs_none_reported|chem_hypercalcemia,0.7965298360364927,0.0036876381297985777,2,108,contingency_likelihood_ratio_G,empty_joint_state;joint_state_n_lt_3;joint_state_n_lt_5;apparent_extreme_fraction_in_tiny_joint_state,clinical signs|chemistry,False,1.0,1.0,1.0
1116,2_00595,2,clinical signs_constipation|chem_azotemia,clinical_signs_constipation|chem_azotemia,0.7844757187366035,0.003631832031187979,2,108,contingency_likelihood_ratio_G,empty_joint_state;joint_state_n_lt_3;joint_state_n_lt_5;apparent_extreme_fraction_in_tiny_joint_state,clinical signs|chemistry,False,1.0,1.0,1.0
1117,2_01070,2,CBC_basocytosis|chem_azotemia,CBC_basocytosis|chem_azotemia,0.7844757187366035,0.003631832031187979,2,108,contingency_likelihood_ratio_G,empty_joint_state;joint_state_n_lt_3;joint_state_n_lt_5;apparent_extreme_fraction_in_tiny_joint_state,CBC|chemistry,False,1.0,1.0,1.0
1118,2_01215,2,chem_azotemia|chem_hypercholesterolemia,chem_azotemia|chem_hypercholesterolemia,0.7844757187366035,0.003631832031187979,2,108,contingency_likelihood_ratio_G,empty_joint_state;joint_state_n_lt_3;joint_state_n_lt_5;apparent_extreme_fraction_in_tiny_joint_state,chemistry|chemistry,False,1.0,1.0,1.0
1119,2_00710,2,AUS_ileum|CBC_basocytosis,AUS_ileal_thickening|CBC_basocytosis,0.7765308604913803,0.0035950502800526866,2,108,contingency_likelihood_ratio_G,empty_joint_state;joint_state_n_lt_3;joint_state_n_lt_5;apparent_extreme_fraction_in_tiny_joint_state,AUS|CBC,False,1.0,1.0,1.0
1120,2_00726,2,AUS_ileum|chem_hypercholesterolemia,AUS_ileal_thickening|chem_hypercholesterolemia,0.7765308604913803,0.0035950502800526866,2,108,contingency_likelihood_ratio_G,empty_joint_state;joint_state_n_lt_3;joint_state_n_lt_5;apparent_extreme_fraction_in_tiny_joint_state,AUS|chemistry,False,1.0,1.0,1.0
1121,2_00727,2,AUS_ileum|chem_hypercalcemia,AUS_ileal_thickening|chem_hypercalcemia,0.7765308604913803,0.0035950502800526866,2,108,contingency_likelihood_ratio_G,empty_joint_state;joint_state_n_lt_3;joint_state_n_lt_5;apparent_extreme_fraction_in_tiny_joint_state,AUS|chemistry,False,1.0,1.0,1.0
1122,2_00571,2,clinical signs_constipation|AUS_chronic degenerative renal changes,clinical_signs_constipation|AUS_chronic_degenerative_renal_changes,0.7754341336992314,0.0035899728412001454,2,108,contingency_likelihood_ratio_G,empty_joint_state;joint_state_n_lt_3;joint_state_n_lt_5;apparent_extreme_fraction_in_tiny_joint_state,clinical signs|AUS,False,1.0,1.0,1.0
1123,2_00803,2,AUS_chronic degenerative renal changes|CBC_basocytosis,AUS_chronic_degenerative_renal_changes|CBC_basocytosis,0.7754341336992312,0.0035899728412001446,2,108,contingency_likelihood_ratio_G,empty_joint_state;joint_state_n_lt_3;joint_state_n_lt_5;apparent_extreme_fraction_in_tiny_joint_state,AUS|CBC,False,1.0,1.0,1.0
1124,2_00819,2,AUS_chronic degenerative renal changes|chem_hypercholesterolemia,AUS_chronic_degenerative_renal_changes|chem_hypercholesterolemia,0.7754341336992312,0.0035899728412001446,2,108,contingency_likelihood_ratio_G,empty_joint_state;joint_state_n_lt_3;joint_state_n_lt_5;apparent_extreme_fraction_in_tiny_joint_state,AUS|chemistry,False,1.0,1.0,1.0
1125,2_00331,2,clinical signs_none|AUS_ileum,clinical_signs_none_reported|AUS_ileal_thickening,0.769015558203793,0.003560257213906449,3,108,contingency_likelihood_ratio_G,joint_state_n_lt_3;joint_state_n_lt_5;apparent_extreme_fraction_in_tiny_joint_state,clinical signs|AUS,False,1.0,1.0,1.0
1126,2_01108,2,CBC_lymphopenia|chem_hypercholesterolemia,CBC_lymphopenia|chem_hypercholesterolemia,0.7674765828474711,0.0035531323279975515,2,108,contingency_likelihood_ratio_G,empty_joint_state;joint_state_n_lt_3;joint_state_n_lt_5;apparent_extreme_fraction_in_tiny_joint_state,CBC|chemistry,False,1.0,1.0,1.0
1127,2_01109,2,CBC_lymphopenia|chem_hypercalcemia,CBC_lymphopenia|chem_hypercalcemia,0.7674765828474711,0.0035531323279975515,2,108,contingency_likelihood_ratio_G,empty_joint_state;joint_state_n_lt_3;joint_state_n_lt_5;apparent_extreme_fraction_in_tiny_joint_state,CBC|chemistry,False,1.0,1.0,1.0
1128,2_01152,2,chem_hypoproteinemia|chem_hypercholesterolemia,chem_hypoproteinemia|chem_hypercholesterolemia,0.7674765828474711,0.0035531323279975515,2,108,contingency_likelihood_ratio_G,empty_joint_state;joint_state_n_lt_3;joint_state_n_lt_5;apparent_extreme_fraction_in_tiny_joint_state,chemistry|chemistry,False,1.0,1.0,1.0
1129,2_01153,2,chem_hypoproteinemia|chem_hypercalcemia,chem_hypoproteinemia|chem_hypercalcemia,0.7674765828474711,0.0035531323279975515,2,108,contingency_likelihood_ratio_G,empty_joint_state;joint_state_n_lt_3;joint_state_n_lt_5;apparent_extreme_fraction_in_tiny_joint_state,chemistry|chemistry,False,1.0,1.0,1.0
1130,2_00584,2,clinical signs_constipation|CBC_lymphopenia,clinical_signs_constipation|CBC_lymphopenia,0.767476582847471,0.003553132327997551,2,108,contingency_likelihood_ratio_G,empty_joint_state;joint_state_n_lt_3;joint_state_n_lt_5;apparent_extreme_fraction_in_tiny_joint_state,clinical signs|CBC,False,1.0,1.0,1.0
1131,2_00588,2,clinical signs_constipation|chem_hypoproteinemia,clinical_signs_constipation|chem_hypoproteinemia,0.767476582847471,0.003553132327997551,2,108,contingency_likelihood_ratio_G,empty_joint_state;joint_state_n_lt_3;joint_state_n_lt_5;apparent_extreme_fraction_in_tiny_joint_state,clinical signs|chemistry,False,1.0,1.0,1.0
1132,2_00600,2,clinical signs_constipation|chem_hypokalemia,clinical_signs_constipation|chem_hypokalemia,0.767476582847471,0.003553132327997551,2,108,contingency_likelihood_ratio_G,empty_joint_state;joint_state_n_lt_3;joint_state_n_lt_5;apparent_extreme_fraction_in_tiny_joint_state,clinical signs|chemistry,False,1.0,1.0,1.0
1133,2_01063,2,CBC_basocytosis|chem_hypoproteinemia,CBC_basocytosis|chem_hypoproteinemia,0.767476582847471,0.003553132327997551,2,108,contingency_likelihood_ratio_G,empty_joint_state;joint_state_n_lt_3;joint_state_n_lt_5;apparent_extreme_fraction_in_tiny_joint_state,CBC|chemistry,False,1.0,1.0,1.0
1134,2_01075,2,CBC_basocytosis|chem_hypokalemia,CBC_basocytosis|chem_hypokalemia,0.767476582847471,0.003553132327997551,2,108,contingency_likelihood_ratio_G,empty_joint_state;joint_state_n_lt_3;joint_state_n_lt_5;apparent_extreme_fraction_in_tiny_joint_state,CBC|chemistry,False,1.0,1.0,1.0
1135,2_01229,2,chem_hypercholesterolemia|chem_hypokalemia,chem_hypercholesterolemia|chem_hypokalemia,0.767476582847471,0.003553132327997551,2,108,contingency_likelihood_ratio_G,empty_joint_state;joint_state_n_lt_3;joint_state_n_lt_5;apparent_extreme_fraction_in_tiny_joint_state,chemistry|chemistry,False,1.0,1.0,1.0
1136,2_01231,2,chem_hypercalcemia|chem_hypokalemia,chem_hypercalcemia|chem_hypokalemia,0.767476582847471,0.003553132327997551,2,108,contingency_likelihood_ratio_G,empty_joint_state;joint_state_n_lt_3;joint_state_n_lt_5;apparent_extreme_fraction_in_tiny_joint_state,chemistry|chemistry,False,1.0,1.0,1.0
1137,2_00673,2,AUS_jejunum|CBC_neutropenia,AUS_jejunal_thickening|CBC_neutropenia,0.7660710090426827,0.0035466250418642715,3,108,contingency_likelihood_ratio_G,joint_state_n_lt_3;joint_state_n_lt_5;apparent_extreme_fraction_in_tiny_joint_state,AUS|CBC,False,1.0,1.0,1.0
1138,2_00586,2,clinical signs_constipation|CBC_anemia,clinical_signs_constipation|CBC_anemia,0.763845156195462,0.0035363201675715833,2,108,contingency_likelihood_ratio_G,empty_joint_state;joint_state_n_lt_3;joint_state_n_lt_5;apparent_extreme_fraction_in_tiny_joint_state,clinical signs|CBC,False,1.0,1.0,1.0
1139,2_01061,2,CBC_basocytosis|CBC_anemia,CBC_basocytosis|CBC_anemia,0.763845156195462,0.0035363201675715833,2,108,contingency_likelihood_ratio_G,empty_joint_state;joint_state_n_lt_3;joint_state_n_lt_5;apparent_extreme_fraction_in_tiny_joint_state,CBC|CBC,False,1.0,1.0,1.0
1140,2_01139,2,CBC_anemia|chem_hypercholesterolemia,CBC_anemia|chem_hypercholesterolemia,0.763845156195462,0.0035363201675715833,2,108,contingency_likelihood_ratio_G,empty_joint_state;joint_state_n_lt_3;joint_state_n_lt_5;apparent_extreme_fraction_in_tiny_joint_state,CBC|chemistry,False,1.0,1.0,1.0
1141,2_01140,2,CBC_anemia|chem_hypercalcemia,CBC_anemia|chem_hypercalcemia,0.763845156195462,0.0035363201675715833,2,108,contingency_likelihood_ratio_G,empty_joint_state;joint_state_n_lt_3;joint_state_n_lt_5;apparent_extreme_fraction_in_tiny_joint_state,CBC|chemistry,False,1.0,1.0,1.0
1142,2_01117,2,CBC_monocytosis|chem_elevated alt,CBC_monocytosis|chem_elevated_ALT,0.7619752535287387,0.003527663210781198,2,108,contingency_likelihood_ratio_G,empty_joint_state,CBC|chemistry,False,0.7292707292707292,1.0,0.9464970176267248
1143,2_00568,2,clinical signs_constipation|AUS_ileum,clinical_signs_constipation|AUS_ileal_thickening,0.7611755002103218,0.00352396064912186,2,108,contingency_likelihood_ratio_G,empty_joint_state;joint_state_n_lt_3;joint_state_n_lt_5;apparent_extreme_fraction_in_tiny_joint_state,clinical signs|AUS,False,1.0,1.0,1.0
1144,2_00102,2,folate_high|clinical signs_none,folate_high|clinical_signs_none_reported,0.7259036075145611,0.004032797819525339,3,90,contingency_likelihood_ratio_G,joint_state_n_lt_5,GI panel|clinical signs,False,0.8791208791208791,1.0,1.0
1145,2_00354,2,clinical signs_none|chem_elevated alt,clinical_signs_none_reported|chem_elevated_ALT,0.7186042720541953,0.003326871629880534,3,108,contingency_likelihood_ratio_G,joint_state_n_lt_3;joint_state_n_lt_5;apparent_extreme_fraction_in_tiny_joint_state,clinical signs|chemistry,False,0.9400599400599401,1.0,1.0
1146,2_00703,2,AUS_ileum|AUS_gall bladder sludge,AUS_ileal_thickening|AUS_gall_bladder_sludge,0.6698074226760731,0.003100960290167005,3,108,contingency_likelihood_ratio_G,,AUS|AUS,False,0.9100899100899101,1.0,1.0
1147,2_00670,2,AUS_jejunum|AUS_gall bladder sludge,AUS_jejunal_thickening|AUS_gall_bladder_sludge,0.6486075191954905,0.0030028125888680117,3,108,contingency_likelihood_ratio_G,,AUS|AUS,False,0.8931068931068931,1.0,1.0
1148,2_00248,2,pli_abn|AUS_duodenum,pli_abn|AUS_duodenal_thickening,0.6384953678939231,0.0037121823714762973,3,86,contingency_likelihood_ratio_G,joint_state_n_lt_3;joint_state_n_lt_5;apparent_extreme_fraction_in_tiny_joint_state,GI panel|AUS,False,0.945054945054945,1.0,1.0
1149,2_00142,2,folate_high|chem_hypercholesterolemia,folate_high|chem_hypercholesterolemia,0.6318972249813042,0.0035105401387850233,1,90,contingency_likelihood_ratio_G,empty_joint_state,GI panel|chemistry,False,0.43356643356643354,1.0,0.8615474702431224
1150,2_00358,2,clinical signs_none|chem_azotemia,clinical_signs_none_reported|chem_azotemia,0.6306850315904645,0.0029198381092151136,3,108,contingency_likelihood_ratio_G,joint_state_n_lt_3;joint_state_n_lt_5;apparent_extreme_fraction_in_tiny_joint_state,clinical signs|chemistry,False,0.971028971028971,1.0,1.0
1151,2_00154,2,folate_low|clinical signs_hairball obstruction,folate_low|clinical_signs_hairball_obstruction,0.6223350024438083,0.00345741668024338,2,90,contingency_likelihood_ratio_G,empty_joint_state;joint_state_n_lt_3;joint_state_n_lt_5;apparent_extreme_fraction_in_tiny_joint_state,GI panel|clinical signs,False,0.8431568431568431,1.0,1.0
1152,2_00919,2,AUS_gall bladder sludge|chem_hypoproteinemia,AUS_gall_bladder_sludge|chem_hypoproteinemia,0.6183935558216782,0.0028629331288040657,2,108,contingency_likelihood_ratio_G,empty_joint_state,AUS|chemistry,False,0.8401598401598401,1.0,1.0
1153,2_00917,2,AUS_gall bladder sludge|CBC_anemia,AUS_gall_bladder_sludge|CBC_anemia,0.6181922379202578,0.002862001101482675,2,108,contingency_likelihood_ratio_G,empty_joint_state;joint_state_n_lt_5;apparent_extreme_fraction_in_tiny_joint_state,AUS|CBC,False,0.8131868131868132,1.0,0.9974876018613592
1154,2_00245,2,pli_abn|clinical signs_hairball obstruction,pli_abn|clinical_signs_hairball_obstruction,0.5936026286826961,0.003451178073736605,2,86,contingency_likelihood_ratio_G,empty_joint_state;joint_state_n_lt_3;joint_state_n_lt_5;apparent_extreme_fraction_in_tiny_joint_state,GI panel|clinical signs,False,0.8271728271728271,1.0,0.9994434833459225
1155,2_00274,2,pli_abn|chem_elevated ast,pli_abn|chem_elevated_AST,0.5936026286826961,0.003451178073736605,2,86,contingency_likelihood_ratio_G,empty_joint_state;joint_state_n_lt_3;joint_state_n_lt_5;apparent_extreme_fraction_in_tiny_joint_state,GI panel|chemistry,False,0.7982017982017982,1.0,0.9899306723427326
1156,2_00797,2,AUS_chronic degenerative renal changes|CBC_no abnormalities,AUS_chronic_degenerative_renal_changes|CBC_no_abnormalities,0.5632932708836638,0.0026078392170539987,3,108,contingency_likelihood_ratio_G,joint_state_n_lt_5;apparent_extreme_fraction_in_tiny_joint_state,AUS|CBC,False,0.8971028971028971,1.0,1.0
1157,2_00241,2,pli_abn|clinical signs_vomiting,pli_abn|clinical_signs_vomiting,0.5549526269422358,0.0032264687612920686,3,86,contingency_likelihood_ratio_G,,GI panel|clinical signs,False,0.9230769230769231,1.0,1.0
1158,2_01118,2,CBC_monocytosis|chem_elevated ast,CBC_monocytosis|chem_elevated_AST,0.5470219006307768,0.0025325087992165594,2,108,contingency_likelihood_ratio_G,empty_joint_state;joint_state_n_lt_3;joint_state_n_lt_5;apparent_extreme_fraction_in_tiny_joint_state,CBC|chemistry,False,0.8861138861138861,1.0,1.0
1159,2_00984,2,CBC_neutropenia|chem_elevated alt,CBC_neutropenia|chem_elevated_ALT,0.5204347947414146,0.0024094203460250678,2,108,contingency_likelihood_ratio_G,empty_joint_state;joint_state_n_lt_5,CBC|chemistry,False,0.8691308691308691,1.0,1.0
1160,2_00249,2,pli_abn|AUS_jejunum,pli_abn|AUS_jejunal_thickening,0.49360536126929533,0.002869798612030787,3,86,contingency_likelihood_ratio_G,joint_state_n_lt_5;apparent_extreme_fraction_in_tiny_joint_state,GI panel|AUS,False,0.9000999000999002,1.0,1.0
1161,2_00179,2,folate_low|chem_hypoproteinemia,folate_low|chem_hypoproteinemia,0.48966350973126305,0.00272035283184035,2,90,contingency_likelihood_ratio_G,empty_joint_state,GI panel|chemistry,False,0.8541458541458542,1.0,1.0
1162,2_00261,2,pli_abn|CBC_eosinophilia,pli_abn|CBC_eosinophilia,0.4713950572674165,0.0027406689376012587,3,86,contingency_likelihood_ratio_G,joint_state_n_lt_3;joint_state_n_lt_5;apparent_extreme_fraction_in_tiny_joint_state,GI panel|CBC,False,0.949050949050949,1.0,1.0
1163,2_00270,2,pli_abn|chem_hypoproteinemia,pli_abn|chem_hypoproteinemia,0.4713950572674165,0.0027406689376012587,3,86,contingency_likelihood_ratio_G,joint_state_n_lt_3;joint_state_n_lt_5;apparent_extreme_fraction_in_tiny_joint_state,GI panel|chemistry,False,0.9430569430569431,1.0,1.0
1164,2_00695,2,AUS_jejunum|chem_hypokalemia,AUS_jejunal_thickening|chem_hypokalemia,0.4685242750205565,0.00216909386583591,3,108,contingency_likelihood_ratio_G,joint_state_n_lt_3;joint_state_n_lt_5;apparent_extreme_fraction_in_tiny_joint_state,AUS|chemistry,False,0.972027972027972,1.0,1.0
1165,2_00240,2,pli_abn|clinical signs_none,pli_abn|clinical_signs_none_reported,0.4529436479629996,0.0026333933021104624,3,86,contingency_likelihood_ratio_G,joint_state_n_lt_3;joint_state_n_lt_5;apparent_extreme_fraction_in_tiny_joint_state,GI panel|clinical signs,False,0.9690309690309691,1.0,1.0
1166,2_00282,2,pli_abn|chem_hypokalemia,pli_abn|chem_hypokalemia,0.4529436479629996,0.0026333933021104624,3,86,contingency_likelihood_ratio_G,joint_state_n_lt_3;joint_state_n_lt_5;apparent_extreme_fraction_in_tiny_joint_state,GI panel|chemistry,False,0.9600399600399601,1.0,1.0
1167,2_00719,2,AUS_ileum|chem_elevated alt,AUS_ileal_thickening|chem_elevated_ALT,0.45280664557750644,0.002096327062858826,2,108,contingency_likelihood_ratio_G,empty_joint_state,AUS|chemistry,False,0.8411588411588412,1.0,1.0
1168,2_00176,2,folate_low|CBC_monocytosis,folate_low|CBC_monocytosis,0.4498931112838175,0.002499406173798986,2,90,contingency_likelihood_ratio_G,empty_joint_state,GI panel|CBC,False,0.8411588411588412,1.0,1.0
1169,2_00716,2,AUS_ileum|chem_hypoproteinemia,AUS_ileal_thickening|chem_hypoproteinemia,0.4484947558680952,0.002076364610500441,3,108,contingency_likelihood_ratio_G,joint_state_n_lt_3;joint_state_n_lt_5;apparent_extreme_fraction_in_tiny_joint_state,AUS|chemistry,False,0.9660339660339661,1.0,1.0
1170,2_00686,2,AUS_jejunum|chem_elevated alt,AUS_jejunal_thickening|chem_elevated_ALT,0.4457562853807459,0.002063686506392342,3,108,contingency_likelihood_ratio_G,joint_state_n_lt_5,AUS|chemistry,False,0.948051948051948,1.0,1.0
1171,2_00946,2,CBC_no abnormalities|chem_hypokalemia,CBC_no_abnormalities|chem_hypokalemia,0.442024258367992,0.0020464086035555185,3,108,contingency_likelihood_ratio_G,joint_state_n_lt_3;joint_state_n_lt_5;apparent_extreme_fraction_in_tiny_joint_state,CBC|chemistry,False,0.9630369630369631,1.0,1.0
1172,2_00812,2,AUS_chronic degenerative renal changes|chem_elevated alt,AUS_chronic_degenerative_renal_changes|chem_elevated_ALT,0.42000227339080737,0.001944454969401886,2,108,contingency_likelihood_ratio_G,empty_joint_state,AUS|chemistry,False,0.8541458541458542,1.0,1.0
1173,2_01145,2,chem_hypoproteinemia|chem_elevated alt,chem_hypoproteinemia|chem_elevated_ALT,0.4166266866966587,0.0019288272532252718,2,108,contingency_likelihood_ratio_G,empty_joint_state,chemistry|chemistry,False,0.8951048951048951,1.0,1.0
1174,2_01132,2,CBC_anemia|chem_elevated alt,CBC_anemia|chem_elevated_ALT,0.41509800059605056,0.0019217500027594934,2,108,contingency_likelihood_ratio_G,empty_joint_state;joint_state_n_lt_5;apparent_extreme_fraction_in_tiny_joint_state,CBC|chemistry,False,0.8741258741258742,1.0,1.0
1175,2_00186,2,folate_low|chem_azotemia,folate_low|chem_azotemia,0.4095400683074908,0.002275222601708282,2,90,contingency_likelihood_ratio_G,empty_joint_state,GI panel|chemistry,False,0.8371628371628371,1.0,1.0
1176,2_00752,2,AUS_colon|chem_elevated ast,AUS_colonic_thickening|chem_elevated_AST,0.3882278478568363,0.0017973511474853531,2,108,contingency_likelihood_ratio_G,empty_joint_state;joint_state_n_lt_3;joint_state_n_lt_5;apparent_extreme_fraction_in_tiny_joint_state,AUS|chemistry,False,1.0,1.0,1.0
1177,2_00809,2,AUS_chronic degenerative renal changes|chem_hypoproteinemia,AUS_chronic_degenerative_renal_changes|chem_hypoproteinemia,0.3866751579524265,0.001790162768298271,3,108,contingency_likelihood_ratio_G,joint_state_n_lt_3;joint_state_n_lt_5;apparent_extreme_fraction_in_tiny_joint_state,AUS|chemistry,False,1.0,1.0,1.0
1178,2_00821,2,AUS_chronic degenerative renal changes|chem_hypokalemia,AUS_chronic_degenerative_renal_changes|chem_hypokalemia,0.3866751579524265,0.001790162768298271,3,108,contingency_likelihood_ratio_G,joint_state_n_lt_3;joint_state_n_lt_5;apparent_extreme_fraction_in_tiny_joint_state,AUS|chemistry,False,1.0,1.0,1.0
1179,2_00611,2,AUS_no abnormalities|CBC_monocytosis,AUS_no_abnormalities|CBC_monocytosis,0.37887943121074275,0.0017540714407904756,2,108,contingency_likelihood_ratio_G,empty_joint_state;joint_state_n_lt_5;apparent_extreme_fraction_in_tiny_joint_state,AUS|CBC,False,0.9090909090909091,1.0,1.0
1180,2_01105,2,CBC_lymphopenia|chem_azotemia,CBC_lymphopenia|chem_azotemia,0.37703591526261054,0.001745536644734308,3,108,contingency_likelihood_ratio_G,joint_state_n_lt_3;joint_state_n_lt_5;apparent_extreme_fraction_in_tiny_joint_state,CBC|chemistry,False,1.0,1.0,1.0
1181,2_01149,2,chem_hypoproteinemia|chem_azotemia,chem_hypoproteinemia|chem_azotemia,0.37703591526261054,0.001745536644734308,3,108,contingency_likelihood_ratio_G,joint_state_n_lt_3;joint_state_n_lt_5;apparent_extreme_fraction_in_tiny_joint_state,chemistry|chemistry,False,1.0,1.0,1.0
1182,2_00618,2,AUS_no abnormalities|chem_elevated ast,AUS_no_abnormalities|chem_elevated_AST,0.37690346762657645,0.0017449234612341503,2,108,contingency_likelihood_ratio_G,empty_joint_state;joint_state_n_lt_3;joint_state_n_lt_5;apparent_extreme_fraction_in_tiny_joint_state,AUS|chemistry,False,1.0,1.0,1.0
1183,2_00985,2,CBC_neutropenia|chem_elevated ast,CBC_neutropenia|chem_elevated_AST,0.37690346762657645,0.0017449234612341503,2,108,contingency_likelihood_ratio_G,empty_joint_state;joint_state_n_lt_3;joint_state_n_lt_5;apparent_extreme_fraction_in_tiny_joint_state,CBC|chemistry,False,1.0,1.0,1.0
1184,2_00736,2,AUS_colon|CBC_no abnormalities,AUS_colonic_thickening|CBC_no_abnormalities,0.3690778061547224,0.0017086935470126037,3,108,contingency_likelihood_ratio_G,joint_state_n_lt_5;apparent_extreme_fraction_in_tiny_joint_state,AUS|CBC,False,0.9470529470529471,1.0,1.0
1185,2_01191,2,chem_elevated ast|chem_azotemia,chem_elevated_AST|chem_azotemia,0.3496196550757117,0.001618609514239406,2,108,contingency_likelihood_ratio_G,empty_joint_state;joint_state_n_lt_3;joint_state_n_lt_5;apparent_extreme_fraction_in_tiny_joint_state,chemistry|chemistry,False,1.0,1.0,1.0
1186,2_00147,2,folate_low|pli_abn,folate_low|pli_abn,0.34601282040511916,0.002011702444215809,2,86,contingency_likelihood_ratio_G,empty_joint_state,GI panel|GI panel,False,0.8921078921078921,1.0,1.0
1187,2_00162,2,folate_low|AUS_chronic degenerative renal changes,folate_low|AUS_chronic_degenerative_renal_changes,0.34589543170125614,0.0019216412872292007,2,90,contingency_likelihood_ratio_G,empty_joint_state,GI panel|AUS,False,0.8741258741258742,1.0,1.0
1188,2_00156,2,folate_low|AUS_no abnormalities,folate_low|AUS_no_abnormalities,0.33296788701044844,0.0018498215945024913,2,90,contingency_likelihood_ratio_G,empty_joint_state;joint_state_n_lt_5;apparent_extreme_fraction_in_tiny_joint_state,GI panel|AUS,False,0.8291708291708292,1.0,0.9994434833459225
1189,2_00813,2,AUS_chronic degenerative renal changes|chem_elevated ast,AUS_chronic_degenerative_renal_changes|chem_elevated_AST,0.33135098828764803,0.0015340323531835556,2,108,contingency_likelihood_ratio_G,empty_joint_state;joint_state_n_lt_3;joint_state_n_lt_5;apparent_extreme_fraction_in_tiny_joint_state,AUS|chemistry,False,1.0,1.0,1.0
1190,2_00189,2,folate_low|chem_hypercholesterolemia,folate_low|chem_hypercholesterolemia,0.32946649292767927,0.0018303694051537737,1,90,contingency_likelihood_ratio_G,empty_joint_state,GI panel|chemistry,False,0.5794205794205795,1.0,0.9370969790366908
1191,2_00355,2,clinical signs_none|chem_elevated ast,clinical_signs_none_reported|chem_elevated_AST,0.32435688366275395,0.0015016522391794165,2,108,contingency_likelihood_ratio_G,empty_joint_state;joint_state_n_lt_3;joint_state_n_lt_5;apparent_extreme_fraction_in_tiny_joint_state,clinical signs|chemistry,False,1.0,1.0,1.0
1192,2_00348,2,clinical signs_none|CBC_monocytosis,clinical_signs_none_reported|CBC_monocytosis,0.32160967321704315,0.0014889336723011256,2,108,contingency_likelihood_ratio_G,empty_joint_state,clinical signs|CBC,False,0.9250749250749251,1.0,1.0
1193,2_01102,2,CBC_lymphopenia|chem_elevated ast,CBC_lymphopenia|chem_elevated_AST,0.3153039638204016,0.0014597405732426,2,108,contingency_likelihood_ratio_G,empty_joint_state;joint_state_n_lt_3;joint_state_n_lt_5;apparent_extreme_fraction_in_tiny_joint_state,CBC|chemistry,False,1.0,1.0,1.0
1194,2_01146,2,chem_hypoproteinemia|chem_elevated ast,chem_hypoproteinemia|chem_elevated_AST,0.3153039638204016,0.0014597405732426,2,108,contingency_likelihood_ratio_G,empty_joint_state;joint_state_n_lt_3;joint_state_n_lt_5;apparent_extreme_fraction_in_tiny_joint_state,chemistry|chemistry,False,1.0,1.0,1.0
1195,2_01196,2,chem_elevated ast|chem_hypokalemia,chem_elevated_AST|chem_hypokalemia,0.3153039638204016,0.0014597405732426,2,108,contingency_likelihood_ratio_G,empty_joint_state;joint_state_n_lt_3;joint_state_n_lt_5;apparent_extreme_fraction_in_tiny_joint_state,chemistry|chemistry,False,1.0,1.0,1.0
1196,2_00687,2,AUS_jejunum|chem_elevated ast,AUS_jejunal_thickening|chem_elevated_AST,0.3095616526230135,0.001433155799180618,2,108,contingency_likelihood_ratio_G,empty_joint_state;joint_state_n_lt_3;joint_state_n_lt_5;apparent_extreme_fraction_in_tiny_joint_state,AUS|chemistry,False,1.0,1.0,1.0
1197,2_01133,2,CBC_anemia|chem_elevated ast,CBC_anemia|chem_elevated_AST,0.30799060245102156,0.0014258824187547295,2,108,contingency_likelihood_ratio_G,empty_joint_state;joint_state_n_lt_3;joint_state_n_lt_5;apparent_extreme_fraction_in_tiny_joint_state,CBC|chemistry,False,1.0,1.0,1.0
1198,2_00720,2,AUS_ileum|chem_elevated ast,AUS_ileal_thickening|chem_elevated_AST,0.3032149136585835,0.0014037727484193681,2,108,contingency_likelihood_ratio_G,empty_joint_state;joint_state_n_lt_3;joint_state_n_lt_5;apparent_extreme_fraction_in_tiny_joint_state,AUS|chemistry,False,1.0,1.0,1.0
1199,2_01126,2,CBC_monocytosis|chem_hypokalemia,CBC_monocytosis|chem_hypokalemia,0.2760110092379664,0.0012778287464720666,2,108,contingency_likelihood_ratio_G,empty_joint_state,CBC|chemistry,False,0.9250749250749251,1.0,1.0
1200,2_01095,2,CBC_lymphopenia|CBC_monocytosis,CBC_lymphopenia|CBC_monocytosis,0.2760110092379663,0.0012778287464720662,2,108,contingency_likelihood_ratio_G,empty_joint_state,CBC|CBC,False,0.9170829170829171,1.0,1.0
1201,2_00713,2,AUS_ileum|CBC_monocytosis,AUS_ileal_thickening|CBC_monocytosis,0.27578289723761745,0.001276772672396377,3,108,contingency_likelihood_ratio_G,joint_state_n_lt_5;apparent_extreme_fraction_in_tiny_joint_state,AUS|CBC,False,0.968031968031968,1.0,1.0
1202,2_00602,2,AUS_no abnormalities|CBC_no abnormalities,AUS_no_abnormalities|CBC_no_abnormalities,0.22360299751781942,0.0010351990625824972,2,108,contingency_likelihood_ratio_G,empty_joint_state;joint_state_n_lt_5;apparent_extreme_fraction_in_tiny_joint_state,AUS|CBC,False,0.929070929070929,1.0,1.0
1203,2_00666,2,AUS_jejunum|AUS_chronic degenerative renal changes,AUS_jejunal_thickening|AUS_chronic_degenerative_renal_changes,0.21391870863009385,0.00099036439180599,3,108,contingency_likelihood_ratio_G,joint_state_n_lt_5;apparent_extreme_fraction_in_tiny_joint_state,AUS|AUS,False,1.0,1.0,1.0
1204,2_00267,2,pli_abn|CBC_monocytosis,pli_abn|CBC_monocytosis,0.20257675856159266,0.0011777718521022828,3,86,contingency_likelihood_ratio_G,joint_state_n_lt_5;apparent_extreme_fraction_in_tiny_joint_state,GI panel|CBC,False,0.971028971028971,1.0,1.0
1205,2_00738,2,AUS_colon|CBC_neutropenia,AUS_colonic_thickening|CBC_neutropenia,0.1998695296436067,0.0009253218964981792,2,108,contingency_likelihood_ratio_G,empty_joint_state;joint_state_n_lt_5;apparent_extreme_fraction_in_tiny_joint_state,AUS|CBC,False,1.0,1.0,1.0
1206,2_00816,2,AUS_chronic degenerative renal changes|chem_azotemia,AUS_chronic_degenerative_renal_changes|chem_azotemia,0.19334228346081975,0.0008951031641704618,3,108,contingency_likelihood_ratio_G,,AUS|chemistry,False,1.0,1.0,1.0
1207,2_00934,2,CBC_no abnormalities|chem_hypoproteinemia,CBC_no_abnormalities|chem_hypoproteinemia,0.17851072976730642,0.0008264385637375297,3,108,contingency_likelihood_ratio_G,joint_state_n_lt_5,CBC|chemistry,False,0.957042957042957,1.0,1.0
1208,2_00604,2,AUS_no abnormalities|CBC_neutropenia,AUS_no_abnormalities|CBC_neutropenia,0.17494176232916026,0.0008099155663387049,2,108,contingency_likelihood_ratio_G,empty_joint_state;joint_state_n_lt_5;apparent_extreme_fraction_in_tiny_joint_state,AUS|CBC,False,1.0,1.0,1.0
1209,2_00275,2,pli_abn|chem_elevated alp,pli_abn|chem_elevated_ALP,0.15687017437900241,0.0009120358975523396,1,86,contingency_likelihood_ratio_G,empty_joint_state,GI panel|chemistry,False,0.7162837162837162,1.0,0.9419337304565785
1210,2_00280,2,pli_abn|chem_hypercholesterolemia,pli_abn|chem_hypercholesterolemia,0.15687017437900241,0.0009120358975523396,1,86,contingency_likelihood_ratio_G,empty_joint_state,GI panel|chemistry,False,0.7162837162837162,1.0,0.9419337304565785
1211,2_00328,2,clinical signs_none|AUS_no abnormalities,clinical_signs_none_reported|AUS_no_abnormalities,0.11944298948225296,0.0005529768031585785,2,108,contingency_likelihood_ratio_G,empty_joint_state;joint_state_n_lt_5;apparent_extreme_fraction_in_tiny_joint_state,clinical signs|AUS,False,1.0,1.0,1.0
1212,2_00341,2,clinical signs_none|CBC_neutropenia,clinical_signs_none_reported|CBC_neutropenia,0.11944298948225296,0.0005529768031585785,2,108,contingency_likelihood_ratio_G,empty_joint_state;joint_state_n_lt_5;apparent_extreme_fraction_in_tiny_joint_state,clinical signs|CBC,False,1.0,1.0,1.0
1213,2_00621,2,AUS_no abnormalities|chem_azotemia,AUS_no_abnormalities|chem_azotemia,0.10987856465697576,0.00050869705859711,2,108,contingency_likelihood_ratio_G,empty_joint_state;joint_state_n_lt_5;apparent_extreme_fraction_in_tiny_joint_state,AUS|chemistry,False,1.0,1.0,1.0
1214,2_00748,2,AUS_colon|chem_hypoproteinemia,AUS_colonic_thickening|chem_hypoproteinemia,0.10845966723961331,0.0005021280890722839,2,108,contingency_likelihood_ratio_G,empty_joint_state,AUS|chemistry,False,1.0,1.0,1.0
1215,2_00760,2,AUS_colon|chem_hypokalemia,AUS_colonic_thickening|chem_hypokalemia,0.10845966723961331,0.0005021280890722839,2,108,contingency_likelihood_ratio_G,empty_joint_state,AUS|chemistry,False,1.0,1.0,1.0
1216,2_00746,2,AUS_colon|CBC_anemia,AUS_colonic_thickening|CBC_anemia,0.10561148127495867,0.0004889420429396235,2,108,contingency_likelihood_ratio_G,empty_joint_state;joint_state_n_lt_5;apparent_extreme_fraction_in_tiny_joint_state,AUS|CBC,False,1.0,1.0,1.0
1217,2_00706,2,AUS_ileum|CBC_neutropenia,AUS_ileal_thickening|CBC_neutropenia,0.09909952414576878,0.00045879409326744807,2,108,contingency_likelihood_ratio_G,empty_joint_state;joint_state_n_lt_5;apparent_extreme_fraction_in_tiny_joint_state,AUS|CBC,False,1.0,1.0,1.0
1218,2_00363,2,clinical signs_none|chem_hypokalemia,clinical_signs_none_reported|chem_hypokalemia,0.09173627126356315,0.0004247049595535331,3,108,contingency_likelihood_ratio_G,joint_state_n_lt_5;apparent_extreme_fraction_in_tiny_joint_state,clinical signs|chemistry,False,1.0,1.0,1.0
1219,2_00610,2,AUS_no abnormalities|CBC_lymphopenia,AUS_no_abnormalities|CBC_lymphopenia,0.09173627126356315,0.0004247049595535331,2,108,contingency_likelihood_ratio_G,empty_joint_state;joint_state_n_lt_5;apparent_extreme_fraction_in_tiny_joint_state,AUS|CBC,False,1.0,1.0,1.0
1220,2_00614,2,AUS_no abnormalities|chem_hypoproteinemia,AUS_no_abnormalities|chem_hypoproteinemia,0.09173627126356315,0.0004247049595535331,2,108,contingency_likelihood_ratio_G,empty_joint_state;joint_state_n_lt_5;apparent_extreme_fraction_in_tiny_joint_state,AUS|chemistry,False,1.0,1.0,1.0
1221,2_00981,2,CBC_neutropenia|chem_hypoproteinemia,CBC_neutropenia|chem_hypoproteinemia,0.09173627126356315,0.0004247049595535331,2,108,contingency_likelihood_ratio_G,empty_joint_state;joint_state_n_lt_5;apparent_extreme_fraction_in_tiny_joint_state,CBC|chemistry,False,1.0,1.0,1.0
1222,2_00663,2,AUS_jejunum|AUS_ileum,AUS_jejunal_thickening|AUS_ileal_thickening,0.08942087706135457,0.0004139855419507156,3,108,contingency_likelihood_ratio_G,joint_state_n_lt_5;apparent_extreme_fraction_in_tiny_joint_state,AUS|AUS,False,1.0,1.0,1.0
1223,2_00612,2,AUS_no abnormalities|CBC_anemia,AUS_no_abnormalities|CBC_anemia,0.08788043566588044,0.00040685386882352055,2,108,contingency_likelihood_ratio_G,empty_joint_state;joint_state_n_lt_5;apparent_extreme_fraction_in_tiny_joint_state,AUS|CBC,False,1.0,1.0,1.0
1224,2_00347,2,clinical signs_none|CBC_lymphopenia,clinical_signs_none_reported|CBC_lymphopenia,0.03782991304338257,0.00017513848631195634,2,108,contingency_likelihood_ratio_G,empty_joint_state,clinical signs|CBC,False,1.0,1.0,1.0
1225,2_00351,2,clinical signs_none|chem_hypoproteinemia,clinical_signs_none_reported|chem_hypoproteinemia,0.03782991304338257,0.00017513848631195634,2,108,contingency_likelihood_ratio_G,empty_joint_state,clinical signs|chemistry,False,1.0,1.0,1.0
1226,2_00679,2,AUS_jejunum|CBC_lymphopenia,AUS_jejunal_thickening|CBC_lymphopenia,0.036007181101324504,0.00016669991250613196,3,108,contingency_likelihood_ratio_G,joint_state_n_lt_5;apparent_extreme_fraction_in_tiny_joint_state,AUS|CBC,False,1.0,1.0,1.0
1227,2_00683,2,AUS_jejunum|chem_hypoproteinemia,AUS_jejunal_thickening|chem_hypoproteinemia,0.02728976353624485,0.0001263414978529854,2,108,contingency_likelihood_ratio_G,empty_joint_state,AUS|chemistry,False,1.0,1.0,1.0
1228,2_00699,2,AUS_ileum|AUS_chronic degenerative renal changes,AUS_ileal_thickening|AUS_chronic_degenerative_renal_changes,0.025114633675268727,0.00011627145220031818,2,108,contingency_likelihood_ratio_G,empty_joint_state,AUS|AUS,False,1.0,1.0,1.0
1229,2_01098,2,CBC_lymphopenia|chem_hypoproteinemia,CBC_lymphopenia|chem_hypoproteinemia,0.021271637032804547,9.847980107779883e-05,2,108,contingency_likelihood_ratio_G,empty_joint_state,CBC|chemistry,False,1.0,1.0,1.0
1230,2_01110,2,CBC_lymphopenia|chem_hypokalemia,CBC_lymphopenia|chem_hypokalemia,0.021271637032804547,9.847980107779883e-05,2,108,contingency_likelihood_ratio_G,empty_joint_state,CBC|chemistry,False,1.0,1.0,1.0
1231,2_01154,2,chem_hypoproteinemia|chem_hypokalemia,chem_hypoproteinemia|chem_hypokalemia,0.021271637032804547,9.847980107779883e-05,2,108,contingency_likelihood_ratio_G,empty_joint_state,chemistry|chemistry,False,1.0,1.0,1.0
1232,2_01129,2,CBC_anemia|chem_hypoproteinemia,CBC_anemia|chem_hypoproteinemia,0.01546481678950741,7.159637402549727e-05,2,108,contingency_likelihood_ratio_G,empty_joint_state;joint_state_n_lt_5;apparent_extreme_fraction_in_tiny_joint_state,CBC|chemistry,False,1.0,1.0,1.0
1233,2_01096,2,CBC_lymphopenia|CBC_anemia,CBC_lymphopenia|CBC_anemia,0.015464816789507396,7.15963740254972e-05,2,108,contingency_likelihood_ratio_G,empty_joint_state;joint_state_n_lt_5;apparent_extreme_fraction_in_tiny_joint_state,CBC|CBC,False,1.0,1.0,1.0
1234,2_00714,2,AUS_ileum|CBC_anemia,AUS_ileal_thickening|CBC_anemia,0.011846137530993672,5.484322931015589e-05,2,108,contingency_likelihood_ratio_G,empty_joint_state;joint_state_n_lt_5;apparent_extreme_fraction_in_tiny_joint_state,AUS|CBC,False,1.0,1.0,1.0
